{"passage": "“国际军事比赛-2018”“晴空”防空导弹兵技能赛前三甲出炉  　　中新网新疆库尔勒8月1日电(耿丹丹 王小军) 1日，中国陆军承办“国际军事比赛―2018”“晴空”防空导弹兵技能赛成绩公布，前三甲分别为中国、埃及和委内瑞拉。  　　7月31日，“国际军事比赛―2018”库尔勒赛区进行了“晴空”防空导弹兵技能赛，中国、埃及、巴基斯坦、俄罗斯等7国代表队参加比赛，中国队最终成绩为23分25秒，最短时间完成比赛。  外军参赛选手驾驶战车疾驰在赛道上。　袁凯 摄  外军参赛选手驾驶战车疾驰在赛道上。　袁凯 摄 　　“晴空”防空导弹兵比赛项目裁判长洪江强说：“举办比赛，可以展示军队实战化训练的面貌，让各个参赛队在训练领域进行交流与合作。此外，通过比赛也展现了中国举办国际大赛的能力。”  外军对目标进行实弹射击。　袁凯 摄  外军对目标进行实弹射击。　袁凯 摄 　　据悉，“晴空”防空导弹兵比赛项目分技能赛、多能赛和综合赛3个阶段实施，主要是使用便携式防空导弹射击模拟直升机靶标，使用轻武器命中射击场上各组靶标，用冲锋形式越过统一障碍带，打击小型空中靶标。中国、白俄罗斯、埃及、巴基斯坦、俄罗斯、乌兹别克斯坦、委内瑞拉7国参赛，每支参赛队18人。  　　此次各比赛项目分别设立裁判委员会，成员由每个参赛国1名裁判组成，享有同等表决权。  参赛选手打击小型空中靶标。　耿丹丹 摄  参赛选手打击小型空中靶标。　耿丹丹 摄 　　比赛中还引入激光、红外、声波等手段升级裁评系统，添置安装80余件(套)专业器材实现导播显控全覆盖，培训500余名熟悉规则、经验丰富的裁评人员，提高了裁评工作规范化信息化水平。", "sentences": [{"text": "“国际军事比赛-2018”“晴空”防空导弹兵技能赛前三甲出炉  　　中新网新疆库尔勒8月1日电(耿丹丹 王小军) 1日", "qa_pairs": [{"question": "“2晴空”防空导弹兵技能赛前三甲出炉中新网新疆库尔勒8月1日电(耿丹丹王小军)", "answer": "国际军事", "reading_system_answer": "国际军事比赛-2018"}, {"question": "““晴空”防空导弹兵技能赛前三甲出炉中新网新疆库尔勒8月1日电(耿丹丹王小军)", "answer": "新疆", "reading_system_answer": "国际军事比赛-2018"}, {"question": "““晴空”防空导弹兵技能赛前三甲出炉中新网新疆库尔勒8月1日电(耿丹丹王小军)", "answer": "8月1", "reading_system_answer": "国际军事比赛-2018"}, {"question": "““晴空”防空导弹兵技能赛前三甲出炉中新网新疆库尔勒8月1日电(耿丹丹王小军)", "answer": "耿丹丹", "reading_system_answer": "国际军事比赛-2018"}, {"question": "“0晴空”防空导弹兵技能赛前三甲出炉中新网新疆库尔勒8月1日电(耿丹丹王小军)", "answer": "2018", "reading_system_answer": "国际军事比赛-2018"}, {"question": "““晴空”防空导弹兵技能赛前三甲出炉中新网新疆库尔勒8月1日电(耿丹丹王小军)", "answer": "1日", "reading_system_answer": "国际军事比赛-2018"}, {"question": "““晴空”防空导弹兵技能赛前三甲出炉中新网新疆库尔勒8月1日电(耿丹丹王小军)", "answer": "导弹兵技能", "reading_system_answer": "国际军事比赛-2018"}, {"question": "“)晴空”防空导弹兵技能赛前三甲出炉中新网新疆库尔勒8月1日电(耿丹丹王小军)", "answer": "王小军", "reading_system_answer": "国际军事比赛-2018"}]}, {"text": "中国陆军承办“国际军事比赛―2018”“晴空”防空导弹兵技能赛成绩公布", "qa_pairs": [{"question": "中”晴空”防空导弹兵技能赛成绩公布是哪个", "answer": "国际军事", "reading_system_answer": "中国陆军承办“国际军事比赛―2018"}, {"question": "中0晴空”防空导弹兵技能赛成绩公布的导弹兵技能赛成绩公布是哪一型号", "answer": "2018", "reading_system_answer": "2018"}, {"question": "中0晴空”防空导弹兵技能赛成绩公布是哪个国家", "answer": "中国陆军", "reading_system_answer": "中国陆军"}, {"question": "中―8――空的成赛的空”成功是什么", "answer": "成绩", "reading_system_answer": null}, {"question": "中“晴空”防空导弹兵技能赛成绩公布是哪个导弹兵技能赛成绩公布", "answer": "导弹兵技能", "reading_system_answer": null}]}, {"text": "前三甲分别为中国、埃及和委内瑞拉", "qa_pairs": [{"question": "前三甲分别为中国、埃及和委内瑞拉瑞拉的瑞拉委内委内瑞拉是哪两个国家", "answer": "埃及", "reading_system_answer": null}, {"question": "中三甲分别为中国、埃及和委内瑞拉瑞拉斯和瑞拉斯和埃拉斯和埃及和委内瑞拉斯和瑞甲", "answer": "中国", "reading_system_answer": null}, {"question": "中国、埃及和委内瑞拉瑞拉为什么分别为中国、埃及和委内瑞拉", "answer": "前三甲", "reading_system_answer": "前三甲"}, {"question": "前三甲分别为中国、埃及和委内瑞拉和瑞拉和瑞拉和瑞拉和瑞甲分别为中国、埃及和委内", "answer": "委内瑞拉", "reading_system_answer": null}]}, {"text": "7月31日", "qa_pairs": [{"question": "7月31日7月31日7月31日7月317日7月37日7月337日13777月1", "answer": "7月31日", "reading_system_answer": null}]}, {"text": "“国际军事比赛―2018”库尔勒赛区进行了“晴空”防空导弹兵技能赛", "qa_pairs": [{"question": "“2018”库尔勒赛区进行了“晴空”防空导弹兵技能赛的国家进行了“20军事比赛", "answer": "国际军事", "reading_system_answer": null}, {"question": "“2库尔勒赛区进行了“晴空”防空导弹兵技能赛的国家进2018”库尔勒赛区进行了", "answer": "导弹兵技能", "reading_system_answer": "国际军事比赛"}, {"question": "“018”库尔勒赛区进行了“晴空”防空导弹兵技能赛的国家进行了“2018”库尔", "answer": "2018", "reading_system_answer": "国际军事比赛"}, {"question": "“晴尔勒赛区进行了“晴空”防空导弹兵技能赛的国家在20库尔勒赛区进行了“201", "answer": "赛区", "reading_system_answer": "2018”库尔勒赛区"}]}, {"text": "中国、埃及、巴基斯坦、俄罗斯等7国代表队参加比赛", "qa_pairs": [{"question": "中国、埃及、巴基斯坦、俄罗斯等7国代表队参加比赛的国家表赛的参数是多少", "answer": "7国代表队", "reading_system_answer": null}, {"question": "中国、埃及、巴基斯坦、俄罗斯等7国代表队参加比赛的国家等7国代表队参加比赛的参", "answer": "俄罗斯", "reading_system_answer": null}, {"question": "中国、埃及、巴基斯坦、俄罗斯等7国代表队参加比赛的、参数是", "answer": "巴基斯坦", "reading_system_answer": null}, {"question": "中国、埃及、巴基斯坦、俄罗斯等7国代表队参加比赛的国家等巴及、巴及、巴及参加比", "answer": "埃及", "reading_system_answer": null}, {"question": "中、埃及、巴基斯坦、俄罗斯等7国代表队参加比赛的国家表巴基斯坦、俄罗斯等7国代", "answer": "中国", "reading_system_answer": "中国、埃及、巴基斯坦、俄罗斯"}]}, {"text": "中国队最终成绩为23分25秒", "qa_pairs": [{"question": "中国队最终成绩为23分25秒的原因是什么", "answer": "25秒", "reading_system_answer": null}, {"question": "中国队最终成绩为23分25秒的23分25秒是", "answer": "23", "reading_system_answer": null}, {"question": "中国最终成5分232222222222222222222队绩成秒的成秒是什么", "answer": "成绩", "reading_system_answer": null}, {"question": "中国最终成绩为23分25秒的国家队队队队最终成绩为23分25秒的国家最成绩分为", "answer": "中国队", "reading_system_answer": null}]}, {"text": "最短时间完成比赛", "qa_pairs": [{"question": "最短时间完成比赛的最短时间完成比赛的最短时间完成比赛", "answer": "短时间", "reading_system_answer": null}]}, {"text": "外军参赛选手驾驶战车疾驰在赛道上", "qa_pairs": [{"question": "外军参赛选手驾驶战车疾驰在赛道上的选手驾驶战车疾驰在赛道上疾驰在赛赛赛选手驾驶", "answer": "赛道", "reading_system_answer": null}, {"question": "外军参赛选手驾驶战车疾驰在赛道上的选手驾驶战车疾驰在赛道上的选手驾驶战车外军参", "answer": "战车", "reading_system_answer": null}, {"question": "外军参赛选手驾驶战车疾驰在赛道上的手驾驶战车疾驰在赛道上的选驰外驶驰在赛赛赛选", "answer": "外军参赛选手", "reading_system_answer": null}]}, {"text": "袁凯 摄  外军参赛选手驾驶战车疾驰在赛道上", "qa_pairs": [{"question": "袁凯摄外军参赛选手驾驶战车疾驰在赛道上疾驰在赛道上疾驰在赛赛赛选手驾驶战车疾驰", "answer": "袁凯", "reading_system_answer": null}, {"question": "袁凯摄外军参赛选手驾驶战车疾驰在赛道上的选手驾驶战车疾驰在赛道上的选手驾驶战车", "answer": "战车", "reading_system_answer": null}, {"question": "袁凯摄外军参赛选手驾驶战车疾驰在赛道上的手驾驶战车疾驰在赛道上的国家在袁凯摄外", "answer": "外军参赛选手", "reading_system_answer": null}, {"question": "袁凯摄外军参赛选手驾驶战车疾驰在赛道上选在赛道上选手驾驶战车疾驰在赛赛赛选手驾", "answer": "赛道", "reading_system_answer": null}]}, {"text": "袁凯 摄 　　“晴空”防空导弹兵比赛项目裁判长洪江强说：“举办比赛", "qa_pairs": [{"question": "袁凯摄“晴空”防空导弹兵比赛项目裁判长洪江强说：“举办的导弹兵比赛项目裁判长洪", "answer": "袁凯", "reading_system_answer": null}, {"question": "袁凯摄“晴空”防空导弹兵比赛项目裁判长洪江强说：“举办的导弹兵比赛项目赛是什么", "answer": "导弹兵比赛项目裁判长洪江", "reading_system_answer": null}]}, {"text": "可以展示军队实战化训练的面貌", "qa_pairs": [{"question": "可以展示军队实战化训练的面貌的实战化训练的面貌是什么", "answer": "军队", "reading_system_answer": null}, {"question": "可以展示军队实战化训练的面貌是什么", "answer": "面貌", "reading_system_answer": null}, {"question": "可以展示军队实战化训练的面貌的训练的面貌是", "answer": "化", "reading_system_answer": null}]}, {"text": "让各个参赛队在训练领域进行交流与合作", "qa_pairs": [{"question": "让各个参赛队在训练领域进行交流与合作的赛赛队训练领域进行交流与合作的训练领域进", "answer": "参赛队", "reading_system_answer": null}, {"question": "让各个参赛队在训练领域进行交流与合作的训练领域进行交流与合作的训练领域进行交流", "answer": "交流", "reading_system_answer": null}, {"question": "让各个参赛队在训练领域进行交流与合作的训练领域进行交流与合作的训练领域进行交流", "answer": "领域", "reading_system_answer": null}]}, {"text": "此外", "qa_pairs": [{"question": "外方对外此此外外外此此外此外此外此外此外此外此外此外此外此外此外此外此外此外此", "answer": "", "reading_system_answer": null}]}, {"text": "通过比赛也展现了中国举办国际大赛的能力", "qa_pairs": [{"question": "通过比赛举办的国家举办的国家举办的国家举办的国家现了中国举行中国举行中国举行中", "answer": "中国", "reading_system_answer": null}, {"question": "通过比赛举办国际大赛的能力是什么", "answer": "国际大赛", "reading_system_answer": null}, {"question": "中国举办国际大赛的能力是什么", "answer": "能力", "reading_system_answer": "通过比赛"}]}, {"text": "”  外军对目标进行实弹射击", "qa_pairs": [{"question": "”外军对目标进行实弹射击是哪个", "answer": "外军", "reading_system_answer": null}, {"question": "”外军对目标进行实弹射击中”外军对目标进行实弹射击中”目标进行实弹射击是哪个", "answer": "目标", "reading_system_answer": null}, {"question": "”外军对目标进行实弹射击中”外军对目标进行实弹射击中”外军对军对军事参数", "answer": "实弹射击", "reading_system_answer": null}]}, {"text": "袁凯 摄  外军对目标进行实弹射击", "qa_pairs": [{"question": "袁凯摄外军对目标进行实弹射击是哪个", "answer": "袁凯", "reading_system_answer": null}, {"question": "袁凯摄外军对目标进行实弹射击是哪个", "answer": "外军", "reading_system_answer": null}, {"question": "袁凯摄外军对目标进行实弹射击中袁凯摄外军对目标进行实弹射击的射击是", "answer": "目标", "reading_system_answer": null}, {"question": "袁凯摄外军对目标进行实弹射击中袁对目标进行实弹射击中袁对目标进行实弹射击中袁凯", "answer": "实弹射击", "reading_system_answer": null}]}, {"text": "袁凯 摄 　　据悉", "qa_pairs": [{"question": "袁凯摄据悉据袁凯摄据悉据袁凯袁悉据袁凯凯凯凯诺悉摄袁摄袁据袁悉摄袁悉摄袁据袁悉", "answer": "袁凯", "reading_system_answer": null}]}, {"text": "“晴空”防空导弹兵比赛项目分技能赛、多能赛和综合赛3个阶段实施", "qa_pairs": [{"question": "“晴空”防空导弹兵比赛项目分技能赛和综合赛3个阶段实施的导弹兵比赛项目分技能赛", "answer": "3个阶段", "reading_system_answer": "分技能赛、多能赛和综合赛"}, {"question": "“晴空”防空导弹兵比赛项目分技能赛和综合赛3个阶段实施是什么", "answer": "导弹兵比赛项目", "reading_system_answer": null}, {"question": "“晴空”防空导弹兵比赛项目分技能赛、多能赛和综合赛3个阶段实施是什么", "answer": "多能赛", "reading_system_answer": null}, {"question": "“晴空”防空导弹兵比赛项目分技能赛、多能施有什么实施", "answer": "技能", "reading_system_answer": "分技能赛、多能赛和综合赛3个阶段"}]}, {"text": "主要是使用便携式防空导弹射击模拟直升机靶标", "qa_pairs": [{"question": "主要是使用便携式防空导弹射击模拟直升机靶标的国家的主击模拟直升机靶标是什么", "answer": "导弹", "reading_system_answer": null}, {"question": "主要是使用便携式防空导弹射击模拟直升机靶标的国家的主要是什么", "answer": "直升机靶标", "reading_system_answer": null}]}, {"text": "使用轻武器命中射击场上各组靶标", "qa_pairs": [{"question": "使用轻武器命中射击场上各组靶标的国家的射击场上各组靶标是什么", "answer": "轻武器", "reading_system_answer": null}, {"question": "使用轻武器命中射击场上各组靶标的射击场上各组靶标是什么", "answer": "靶标", "reading_system_answer": null}, {"question": "使用轻武器命中射击场上各组靶标的射击场上各组靶标是什么", "answer": "射击场", "reading_system_answer": null}]}, {"text": "用冲锋形式越过统一障碍带", "qa_pairs": [{"question": "用冲锋形式越过统一障碍带的冲锋形式越过统一障碍带的越过统一障碍带什么", "answer": "障碍", "reading_system_answer": null}, {"question": "用冲锋形式越过统一障碍带的冲锋形式越过统一障碍带的冲锋形式越过统一障碍带是什么", "answer": "冲锋形式", "reading_system_answer": null}]}, {"text": "打击小型空中靶标", "qa_pairs": [{"question": "打击小型空中靶标是什么", "answer": "靶标", "reading_system_answer": null}]}, {"text": "中国、白俄罗斯、埃及、巴基斯坦、俄罗斯、乌兹别克斯坦、委内瑞拉7国参赛", "qa_pairs": [{"question": "中、白俄罗斯、乌兹别克斯坦、委内瑞拉7国参赛的国家、巴白俄罗斯、埃及、巴基斯坦", "answer": "白俄罗斯", "reading_system_answer": null}, {"question": "中、白俄罗斯、乌兹别克斯坦、委内瑞拉7国参赛的国家、巴基斯坦、俄罗斯、乌兹别克", "answer": "俄罗斯", "reading_system_answer": null}, {"question": "中国、白俄罗斯、乌兹别克斯坦、俄罗斯、乌兹别克斯坦、委内瑞拉7国参赛的、国家、", "answer": "巴基斯坦", "reading_system_answer": "中国、白俄罗斯、埃及、巴基斯坦"}, {"question": "中、白俄罗斯、乌兹别克斯坦、委内瑞拉7国参赛的国家、、巴、、、、、、、、、、、", "answer": "埃及", "reading_system_answer": null}, {"question": "中、白俄罗斯、乌兹别克斯坦、俄罗斯、乌兹国参赛的国家参巴基斯坦、委内瑞拉7国参", "answer": "中国", "reading_system_answer": "中国、白俄罗斯、埃及"}, {"question": "中国、白俄罗斯、乌兹别克斯坦、委内瑞拉7国参赛的、国参赛是哪个", "answer": "乌兹别克斯坦", "reading_system_answer": "中国、白俄罗斯、埃及、巴基斯坦、俄罗斯、乌兹别克斯坦、委内瑞拉"}, {"question": "中国、白俄罗斯、乌兹别克斯坦、委内瑞拉7国参赛的国家、巴及、巴基斯坦、俄罗斯、", "answer": "委内瑞拉7国参赛", "reading_system_answer": null}]}, {"text": "每支参赛队18人", "qa_pairs": [{"question": "每支参赛队18人人人队的参数是", "answer": "参赛队18人", "reading_system_answer": null}]}, {"text": "此次各比赛项目分别设立裁判委员会", "qa_pairs": [{"question": "比赛项目分别设立裁判委员会的目的是什么", "answer": "委员会", "reading_system_answer": null}, {"question": "比次员比赛项目分别设立裁判委员会的目的是什么", "answer": "比赛项目", "reading_system_answer": null}]}, {"text": "成员由每个参赛国1名裁判组成", "qa_pairs": [{"question": "成员员由每个参赛国1名裁判组成的国家由每个参赛国1名裁判组成是什么", "answer": "成员", "reading_system_answer": null}, {"question": "成员由每个参赛国1名裁判组成的是什么名", "answer": "参赛国1名", "reading_system_answer": null}]}, {"text": "享有同等表决权", "qa_pairs": [{"question": "享有同等表决权的同等表决权的同等有同等表决权的同等有什么表表", "answer": "", "reading_system_answer": null}]}, {"text": "参赛选手打击小型空中靶标", "qa_pairs": [{"question": "参赛选手打击小型空中靶标是什么", "answer": "参赛选手", "reading_system_answer": null}, {"question": "参赛选手打击小型空中靶标是什么", "answer": "靶标", "reading_system_answer": null}]}, {"text": "耿丹丹 摄  参赛选手打击小型空中靶标", "qa_pairs": [{"question": "耿丹丹摄参赛选手打击小型空中靶标是什么", "answer": "参赛选手", "reading_system_answer": null}, {"question": "耿丹丹摄参赛选手打击小型空中靶标是什么", "answer": "靶标", "reading_system_answer": null}, {"question": "耿丹丹摄参赛选手打击小型空中靶标是什么", "answer": "耿丹丹", "reading_system_answer": null}]}, {"text": "耿丹丹 摄 　　比赛中还引入激光、红外、声波等手段升级裁评系统", "qa_pairs": [{"question": "耿丹丹摄比赛中还引入激光、红外、声波等手段升级裁评系统的、声波等手段升级裁评系", "answer": "激光", "reading_system_answer": null}, {"question": "耿丹丹摄比赛中还引入激光、红外、声波等手段升级裁评系统的国家引入激光、红外、声", "answer": "耿丹丹", "reading_system_answer": null}, {"question": "耿丹丹摄比赛中还引入激光、红外、声波等手段升级裁评系统的国家引入激光、红外、声", "answer": "红外", "reading_system_answer": null}, {"question": "耿丹丹摄比赛中还引入激光、红外、声波等手段升级裁评系统的国家引入激光、红外、声", "answer": "手段", "reading_system_answer": null}, {"question": "耿丹丹摄比赛中还引入激光、红外、声波等手段升级裁评系统的系评是什么", "answer": "系统", "reading_system_answer": null}, {"question": "耿丹丹摄比赛中还引入激光、红外、声波等手段升级裁评系统的国家在耿波声波等手段升", "answer": "声波", "reading_system_answer": null}]}, {"text": "添置安装80余件(套)专业器材实现导播显控全覆盖", "qa_pairs": [{"question": "添置安装80余件(套实现导播显控全覆盖的国家的添业器材实现导播显控全覆盖是什么", "answer": "全", "reading_system_answer": null}, {"question": "添置安装80余件(套)专业器材实现导播显控全覆盖的原因是什么", "answer": "80余件", "reading_system_answer": null}, {"question": "添置安装80余件(套)专业器材实现导播显控全覆盖的目的是什么", "answer": "专业器材", "reading_system_answer": null}, {"question": ")0余件(套)专业器材实现导播显控全覆盖的国家安装80余件(套)专业器材实现导", "answer": "套", "reading_system_answer": null}]}, {"text": "培训500余名熟悉规则、经验丰富的裁评人员", "qa_pairs": [{"question": "培训500余名熟悉规则、经验丰富的裁评人员是什么", "answer": "经验丰富", "reading_system_answer": null}, {"question": "培训500余名熟悉规人员的裁评人员是什么", "answer": "规则", "reading_system_answer": null}, {"question": "培训500余名熟悉规则、经验丰富的裁评人员是什么", "answer": "500余名", "reading_system_answer": null}, {"question": "培训500余名熟悉规则、经验丰富的裁评人员是什么", "answer": "人员", "reading_system_answer": null}]}, {"text": "提高了裁评工作规范化信息化水平", "qa_pairs": [{"question": "提高了裁评工作规范化信息化水平的原因是什么", "answer": "规范化信息化水平", "reading_system_answer": null}]}]}