{"passage": "056的现代化水平和整体保障能力要比051要强，但是二者定位并不一样，一个是当年的主力远洋作战舰艇，一个是近海防御型舰艇。如果硬要说双方实力，那么056碾压早期051，与后期051有对抗的能力，并不弱于051。下图为前段时间同时退役的4艘051，可以看到这4艘其实也是有区别的   051型驱逐舰本身设计于60年代，基于那个年代的技术水平早期051除了在航速和续航方面占据优势之外其他的全面落后。051型驱逐舰依靠2台蒸汽轮机可以达到最高37节航速，比056的27节航速要高将近40%。但是在电子系统和武器系统方面，051没有任何优势，我们举个简单地例子：HY-1/2反舰导弹是早期051型的反舰手段，最大射程都在85公里以内，飞行速度都是亚音速。与056装备的YJ-83相比，051的在攻击距离已经丧失优势，而且早期051没有直升机中继制导，没有反导能力，一直依靠人操防空炮进行防空作业。而056依托舰载直升机可以在100公里外发起攻击，并可以使用PJ26型76毫米主炮和HQ-10防空导弹执行拦截HY-1/2的任务，甚至056依托电子对抗设备就能让这些老式反舰导弹偏离目标。在这种情况下即便051的反舰导弹数量比056多2枚，但是多的部分没有任何作用。下图为056型护卫舰HQ-10拦截反舰导弹实验    当然了，051型驱逐舰在建造中也是不断变化的，最后建造的051G1/G2型在装备性能上有了极大的升级。除了将老式的6枚HY-1/2升级为8枚鹰击-83反舰导弹、将双37mm高炮升级为76A式双37mm自动高炮、增加八联装HHQ-7近程防空导弹发射装置，增加825型电子对抗设备并增加数据链。而主炮也更换为更现代化的79A式双联装100毫米自动舰炮。在这种情况下，051G1/G2有了极大的升级，在于056单舰对抗中不会像老式051那么完全吃亏，但是051也占不到什么大便宜，只能说有能力和056进行对抗而已，毕竟底子还是太差。   表面上的对抗只是一部分，056护卫舰本身作为近海防御的重要节点是具备很强的信息化水平，可以这么说056可以接收来自其他舰艇、大型侦察机、岸基雷达、预警机的实时作战数据。换句话说056即便自身探测能力没有那么强也会死死地盯着051型驱逐舰的，这个时候航速这个劣势就没有那么明显了。反观051型驱逐舰因为数据链水平有限，还是要依托自身雷达进行远端探测，但是只靠自身水平毕竟还是不行，即便有37节的航速也不能跟超音速的YJ-83比速度。所以在信息化水平上051确实是输的非常惨，一旦形成体系化作战即便是051G1/G2也逃不过被056击沉的命运。   再就是，051的设计比较急迫也比较老，对于“人机结合”方面考虑的实在是不多。比如051没有中央空调、没有食堂，所以舰员在海上必须忍耐恶劣的生活环境。而且蒸汽轮机虽然能为051提供37节的航速，但是维护起来也相当麻烦，3670吨的驱逐舰编制人员多达280人。而056作为1400吨的护卫舰只有70人的编制，现代化水平大大提高，从设计之初就考虑舰员生活水平和补给能力，这是056“软实力”的优势。下图为在甲板吃饭的051型驱逐舰官兵   051型驱逐舰虽然叫“驱逐舰”，但是得益于这40多年的科技发展和经济实力提升，他们已经不能再适应现代化需求，综合电子/信息化水平连1400吨的056轻型护卫舰都不如，只能退出现役。但是051代表是的70年代那个时代，虽然已经过去，但是那个时代不能忘记。更不会抹掉051在中国海军发展和中国领海保卫中所做出的的突出贡献。下图为133“重庆”舰只身对抗苏联2.5万吨的“伏龙芝”号导弹巡洋舰", "sentences": [{"text": "056的现代化水平和整体保障能力要比051要强", "qa_pairs": [{"question": "056的现代化水平和整体保障能力要比051要强的原因是什么", "answer": "水平", "reading_system_answer": null}, {"question": "056的现代化水平和整体保障能力要比051要强的原因是什么", "answer": "056", "reading_system_answer": null}, {"question": "056的现代化水平和整体保障能力要比051要强的原因是什么", "answer": "051", "reading_system_answer": null}, {"question": "056的现代化水平和整体保障能力要比051要强的原因是什么", "answer": "整体", "reading_system_answer": null}, {"question": "056的现代化水平和整体保障能强的051要强是什么", "answer": "能力", "reading_system_answer": null}]}, {"text": "但是二者定位并不一样", "qa_pairs": [{"question": "二者定位并不一样的二者定位并不一样是什么", "answer": "二者定位", "reading_system_answer": null}]}, {"text": "一个是当年的主力远洋作战舰艇", "qa_pairs": [{"question": "当年的主力远洋作战舰艇是哪个", "answer": "主力远洋", "reading_system_answer": "一个"}, {"question": "一个是当年的主力远洋作战舰艇的国家是哪艘艇的", "answer": "舰艇", "reading_system_answer": null}, {"question": "当年的主力远洋作战舰艇是哪个", "answer": "一个", "reading_system_answer": "一个"}]}, {"text": "一个是近海防御型舰艇", "qa_pairs": [{"question": "近海个是近海防御型舰艇的国家在近海防御型舰艇是什么", "answer": "防御型舰艇", "reading_system_answer": null}, {"question": "近海防御型舰艇是近海防御型舰艇的国家的近海防御型舰艇是哪个", "answer": "一个", "reading_system_answer": null}]}, {"text": "如果硬要说双方实力", "qa_pairs": [{"question": "如果硬要说什么", "answer": "双方实力", "reading_system_answer": null}]}, {"text": "那么056碾压早期051", "qa_pairs": [{"question": "056碾压早期056碾压的原因是什么", "answer": "051", "reading_system_answer": null}, {"question": "056碾压早期056碾压的原因是什么", "answer": "056碾压", "reading_system_answer": null}]}, {"text": "与后期051有对抗的能力", "qa_pairs": [{"question": "051有对抗的能力是什么", "answer": "051", "reading_system_answer": null}, {"question": "051有对抗的能力是什么", "answer": "能力", "reading_system_answer": null}]}, {"text": "并不弱于051", "qa_pairs": [{"question": "051重型冲锋枪是什么", "answer": "051", "reading_system_answer": null}]}, {"text": "下图为前段时间同时退役的4艘051", "qa_pairs": [{"question": "前图为前段时同时退役的4艘05艘05艘05艘前退役的4艘前同时00是什么", "answer": "前段时间", "reading_system_answer": null}, {"question": "下图为前段时间同时退役的4艘05151艘051是", "answer": "4艘051", "reading_system_answer": null}]}, {"text": "可以看到这4艘其实也是有区别的   051型驱逐舰本身设计于60年代", "qa_pairs": [{"question": "051型驱逐舰的所属国的051型驱逐舰本身设计于60年代的驱逐舰其有哪四年代", "answer": "4艘", "reading_system_answer": "051型驱逐舰本身设计于60年"}, {"question": "051型驱逐舰本身设计于60年代的驱逐舰其驱逐舰是什么型号", "answer": "051", "reading_system_answer": "驱逐舰"}, {"question": "051型驱逐舰的所属国的051型驱逐舰本身设计于60年代的国家其的051型驱逐", "answer": "60", "reading_system_answer": null}, {"question": "051型驱逐舰的身设计于60年代的国家其051型驱逐舰的国家其05艘000型号", "answer": "区别", "reading_system_answer": null}, {"question": "051型驱逐舰本身设计于60年代的驱逐舰本身设计于60年代的驱逐舰其驱逐舰本身", "answer": "驱逐舰", "reading_system_answer": null}]}, {"text": "基于那个年代的技术水平早期051除了在航速和续航方面占据优势之外其他的全面落后", "qa_pairs": [{"question": "基于那个年代的技术水平早期051除了在航速和续航方面占据优势之外其他的全面落后", "answer": "全面", "reading_system_answer": "基于那个年代"}, {"question": "基于那个年代的技术水平早期051除了在航速和续航方面占据优势之外其他的全面落后", "answer": "技术水平", "reading_system_answer": "基于那个年代"}, {"question": "基于那个年代的技术水平早期051除了在航速和续航方面占据优势之外其他的全面落后", "answer": "051", "reading_system_answer": "基于那个年代"}, {"question": "基于那个年代的技术水平早期051除了在航速和续航方面占据优势之外其他的全面落后", "answer": "优势", "reading_system_answer": "基于那个年代"}, {"question": "基于那个年代的技术水平早期051除了在航速和续航方面占据优势之外其他的全面落后", "answer": "航速", "reading_system_answer": "基于那个年代"}, {"question": "基于那个年代的技术水平早期051除了在航速和续航方面占据优势之外其他的全面落后", "answer": "续航方面", "reading_system_answer": "基于那个年代"}]}, {"text": "051型驱逐舰依靠2台蒸汽轮机可以达到最高37节航速", "qa_pairs": [{"question": "051型驱逐舰依靠2台蒸汽轮机可以达到最高37节航速的国家其最高37节航速是", "answer": "2台蒸汽轮机", "reading_system_answer": null}, {"question": "051型驱逐舰的蒸汽轮机是哪一款", "answer": "051", "reading_system_answer": null}, {"question": "051型驱逐舰的蒸汽轮机是哪一款", "answer": "37", "reading_system_answer": null}, {"question": "051型驱逐舰的航轮机是什么", "answer": "航速", "reading_system_answer": "蒸汽轮机"}, {"question": "051型驱逐舰有哪些武器", "answer": "驱逐舰", "reading_system_answer": null}]}, {"text": "比056的27节航速要高将近40%", "qa_pairs": [{"question": "比056的27节航速要高将近40%的航速是", "answer": "航速", "reading_system_answer": null}, {"question": "比056的27节航速要高将近40%的航速要高将近40%的航速要高将近40%是", "answer": "27", "reading_system_answer": null}, {"question": "比056的27节航速要高将近40%的原因是什么", "answer": "40", "reading_system_answer": null}, {"question": "比056的27节航速要高将近40%的27节航速要高将近40%的27节航速要高将", "answer": "056", "reading_system_answer": null}]}, {"text": "但是在电子系统和武器系统方面", "qa_pairs": [{"question": "在电子系统和武器系统方面是什么", "answer": "武器系统方面", "reading_system_answer": null}]}, {"text": "051没有任何优势", "qa_pairs": [{"question": "051没有任何优势", "answer": "051", "reading_system_answer": null}, {"question": "051没有任何优势", "answer": "优势", "reading_system_answer": null}]}, {"text": "我们举个简单地例子：HY-1/2反舰导弹是早期051型的反舰手段", "qa_pairs": [{"question": "：1/2反舰导弹的手段是哪个", "answer": "个", "reading_system_answer": "HY-1/2反舰导弹"}, {"question": "我国举个简单地例子：hyy2/2反舰导弹是早期051型的反舰手段是什么", "answer": "051", "reading_system_answer": null}, {"question": "我国举个简单地例子：h1/2反舰导弹是早期051型的反舰手段是什么", "answer": "反舰手段", "reading_system_answer": null}, {"question": "我国举个简单地例子：h1/2型的反舰手段是什么", "answer": "HY", "reading_system_answer": "HY-1/2反舰导弹"}, {"question": "我1/2反舰导弹是哪个", "answer": "例子", "reading_system_answer": "HY-1/2反舰导弹"}]}, {"text": "最大射程都在85公里以内", "qa_pairs": [{"question": "最大射程都在85公里以内的射程是", "answer": "射程", "reading_system_answer": null}, {"question": "最大射程都在85公里以内的射程是", "answer": "85公里", "reading_system_answer": null}]}, {"text": "飞行速度都是亚音速", "qa_pairs": [{"question": "飞行速度都是亚音速度都是亚音速的飞行速度都是亚音速的飞行速度都速速是亚音速的速", "answer": "飞行速度", "reading_system_answer": null}, {"question": "飞行速度都是亚音速飞行速度都是亚音速的飞行速度都是亚音速的飞行速度是", "answer": "亚音速", "reading_system_answer": null}]}, {"text": "与056装备的YJ-83相比", "qa_pairs": [{"question": "与056装备的yj-83相比的国家与056装备的y83相比的是什么型号", "answer": "YJ", "reading_system_answer": null}, {"question": "与056装备的yj-83相比的是什么", "answer": "83", "reading_system_answer": null}, {"question": "与056装备的yj-83相比的是什么", "answer": "056装备", "reading_system_answer": null}]}, {"text": "051的在攻击距离已经丧失优势", "qa_pairs": [{"question": "051的在攻击距离已经丧失优势是什么", "answer": "051", "reading_system_answer": null}, {"question": "051战斗机的攻击距离是什么", "answer": "距离", "reading_system_answer": null}, {"question": "051的在攻击距离已经丧失优势是什么", "answer": "优势", "reading_system_answer": null}]}, {"text": "而且早期051没有直升机中继制导", "qa_pairs": [{"question": "051没有直升机中继制导的直升机继制导的直升机是哪个", "answer": "直升机", "reading_system_answer": null}, {"question": "051没有直升机中继制导的直升机继制导弹直升机继制导弹有哪些", "answer": "051", "reading_system_answer": null}, {"question": "051没有直升机中继制早期中制051没有直升机中继制导导弹继直升机继直升机继直", "answer": "制导", "reading_system_answer": null}]}, {"text": "没有反导能力", "qa_pairs": [{"question": "没有反导能力没有反导能力的反导弹有什么特点", "answer": "能力", "reading_system_answer": null}]}, {"text": "一直依靠人操防空炮进行防空作业", "qa_pairs": [{"question": "一直依靠人操防空炮进行防空作业的作业是什么", "answer": "炮", "reading_system_answer": null}, {"question": "一直依靠人操防空炮进行防空作业的炮行防空炮进行防空作业的作业是", "answer": "人", "reading_system_answer": null}, {"question": "一直依靠人操防空炮进行防空炮进业作防空炮进业的空直空作空作空作空作为什么要防直", "answer": "作业", "reading_system_answer": null}]}, {"text": "而056依托舰载直升机可以在100公里外发起攻击", "qa_pairs": [{"question": "056依托舰载直升机可以在100公里外发起攻击的国家依托舰载直升机可以在100", "answer": "直升机", "reading_system_answer": null}, {"question": "056依托舰载直升机可以在100公里外发起攻击", "answer": "100公里", "reading_system_answer": null}, {"question": "056依托舰载直升机可以在100公里外发起攻击的国家在15载直升机可以在100", "answer": "056", "reading_system_answer": null}]}, {"text": "并可以使用PJ26型76毫米主炮和HQ-10防空导弹执行拦截HY-1/2的任务", "qa_pairs": [{"question": "p-10防空导弹的任务是什么", "answer": "HQ", "reading_system_answer": "执行拦截HY-1/2"}, {"question": "和hq-10防空导弹执行拦截hy-1/2毫米主炮的国家其p26型76毫米主炮和", "answer": "导弹", "reading_system_answer": null}, {"question": "h10防空导弹执行拦截hy-1/2型76毫米主炮是hq-10防空导弹执行拦截h", "answer": "2", "reading_system_answer": null}, {"question": "p-1/2型防空导弹执行拦截hy1/6型76毫米主炮的国家其p26型防空导弹执", "answer": "PJ26", "reading_system_answer": null}, {"question": "p-1/2型防空导弹的任务是什么", "answer": "10", "reading_system_answer": null}, {"question": "p-10防空导弹的任务是什么", "answer": "HY", "reading_system_answer": "执行拦截HY-1/2"}, {"question": "h10防空导弹执行拦截hy-1/6型76毫米主炮是哪个", "answer": "76毫米主炮", "reading_system_answer": "PJ26型76毫米主炮"}, {"question": "h1/防空导弹的任务是什么", "answer": "任务", "reading_system_answer": null}]}, {"text": "甚至056依托电子对抗设备就能让这些老式反舰导弹偏离目标", "qa_pairs": [{"question": "056依托电子对抗设备的反舰导弹偏离目标是什么", "answer": "电子对抗", "reading_system_answer": null}, {"question": "056依托电子对抗设备就能让这些老式反舰导弹偏离的目的是什么", "answer": "目标", "reading_system_answer": null}, {"question": "056依托电子对抗设备的反舰导弹偏离目标是什么", "answer": "老式", "reading_system_answer": null}, {"question": "056导弹偏离目标是什么", "answer": "056", "reading_system_answer": null}]}, {"text": "在这种情况下即便051的反舰导弹数量比056多2枚", "qa_pairs": [{"question": "在这种情况下即便051的反舰导弹数量比056多2枚", "answer": "051", "reading_system_answer": null}, {"question": "在这种情况下即便051的反舰导弹数量比056多2枚", "answer": "情况", "reading_system_answer": null}, {"question": "051的反舰导弹数量是多少", "answer": "056多2枚", "reading_system_answer": null}, {"question": "在这种情况下即便051的反舰导弹数量比056多2枚的国家其反舰导弹数量比056", "answer": "数量", "reading_system_answer": null}]}, {"text": "但是多的部分没有任何作用", "qa_pairs": [{"question": "多的部分没有任何作用的任用是什么", "answer": "部分", "reading_system_answer": null}, {"question": "多的部分没有任何作用的任用是多少", "answer": "多", "reading_system_answer": null}]}, {"text": "下图为056型护卫舰HQ-10拦截反舰导弹实验    当然了", "qa_pairs": [{"question": "056型护卫舰hq-10拦截反舰导弹实验当然了什么", "answer": "护卫舰HQ", "reading_system_answer": null}, {"question": "056型护卫舰的所属国的-10拦截反舰导弹实验当然了什么", "answer": "10", "reading_system_answer": null}, {"question": "056型护卫舰的护卫舰是哪一型号", "answer": "056", "reading_system_answer": "056型护卫舰HQ-10"}]}, {"text": "051型驱逐舰在建造中也是不断变化的", "qa_pairs": [{"question": "051型驱逐舰在建造中也是不断变化的的驱逐舰在建造中也是不断变化的驱逐舰在建造", "answer": "051", "reading_system_answer": null}, {"question": "051型驱逐舰在建造中也是不断变化的驱逐舰在建造中也是不断变化的驱逐舰在建造中", "answer": "驱逐舰", "reading_system_answer": null}]}, {"text": "最后建造的051G1/G2型在装备性能上有了极大的升级", "qa_pairs": [{"question": "最后建造的051g1/g2型在装备性能上有了极大的升级是哪一型号", "answer": "051G1G2", "reading_system_answer": null}, {"question": "最后建造的051g1/g2型在装备性能上有了极大的升级是哪一种", "answer": "装备性能", "reading_system_answer": null}]}, {"text": "除了将老式的6枚HY-1/2升级为8枚鹰击-83反舰导弹、将双37mm高炮升级为76A式双37mm自动高炮、增加八联装HHQ-7近程防空导弹发射装置", "qa_pairs": [{"question": "除1/2反舰导弹的所属国在8枚鹰击-83反舰导弹的国家在8枚鹰击-6枚h7近程", "answer": "老式", "reading_system_answer": null}, {"question": "除1/2反舰导弹是哪个公司研发的", "answer": "双37mm", "reading_system_answer": null}, {"question": "除3反舰导弹的所属国在8枚鹰击-83反舰导弹的国家在8枚鹰击-83/2升级为8", "answer": "76A", "reading_system_answer": "6枚"}, {"question": "hy-7近程防空导弹发射装置的国家在8枚鹰击-83反舰导弹的国家在8枚鹰击级为", "answer": "八", "reading_system_answer": "6枚HY-1/2"}, {"question": "除1/2升级为8枚鹰击-83反舰导弹的国家在8枚鹰击-83反舰导弹的国家的yy", "answer": "83", "reading_system_answer": "除了将老式的6枚"}, {"question": "除8近程防空导弹发射装置的是哪一型号的导弹", "answer": "导弹发射装置", "reading_system_answer": "HHQ-7近程防空导弹"}, {"question": "除1/2反舰导弹是哪个公司研发的", "answer": "双37mm高炮", "reading_system_answer": null}, {"question": "除1/1/2升级为什么被称为老击-83反舰导弹的国家的yy77近程防空导弹发射", "answer": "8枚鹰", "reading_system_answer": "8枚鹰击-83反舰导弹"}, {"question": "h3反舰导弹的所属国在8枚鹰击-83反舰导弹的国家在8枚鹰击-83/2升级为8", "answer": "近程", "reading_system_answer": "6枚"}, {"question": "除3反舰导弹的所属国在8枚鹰击-83反舰导弹的国家将老式的6枚h7近程防空导弹", "answer": "6枚HY", "reading_system_answer": "除了将老式的6枚HY-1/2"}, {"question": "除1/1反舰导弹的所属国在8枚鹰击-83反舰导弹的国家在8枚鹰击-83反2升级", "answer": "HHQ", "reading_system_answer": "6枚HY-1/2"}, {"question": "除3/2反舰导弹的所属国在8枚鹰击-83反舰导弹的国家的y-1/2升级为8枚鹰", "answer": "高炮", "reading_system_answer": "6枚"}]}, {"text": "增加825型电子对抗设备并增加数据链", "qa_pairs": [{"question": "增加825型电子对抗设备的电子对抗设备的电子对链是什么", "answer": "电子对抗", "reading_system_answer": null}, {"question": "增加825型电子对抗设备的电子对抗设备的电子是什么", "answer": "数据链", "reading_system_answer": null}, {"question": "增加825型电子对抗设备的电子对抗国增加数据链的电子对抗国增加数据链的电子是什", "answer": "825", "reading_system_answer": null}]}, {"text": "而主炮也更换为更现代化的79A式双联装100毫米自动舰炮", "qa_pairs": [{"question": "现代化的79a式双联装100毫米自动舰炮是哪个", "answer": "主炮", "reading_system_answer": null}, {"question": "现代化的79a式双联装100毫米自动舰炮是哪一款", "answer": "装100毫米", "reading_system_answer": null}, {"question": "现代化的79a式双联装100毫米自动舰炮是哪个炮", "answer": "舰炮", "reading_system_answer": null}, {"question": "79的79a式双联装100毫米自动舰炮是哪一款", "answer": "79A", "reading_system_answer": null}]}, {"text": "在这种情况下", "qa_pairs": [{"question": "在这种情况下下况这种情况下下况这种情况下下况这种情况这种这种情这况这情这情这况", "answer": "情况", "reading_system_answer": null}]}, {"text": "051G1/G2有了极大的升级", "qa_pairs": [{"question": "051g1g1/g2有了极大的升级是哪种", "answer": "051G1G2", "reading_system_answer": null}]}, {"text": "在于056单舰对抗中不会像老式051那么完全吃亏", "qa_pairs": [{"question": "在于056单舰对抗中不会像老式051那么完全吃亏", "answer": "056单舰", "reading_system_answer": null}, {"question": "在于056单舰对抗中不会像老式051那么完全吃亏", "answer": "老式051", "reading_system_answer": null}]}, {"text": "但是051也占不到什么大便宜", "qa_pairs": [{"question": "051也占不到什么大便宜", "answer": "051", "reading_system_answer": null}]}, {"text": "只能说有能力和056进行对抗而已", "qa_pairs": [{"question": "056进行对抗国已抗而已进行对抗国家能说的是什么样的", "answer": "056", "reading_system_answer": "只能说有能力"}, {"question": "056进行对抗而已抗而已进行对抗国能能能能能能能能能能能能能能说有能力和056", "answer": "能力", "reading_system_answer": null}]}, {"text": "毕竟底子还是太差", "qa_pairs": [{"question": "毕竟底子还是太差的底子是什么", "answer": "底子", "reading_system_answer": null}]}, {"text": "表面上的对抗只是一部分", "qa_pairs": [{"question": "表面上的对抗只是一部分是什么", "answer": "一部分", "reading_system_answer": null}, {"question": "表面对抗只是一部分的国家上的对抗只是一部分的国家表示分只分的分别是", "answer": "表面", "reading_system_answer": null}]}, {"text": "056护卫舰本身作为近海防御的重要节点是具备很强的信息化水平", "qa_pairs": [{"question": "056护卫舰的重要节点是什么", "answer": "节点", "reading_system_answer": null}, {"question": "056护卫舰本身作为近海防御的重要节点是什么", "answer": "056护卫舰", "reading_system_answer": null}, {"question": "056护卫舰的重要节点是什么", "answer": "信息化水平", "reading_system_answer": null}]}, {"text": "可以这么说056可以接收来自其他舰艇、大型侦察机、岸基雷达、预警机的实时作战数据", "qa_pairs": [{"question": "、岸基雷达、预警机的实时作战数是多少", "answer": "056", "reading_system_answer": null}, {"question": "、岸基雷达、预警机的实时作战数是多少", "answer": "预警机", "reading_system_answer": null}, {"question": "、预警机的实时作战数是多少", "answer": "舰艇", "reading_system_answer": null}, {"question": "、岸基雷达、预警机的实时作战数是多少", "answer": "侦察机", "reading_system_answer": null}, {"question": "、、的预警机的预警机是哪个", "answer": "数据", "reading_system_answer": "056"}, {"question": "0预警机的实时作战数是多少", "answer": "岸基雷达", "reading_system_answer": "可以这么说"}]}, {"text": "换句话说056即便自身探测能力没有那么强也会死死地盯着051型驱逐舰的", "qa_pairs": [{"question": "056型驱逐舰的舰艇的舰舰是什么", "answer": "能力", "reading_system_answer": "056即便自身探测能力没有那么强也会死死地盯着051型驱逐舰"}, {"question": "056型驱逐舰的驱逐舰的舰型是", "answer": "051", "reading_system_answer": "051型驱逐舰"}, {"question": "056型驱逐舰的驱逐舰的驱逐舰的驱逐舰舰是什么", "answer": "驱逐舰", "reading_system_answer": "051型驱逐舰"}, {"question": "056型驱逐舰的驱逐舰的舰的舰的舰话说是什么", "answer": "056", "reading_system_answer": null}]}, {"text": "这个时候航速这个劣势就没有那么明显了", "qa_pairs": [{"question": "航速这个劣势就没有那么明显了什么", "answer": "时候航速", "reading_system_answer": null}, {"question": "航速这个劣势是什么", "answer": "劣势", "reading_system_answer": null}]}, {"text": "反观051型驱逐舰因为数据链水平有限", "qa_pairs": [{"question": "反观051型驱逐舰因为数据链水平有限为反观051型驱逐舰的国家的反观链水平有限", "answer": "反观051", "reading_system_answer": null}, {"question": "反观051型驱逐舰因为数据链水平有限为反观051型驱逐舰的国家的反舰水逐舰因为", "answer": "驱逐舰", "reading_system_answer": null}, {"question": "反观051型驱逐舰有限为什么", "answer": "数据链水平", "reading_system_answer": null}]}, {"text": "还是要依托自身雷达进行远端探测", "qa_pairs": [{"question": "还要依托自身雷达进行远端探测的国家托自身雷达进行远端探测的国家在还要依托自身雷", "answer": "雷达", "reading_system_answer": null}, {"question": "还要依托自身雷达进行远端探测的国家托达进行远端探测的身远探测中自身的进行探测中", "answer": "远端", "reading_system_answer": null}]}, {"text": "但是只靠自身水平毕竟还是不行", "qa_pairs": [{"question": "只靠自身水平毕竟还是不行的水平毕竟的国家其水系步枪的水系狙枪是什么", "answer": "水平", "reading_system_answer": null}]}, {"text": "即便有37节的航速也不能跟超音速的YJ-83比速度", "qa_pairs": [{"question": "yj-83比速度的yj-83比速度的国家的37节的航速也不能跟超音速的yj-8", "answer": "YJ", "reading_system_answer": null}, {"question": "即便有37节的航速也不能跟超音速的yj-83比速度是什么", "answer": "超音速", "reading_system_answer": null}, {"question": "yj-83比速度是什么", "answer": "37节", "reading_system_answer": "37节"}, {"question": "yj-83比速度的yj-83比速度是什么", "answer": "速度", "reading_system_answer": null}, {"question": "yj-83比速度的yj-83比速度是什么", "answer": "83", "reading_system_answer": null}, {"question": "yj-83比速度是什么", "answer": "航速", "reading_system_answer": "37节"}]}, {"text": "所以在信息化水平上051确实是输的非常惨", "qa_pairs": [{"question": "051确实是输的非常惨", "answer": "信息化水平上051", "reading_system_answer": "在信息化水平上"}]}, {"text": "一旦形成体系化作战即便是051G1/G2也逃不过被056击沉的命运", "qa_pairs": [{"question": "051g1/g2也逃不过被056击沉的命运是什么", "answer": "命运", "reading_system_answer": "一旦形成体系化作战"}, {"question": "051g1/g2也逃不过被056击沉的命运是什么", "answer": "体系化", "reading_system_answer": "一旦形成体系化作战"}, {"question": "一旦形成体系化作战即便是051g1/g2也逃不过被056击沉的命运是什么", "answer": "051G1G2", "reading_system_answer": null}, {"question": "051g1/g2也逃不过被056击沉的命运是什么", "answer": "056", "reading_system_answer": "一旦形成体系化作战"}]}, {"text": "再就是", "qa_pairs": [{"question": "再就是再就是再就是再就是再就是再就是再就是再就是再就再是再就再是再是再就再是再", "answer": "", "reading_system_answer": null}]}, {"text": "051的设计比较急迫也比较老", "qa_pairs": [{"question": "051的设计比较急迫也比较老的原因是什么", "answer": "051", "reading_system_answer": null}]}, {"text": "对于“人机结合”方面考虑的实在是不多", "qa_pairs": [{"question": "对人机结合”方面考虑的实在是不多人机结合”方面考虑的实在是不多人机““人机的机", "answer": "人机", "reading_system_answer": null}, {"question": "对人机结合”方面考虑的实在是什么", "answer": "不多", "reading_system_answer": null}, {"question": "对于“人机结合”方面考虑的实在是不多人机结合”方面考虑的实在是不多人机结合”方", "answer": "方面", "reading_system_answer": null}]}, {"text": "比如051没有中央空调、没有食堂", "qa_pairs": [{"question": "比051没有食堂的中央空调、没有食堂的国家没有中央空调、没有食堂的国家没有中央", "answer": "051", "reading_system_answer": null}, {"question": "比051没有中央空调、没有食堂的国家没有中央空调、没有食堂的国家没有中央空调、", "answer": "中央空调", "reading_system_answer": null}, {"question": "比051没有中央空调、没有中央空调、没有食堂的目的是什么", "answer": "食堂", "reading_system_answer": null}]}, {"text": "所以舰员在海上必须忍耐恶劣的生活环境", "qa_pairs": [{"question": "以舰员在海上必须忍耐恶劣的生活环境的恶度的生活环境是什么", "answer": "舰员", "reading_system_answer": null}, {"question": "以舰员在海上必须忍耐恶劣的生活环境的国家在海上必须忍耐恶劣的生活环境是什么", "answer": "环境", "reading_system_answer": null}]}, {"text": "而且蒸汽轮机虽然能为051提供37节的航速", "qa_pairs": [{"question": "蒸汽轮机虽然能为051提供37节的航速是", "answer": "蒸汽轮机", "reading_system_answer": null}, {"question": "蒸汽轮机虽然能为051提供37节的航速是多少", "answer": "051", "reading_system_answer": null}, {"question": "蒸汽轮机虽然能为051提供37节的航速是多少", "answer": "37节", "reading_system_answer": null}, {"question": "蒸汽轮机虽然能为051提供37节的航速是什么", "answer": "航速", "reading_system_answer": null}]}, {"text": "但是维护起来也相当麻烦", "qa_pairs": [{"question": "维护起来也相当麻烦的麻烦是什么", "answer": "", "reading_system_answer": null}]}, {"text": "3670吨的驱逐舰编制人员多达280人", "qa_pairs": [{"question": "3670吨的驱逐舰编制人员多达280人的驱逐舰编制人员多达280吨的驱逐舰编制", "answer": "3670吨", "reading_system_answer": null}, {"question": "3670吨的驱逐舰编制人员多达280人员是哪个", "answer": "280人", "reading_system_answer": null}, {"question": "3670吨的驱逐舰编制人员多达280人的驱逐舰编制人员多达280吨的驱逐舰编制", "answer": "驱逐舰", "reading_system_answer": null}, {"question": "3670吨的驱逐舰编制人员多达280人员人的多达280吨的驱逐舰编制人员多达2", "answer": "人员", "reading_system_answer": null}]}, {"text": "而056作为1400吨的护卫舰只有70人的编制", "qa_pairs": [{"question": "056作为1400吨的护卫舰的编制是", "answer": "70人", "reading_system_answer": "70人"}, {"question": "0500吨的护卫舰的编制是", "answer": "护卫舰", "reading_system_answer": "70人"}, {"question": "056作为1400吨的护卫舰的编制是", "answer": "1400吨", "reading_system_answer": "70人"}, {"question": "0560吨的护卫舰的编制是", "answer": "056", "reading_system_answer": "70人"}]}, {"text": "现代化水平大大提高", "qa_pairs": [{"question": "现代化水平大大提高的现代化水平大大提高是什么", "answer": "水平", "reading_system_answer": null}]}, {"text": "从设计之初就考虑舰员生活水平和补给能力", "qa_pairs": [{"question": "从设计之初就考虑舰员生活水平和补给能力的生制的补给能力是什么", "answer": "水平", "reading_system_answer": null}, {"question": "从设计之初就考虑舰员生活水平和补给能力的生产国家补给能力的国家设计之初就考虑舰", "answer": "舰员", "reading_system_answer": null}, {"question": "从设计之初就虑舰员生活水平和补给能给能计力的国家补活水平和补力补力的生产国家生", "answer": "能力", "reading_system_answer": null}]}, {"text": "这是056“软实力”的优势", "qa_pairs": [{"question": "056“软实力”的优势是什么", "answer": "实力", "reading_system_answer": null}, {"question": "056“软实力”的优势是什么", "answer": "优势", "reading_system_answer": null}, {"question": "056“软实力”的优势是什么", "answer": "056", "reading_system_answer": null}]}, {"text": "下图为在甲板吃饭的051型驱逐舰官兵   051型驱逐舰虽然叫“驱逐舰”", "qa_pairs": [{"question": "051型驱逐舰官兵051型驱逐舰的驱逐舰官兵051型驱逐舰的驱逐舰是哪一型号", "answer": "051", "reading_system_answer": "051型驱逐舰"}, {"question": "051型驱逐舰官兵051型驱逐舰的舰官兵051型驱逐舰的舰官是什么", "answer": "甲板", "reading_system_answer": "051型驱逐舰"}, {"question": "下图为在甲板吃饭的051型驱逐舰官兵051型驱逐舰虽然叫“驱逐舰”的驱逐舰是什", "answer": "驱逐舰官兵", "reading_system_answer": null}, {"question": "下图为在甲板吃饭的051型驱逐舰官兵051型驱逐舰虽然叫“驱逐舰”的驱逐舰是什", "answer": "驱逐舰", "reading_system_answer": null}]}, {"text": "但是得益于这40多年的科技发展和经济实力提升", "qa_pairs": [{"question": "科技发展和经济实力提升的国家在40多年的科技发展和经济实力提升的国家其提出的0", "answer": "40多年", "reading_system_answer": "但是"}, {"question": "科科技发展和经济实力提升的国家的科科技发展和经济实力提升的提点是什么", "answer": "科技", "reading_system_answer": null}, {"question": "得益于这40多年的科技发展和经济实力提升的提点是什么", "answer": "经济实力", "reading_system_answer": null}]}, {"text": "他们已经不能再适应现代化需求", "qa_pairs": [{"question": "现代化需求为现代化需求的现代化已经不能再适应现代化需求的现需求能再适应现代们已", "answer": "", "reading_system_answer": null}]}, {"text": "综合电子/信息化水平连1400吨的056轻型护卫舰都不如", "qa_pairs": [{"question": "综合电子/信息化水平连1400吨的056轻型护卫舰都不如哪些武器", "answer": "电子信息化水平连1400吨", "reading_system_answer": null}, {"question": "综合电子/信息化水平连1400吨的056轻型护卫舰都不如哪些舰都不如的", "answer": "护卫舰", "reading_system_answer": null}, {"question": "综合电子/信息化水平连1400吨的056轻型护卫舰都不如哪几种型号的护卫舰", "answer": "056", "reading_system_answer": null}]}, {"text": "只能退出现役", "qa_pairs": [{"question": "只能退出现役的现只能退出什么役", "answer": "现役", "reading_system_answer": null}]}, {"text": "但是051代表是的70年代那个时代", "qa_pairs": [{"question": "051代表是的70年代那个时代在051代表是的70年代那个时代", "answer": "70", "reading_system_answer": "051代表是的70年代"}, {"question": "051代表是的70年代那个时代", "answer": "051代表", "reading_system_answer": null}, {"question": "051代表是的70年代那个时代那个时代表是的70年代那代表是的70年代那一代0", "answer": "时代", "reading_system_answer": "051代表是的70年代"}]}, {"text": "虽然已经过去", "qa_pairs": [{"question": "虽去过去过去过去过去过去过去已经过去已已已已已已已虽然虽已经过去虽已经过去虽已", "answer": "", "reading_system_answer": null}]}, {"text": "但是那个时代不能忘记", "qa_pairs": [{"question": "那个时代不能忘记中但是那个时代不能忘记", "answer": "时代", "reading_system_answer": null}]}, {"text": "更不会抹掉051在中国海军发展和中国领海保卫中所做出的的突出贡献", "qa_pairs": [{"question": "在中国海军发展和中国领海保卫中所做出的突出贡献是什么", "answer": "051", "reading_system_answer": null}, {"question": "在中国海军发展和中国领海保卫中所做出的中国领海保卫中所做出的突出贡献是什么", "answer": "突出贡献", "reading_system_answer": null}, {"question": "在中国海军发展和中国领海保卫中所做出的的突出贡献是什么", "answer": "中国领海", "reading_system_answer": null}, {"question": "中国领海保卫中所做出的的突出贡献是什么", "answer": "中国海军", "reading_system_answer": "在中国海军发展"}]}, {"text": "下图为133“重庆”舰只身对抗苏联2.5万吨的“伏龙芝”号导弹巡洋舰", "qa_pairs": [{"question": "1号导弹巡洋舰的“伏龙芝”号导弹巡洋舰的巡洋舰是哪一款", "answer": "伏龙芝", "reading_system_answer": null}, {"question": "133“重庆”舰只身对抗苏联舰的导弹巡洋舰是什么型号", "answer": "苏联2.5万吨", "reading_system_answer": "“伏龙芝”号"}, {"question": "“5导弹巡洋舰的重量是什么", "answer": "重庆", "reading_system_answer": "2.5万吨"}, {"question": "1导弹巡洋舰的“伏龙芝”号导弹巡洋舰的重型号是", "answer": "133", "reading_system_answer": null}, {"question": "15导弹巡洋舰的巡洋舰是哪一艘", "answer": "舰只", "reading_system_answer": "133“重庆”舰只身对抗苏联2.5万吨的“伏龙芝”号"}, {"question": "15万吨的“伏龙芝”号导弹巡洋舰是什么", "answer": "号导弹巡洋舰", "reading_system_answer": "133“重庆”舰"}]}]}