{"passage": "6月28日下午，国防部举行例行记者会，国防部新闻局局长、国防部新闻发言人吴谦大校答记者问。  记者：美国国防部长马蒂斯6月26日至28日访问中国。请介绍此访中美达成了哪些共识？如何评价马蒂斯任内首次访华？  吴谦：应国务委员兼国防部长魏凤和邀请，美国国防部长马蒂斯于6月26日至28日访华。期间，习近平主席会见马蒂斯，中共中央政治局委员、中央军委副主席许其亮，中共中央政治局委员、中央外事工作委员会办公室主任杨洁篪，国务委员兼国防部长魏凤和，分别与其会见会谈。双方就国际地区形势、两国两军关系及朝鲜半岛、台湾、海上安全等共同关心的问题深入交换了意见，就下一步加强两军各层级交往、增进军事互信、深化务实合作、管控风险挑战等达成重要共识。访问取得积极的、建设性的成果。", "sentences": [{"text": "6月28日下午", "qa_pairs": [{"question": "6月28日下午6月28日下午的28月下午的2月2日下午是什么", "answer": "6月28日", "reading_system_answer": null}]}, {"text": "国防部举行例行记者会", "qa_pairs": [{"question": "国防部举行例行记者行中国举行举行举行国举行举行国举行防部部部部部部长会举行中国", "answer": "记者会", "reading_system_answer": null}, {"question": "国防部举行例行记者会举行例行记者会举行者举行者举行国防部防防防部会举行国防部防", "answer": "国防部", "reading_system_answer": null}]}, {"text": "国防部新闻局局长、国防部新闻发言人吴谦大校答记者问", "qa_pairs": [{"question": "、、国防部新闻发言人吴谦大校答记者问的新局局长言人吴谦大校答记者问的新局局局局", "answer": "国防部新闻局局长", "reading_system_answer": null}, {"question": "国防部新闻局局长、国防部新闻发言人吴谦大校答记者问的新局局长、谦大校答记者问的", "answer": "国防部新闻", "reading_system_answer": null}, {"question": "长、国防部新闻发言人吴谦大校答记者问的是什么校件", "answer": "吴谦大校", "reading_system_answer": null}]}, {"text": "记者：美国国防部长马蒂斯6月26日至28日访问中国", "qa_pairs": [{"question": "美国防部长马蒂6月26日至28日至问中国者问中国防部访问中国防部访问的国家长6", "answer": "记者", "reading_system_answer": "记者："}, {"question": "：6日访问中国访问中国访问中国的哪两个国家长马蒂斯6月26日至28日访问美国防", "answer": "28日", "reading_system_answer": "美国国防部长"}, {"question": "：8日至28日至28日至28日访问中国防部长马蒂斯6月26日至28日访问中国防", "answer": "中国", "reading_system_answer": "记者："}, {"question": "：6日访问中国中国国防部长马蒂斯6月26日至28日访问中国访问中国防部长马蒂斯", "answer": "美国国防部长马蒂斯6月26日", "reading_system_answer": "记者："}]}, {"text": "请介绍此访中美达成了哪些共识？如何评价马蒂斯任内首次访华？  吴谦：应国务委员兼国防部长魏凤和邀请", "qa_pairs": [{"question": "马吴谦：应国务委员兼国防部长魏凤和邀请的国家首次访华？吴谦：应国务委员兼国防部", "answer": "首次", "reading_system_answer": null}, {"question": "马蒂斯任内首次访华？吴谦：应国务委员兼国防部长魏凤和邀请的国家首次访华？吴谦：", "answer": "国防部长魏凤", "reading_system_answer": null}, {"question": "马蒂斯任内首次访华？吴谦：应国务委员兼国防部长魏凤和邀请的国家首次访华？吴谦：", "answer": "吴谦", "reading_system_answer": null}, {"question": "马蒂斯任内首次访华？吴谦：应国务委员兼国防部长魏凤和邀请的国家首次访华？吴谦：", "answer": "中美", "reading_system_answer": null}, {"question": "马蒂斯任内首次访华？吴谦：应国务委员兼国防部长魏凤和邀请的国家共共员识？如何岚", "answer": "共识", "reading_system_answer": "如何评价马蒂斯任内首次访华？"}, {"question": "马蒂斯任内首次访华？吴谦：应国务委员兼国防部长魏凤和邀请的长魏凤和邀请的长度是", "answer": "国务委员", "reading_system_answer": null}, {"question": "美达成了哪些马蒂斯任内首次访华？吴谦：应国务委员兼国防部长魏凤和邀请的", "answer": "评价马蒂斯", "reading_system_answer": "请介绍此访中美达成了哪些共识？如何评价马蒂斯任内首次访华？"}]}, {"text": "美国国防部长马蒂斯于6月26日至28日访华", "qa_pairs": [{"question": "美国国防部长马蒂斯于6月26日至28日访华的长马蒂斯于6月26日至28日访华的", "answer": "6月26日", "reading_system_answer": null}, {"question": "美国国防部长马蒂斯于6月26日至28日访华的长度是什么", "answer": "美国国防部长马蒂斯", "reading_system_answer": null}, {"question": "美国国防部长马蒂斯于6月26日至28日访华的长马蒂斯于6月26日至28日访华的", "answer": "28日", "reading_system_answer": null}]}, {"text": "期间", "qa_pairs": [{"question": "期间间期间间期期期期期期期期期期期期期期期期期期期期期期期期期期期期期期期期期", "answer": "", "reading_system_answer": null}]}, {"text": "习近平主席会见马蒂斯", "qa_pairs": [{"question": "习近平主席会见马蒂斯是哪个", "answer": "主席会见马蒂斯", "reading_system_answer": null}]}, {"text": "中共中央政治局委员、中央军委副主席许其亮", "qa_pairs": [{"question": "中央政治局委员、中央军委副主席许其亮的主席是", "answer": "中央军委", "reading_system_answer": null}, {"question": "中共中央政治局委员、中央军委副主席许其亮在中国的哪个国家", "answer": "主席许其亮", "reading_system_answer": null}, {"question": "中国和中央政治局委员、中央军委副主席许其亮的目的是", "answer": "中共中央政治局委员", "reading_system_answer": null}]}, {"text": "中共中央政治局委员、中央外事工作委员会办公室主任杨洁篪", "qa_pairs": [{"question": "中国央政治局委员、中央外事工作委员会办公室主任杨洁篪是什么", "answer": "中央外事", "reading_system_answer": null}, {"question": "中国央外事工作委员会办公室主任杨洁篪是什么", "answer": "杨洁篪", "reading_system_answer": null}, {"question": "中国和中国央外事工作委员会办公室主任杨洁篪是什么", "answer": "中共中央政治局委员", "reading_system_answer": null}, {"question": "中国央外事工作委员会办公室主任杨洁篪是什么", "answer": "委员会办公室", "reading_system_answer": null}]}, {"text": "国务委员兼国防部长魏凤和", "qa_pairs": [{"question": "国务委员兼国防部长魏凤和魏凤和魏凤和魏国委员兼国防部长魏凤和", "answer": "国防部长魏凤", "reading_system_answer": null}, {"question": "国务委员兼国防部长魏凤和防部长魏凤和防部长魏凤和防部防部防部防部防部防员员和防", "answer": "国务委员", "reading_system_answer": null}]}, {"text": "分别与其会见会谈", "qa_pairs": [{"question": "分别与其见其会别与会见会谈会会会会会会会会会会会会会会会会会会会会主席峰厄附好", "answer": "会见", "reading_system_answer": null}]}, {"text": "双方就国际地区形势、两国两军关系及朝鲜半岛、台湾、海上安全等共同关心的问题深入交换了意见", "qa_pairs": [{"question": "、两国两军关系及朝鲜半岛、台湾、海上安全等共同关心的问题深入交换的国家其两地区", "answer": "关系", "reading_system_answer": "国际地区形势"}, {"question": "、两两国两军关系及朝鲜半岛、台湾、海上安全等共同关心的国际地区形势、两国两军关", "answer": "意见", "reading_system_answer": null}, {"question": "双、、关关关关系及朝鲜国台湾上等共同关心的国家换了意见的国家换了意见的国家换了", "answer": "问题", "reading_system_answer": "双方就国际地区形势、两国两军关系及朝鲜半岛、台湾、海上安全等共同关心的问题"}, {"question": "、两国两军关系及朝鲜半岛、台湾、海上安全等共同关心的问题深入交换的国家其国家关", "answer": "国际地区形势", "reading_system_answer": "双方就国际地区形势"}, {"question": "、两国两军关系及朝鲜半岛、台湾、海上安全等共同关心的问题深入交换的国家其形势、", "answer": "台湾", "reading_system_answer": "国际地区形势"}, {"question": "朝两国两军关系及朝鲜半岛、台湾、海上安全等共同关心的问题深入交换的国家其国家关", "answer": "两国", "reading_system_answer": "双方就国际地区形势"}, {"question": "、两国两军关系及朝鲜半岛、台湾、海上安全等共同关心的问题深入交换的国家其两国两", "answer": "朝鲜半岛", "reading_system_answer": "国际地区形势"}, {"question": "、两国两军关系及朝鲜半岛、台湾、海上安全等共同关心的问题深入交换的国家其双方就", "answer": "双方", "reading_system_answer": "国际地区形势"}, {"question": "、两国两军关系及朝鲜半岛、台湾、海上安全等共同关心的问题深入交换的国家其两地区", "answer": "关心", "reading_system_answer": "国际地区形势"}]}, {"text": "就下一步加强两军各层级交往、增进军事互信、深化务实合作、管控风险挑战等达成重要共识", "qa_pairs": [{"question": "、管控风险挑战等达成重要共识是什么", "answer": "风险", "reading_system_answer": "就下一步加强两军各层级交往、增进军事互信、深化务实合作"}, {"question": "、管控风险挑战等达成重要共识是什么", "answer": "军事", "reading_system_answer": "就下一步加强两军各层级交往、增进军事互信、深化务实合作"}, {"question": "、管控风险挑战等达成重要共识的军事互信、深化务实合作、管控风险挑战等达成重要共", "answer": "一步", "reading_system_answer": null}, {"question": "、管控风险挑战等达成重要共识的国家各层级交往、增进军事互信、深化务实合作、管控", "answer": "两军", "reading_system_answer": null}, {"question": "、管控风险挑战等达成重要共识的国家强两军各层级交往、增进军事互信、深化务实合作", "answer": "层级", "reading_system_answer": null}, {"question": "、管控风险挑战等达成重要共识是什么", "answer": "共识", "reading_system_answer": "就下一步加强两军各层级交往、增进军事互信、深化务实合作"}]}, {"text": "访问取得积极的、建设性的成果", "qa_pairs": [{"question": "、建设性的成性的成性的成得积极的、建设性的成得积极的、建设性果访的访问取得积极", "answer": "成果", "reading_system_answer": null}, {"question": "访问取得积极的、建设性的成果是什么", "answer": "建设性", "reading_system_answer": null}]}]}