{"passage": "英国《简氏防务周刊》1月23日报道，印度国防研究与发展组织（DRDO）披露了对新一代主战坦克的主要装备、动力装置和任务系统的要求，新一代主战坦克将替代印度T-72M1“阿杰亚”(Ajeya)主战坦克，并计划从21世纪20年代初投入使用。  印度国防研究与发展组织（DRDO）一直致力于印度自产武器装备的研发和引进国外技术的本土化，几乎可以说控制着印度主要装备的需求制定和技术指标等要求，“光辉”战斗机和“阿琼”坦克等著名印度自主研发装备无不与其有关。  点击查看大图  T-72M1坦克作为印度现今保有量最大的坦克，确实已经面临过于老旧和性能无法满足要求的问题  对于印度而言，急需替换的T-72M1坦克确实是一块心病，虽然此前曾在阿克赛钦边境地区增加部署三个团的T-72M1坦克，但是毫无高原作战能力的T-72M1只能执行防御任务，这一点印度也是心知肚明。印度的“阿琼”主战坦克的研制其实也是为了替代T-72等老旧坦克。而此次公布技术指标的印度未来主战坦克计划（FMBT）属于印度未来高机动战斗车辆计划（FRCV）的一部分，2012年起进行“初步指标定性需求”，至今才制定出明确的坦克指标要求。当然，其中的主要技术以印度国防研究与发展组织（DRDO）的一贯思维，都是依靠外国引进然后本土化。  在2017年伦敦的国际装甲车的会议讨论上。印度国防研究与发展组织（DRDO）由U•所罗门博士主持的战斗车辆研究和发展机构（CVRDE）强调了对主战坦克设计的新要求。  在新一代主战坦克的设计中，最为重要的是由印度自主开发的“巴拉特”动力单元，CVRDE的目标是在2017-2019年还开发出供新一代主战坦克使用的1800马力发动机及配套传动系统。  不仅仅用于未来坦克，“巴拉特”动力单元还将替代现有在“阿琼”MK1和MK2坦克上使用的引进德国MTU公司的动力系统。该动力组由由DHPP-A燃料驱动，重2200kg，可在16,400英尺（4920米）的海拔高度和低至-20℃的温度下运作。这一高原低温条件要求反映了印度军队未来的主战坦克需求。  简氏称这是为了在印巴边境行动的要求。但是接近海拔5000米的高原高度和零下20℃的特殊条件，只能让人联想到青藏高原。  点击查看大图  新轻坦高原试车  然而，全世界坦克发动机中真正在青藏高原试车并且达到作战要求的，只中国一家别无分店。哪怕是设计过高纬度寒冷区域作战坦克的俄罗斯方面也不可能拿出合适印度要求的装备。至于印度自主开发的成功可能性，这只能说……今天天气不错。恐怕新一代的印度主战坦克从动力要求上第一步就折戟沉沙了。  印度新一代主战坦克的新设计还有动态履带张力调节器，这将使得主战坦克在穿过障碍物和颠簸泥泞的地形时保持抓地力。对于青藏高原地区某些地区的春季化冻情况下的行动，这显然也是非常具有针对性的要求。  此前印度曾要求新一代主战坦克装备120毫米主炮。在新的要求中已经确定，新一代主战坦克将是配备125毫米主炮、第三代反坦克制导武器（ATGW）和一挺防空机枪。  按计划，主炮应该具备发射制导弹药的能力，印度所提到的制导弹药，国际上认为可能为以色列航宇工业公司的“拉哈特”（LAHAT）激光制导反坦克导弹。  点击查看大图  近年来印度非常青睐以色列的各系列弹药，不过也因为采购以色列弹药，印度在采购其他国家装备的时候就需要花大价钱来对装备进行适应性的改装以能够使用以色列系统的弹药作战  印度新一代主战坦克的其他弹药还要求需要可编程空爆弹和尾翼稳定脱壳穿甲弹（APFSDS）。  点击查看大图  坦克主炮上的可编程弹药，现有的据观察者网军事评论员所知的只有美国M1A2SEP3使用的120mm口径的AMP炮弹，然而这又不是印度需要的125mm口径，看样子要么只能请美国方面把弹药扩5mm口径，或者另找别人了  新一代主战坦克设计为无人炮塔，载员三人。乘员座椅将悬浮设置在炮塔下方，目的是提高对地雷或简易爆炸装置（IED）产生的爆炸的防护能力。  点击查看大图  这又是一项独门绝技，现有各家坦克设计大国提出并且实际拿得出来的无人炮塔坦克，可能只有“阿玛塔”了  点击查看大图  而这种防雷要求不得不让人联想起南非的Cougar系列防雷车，V型车底和悬浮座椅要求，美军在中东的治安作战中大量采购南非的各系列防雷车，绝对是实战保证。  综上所述，印度新一代主战坦克提出的几项要求，要么是坦克大国的独门绝技，要么就是地球上找不到的天顶星科技。看样子，是印度方面“眼高手低”的毛病又犯了。且不论这些独门绝技能不能拿得到，光是以现在的要求，就起码要中美俄的坦克设计师，以色列的导弹设计师，南非的装甲车设计师精诚合作。才有可能拿出这么一款坦克。  点击查看大图  如果真能这样，当年区区中美合作的“和平典范”计划哪里称得上什么“和平典范”。印度这是以自家的坦克计划来促进全世界的和平，这才是真·和平典范  然而，这样的合作交流恐怕是根本不可能的，就算是印度国防部和那位所罗门博士使出浑身解数，印度新一代坦克计划也只能是一个空中楼阁，还是把技术指标放的可靠一点还差不多。", "sentences": [{"text": "英国《简氏防务周刊》1月23日报道", "qa_pairs": [{"question": "英国《简氏防务周刊》1月23日报道日报道日报道日报刊为什么要《1月23月23月", "answer": "简氏", "reading_system_answer": null}, {"question": "英国《简氏防务周刊》1月23日报道发行的周刊是什么", "answer": "周刊", "reading_system_answer": null}, {"question": "英国《简氏防务周刊》1月23日报道日报道日报道日报刊日3月23月23日报道防务", "answer": "英国", "reading_system_answer": null}, {"question": "英国《简氏防务周刊》1月23日报道道道报道报》有多少日报道", "answer": "1月23日", "reading_system_answer": null}]}, {"text": "印度国防研究与发展组织（DRDO）披露了对新一代主战坦克的主要装备、动力装置和任务系统的要求", "qa_pairs": [{"question": "印度国防研究与发展组织（drdo）披露了对新一代主战坦克的主要装备、动力装置的", "answer": "坦克", "reading_system_answer": null}, {"question": "印度国防研究与发展组织（drdo）披露了对新一代主战坦克的主要装备、动力装置的", "answer": "动力装置", "reading_system_answer": null}, {"question": "印度国防研究与发展组织了对新一代主战坦克的主要装备、动力装置的国家披drdo）", "answer": "任务系统", "reading_system_answer": null}, {"question": "印度国防研究与发展组织（drdo）披露了对新一代主战坦克的主要装备的国家其主要", "answer": "装备", "reading_system_answer": "主要装备、动力装置和任务系统"}, {"question": "印度国防战坦克的主要装备、动力装置的国家）drdo）披露了对新一代主战坦克的主", "answer": "印度国防", "reading_system_answer": null}, {"question": "印度国防研究与发展组织（drdo）披露的国家主战坦克的主要装备、动力装置的国家", "answer": "DRDO", "reading_system_answer": null}]}, {"text": "新一代主战坦克将替代印度T-72M1“阿杰亚”(Ajeya)主战坦克", "qa_pairs": [{"question": "新一代主战坦克将替代印度t-72m1“阿杰亚”(a)主战坦克的国家其主战坦克将", "answer": "坦克", "reading_system_answer": null}, {"question": "新一代主战坦克将替代印度t-72m1“阿杰亚”(a)主战坦克的国家的主战坦克的", "answer": "72M1", "reading_system_answer": null}, {"question": "新一代主战坦克将替代印度t-72m1“阿杰亚”(a)主战坦克的国家的主战坦克的", "answer": "替代印度", "reading_system_answer": null}, {"question": "新一代主战坦克将替代印度t-72“主战坦克的国家其主战坦克是哪个坦克", "answer": "阿杰亚", "reading_system_answer": "T-72M1“阿杰亚”(Ajeya)"}, {"question": "新一代主战坦克将替代印度t-72“1“阿杰亚”(a)主战坦克的国家的新一代主战", "answer": "Ajeya", "reading_system_answer": null}]}, {"text": "并计划从21世纪20年代初投入使用", "qa_pairs": [{"question": "并计划从21世纪20年代初投入使用的是什么", "answer": "21世纪20", "reading_system_answer": null}, {"question": "并计划从21世纪20年代初投入使用的21世纪20年代初投入使用的21计划使用的", "answer": "计划", "reading_system_answer": null}, {"question": "2月2世纪投入用代0使用的什么使用", "answer": "投入使用", "reading_system_answer": null}]}, {"text": "印度国防研究与发展组织（DRDO）一直致力于印度自产武器装备的研发和引进国外技术的本土化", "qa_pairs": [{"question": "印度国防研究与发展组织（drdo）一直致力于印度自产武器装备的研发和引进国外技", "answer": "技术", "reading_system_answer": null}, {"question": "印度国防研究与发展组织（drdo）一直致力于印度自产武器装备的研发和引进国外技", "answer": "致力于印度", "reading_system_answer": null}, {"question": "印度国防研究与发展组织（drdo）一直致力于印度自产武器装备的研发和引进国外技", "answer": "本土化", "reading_system_answer": null}, {"question": "印度自产武器装备的研发引进的本国在发展组织的本土化的国家研制的（drdo）一直", "answer": "产", "reading_system_answer": "印度国防研究与发展组织（DRDO）一直致力于印度自产武器装备的研发和引进国外技术"}, {"question": "印度国防研装备的研发和引进国外技术的本土化的国家一直致力于印度自产武器装备的研", "answer": "印度国防", "reading_system_answer": "印度国防研究与发展组织（DRDO）"}, {"question": "印度国防研究与发展组织（drdo）一直致力的国家的土化的国家于印度自产武器装备", "answer": "DRDO", "reading_system_answer": "研发和引进国外技术"}]}, {"text": "几乎可以说控制着印度主要装备的需求制定和技术指标等要求", "qa_pairs": [{"question": "印度主要装备的需求制定和技术指标等要求的目的是什么", "answer": "技术指标", "reading_system_answer": null}, {"question": "印度印度印度的印度的印度的主要装备的需求制定和技术指标等要求的是什么样的", "answer": "印度", "reading_system_answer": null}, {"question": "几乎可以说控制着印度主要装备的需求制定和技术指标等要求的战斗机其装备的装备的装", "answer": "装备", "reading_system_answer": null}]}, {"text": "“光辉”战斗机和“阿琼”坦克等著名印度自主研发装备无不与其有关", "qa_pairs": [{"question": "“光辉”战斗机和“阿琼”坦克等著名印度自主研发装备无不与其有关的国家”坦克等著", "answer": "印度", "reading_system_answer": null}, {"question": "“光辉”战斗机和“阿琼”坦克等著名印度自主研发装备无不与其有关的战斗机是哪个", "answer": "坦克", "reading_system_answer": null}, {"question": "“光辉”战斗机和“阿琼”坦克等著名印度自主研发装备无不与其有关的战斗机其发装备", "answer": "光辉", "reading_system_answer": null}, {"question": "“光辉”战斗机和“阿琼”坦克等著名印度自主研发装备无不与其有关的战斗机是哪个", "answer": "阿琼", "reading_system_answer": null}, {"question": "“光辉”战斗机和“阿琼”坦克等著名印度自主研发装备的国家”坦克等著名印度自主研", "answer": "装备", "reading_system_answer": null}, {"question": "“光辉”战斗机和“阿琼”坦克等著名印度自主研发装备无不与其有关的战斗机是哪一款", "answer": "战斗机", "reading_system_answer": null}]}, {"text": "点击查看大图  T-72M1坦克作为印度现今保有量最大的坦克", "qa_pairs": [{"question": "t-72m1坦克作为印度现今保有量最大的坦克是哪个", "answer": "印度", "reading_system_answer": null}, {"question": "印度现今保有量最大的坦克是哪个", "answer": "坦克", "reading_system_answer": "T-72M1坦克"}, {"question": "t-72m1坦克作为印度现今保有量最大的坦克是哪个", "answer": "大图", "reading_system_answer": null}, {"question": "印度现今保有量最大的坦克是哪个", "answer": "72M1坦克", "reading_system_answer": "T-72M1坦克"}, {"question": "t-72m1坦克作为印度现今保有量最大的坦克是哪个", "answer": "保有量", "reading_system_answer": null}]}, {"text": "确实已经面临过于老旧和性能无法满足要求的问题  对于印度而言", "qa_pairs": [{"question": "对于印度而言的老旧和性能无的问题对于印度而言的老点是什么", "answer": "性能无法", "reading_system_answer": null}, {"question": "印度印度印度印度的印度的印度的印度是什么", "answer": "印度", "reading_system_answer": null}, {"question": "印度和老旧和性题已言的无法问足过而言的无法问求面临过而性要求的实面对对印度于老", "answer": "问题", "reading_system_answer": null}]}, {"text": "急需替换的T-72M1坦克确实是一块心病", "qa_pairs": [{"question": "急的急的坦克克克莱莱莱莱莱莱莱莱莱莱莱莱莱莱莱莱莱莱莱莱莱莱莱莱莱莱莱莱莱莱莱", "answer": "急需", "reading_system_answer": null}, {"question": "t-72m1坦克是哪个", "answer": "72M1坦克", "reading_system_answer": null}, {"question": "t-72m1坦克确实是什么", "answer": "一块心病", "reading_system_answer": null}, {"question": "t-72m1坦克确实是一块心病的国家替换的t-72m1坦克确实是一块心病的国家", "answer": "T", "reading_system_answer": null}]}, {"text": "虽然此前曾在阿克赛钦边境地区增加部署三个团的T-72M1坦克", "qa_pairs": [{"question": "在阿克赛钦边境地区增加部署三个团的t-72坦克的国家在阿克赛钦边境地区增加部署", "answer": "72M1坦克", "reading_system_answer": null}, {"question": "在阿克赛钦边境地区增加部署三个团的t-72m1坦克的国家在阿克赛钦边境地区增加", "answer": "T", "reading_system_answer": null}, {"question": "t-72m1坦克是哪个", "answer": "阿克赛钦边境地区", "reading_system_answer": null}, {"question": "t-72m1坦克是哪个团进行", "answer": "部署三个团", "reading_system_answer": "三个团"}]}, {"text": "但是毫无高原作战能力的T-72M1只能执行防御任务", "qa_pairs": [{"question": "t-72m1只能执行防御任务是什么", "answer": "72M1", "reading_system_answer": null}, {"question": "t-72m1只能执行防御任务是什么", "answer": "高原", "reading_system_answer": null}, {"question": "t-72m1只能执行防御任务是什么", "answer": "T", "reading_system_answer": null}, {"question": "t-2只能执行防御任务是什么", "answer": "任务", "reading_system_answer": null}, {"question": "t-72m1只能执行防御任务是什么", "answer": "能力", "reading_system_answer": null}]}, {"text": "这一点印度也是心知肚明", "qa_pairs": [{"question": "印度也是心知肚明的印度的印度是什么", "answer": "一点印度", "reading_system_answer": null}]}, {"text": "印度的“阿琼”主战坦克的研制其实也是为了替代T-72等老旧坦克", "qa_pairs": [{"question": "印度的“阿琼”主战坦克的研制的坦克是哪个", "answer": "印度", "reading_system_answer": "印度的“阿琼”主战坦克的研制其实也是为了替代T-72"}, {"question": "印度的“阿琼”主战坦克的研制其实也是为了替代t-72等老旧坦克的国家的主主战坦", "answer": "坦克", "reading_system_answer": null}, {"question": "印度的“阿琼”主战坦克的研制的坦克是哪个", "answer": "替代", "reading_system_answer": "印度的“阿琼”主战坦克的研制其实也是为了替代T-72"}, {"question": "印72等老克的坦克是哪个", "answer": "阿琼", "reading_system_answer": "“阿琼”主战坦克"}, {"question": "印度的“阿琼”主战坦克的研制的坦克是哪个", "answer": "72", "reading_system_answer": "印度的“阿琼”主战坦克的研制其实也是为了替代T-72"}]}, {"text": "而此次公布技术指标的印度未来主战坦克计划（FMBT）属于印度未来高机动战斗车辆计划（FRCV）的一部分", "qa_pairs": [{"question": "（fmbt）属于印度未来高机动战斗车辆计划（frcv）的一部分是哪个", "answer": "坦克计划", "reading_system_answer": "印度未来主战坦克计划"}, {"question": "（fmbt）属于印度未来高机动战斗车辆计划（frcv）的一部分划的国家其公布技", "answer": "印度", "reading_system_answer": "此次公布技术指标"}, {"question": "印度未来高机动战斗车辆计划（fmbt）属于印度未来高机动战斗车辆一部分是哪个", "answer": "车辆计划", "reading_system_answer": "未来主战坦克计划（FMBT）属于印度未来高机动战斗车辆计划（FRCV"}, {"question": "（frcv）的一部分划（frcv）的一部分是", "answer": "一部分", "reading_system_answer": "印度未来主战坦克计划（FMBT）"}, {"question": "印度未来高机动战斗车辆计划（fmbt）属于印度未来高机动战斗车辆一部分的国家b", "answer": "机动", "reading_system_answer": "印度未来主战坦克计划"}, {"question": "印度未来高机动战斗车辆计划（fmbt）属于印度未来主战坦克计划（frcv）的一", "answer": "技术指标", "reading_system_answer": null}, {"question": "印度未来高机动战斗车辆计划（fmbt）属于印度未来高机动战斗车辆一部分的国家属", "answer": "FRCV", "reading_system_answer": "印度未来主战坦克计划"}, {"question": "印度未来高机动战斗车辆计划（frcv）的一部分是哪个", "answer": "FMBT", "reading_system_answer": "印度未来主战坦克计划（FMBT）"}]}, {"text": "2012年起进行“初步指标定性需求”", "qa_pairs": [{"question": "2012年起进行“初步指标定性需求”的原因是什么", "answer": "2012年", "reading_system_answer": null}, {"question": "2年起进行“初步指标定性需求”的原因是什么", "answer": "指标定性", "reading_system_answer": null}]}, {"text": "至今才制定出明确的坦克指标要求", "qa_pairs": [{"question": "至今才制定出明确的坦克指标要求为什么", "answer": "坦克指标", "reading_system_answer": null}]}, {"text": "当然", "qa_pairs": [{"question": "当然为当然然然当当然然然然然然然然然然然然然然然然然然当当当当当当当当当当当当", "answer": "", "reading_system_answer": null}]}, {"text": "其中的主要技术以印度国防研究与发展组织（DRDO）的一贯思维", "qa_pairs": [{"question": "以印度国防研究与发展组织（drdo）的一贯思维是什么", "answer": "一贯思维", "reading_system_answer": "其中的主要技术"}, {"question": "（drdo）的一贯思维是哪个", "answer": "印度国防", "reading_system_answer": "其中的主要技术以印度国防研究与发展组织"}, {"question": "以印度国防研究与发展组织（drdo）的一贯思维是哪个", "answer": "DRDO", "reading_system_answer": "其中的主要技术"}, {"question": "以印度国防研究与发展组织（drdo）的一贯思维是哪个", "answer": "技术", "reading_system_answer": "其中的主要技术"}]}, {"text": "都是依靠外国引进然后本土化", "qa_pairs": [{"question": "依靠外国引进然后本土化的国家靠外是依靠外国引进的国家是引进的国家是引进的国家是", "answer": "本土化", "reading_system_answer": null}, {"question": "土化依靠外国引进的国家依靠外本土化的外本引进中引进的国家是引进的国家在土化的外", "answer": "外国", "reading_system_answer": null}]}, {"text": "在2017年伦敦的国际装甲车的会议讨论上", "qa_pairs": [{"question": "在2017年伦敦的国际装甲车的会议讨论上的会议讨论上的会议讨论上的装甲车装甲车", "answer": "国际装甲车", "reading_system_answer": null}, {"question": "在2017年伦敦的国际装甲车的会议讨论上是什么", "answer": "会议", "reading_system_answer": null}, {"question": "在2017年伦敦的国际装甲车的会议讨论上的国家在2017年伦敦的国际装甲车的会", "answer": "2017年伦敦", "reading_system_answer": null}]}, {"text": "印度国防研究与发展组织（DRDO）由U•所罗门博士主持的战斗车辆研究和发展机构（CVRDE）强调了对主战坦克设计的新要求", "qa_pairs": [{"question": "印度国防研究与发展组织（drde）强调了对主战坦克设计的新要求的坦克是哪个", "answer": "坦克", "reading_system_answer": null}, {"question": "印度国防研究与发展组织（drde）强调了对主战坦克设计的新要求的坦克的战斗车辆", "answer": "车辆", "reading_system_answer": null}, {"question": "（vrd）强持的新展要求求的国家由u•所罗门博士了对u•所研制的国家由u）所研", "answer": "新", "reading_system_answer": null}, {"question": "印度国防研究与发展组织（drdo）由u•所罗门博士主持的战斗车辆研究和发展机构", "answer": "CVRDE", "reading_system_answer": null}, {"question": "印度（drde）强持的战斗车辆研究和发展机构的国家由u•所罗门博士主持的战斗车", "answer": "U", "reading_system_answer": "印度国防研究与发展组织"}, {"question": "印度国防研究与发展组织（drde）强调了对主战坦克设计的新要求的坦门博士主持的", "answer": "所罗门博士", "reading_system_answer": "战斗车辆研究和发展机构"}, {"question": "印cvrde）强调了对主战坦克设计的新要求的国家由u•所罗门博士主持的战斗车辆", "answer": "印度国防", "reading_system_answer": "印度国防研究与发展组织（DRDO）由U•所罗门博士主持的战斗车辆研究和发展机构"}, {"question": "印度国防研究与发展组织（drde）强调了对主战坦克设计的新要求的坦克是哪个", "answer": "DRDO", "reading_system_answer": null}, {"question": "印度国防研究与发展组织（drdo）由u•所罗门博士主持的战斗车辆研究和发展机构", "answer": "机构", "reading_system_answer": null}]}, {"text": "在新一代主战坦克的设计中", "qa_pairs": [{"question": "在新一代主战坦克的设计中的坦克的设计中的坦克的主战坦克的主战坦克在新一代主战坦", "answer": "坦克", "reading_system_answer": null}]}, {"text": "最为重要的是由印度自主开发的“巴拉特”动力单元", "qa_pairs": [{"question": "印度自主开发的“巴拉特”动力单元是什么", "answer": "动力单元", "reading_system_answer": null}, {"question": "“巴拉特”动力单元是什么", "answer": "印度", "reading_system_answer": null}]}, {"text": "CVRDE的目标是在2017-2019年还开发出供新一代主战坦克使用的1800马力发动机及配套传动系统", "qa_pairs": [{"question": "cvrde的目标是在哪一年开发出供新一代主战坦克", "answer": "2019年", "reading_system_answer": "2017-2019年"}, {"question": "cvrde的目标是在2017-2019年还开发出供新一代主战坦克使用的1800", "answer": "目标", "reading_system_answer": null}, {"question": "cvrde的目标是在2017-2019年还开发出供新一代主战坦克的国家的cvr", "answer": "坦克", "reading_system_answer": null}, {"question": "cvrde的目标是在2017-2019年还开发出供新一代主战坦克使用的是什么发", "answer": "1800马力发动机", "reading_system_answer": null}, {"question": "cvrde的目标是在2017-200马力发动机及配套传动系统的国家在2年9年还", "answer": "2017", "reading_system_answer": null}, {"question": "cvrde的目标是在2017-2019年还开发出供新一代主战坦克使用的1800", "answer": "传动系统", "reading_system_answer": null}, {"question": "cvrde的目标是在2017-2019年还开发出供新一代主战坦克使用的1800", "answer": "CVRDE", "reading_system_answer": null}]}, {"text": "不仅仅用于未来坦克", "qa_pairs": [{"question": "不仅仅用于未来坦克未来仅仅仅仅仅仅来坦克未来不仅仅用于未来坦克的坦克是什么", "answer": "坦克", "reading_system_answer": null}]}, {"text": "“巴拉特”动力单元还将替代现有在“阿琼”MK1和MK2坦克上使用的引进德国MTU公司的动力系统", "qa_pairs": [{"question": "“巴拉特”动力单元还将替代现有在“阿琼”mk1的动力系统的国家在“巴拉特”动力", "answer": "MK1", "reading_system_answer": null}, {"question": "“巴拉特”动力单元还将替代现使用的引进德国mtu公司的动力系统是什么", "answer": "替代", "reading_system_answer": null}, {"question": "“巴拉特”动力单元还将替代现有在“阿琼”mk1和mk2坦克上使用的引进的国家在", "answer": "德国MTU公司", "reading_system_answer": null}, {"question": "“巴拉特”动力单元是什么", "answer": "动力单元", "reading_system_answer": null}, {"question": "“巴拉特”动力单元还将替代现有在“阿琼”mk1的动力系统是什么", "answer": "MK2坦克", "reading_system_answer": null}, {"question": "“mk1坦克的动力系统是什么", "answer": "阿琼", "reading_system_answer": null}]}, {"text": "该动力组由由DHPP-A燃料驱动", "qa_pairs": [{"question": "由由dhpp-a燃料驱动的国家由dhpp-a燃料驱动的国家由dhpp-a燃料驱", "answer": "DHPP", "reading_system_answer": null}, {"question": "由dhpp-a燃料驱动的国家由由dhpp-a燃料驱动的国家由pp-燃料驱动中p", "answer": "燃料", "reading_system_answer": null}, {"question": "dhpp-a燃料驱动是由哪个组成", "answer": "动力组由", "reading_system_answer": null}]}, {"text": "重2200kg", "qa_pairs": [{"question": "重2200gkg型导弹的参数是多少", "answer": "重2200kg", "reading_system_answer": null}]}, {"text": "可在16,400英尺（4920米）的海拔高度和低至-20℃的温度下运作", "qa_pairs": [{"question": "）49200英尺（4900英尺（49）的海拔高度和低至-20℃的温度下运作是什", "answer": "20", "reading_system_answer": null}, {"question": "）400英尺（4920米）的海拔高度和低至-20℃的温度下运作是什么", "answer": "4920米", "reading_system_answer": null}, {"question": ",400英尺（4920米）的海拔高度和低至-20℃的温度下运作是什么", "answer": "温度", "reading_system_answer": null}, {"question": "可400英尺（4920米）的海拔高度和低至-20℃的温度下运作是什么", "answer": "海拔高度", "reading_system_answer": null}, {"question": "）49200英尺（4920米）的海拔高度和低至-20℃的温度下运作是什么", "answer": "16", "reading_system_answer": null}, {"question": "）400英尺（4920米）的海拔高度和低至-20℃的温度下运作是什么", "answer": "400英尺", "reading_system_answer": null}]}, {"text": "这一高原低温条件要求反映了印度军队未来的主战坦克需求", "qa_pairs": [{"question": "印度军队未来的主战坦克需求反映了印度军队未来的主战坦克需求的原因是什么", "answer": "一高原低温条件", "reading_system_answer": "这一高原低温条件要求"}, {"question": "未来的主战坦克需求为印度军队未来的坦克的坦克是哪个", "answer": "印度军队", "reading_system_answer": "这一高原低温条件要求"}, {"question": "印度军队未来的主战坦克需求反映了印度军队未来的主战坦克需求的坦克其主要坦克的国", "answer": "坦克", "reading_system_answer": "这一高原低温条件要求"}]}, {"text": "简氏称这是为了在印巴边境行动的要求", "qa_pairs": [{"question": "简氏称为了在印巴边境行动的要求的是什么", "answer": "印巴边境", "reading_system_answer": null}, {"question": "简氏称为了在印巴边境行动的要求的是什么", "answer": "简氏", "reading_system_answer": null}]}, {"text": "但是接近海拔5000米的高原高度和零下20℃的特殊条件", "qa_pairs": [{"question": "海拔5000米的高原高度和零下20℃的特殊条件是", "answer": "海拔5000米", "reading_system_answer": null}, {"question": "000米的特殊条件是", "answer": "条件", "reading_system_answer": "接近海拔5000米的高原高度和零下20℃"}, {"question": "海拔5000米的高原高度和零下20℃的特殊条件是什么", "answer": "零下20", "reading_system_answer": null}, {"question": "海拔500米的高度和零下20℃的特殊条件是", "answer": "高原高度", "reading_system_answer": "接近海拔5000米的高原高度"}]}, {"text": "只能让人联想到青藏高原", "qa_pairs": [{"question": "人联想到青藏高原的原因是什么", "answer": "青藏高原", "reading_system_answer": null}, {"question": "只到青藏高原的国家让人联想到青藏高原的国家在联藏高原型号的青藏想要高到人让联合", "answer": "人", "reading_system_answer": null}]}, {"text": "点击查看大图  新轻坦高原试车  然而", "qa_pairs": [{"question": "点击查看大图新轻坦高原试车是什么", "answer": "高原试车", "reading_system_answer": null}, {"question": "点击查看大图新轻坦高原试车然而是什么", "answer": "大图", "reading_system_answer": null}]}, {"text": "全世界坦克发动机中真正在青藏高原试车并且达到作战要求的", "qa_pairs": [{"question": "全世界坦克发动机中真正在青藏高原试车的发动机是什么", "answer": "全世界坦克发动机", "reading_system_answer": null}, {"question": "全世界坦克发动机中真正在青藏高原试车是哪个", "answer": "青藏高原试车", "reading_system_answer": null}]}, {"text": "只中国一家别无分店", "qa_pairs": [{"question": "中国一家别无分店中国一家别无分店是", "answer": "中国一家别无分店", "reading_system_answer": null}]}, {"text": "哪怕是设计过高纬度寒冷区域作战坦克的俄罗斯方面也不可能拿出合适印度要求的装备", "qa_pairs": [{"question": "俄罗斯方面也不可能拿出合适印度要求的装备的战区域作战坦克的俄罗斯方面也不可能拿", "answer": "区域", "reading_system_answer": null}, {"question": "冷坦克的俄罗斯方面也不可能拿出合的过大坦克的俄罗斯方面也不可能拿出合的域怕是设", "answer": "高纬度", "reading_system_answer": null}, {"question": "冷坦克的俄罗斯方面也不可能拿出合的装备的国家的高纬度寒冷区域作战坦克的俄罗斯方", "answer": "印度", "reading_system_answer": null}, {"question": "俄罗斯方面也不可能拿出合适印度要求的装备的国家冷区域作战坦克的俄罗斯方面也不可", "answer": "坦克", "reading_system_answer": null}, {"question": "冷坦克的俄罗斯方面也不可能拿出合的装备是什么", "answer": "俄罗斯方面", "reading_system_answer": null}, {"question": "俄罗斯方面作战坦克的俄罗斯方面也不可能拿出合的装备是什么", "answer": "装备", "reading_system_answer": null}]}, {"text": "至于印度自主开发的成功可能性", "qa_pairs": [{"question": "印度自主开发的成功可能性是什么", "answer": "印度", "reading_system_answer": null}, {"question": "至于印度自主开发的成功可能功能能功的发能发能发的成功发性是什么", "answer": "可能性", "reading_system_answer": null}]}, {"text": "这只能说……今天天气不错", "qa_pairs": [{"question": "……今天天气不错是什么", "answer": "", "reading_system_answer": null}]}, {"text": "恐怕新一代的印度主战坦克从动力要求上第一步就折戟沉沙了", "qa_pairs": [{"question": "印度主战坦克从动力要求上第一步就折戟沉沙是哪一个", "answer": "第一步", "reading_system_answer": null}, {"question": "印度主战坦克从动力要求上第一步就折戟沉沙是哪个", "answer": "印度", "reading_system_answer": null}, {"question": "恐怕新一代的印度主战坦克从动力要求上第一步就折戟沉沙了什么坦克", "answer": "坦克", "reading_system_answer": null}, {"question": "印度主战坦克从动力要求上第一步就折戟沉沙了什么型号的沉战坦克", "answer": "动力", "reading_system_answer": null}]}, {"text": "印度新一代主战坦克的新设计还有动态履带张力调节器", "qa_pairs": [{"question": "印度新一代主战坦克的新履带张节器是什么", "answer": "新", "reading_system_answer": null}, {"question": "印度新一代主战坦克的新设计还有动态履带张力调节器是什么", "answer": "印度", "reading_system_answer": null}, {"question": "印度新一代主战坦克的新设计还有动态履带张力调节器是什么", "answer": "坦克", "reading_system_answer": null}, {"question": "印度新一代主战坦克的新设计还有什么调节", "answer": "动态履带张力调节器", "reading_system_answer": null}]}, {"text": "这将使得主战坦克在穿过障碍物和颠簸泥泞的地形时保持抓地力", "qa_pairs": [{"question": "在穿过障碍物形时保持抓地力的国家其主战坦克在穿过障碍物和颠簸泥泞的地形时保持抓", "answer": "障碍物", "reading_system_answer": null}, {"question": "在穿过障碍物和颠簸泥泞的地形时保持抓地力的坦克是哪个坦克", "answer": "坦克", "reading_system_answer": "主战坦克"}, {"question": "主战坦克在穿过障碍物和颠簸泥泞的地形时保持抓地力是什么", "answer": "地形时", "reading_system_answer": null}, {"question": "主战坦克在穿过障碍物和颠簸泥泞的地形时保持抓地力的坦克是哪个公司产成", "answer": "泥泞", "reading_system_answer": null}, {"question": "在穿过障碍物和颠簸泥泞的地形时保持抓地力是什么", "answer": "地力", "reading_system_answer": null}]}, {"text": "对于青藏高原地区某些地区的春季化冻情况下的行动", "qa_pairs": [{"question": "对于青藏高原地区的地区的春季化冻情况下的行动是什么", "answer": "青藏高原地区", "reading_system_answer": null}, {"question": "对于青藏高原地区的春季化冻情况下的行动的地区的地区的行动是什么", "answer": "化冻情况", "reading_system_answer": null}, {"question": "对于青藏高原地区某些地区的春季化冻情况下的行动的地区的某些地区的春季化冻情况下", "answer": "地区", "reading_system_answer": null}]}, {"text": "这显然也是非常具有针对性的要求", "qa_pairs": [{"question": "非常具有针对性的要求是什么", "answer": "针对性", "reading_system_answer": null}]}, {"text": "此前印度曾要求新一代主战坦克装备120毫米主炮", "qa_pairs": [{"question": "印度曾要求新一代主战坦克装备的是什么", "answer": "坦克装备120毫米主炮", "reading_system_answer": null}, {"question": "印度曾要求新一代主战坦克装备120毫米主炮是哪个", "answer": "印度", "reading_system_answer": null}]}, {"text": "在新的要求中已经确定", "qa_pairs": [{"question": "在新的要求中已经确定确已经确定确已经确的要求中已经确的新的新中定求要要求经要求", "answer": "", "reading_system_answer": null}]}, {"text": "新一代主战坦克将是配备125毫米主炮、第三代反坦克制导武器（ATGW）和一挺防空机枪", "qa_pairs": [{"question": "、atgw）和一挺防空机枪的国家在、主炮、第三代反坦克制导武器（atgw）和一", "answer": "制导武器", "reading_system_answer": "配备125毫米主炮"}, {"question": "（atgw）和一挺防空机枪的国家主战坦克反坦克制导武器是哪一款", "answer": "第三代", "reading_system_answer": "第三代反坦克制导武器"}, {"question": "、atgw）和一挺防空机枪的国家在、主炮、第三代反坦克制导武器（atgw）和一", "answer": "坦克", "reading_system_answer": "配备125毫米主炮"}, {"question": "新atgw）和一挺防空机枪是哪一款", "answer": "125毫米主炮", "reading_system_answer": "第三代反坦克制导武器"}, {"question": "、atgw）和一挺防空机枪的国家在、主战坦克将是配备125毫米主炮的国家其第三", "answer": "机枪", "reading_system_answer": "第三代反坦克制导武器"}, {"question": "、agw）和一挺防空机枪的国家主战坦克是哪个", "answer": "ATGW", "reading_system_answer": null}]}, {"text": "按计划", "qa_pairs": [{"question": "按划计划鹰雷厄雷厄雷迪迪迪迪迪迪迪迪迪迪迪迪迪迪迪迪迪迪迪迪迪迪迪迪迪迪迪迪迪", "answer": "按计划", "reading_system_answer": null}]}, {"text": "主炮应该具备发射制导弹药的能力", "qa_pairs": [{"question": "主制发射制导弹药的能力是什么", "answer": "主炮", "reading_system_answer": null}, {"question": "主炮应该具备发射制导弹药的能力是什么", "answer": "制导弹药", "reading_system_answer": null}, {"question": "主制发射制导弹药的能力是什么", "answer": "能力", "reading_system_answer": null}]}, {"text": "印度所提到的制导弹药", "qa_pairs": [{"question": "印度所提到的制导弹药是哪个", "answer": "印度", "reading_system_answer": null}, {"question": "印度所提到的制导弹药是什么", "answer": "制导弹药", "reading_system_answer": null}]}, {"text": "国际上认为可能为以色列航宇工业公司的“拉哈特”（LAHAT）激光制导反坦克导弹", "qa_pairs": [{"question": "llahat）激光制导反坦克导弹的国家”lahat）激光制导反坦克导弹是哪个", "answer": "导弹", "reading_system_answer": "拉哈特"}, {"question": "“lahat）激光制导反坦克导弹的国家在llahat）激光制导反坦克导弹的国家", "answer": "激光制导", "reading_system_answer": null}, {"question": "llahat）激光制导反坦克导弹的导弹是哪个", "answer": "国际", "reading_system_answer": "以色列航宇工业公司的“拉哈特"}, {"question": "“lahat）激光制导反坦克导弹是哪个", "answer": "LAHAT", "reading_system_answer": "拉哈特"}, {"question": "“lahat）激光制导反坦克导弹是哪个公司的", "answer": "以色列航宇工业公司", "reading_system_answer": "以色列航宇工业公司"}]}, {"text": "点击查看大图  近年来印度非常青睐以色列的各系列弹药", "qa_pairs": [{"question": "近年来印度非常青睐以色列的各系列弹药是什么", "answer": "以色列", "reading_system_answer": null}, {"question": "近年来印度非常青睐以色列的各系列弹药是什么", "answer": "系列弹药", "reading_system_answer": null}, {"question": "近年来印度非常青睐以色列的各系列弹药是什么", "answer": "大图", "reading_system_answer": null}, {"question": "近年来印度非常青睐以色列的各系列弹药是什么", "answer": "印度", "reading_system_answer": null}]}, {"text": "不过也因为采购以色列弹药", "qa_pairs": [{"question": "以色列弹药的弹药是什么", "answer": "以色列弹药", "reading_system_answer": null}]}, {"text": "印度在采购其他国家装备的时候就需要花大价钱来对装备进行适应性的改装以能够使用以色列系统的弹药作战  印度新一代主战坦克的其他弹药还要求需要可编程空爆弹和尾翼稳定脱壳穿甲弹（APFSDS）", "qa_pairs": [{"question": "（apfsds）的弹药统的弹药是什么", "answer": "以色列系统", "reading_system_answer": "可编程空爆弹和尾翼稳定脱壳穿甲弹"}, {"question": "印度在采购其他弹药的国家其弹药的国家其弹药还要求需要花大价钱来对装备进行适应性", "answer": "适应性", "reading_system_answer": null}, {"question": "apfsdsss））的新一代主战坦克是哪个", "answer": "印度", "reading_system_answer": "印度在采购其他国家装备的时候就需要花大价钱来对装备进行适应性的改装以能够使用以色列系统的弹药作战  "}, {"question": "印度在采购其他弹药的国家其弹药还要求需要可编程空爆弹和尾翼稳定脱壳穿甲弹的国家", "answer": "坦克", "reading_system_answer": null}, {"question": "印度在采购其他弹药的国家装备的时候就需要花大价钱来对装备进行适应性的改装的国家", "answer": "国家装备", "reading_system_answer": null}, {"question": "印度在采购其他候就需要花大价钱来对装备进行适应性的改装的国家其弹药作战印度新一", "answer": "APFSDS", "reading_system_answer": null}, {"question": "印度在采购其他国家装备的时候就需要花大价钱来对装备进行适应性的改装的国家其弹药", "answer": "弹药", "reading_system_answer": "印度在采购其他国家装备的时候就需要花大价钱来对装备进行适应性的改装以"}, {"question": "印度在采购其他国家装备的时候就需要花程空爆弹和尾翼稳定脱壳穿甲弹的国家其弹药作", "answer": "花大价钱", "reading_system_answer": "印度在采购其他国家装备的时候就需要花大价钱来对装备进行适应性的改装以能够使用以色列系统的弹药作战"}, {"question": "印度在采购其他弹药作战印度新一代主战坦克的其弹药还要求需要花大价钱来对装备进行", "answer": "脱壳穿甲弹", "reading_system_answer": null}, {"question": "（fsdsssssssssssssssssssssssssssssssssss", "answer": "时候", "reading_system_answer": null}, {"question": "apfsds）的装备的装备是什么", "answer": "装备", "reading_system_answer": "尾翼稳定脱壳穿甲弹"}, {"question": "印度在采购其他国家装备的时候就需要花大价钱来对装备进行适应性的弹药的国家其主战", "answer": "尾翼", "reading_system_answer": null}]}, {"text": "点击查看大图  坦克主炮上的可编程弹药", "qa_pairs": [{"question": "点击查看大图坦克主炮上的可编程弹药的主炮上的主炮是哪个", "answer": "弹药", "reading_system_answer": null}, {"question": "点击查看大图坦克主炮上的可编程弹药的主炮上的主炮是哪个", "answer": "大图", "reading_system_answer": null}, {"question": "点击查看大图坦克主炮上的可编程弹药的主炮是什么", "answer": "坦克主炮", "reading_system_answer": null}]}, {"text": "现有的据观察者网军事评论员所知的只有美国M1A2SEP3使用的120mm口径的AMP炮弹", "qa_pairs": [{"question": "a2sep3使用的120mm口径的amp炮弹是什么", "answer": "观察者网军事评论员", "reading_system_answer": null}, {"question": "a2a2sep3使用的是什么型号的口径", "answer": "120mm口径", "reading_system_answer": "120mm口径"}, {"question": "现有的据观察者网军事评论员所知的只有美国m1a2sep3使用的120mm口径的", "answer": "美国M1A2SEP3", "reading_system_answer": null}, {"question": "现有的据观察者网军事评论员所知的只有美国m1a2sep3使用的120mm口径的", "answer": "AMP炮弹", "reading_system_answer": null}]}, {"text": "然而这又不是印度需要的125mm口径", "qa_pairs": [{"question": "印度需要的125mm口径的是什么", "answer": "125mm口径", "reading_system_answer": null}, {"question": "印度需要的125mm口径的国家的125mm口径的国家的125需要的mmm度不要", "answer": "印度", "reading_system_answer": null}]}, {"text": "看样子要么只能请美国方面把弹药扩5mm口径", "qa_pairs": [{"question": "美国方面把弹药扩5mm口径的是什么", "answer": "5mm口径", "reading_system_answer": null}, {"question": "5月5日弹药扩5mm口径的国家请么扩子要么的弹药弹药扩面把弹药扩5mm口径的国", "answer": "美国方面", "reading_system_answer": "美国方面"}, {"question": "美国方面把弹药扩5mm口径的口径是什么", "answer": "弹药", "reading_system_answer": null}]}, {"text": "或者另找别人了  新一代主战坦克设计为无人炮塔", "qa_pairs": [{"question": "新一代主战坦克设计为无人炮塔的坦克设计为什么", "answer": "无人炮塔", "reading_system_answer": null}, {"question": "新一代主战坦克设计为无人炮塔的坦克是哪个坦克", "answer": "坦克", "reading_system_answer": null}]}, {"text": "载员三人", "qa_pairs": [{"question": "载员三人载员三人载员三人载员三人载员三人载员人载载三人载载三三三人峰员员人载载", "answer": "载员三人", "reading_system_answer": null}]}, {"text": "乘员座椅将悬浮设置在炮塔下方", "qa_pairs": [{"question": "乘员座椅将悬浮设置在炮塔下方的乘浮设置在炮塔下方是什么", "answer": "乘员座椅", "reading_system_answer": null}, {"question": "乘员座椅将悬浮设置在炮塔下方的目的是什么", "answer": "炮塔", "reading_system_answer": null}]}, {"text": "目的是提高对地雷或简易爆炸装置（IED）产生的爆炸的防护能力", "qa_pairs": [{"question": "目的是提高对地雷或简易爆炸的防护能力是什么", "answer": "产生", "reading_system_answer": null}, {"question": "（ied）产生的爆炸的防护能力是什么", "answer": "目的", "reading_system_answer": null}, {"question": "目目的是提高对地雷或简易爆炸装置的国家生产的爆炸装置（ied）产生的爆炸的防护", "answer": "装置", "reading_system_answer": null}, {"question": "目的是提高对地雷或简易爆炸的防护能力是什么", "answer": "IED", "reading_system_answer": null}, {"question": "目目的是提高对地雷或简易爆炸的防护能力的爆炸装置是什么", "answer": "地雷", "reading_system_answer": "（IED）"}, {"question": "目的是提高对地雷或简易爆炸的防护能力的爆炸装置是什么", "answer": "能力", "reading_system_answer": "（IED）"}]}, {"text": "点击查看大图  这又是一项独门绝技", "qa_pairs": [{"question": "点击查看大图这又是什么", "answer": "一项独门绝技", "reading_system_answer": null}, {"question": "点击查看大图是一项独门绝技的国家在一项独门绝技的国家在一项独门绝技的国家在一项", "answer": "大图", "reading_system_answer": null}]}, {"text": "现有各家坦克设计大国提出并且实际拿得出来的无人炮塔坦克", "qa_pairs": [{"question": "现有各家坦克设计的无人炮塔坦克是哪个", "answer": "实际", "reading_system_answer": null}, {"question": "现有各家坦克设计大国提出并且实际拿得出来的无人炮塔坦克是什么", "answer": "无人炮塔坦克", "reading_system_answer": null}, {"question": "现有各家坦克设计大国提出并且实际拿得出来的无人炮塔克是什么", "answer": "坦克", "reading_system_answer": null}, {"question": "现有各家坦克设计大国提出的无人炮塔坦克是哪个", "answer": "大国", "reading_system_answer": null}]}, {"text": "可能只有“阿玛塔”了  点击查看大图  而这种防雷要求不得不让人联想起南非的Cougar系列防雷车", "qa_pairs": [{"question": "cougar系列防雷车的所属国的哪个车非让人联想起南非列防雷车", "answer": "南非", "reading_system_answer": "阿玛塔”了  点击查看大图  而这种防雷要求"}, {"question": "有“阿玛塔”了点击查看大图而这种防雷要求不得不让人联想起南非的防雷车的国家其“", "answer": "人", "reading_system_answer": "Cougar系列"}, {"question": "c”了点击查看大图的“79ar系列防雷车的国家在阿玛塔”了点击查看大图的国家其“", "answer": "大图", "reading_system_answer": null}, {"question": "“ar系列防雷车的防雷要求不得不让人联想起南非的cougar系列防雷车是什么", "answer": "Cougar系列", "reading_system_answer": null}]}, {"text": "V型车底和悬浮座椅要求", "qa_pairs": [{"question": "v型车底和悬浮座椅要求现的国家在v型车底和悬浮座椅要求现的国家在v型底和悬浮座", "answer": "V", "reading_system_answer": null}, {"question": "v型车底和悬浮座椅要求现悬浮座椅要求的悬浮座椅要求现的车车v型车底和悬浮座椅要", "answer": "车底", "reading_system_answer": null}, {"question": "v型车底和悬浮座椅要求现悬浮座椅要求的悬浮座椅要求现悬浮座椅底和悬浮座椅要浮v", "answer": "座椅", "reading_system_answer": null}]}, {"text": "美军在中东的治安作战中大量采购南非的各系列防雷车", "qa_pairs": [{"question": "美军在中东的治安作战中大量采购南非的各系列防雷车是哪个", "answer": "南非", "reading_system_answer": null}, {"question": "美军在中东的治安作战中大量采购南非的各系列防雷车的国家在中东的治安作战中大量采", "answer": "系列", "reading_system_answer": null}, {"question": "美军在中东的治安作战中大量采购南非的各系列防雷车的国家在中东的治安作战中大量采", "answer": "治安", "reading_system_answer": null}, {"question": "美军在中东的治安作战中大量采购南非的各系列防雷车的国家在美东的治安作战中大量采", "answer": "大量", "reading_system_answer": null}, {"question": "美军在中东的治安作战中大量采购南非的各系列防雷车是哪个", "answer": "中东", "reading_system_answer": null}]}, {"text": "绝对是实战保证", "qa_pairs": [{"question": "绝对是实战保证的实战保证是什么", "answer": "", "reading_system_answer": null}]}, {"text": "综上所述", "qa_pairs": [{"question": "综上所述上所述上所述上所所上所上所上所上所上所上所上所上所上所上所上所上述所所", "answer": "", "reading_system_answer": null}]}, {"text": "印度新一代主战坦克提出的几项要求", "qa_pairs": [{"question": "印度新一代主战坦克提出的几项要求是什么", "answer": "印度", "reading_system_answer": null}, {"question": "印度新一代主战坦克提出的几项要求的坦克提出的几项要求的坦克提出的几代提战坦克提", "answer": "坦克", "reading_system_answer": null}, {"question": "印度新一代主战坦克提出的几项要求的坦克是哪一个项要求", "answer": "几项", "reading_system_answer": null}]}, {"text": "要么是坦克大国的独门绝技", "qa_pairs": [{"question": "坦克大国的独门绝技是什么", "answer": "独门绝技", "reading_system_answer": null}, {"question": "坦克大国的独门绝技是什么", "answer": "坦克大国", "reading_system_answer": null}]}, {"text": "要么就是地球上找不到的天顶星科技", "qa_pairs": [{"question": "地球上找不到的天顶星科技的科技球上找到的科技球要么的科技球上就是地球的科技球要", "answer": "地球", "reading_system_answer": null}, {"question": "要么就是地球上找不到的天顶星科技球上找不到的天顶星科技球上找不到的科地是什么", "answer": "天顶星科技", "reading_system_answer": null}]}, {"text": "看样子", "qa_pairs": [{"question": "看样子样样样样看子机子机子机子机子机样的样的子弹子机样的子弹子机样的子枪看子机", "answer": "", "reading_system_answer": null}]}, {"text": "是印度方面“眼高手低”的毛病又犯了", "qa_pairs": [{"question": "印度方面“眼高手低”的毛病又犯了什么", "answer": "眼高手低", "reading_system_answer": null}, {"question": "印度方面“眼高手低”的毛病又犯了什么", "answer": "毛病", "reading_system_answer": null}, {"question": "印度方面“眼高手低”的毛病又犯了什么", "answer": "印度方面", "reading_system_answer": null}]}, {"text": "且不论这些独门绝技能不能拿得到", "qa_pairs": [{"question": "独门绝技能不能拿得到什么绝技能不能拿得到这些不论这些独门绝技能不能拿得到这且不", "answer": "独门绝技", "reading_system_answer": null}]}, {"text": "光是以现在的要求", "qa_pairs": [{"question": "光是在光光的光数黄象运枪的光点是什么", "answer": "光是", "reading_system_answer": null}]}, {"text": "就起码要中美俄的坦克设计师", "qa_pairs": [{"question": "美俄的坦克设计师是什么", "answer": "起码", "reading_system_answer": null}, {"question": "美俄的坦克设计师是什么", "answer": "中美俄", "reading_system_answer": null}, {"question": "美俄的坦克设计师是什么", "answer": "坦克设计师", "reading_system_answer": null}]}, {"text": "以色列的导弹设计师", "qa_pairs": [{"question": "以色列的导弹设计师的目的是什么", "answer": "导弹设计师", "reading_system_answer": null}, {"question": "以色列的导弹设计师的以色列的导弹设计师是什么", "answer": "以色列", "reading_system_answer": null}]}, {"text": "南非的装甲车设计师精诚合作", "qa_pairs": [{"question": "南非的装甲车设计师精诚合作的是什么", "answer": "南非", "reading_system_answer": null}, {"question": "南非的装甲车设计师精诚合作的设计师精诚合作是什么", "answer": "装甲车设计师", "reading_system_answer": null}]}, {"text": "才有可能拿出这么一款坦克", "qa_pairs": [{"question": "出拿出这么一款坦克", "answer": "一款坦克", "reading_system_answer": null}]}, {"text": "点击查看大图  如果真能这样", "qa_pairs": [{"question": "点击查看大图如果真能这样的大图如果真能这样的大图如果真看大图如何", "answer": "大图", "reading_system_answer": null}]}, {"text": "当年区区中美合作的“和平典范”计划哪里称得上什么“和平典范”", "qa_pairs": [{"question": "“和平典范”计划中得上什么作的“和平典范”计划", "answer": "区区中美合作", "reading_system_answer": "区区中美合作"}, {"question": "当年区区中美合作的“和平典范”计划哪个平典范”计划哪个平典范”", "answer": "典范", "reading_system_answer": null}, {"question": "当年区区中美合作的“和平典范”计划中得上什么", "answer": "计划", "reading_system_answer": null}]}, {"text": "印度这是以自家的坦克计划来促进全世界的和平", "qa_pairs": [{"question": "印度这是以自家的坦克计划来促进全世界的和平是什么", "answer": "坦克计划", "reading_system_answer": null}, {"question": "印度以自家的坦克计划来促进全世界的和平是什么", "answer": "印度", "reading_system_answer": null}, {"question": "印度以自家的坦克计划来促进全世界的和平是什么", "answer": "全世界", "reading_system_answer": null}]}, {"text": "这才是真·和平典范  然而", "qa_pairs": [{"question": "真·和平典范然而是什么", "answer": "典范", "reading_system_answer": null}]}, {"text": "这样的合作交流恐怕是根本不可能的", "qa_pairs": [{"question": "根本不可能的是根本不可能的是什么", "answer": "交流", "reading_system_answer": "这样的合作交流"}]}, {"text": "就算是印度国防部和那位所罗门博士使出浑身解数", "qa_pairs": [{"question": "印度国防部和那位所罗门博士使出浑身解数是什么", "answer": "印度国防部", "reading_system_answer": null}, {"question": "印度国防部和那位所罗门博士使出浑身解数是什么", "answer": "所罗门博士", "reading_system_answer": null}]}, {"text": "印度新一代坦克计划也只能是一个空中楼阁", "qa_pairs": [{"question": "印度新一代坦克计划也只能是一个空中楼阁的坦克计划是什么", "answer": "坦克计划", "reading_system_answer": null}, {"question": "印度新一代坦克计划也只能是一个空中楼阁的国家计划也只能是一个空中楼阁的国家计划", "answer": "印度", "reading_system_answer": null}, {"question": "印度新一代坦克计划也只能是什么", "answer": "一个空中楼阁", "reading_system_answer": null}]}, {"text": "还是把技术指标放的可靠一点还差不多", "qa_pairs": [{"question": "把技术指标放的可靠一点是什么", "answer": "技术指标", "reading_system_answer": null}, {"question": "把技术指标放的可靠一点是什么", "answer": "一点", "reading_system_answer": null}]}]}