{"passage": "　[英国《简氏世界防务评述》2004年11月刊报道] 俄罗斯塔干罗格飞机公司向外界透露了图-142\"熊-F\"海上巡逻机的一种改进型飞机--图-142MSD。图-142MSD是提供给印度的出口型飞机，同时也是俄罗斯海军计划采购的图-142MN的改进型。图-142MSD在翼下装备有8枚Kh-35E反舰导弹。目前，俄罗斯海军有大约20架图-142M和图-142MZ反潜飞机，以及12架图-142MR通信中继机；而 印度在1986年采购了8架图-142ME飞机。  　　图-142MSD可以执行反潜战、沿海巡逻、搜索与救援、地面上空监视与侦察、以及目标确认任务。塔干罗格飞机公司已经提出这种飞机结构的改进计划，以便使这种飞机的使用寿命从22年延长到32年，使印度飞机的使用寿命延长到2018年，使俄罗斯最新使用的图-142可以用到2026年。  　　印度打算订购的图-142MSD可以携带8枚亚声速Kh-35E反舰导弹或者6枚Yakhont M超声速导弹，这些导弹都装在飞机机翼挂架上。在挂载8枚Kh-35E反舰导弹时，这种飞机的航程从12000千米缩减到9500千米；在挂载6枚Yakhont M超声速导弹时，飞机航程缩短到7500千米。以后，印度海军计划装备印度本国改进的Yakhont导弹--PJ10 Brahmos和空中发射型Brahmos A导弹。(李广义 洪 山)", "sentences": [{"text": "[英国《简氏世界防务评述》2004年11月刊报道] 俄罗斯塔干罗格飞机公司向外界透露了图-142\"熊-F\"海上巡逻机的一种改进型飞机--图-142MSD", "qa_pairs": [{"question": "[2004年11月刊报道]2004年一种改进型飞机--142\"熊-f\"海上巡逻", "answer": "142MSD", "reading_system_answer": null}, {"question": "]2004年11月刊报道]2004年142年142年142的一种改进型飞机--", "answer": "英国", "reading_system_answer": "图-142\"熊-F\""}, {"question": "]2004年11月刊报道]2004年112年142年1月刊142mdd界防务评", "answer": "简氏世界", "reading_system_answer": null}, {"question": "[2004年11月刊报道]2004年142年142年142的一种改进型飞机--", "answer": "一种改进型飞机", "reading_system_answer": "图-142\"熊-F\""}, {"question": "]2004年142年142年144了图-142msds\"100露露的国家向外界", "answer": "外界", "reading_system_answer": "俄罗斯塔干罗格飞机公司"}, {"question": "[2004年11月刊报道]2004年142\"熊-f\"海上巡逻机的一种改进型飞机", "answer": "图", "reading_system_answer": "图-142"}, {"question": "[2004年11月刊报道]2004年142\"熊-f\"海上巡逻机的一种改进型飞机", "answer": "俄罗斯塔干罗格飞机公司", "reading_system_answer": "图-142"}, {"question": "[1004年11月刊报道]1421-14\"熊-公-14\"熊-公司向外界透露了图", "answer": "熊", "reading_system_answer": "图-142\"熊-F\"海上巡逻机"}, {"question": "[2004年11月刊报道]2004年142\"熊-f\"海上巡逻机的一种改进型飞机", "answer": "巡逻机", "reading_system_answer": "图-142"}, {"question": "[-142\"熊-f\"海上巡逻机的一种改进型飞机--142msd是", "answer": "2004年11月刊", "reading_system_answer": "俄罗斯塔干罗格飞机公司"}, {"question": "[2004年11月刊报道]2004年一种改进型飞机--142\"熊-f\"海上巡逻", "answer": "142", "reading_system_answer": null}]}, {"text": "图-142MSD是提供给印度的出口型飞机", "qa_pairs": [{"question": "提供给印度的出口型飞机是哪一款", "answer": "142MSD", "reading_system_answer": "图-142MSD"}, {"question": "m122msd是提供给印度的出口型飞机是哪个", "answer": "图", "reading_system_answer": "图-142MSD"}, {"question": "msdd是提供给印度的出口型飞机是哪个", "answer": "印度", "reading_system_answer": "图-142MSD"}, {"question": "图-142msd是提供给印度的出口型飞机是哪个", "answer": "出口型飞机", "reading_system_answer": null}]}, {"text": "同时也是俄罗斯海军计划采购的图-142MN的改进型", "qa_pairs": [{"question": "俄罗斯海军计划采购的图-142mn的改进型是", "answer": "改进型", "reading_system_answer": null}, {"question": "俄罗斯海军计划采购的图-142mn的改进型是", "answer": "俄罗斯海军计划", "reading_system_answer": null}, {"question": "俄罗斯海军计划采购的图-142mn的改进型是哪个", "answer": "图", "reading_system_answer": null}, {"question": "俄罗斯海军计划采购的图-142mn的改进型是", "answer": "142MN", "reading_system_answer": null}]}, {"text": "图-142MSD在翼下装备有8枚Kh-35E反舰导弹", "qa_pairs": [{"question": "图-142msd反舰导弹是哪一款", "answer": "142MSD", "reading_system_answer": "图-142MSD在翼下装备有8枚"}, {"question": "图-142msd在翼下装备有8枚kh-35e反舰导弹的国家在翼下装备有多少枚k", "answer": "8枚Kh", "reading_system_answer": null}, {"question": "图-142msd在翼下装备有8枚kh-35e反舰导弹的国家在翼下装备有8枚kh", "answer": "35E", "reading_system_answer": "图-142MSD在翼下装备有8枚"}, {"question": "m12e反舰导弹的所属国在翼下装备有8枚kh-35e反舰导弹的国家在翼下装备有", "answer": "图", "reading_system_answer": "在翼下装备有8枚"}, {"question": "msddd反舰导弹采用的是什么导弹", "answer": "装备", "reading_system_answer": null}]}, {"text": "目前", "qa_pairs": [{"question": "目前目前目前目前目前目前目前目前目前目前目前目前目前目目目目前目目目目前目前目", "answer": "", "reading_system_answer": null}]}, {"text": "俄罗斯海军有大约20架图-142M和图-142MZ反潜飞机", "qa_pairs": [{"question": "俄罗斯海军有大约20架图-142mz反潜飞机是哪一型号", "answer": "142M", "reading_system_answer": "图-142M"}, {"question": "俄罗斯海军有大约20架图-142mz反潜飞机的国家在2-142mz反潜飞机的国", "answer": "图", "reading_system_answer": "俄罗斯海军有大约20架图-142M"}, {"question": "俄罗斯海军有大约20架图-142mz反潜飞机是哪一型号", "answer": "142MZ", "reading_system_answer": "图-142M"}, {"question": "俄罗斯海军有大约20架m142mz反潜飞机是哪一型号", "answer": "20架图", "reading_system_answer": "图-142M"}, {"question": "俄罗斯海军有大约20架图mz反潜飞机的国家在242mz反潜飞机的国家在-114", "answer": "俄罗斯海军", "reading_system_answer": "俄罗斯海军有大约20架图-142M"}, {"question": "俄罗斯海军有大约20架图mz反潜飞机的国家在242mz反潜飞机的国家在242m", "answer": "飞机", "reading_system_answer": "俄罗斯海军有大约20架图-142M"}]}, {"text": "以及12架图-142MR通信中继机；而 印度在1986年采购了8架图-142ME飞机", "qa_pairs": [{"question": "以142-142mre飞机是哪一年采购了8架图-14me飞机", "answer": "1986年", "reading_system_answer": "1986年"}, {"question": "印度在1986年采购了8架图图-142me飞机的国家其继印度的122m142m", "answer": "印度", "reading_system_answer": "；而 "}, {"question": "中国通信中继机；86年142me飞机的国家在1986年采购了8架图图-142m", "answer": "142MR", "reading_system_answer": "12架图-142MR通信中继机"}, {"question": "中142-142me飞机是哪一架", "answer": "12架图", "reading_system_answer": "12架"}, {"question": "以142m142m142m142-6m142-6m142架图m14架图图图图图", "answer": "8架图", "reading_system_answer": "12架图-142MR通信中继机"}, {"question": "中国通信中继印度在1986年采购了8架图-142m12mrrre通信中继机；而", "answer": "142ME飞机", "reading_system_answer": "12架图-142MR通信中继机"}, {"question": "印142mr12m142m142me飞机是哪一型号", "answer": "机", "reading_system_answer": "图-142MR"}]}, {"text": "图-142MSD可以执行反潜战、沿海巡逻、搜索与救援、地面上空监视与侦察、以及目标确认任务", "qa_pairs": [{"question": "图1是什么型号的", "answer": "142MSD", "reading_system_answer": "图-142MSD"}, {"question": "2142msd可以执行反潜战、沿海巡逻、搜索与救援、地面上空监视与侦察、以及目", "answer": "目标", "reading_system_answer": "可以执行反潜战、沿海巡逻、搜索与救援、地面上空监视与侦察、以及目标确认"}, {"question": "图面sdddsss、、sd搜面上空监视任务的国家在-11潜潜面任务是什么", "answer": "战", "reading_system_answer": "反潜战、沿海巡逻、搜索与救援、地面上空监视与侦察、以及目标确认"}, {"question": "m12msdd、搜索与救援、地面上空监视与侦察、以及目标确认任务的国家其图m1", "answer": "图", "reading_system_answer": "图-142"}, {"question": "s422、、、、、d地地地地地地地地地视视视视视视视视视视视视以以以以以以、、", "answer": "任务", "reading_system_answer": null}, {"question": "msd2142msd可以执行反潜战、沿海巡逻、以及目标确认任务的国家其搜索与救", "answer": "地面", "reading_system_answer": "搜索与救援"}]}, {"text": "塔干罗格飞机公司已经提出这种飞机结构的改进计划", "qa_pairs": [{"question": "塔干罗格飞机公司已经提出这种飞机结构的改进计划是什么", "answer": "计划", "reading_system_answer": null}, {"question": "塔干罗格飞机公司已经提出这种飞机结构的改进计划的飞机结构的改进计划是什么", "answer": "飞机结构", "reading_system_answer": null}, {"question": "塔干罗格飞机公司已经提出这种飞机结构的改进计划是什么", "answer": "塔干罗格飞机公司", "reading_system_answer": null}]}, {"text": "以便使这种飞机的使用寿命从22年延长到32年", "qa_pairs": [{"question": "以寿命从2年延长到32年延长到32年的国家使用的使用寿命从22年延的寿命是什么", "answer": "使用寿命", "reading_system_answer": null}, {"question": "以便使这种飞机的使用寿命从22年延长到32年", "answer": "22年", "reading_system_answer": null}, {"question": "以便使这种飞机的使用寿命从22年延长到32年", "answer": "32年", "reading_system_answer": null}, {"question": "以便使这种飞机的使用寿命从22年延长到32年的国家其飞机的使用寿命从22年延长", "answer": "飞机", "reading_system_answer": null}]}, {"text": "使印度飞机的使用寿命延长到2018年", "qa_pairs": [{"question": "使用寿命延长到2018年的国家使用寿命延长到什么型号的", "answer": "2018年", "reading_system_answer": "印度飞机"}, {"question": "使用寿命延长到2018年的国家的印度飞机的使用寿命延长到2018年是什么", "answer": "印度飞机", "reading_system_answer": null}, {"question": "使用飞机的使用寿命延长到20188年的国家使用的使用寿命延长到20188年的使", "answer": "使用寿命", "reading_system_answer": null}]}, {"text": "使俄罗斯最新使用的图-142可以用到2026年", "qa_pairs": [{"question": "俄罗斯最新使用的图-142年年用的是什么型号", "answer": "图", "reading_system_answer": "图-142"}, {"question": "使用的图-1426年是什么", "answer": "142", "reading_system_answer": null}, {"question": "使用的图-142可以用到什么时候", "answer": "2026年", "reading_system_answer": null}, {"question": "使用的图-142年的国家最新使用的最新使用的是什么", "answer": "俄罗斯", "reading_system_answer": null}]}, {"text": "印度打算订购的图-142MSD可以携带8枚亚声速Kh-35E反舰导弹或者6枚Yakhont M超声速导弹", "qa_pairs": [{"question": "印度打算订购的图-152导弹的速导弹是什么型号", "answer": "142MSD", "reading_system_answer": null}, {"question": "印度yakhontm超声速导弹是哪个公司研制的", "answer": "印度", "reading_system_answer": null}, {"question": "印度打算订购的图-142msdh-35e反舰导弹或者6枚yakhontm超声速", "answer": "35E", "reading_system_answer": "8枚"}, {"question": "印35e反舰导弹或者6枚yakhontm超声速导弹的国家在-15e反舰导弹或者", "answer": "超声速导弹", "reading_system_answer": "8枚"}, {"question": "m142msdh-超声速导弹的所属国在--15e反舰导弹或者6枚yakhont", "answer": "图", "reading_system_answer": "8枚"}, {"question": "印度打算订购的图-142msdd反舰导弹或者6枚yakhontm超声速导弹的国", "answer": "6枚Yakhont", "reading_system_answer": "可以携带8枚"}, {"question": "印度打算订购的图-142msd可以携带多少枚亚声速kh-35e反舰导弹", "answer": "8枚亚声速Kh", "reading_system_answer": "8枚"}]}, {"text": "这些导弹都装在飞机机翼挂架上", "qa_pairs": [{"question": "这些导弹都装在飞机机翼挂架上的飞机机翼挂架上的机装在飞机机翼挂架上的机装在飞机", "answer": "导弹", "reading_system_answer": null}, {"question": "这国飞机机翼挂架上装备的飞机机翼挂架上有什么", "answer": "飞机机翼", "reading_system_answer": null}]}, {"text": "在挂载8枚Kh-35E反舰导弹时", "qa_pairs": [{"question": "kh-反弹弹弹导弹的弹弹是什么", "answer": "时", "reading_system_answer": null}, {"question": "kh-35e反舰导弹时导弹在挂载8枚kh-35e反舰导弹时的国家在挂载8枚kh", "answer": "8枚Kh", "reading_system_answer": "在挂载8枚"}, {"question": "在挂载8枚kh-35e反舰导弹时的反舰导弹在挂载8枚kh-35e反舰导弹时的国", "answer": "35E", "reading_system_answer": null}]}, {"text": "这种飞机的航程从12000千米缩减到9500千米；在挂载6枚Yakhont M超声速导弹时", "qa_pairs": [{"question": "yakhontm超声速导弹时间在挂载6枚000千米缩减到95000千米；的国家", "answer": "航程", "reading_system_answer": "这种飞机的航程从12000千米缩减到9500千米"}, {"question": "；超声速导弹时间是什么", "answer": "9500千米", "reading_system_answer": null}, {"question": "；500千米缩减到95000千米缩减到95000千米；的国家其飞机的航程从12", "answer": "超声速导弹时", "reading_system_answer": "12000千米缩减到9500千米"}, {"question": "；500千米缩减到95000千米缩减到95000千米；在挂载6枚yakhont", "answer": "12000千米", "reading_system_answer": null}, {"question": "；5000千米缩减到95000千米缩减到9500千米；的国家在6200千米缩载", "answer": "6枚Yakhont", "reading_system_answer": "这种飞机的航程从12000千米缩减到9500千米"}, {"question": "；500千米缩减到95000千米缩减到95000千米；的国家其飞机的航程是", "answer": "飞机", "reading_system_answer": "这种飞机的航程从12000千米缩减到9500千米"}]}, {"text": "飞机航程缩短到7500千米", "qa_pairs": [{"question": "飞机航程缩短到7500千米的航程是多少", "answer": "飞机航程", "reading_system_answer": null}, {"question": "飞机航程缩短到了什么型号的航程", "answer": "7500千米", "reading_system_answer": null}]}, {"text": "以后", "qa_pairs": [{"question": "以后以后以后以以后以以后以以后以后以后以后以后以后以后以后以以后以以后以以后以", "answer": "", "reading_system_answer": null}]}, {"text": "印度海军计划装备印度本国改进的Yakhont导弹--PJ10 Brahmos和空中发射型Brahmos A导弹", "qa_pairs": [{"question": "印度海军计划装备印度本国改进的yakhont导弹--pj10brahhmosa", "answer": "导弹", "reading_system_answer": null}, {"question": "印度海军计划装备印度yakhont导弹的国家在yhppj10brahmosa导", "answer": "Brahmos", "reading_system_answer": null}, {"question": "印度海军计划装备印度本国改进的yakhont导弹的国家在ak10brahmos", "answer": "PJ10", "reading_system_answer": "PJ10 Brahmos"}, {"question": "印度海军brahmosa导弹是哪个", "answer": "印度海军计划装备印度", "reading_system_answer": "Yakhont导弹--PJ10 Brahmos"}, {"question": "印度海军计划装备印度本国改进的yak10brahmjsrah导弹是什么", "answer": "Yakhont导弹", "reading_system_answer": "PJ10 Brahmos"}]}, {"text": "(李广义 洪 山)", "qa_pairs": [{"question": "(广广义洪山)的洪山)是什么", "answer": "洪", "reading_system_answer": null}, {"question": "(李广义洪山)是什么", "answer": "李广义", "reading_system_answer": null}, {"question": "(广广义洪山)的洪山)是什么", "answer": "山", "reading_system_answer": null}]}]}