{"passage": "AH-1眼镜蛇是一款由贝尔直升机公司所制造的攻击直升机。   AH-1的发动机、传动和旋翼系统与贝尔直升机公司的前作UH-1易洛魁相同。   因型号不同而有许多称号，如：休伊眼镜蛇、海眼镜蛇、超级眼镜蛇、眼镜蛇W、蝰蛇、眼镜蛇Z等等。   AH-1是美国陆军首款专门设计的攻击直升机，但1980年代后期已经被AH-64阿帕契取代了。   但升级版的AH-1还继续在美国海军陆战队、伊朗空军、以色列空军、日本自卫队、等其他国家服役。", "sentences": [{"text": "AH-1眼镜蛇是一款由贝尔直升机公司所制造的攻击直升机", "qa_pairs": [{"question": "ah1眼镜蛇是一款由贝尔直升机公司所制造的攻击直升机是哪一款", "answer": "直升机", "reading_system_answer": null}, {"question": "ah1眼镜蛇是一款由贝尔直升机公司所制造的攻击直升机是哪个公司所制造的", "answer": "贝尔直升机公司", "reading_system_answer": null}, {"question": "ah1眼镜蛇是一款由贝尔直升机公司所制造的攻击直升机是哪一款", "answer": "一款", "reading_system_answer": null}, {"question": "ah-1眼镜蛇是一款由贝尔直升机公司所制造的攻击直升机是哪个", "answer": "眼镜蛇", "reading_system_answer": null}, {"question": "a1眼镜蛇是一款由贝尔直升机公司所制造的攻击直升机是哪个公司所制造的", "answer": "AH", "reading_system_answer": null}]}, {"text": "AH-1的发动机、传动和旋翼系统与贝尔直升机公司的前作UH-1易洛魁相同", "qa_pairs": [{"question": "ah1的发动机是哪个公司的", "answer": "贝尔直升机公司", "reading_system_answer": "贝尔直升机公司"}, {"question": "ah1的发动机、1易洛魁相同是什么", "answer": "1", "reading_system_answer": "AH-1的发动机、传动和旋翼系统"}, {"question": "ah1的发动机是哪个公司的前作uh-1易洛魁相同", "answer": "1易洛魁", "reading_system_answer": "贝尔直升机公司"}, {"question": "ah1的发动机、1易洛魁相同是什么", "answer": "旋翼系统", "reading_system_answer": "AH-1的发动机、传动和旋翼系统"}, {"question": "a1的发动机是哪个公司的前作", "answer": "AH", "reading_system_answer": "贝尔直升机公司"}, {"question": "a-1的发动机是哪个", "answer": "前作UH", "reading_system_answer": "AH-1的发动机、传动和旋翼系统"}, {"question": "ah1的发动机是哪个", "answer": "发动机", "reading_system_answer": "AH-1的发动机、传动和旋翼系统"}]}, {"text": "因型号不同而有许多称号", "qa_pairs": [{"question": "因型号不同而有许多称号的型号是什么", "answer": "型号", "reading_system_answer": null}, {"question": "因型号不同而有什么称", "answer": "许多称号", "reading_system_answer": null}]}, {"text": "如：休伊眼镜蛇、海眼镜蛇、超级眼镜蛇、眼镜蛇W、蝰蛇、眼镜蛇Z等等", "qa_pairs": [{"question": "如休伊眼镜蛇、超级眼镜蛇的海眼镜蛇的海眼镜蛇的海眼镜蛇的海眼镜蛇的、眼镜蛇w眼", "answer": "蝰蛇", "reading_system_answer": "眼镜蛇W、蝰蛇、眼镜蛇Z"}, {"question": "如休伊眼镜蛇、海眼镜蛇、超级眼镜蛇的国家：蝰蛇、眼镜蛇z、蝰蛇、眼镜蛇的国家：", "answer": "海眼镜蛇", "reading_system_answer": null}, {"question": "如休伊眼镜蛇、海眼镜蛇、超级眼镜蛇的海眼镜蛇的海眼镜蛇z、蝰蛇、眼镜蛇的国家：", "answer": "眼镜蛇", "reading_system_answer": null}]}, {"text": "AH-1是美国陆军首款专门设计的攻击直升机", "qa_pairs": [{"question": "ah-1是美国陆军首款专门设计的攻击直升机是哪个", "answer": "直升机", "reading_system_answer": "AH-1"}, {"question": "ah1是美国陆军首款专门设计的攻击直升机是哪一款专门设计的攻击直升机", "answer": "美国陆军首款专门", "reading_system_answer": "AH-1"}, {"question": "美国陆军首款专门设计的攻击直升机是哪个", "answer": "1", "reading_system_answer": "AH-1"}, {"question": "美国陆军首款专门设计的攻击直升机是哪个型号", "answer": "AH", "reading_system_answer": "AH-1"}]}, {"text": "但1980年代后期已经被AH-64阿帕契取代了", "qa_pairs": [{"question": "被称为1年代后阿帕契取代了什么", "answer": "1980", "reading_system_answer": "AH-64"}, {"question": "1年代后期已经被a-64阿帕契取代了什么", "answer": "AH", "reading_system_answer": null}, {"question": "1年代后期已经被ah-640年代后期已经被ah80年代取代了什么", "answer": "64阿帕契", "reading_system_answer": "1980年代后期已经被AH-64阿帕契"}]}, {"text": "但升级版的AH-1还继续在美国海军陆战队、伊朗空军、以色列空军、日本自卫队、等其他国家服役", "qa_pairs": [{"question": "a1还继自卫队、等其他国家服役的战队、伊朗空军、以色列空军、日本自卫队、等其他", "answer": "美国海军陆战队", "reading_system_answer": null}, {"question": "ah-1是以色列空军、以色列空军、以色列空军、伊朗空军、以色列空军陆伊朗空军、", "answer": "以色列空军", "reading_system_answer": null}, {"question": "a1其自卫队、等其他国家服役的国家自卫队、等其他国家服役的国家自1空军、以色列", "answer": "国家服役", "reading_system_answer": "日本自卫队"}, {"question": "a11的空军、伊朗空军、以色列空军、日本自卫队、等其他国家服役的空军陆战队、伊", "answer": "1", "reading_system_answer": null}, {"question": "a1是在美国海军陆战队、伊朗空军、以色列空军、日本自卫队、等其他国家服役的国家", "answer": "日本自卫队", "reading_system_answer": "升级版的AH-1"}, {"question": "a1是哪个公司服役", "answer": "AH", "reading_system_answer": "美国海军陆战队、伊朗空军、以色列空军、日本自卫队、等其他国家"}, {"question": "a1还继自卫队、等其他国家服役的空军、以色列空军、日本自卫队、等其他国家服役的", "answer": "伊朗空军", "reading_system_answer": null}]}]}