{"passage": "叙利亚对俄罗斯意味着什么？  一方面是长期被俄视作盟友的阿萨德政府不能倒，另一方面是塔尔图斯港、赫梅明空军基地不能丢，也许还包括了新型俄制武器难得的实战测试场，这不，俄国防部副部长向俄媒披露，在叙利亚战场试用后，俄军将增购卡-52“短吻鳄”武装直升机，而俄前不久也把最新的米-28NM“浩劫”在叙利亚测试。  据俄罗斯卫星通讯社报道称，俄罗斯副防长阿列克谢·克里沃鲁奇科对记者称，俄空天军到2022年将再获得30架卡-52“短吻鳄”战斗直升机，他表示：“目前工厂正履行供应卡-52长期国家合同，至2022年我们预期将再获得30架，其中包括今年年底前的8架。”   图片：卡-52双机 克里沃鲁奇科还补充称，卡-52的改进型卡-52M将在2022年将研制完成，俄罗斯国防部2020年计划签署购买114架卡-52M的合同。“俄罗斯直升机”公司总裁安德烈·博金斯基向记者解释称，卡-52M将具有新的电源系统和目标跟踪系统，此外，在叙利亚行动中使用卡-52后，国防部要求提高直升机的防护性。   图片：在叙利亚作战的“短吻鳄” 卡-52是俄卡莫夫公司在世界上第一种单座武装直升机——卡-50“黑鲨”基础上研发的双座战斗-侦察直升机，2008年开始生产，除了并列双人驾驶舱，继续使用独特的K-37弹射座椅外，它机头装有OES-52光电瞄准系统，和“弩-52”毫米波雷达，具备全天候作战能力，这是比米-28N更明显的优势。   图片：卡-52K曾随库舰远征叙利亚 2011年，卡-52开始在俄军服役，而2013年，研发多年的米-28也开始进入俄军服役，俄军现今各装备百余架这两种武装直升机，2015年，俄军大举介入叙利亚战事以后，两型武装直升机都被部署在叙利亚战场上，一方面承担赫梅明空军基地周边的扫荡任务，另一方面也开始在哈马等重点地区战事承担攻坚任务。   图片：在赫梅明基地上空警戒的米-28N 米-28N部署叙利亚后也开始改进，不再有米-28N标志性的长鼻子，前机身经过优化设计，旋翼顶端带有N025雷达的米-28NM，2016年10月首飞，还没有正式进入俄军服役，今年3月，在叙利亚哈马地区的作战中，当地武装分子就拍到这种“短鼻子”新型“浩劫”出现在了战场上，俄媒披露俄国防部已准备采购首批米-28NM。   图片：今年3月，米-28NM首次现身叙利亚 卡-52和米-28虽然造型迥异，前者更多承担侦察任务，后者则用于啃硬骨头，但都是可以比肩阿帕奇的10吨级的重型武装直升机，比起直-10、欧洲的“虎”式拥有更为强劲的动力和更多的装甲，米-28的驾驶舱舱盖装甲厚度令人印象十分深刻，卡-52装甲薄弱一些却可以弹射逃生，这是中型武装直升机难以比拟的优势。   图片：米-28N的座舱盖装甲十分厚实 在2015年以来，卡-52和米-28这对“双子星”在叙利亚各有一次机械事故坠机，还从未被当地各路武装击落过，前者也被埃及看上，后者已经进入伊拉克空军服役，所以在叙利亚打的广告，还真不是白打的。  『未经许可，禁止转载！有趣有料的军情秘闻，尽在乌龙防务直通车，喜欢我的观点，就关注并随我上车吧！』", "sentences": [{"text": "叙利亚对俄罗斯意味着什么？  一方面是长期被俄视作盟友的阿萨德政府不能倒", "qa_pairs": [{"question": "叙利亚对俄罗斯意味着什么被俄视作盟友的阿萨德政府不能倒期？一方面是长期被俄罗斯", "answer": "盟友", "reading_system_answer": "叙利亚对俄罗斯意味着什么"}, {"question": "叙利亚对俄罗斯意味着什么被俄视作盟友的阿萨德政府不能倒期被俄罗斯意味着什么？一", "answer": "一方面", "reading_system_answer": null}, {"question": "叙利亚对俄罗斯意味着什么被俄视作盟友的阿萨德政府不能倒的国家对俄罗斯意味着什么", "answer": "俄罗斯", "reading_system_answer": null}, {"question": "叙利亚对俄罗斯意味着什么被俄视作盟友的阿萨德政府不能倒的国家对俄罗斯意味着什么", "answer": "叙利亚", "reading_system_answer": null}, {"question": "叙利亚对俄罗斯意味着什么被俄罗斯意味府不能倒出的国家对俄视作盟友的阿萨德政府不", "answer": "俄", "reading_system_answer": "叙利亚对俄罗斯意味着什么"}, {"question": "叙利亚对俄罗斯意味着什么被俄视作盟友的阿萨德政府不能倒期？一方面是长期？一方面", "answer": "阿萨德政府", "reading_system_answer": null}]}, {"text": "另一方面是塔尔图斯港、赫梅明空军基地不能丢", "qa_pairs": [{"question": "、赫梅明空军基地不能丢出的、赫梅明空军基地不能丢出的、赫尔图斯港面是塔尔图斯港", "answer": "斯港", "reading_system_answer": null}, {"question": "塔尔图斯港、赫梅明空军基地的基地是", "answer": "赫梅明空军基地", "reading_system_answer": null}]}, {"text": "也许还包括了新型俄制武器难得的实战测试场", "qa_pairs": [{"question": "新型俄制武器难得的实战测试场是什么", "answer": "制武器", "reading_system_answer": null}, {"question": "新型俄制武器难得的实战测试场是什么", "answer": "场", "reading_system_answer": null}]}, {"text": "这不", "qa_pairs": [{"question": "不不不这这一十七十七十十十十十十十十十十十十十十十十十十十十十十十十十十十十十", "answer": "", "reading_system_answer": null}]}, {"text": "俄国防部副部长向俄媒披露", "qa_pairs": [{"question": "俄国防部副部长向俄媒披露的防部副部长向俄媒披露的副部长是", "answer": "俄国防部", "reading_system_answer": null}, {"question": "俄国防部副长俄媒向俄媒披露的俄罗斯向俄国防部向俄国俄罗斯国家副部部部部部部部部", "answer": "媒", "reading_system_answer": null}, {"question": "俄国防部副部长向俄媒披露的副长向俄媒披露的副长向俄媒披露的副长向俄国防部副部长", "answer": "部长", "reading_system_answer": null}]}, {"text": "在叙利亚战场试用后", "qa_pairs": [{"question": "在叙利亚战场试用后试用后试用后试用叙利亚战场试在叙利亚战场试在叙利亚战场试在叙", "answer": "叙利亚战场", "reading_system_answer": null}]}, {"text": "俄军将增购卡-52“短吻鳄”武装直升机", "qa_pairs": [{"question": "俄军将增购卡-52“短吻鳄”武装直升机的国家将增购卡-52“短吻鳄”武装直升机", "answer": "短吻鳄", "reading_system_answer": null}, {"question": "俄军将增购卡-52“短吻鳄”武装直升机的国家将增购卡-52“短吻鳄”武装直升机", "answer": "武装直升机", "reading_system_answer": null}, {"question": "俄军将增购卡-52“短吻鳄”武装直升机的国家将增购卡-52“短吻鳄”武装直升机", "answer": "52", "reading_system_answer": null}, {"question": "俄军将增购卡-52“短吻鳄”武装直升机的国家将增购“5“短吻鳄”武装直升机的国", "answer": "卡", "reading_system_answer": null}]}, {"text": "而俄前不久也把最新的米-28NM“浩劫”在叙利亚测试", "qa_pairs": [{"question": "俄前不久也把最新的米-28nm“浩劫”在叙利亚测试的国家在叙利亚测试的叙nm“", "answer": "28NM", "reading_system_answer": null}, {"question": "俄28nm“浩劫”在叙利亚测试的叙利亚测试的叙利亚测最新的米-28nm“浩劫”", "answer": "俄", "reading_system_answer": null}, {"question": "-28nm“浩劫”在叙利亚测试的国家在叙利亚测试的国家在“nm“浩劫”在叙利亚", "answer": "叙利亚", "reading_system_answer": null}, {"question": "俄28nm“浩劫”在叙利亚测试的叙浩劫”28nm“浩劫”28nm“浩劫”2-n", "answer": "米", "reading_system_answer": null}]}, {"text": "据俄罗斯卫星通讯社报道称", "qa_pairs": [{"question": "俄罗斯卫星通讯社报道称为什么", "answer": "俄罗斯卫星通讯社", "reading_system_answer": null}]}, {"text": "俄罗斯副防长阿列克谢·克里沃鲁奇科对记者称", "qa_pairs": [{"question": "俄罗斯副科克谢·克里沃列克谢···············克列防长阿列对记记称", "answer": "记者", "reading_system_answer": null}, {"question": "俄罗斯副防长阿列克谢·克里沃鲁奇科对记者称的是哪个奇点", "answer": "沃鲁奇科", "reading_system_answer": null}, {"question": "俄罗斯副防长阿列克谢·克里沃鲁奇科对记者称的是哪个国家副合者", "answer": "俄罗斯", "reading_system_answer": null}]}, {"text": "俄空天军到2022年将再获得30架卡-52“短吻鳄”战斗直升机", "qa_pairs": [{"question": "俄空天军到2022年将再获得30架卡-52“短吻鳄”战斗直升机的国家在30架卡", "answer": "直升机", "reading_system_answer": null}, {"question": "俄空天军到2022年将再获得30架卡-52“短吻鳄”战斗直升机的国家在30架卡", "answer": "俄空天军", "reading_system_answer": null}, {"question": "俄空天军到2022年将再获得30架卡-52“短吻鳄”战斗直升机的国家在3架卡-", "answer": "短吻鳄", "reading_system_answer": null}, {"question": "俄空天军到2022年将再获得多少架卡-52“短吻鳄”战斗直升机", "answer": "30架卡", "reading_system_answer": "30架"}, {"question": "俄空天军到2022年将再获得30架卡-52“短吻鳄”战斗直升机的国家其军到20", "answer": "2022年", "reading_system_answer": null}, {"question": "俄空天军到2022年将再获得30架卡-52“短吻鳄”战斗直升机的国家其将再获得", "answer": "52", "reading_system_answer": null}]}, {"text": "他表示：“目前工厂正履行供应卡-52长期国家合同", "qa_pairs": [{"question": "：“正履行供应卡-52长期国家合同的国家长期国家合同的国家目前工厂正履行供应卡", "answer": "国家", "reading_system_answer": null}, {"question": "：“合同的国家目前工厂正履行供应卡-52长期国家合同的国家目前工厂正履行供应卡", "answer": "52", "reading_system_answer": null}, {"question": "：“目前工厂合同的国家合同的国家目前工厂合同的国家目前：“2长期国家合同履行供", "answer": "工厂", "reading_system_answer": null}, {"question": "：“正履行供应卡-52长期国家合同的国家目工厂正履行供应卡-52长期国家合同合", "answer": "卡", "reading_system_answer": null}]}, {"text": "至2022年我们预期将再获得30架", "qa_pairs": [{"question": "至2022年我们预期将再获得多少架", "answer": "30架", "reading_system_answer": null}, {"question": "至2022年我们预期将再获得3022年我们预期将再获得3022年我们预期将再获", "answer": "2022年", "reading_system_answer": null}]}, {"text": "其中包括今年年底前的8架", "qa_pairs": [{"question": "包括今年年底前的8架前的8架是什么", "answer": "8架", "reading_system_answer": null}]}, {"text": "”   图片：卡-52双机 克里沃鲁奇科还补充称", "qa_pairs": [{"question": "”2双机克里沃鲁奇科还补充称的是什么", "answer": "图片", "reading_system_answer": null}, {"question": "”图片：卡-52双机克里沃鲁奇科还补充称的是哪个", "answer": "沃鲁奇科", "reading_system_answer": null}, {"question": "”2片：卡-52双机克里沃鲁奇科还补充称的是什么", "answer": "52双机", "reading_system_answer": null}, {"question": "”5双机克里沃鲁奇科还补充称的是哪个型号的双机", "answer": "卡", "reading_system_answer": "卡-52双机"}]}, {"text": "卡-52的改进型卡-52M将在2022年将研制完成", "qa_pairs": [{"question": "卡-52的改进型卡-52m将在2022年将研制完成的是什么型号", "answer": "52M", "reading_system_answer": null}, {"question": "卡-52年将研制完进的改进型号是什么", "answer": "卡", "reading_system_answer": "卡-52M"}, {"question": "卡-52的改进型卡-52m将在2022年将研制完成的是什么", "answer": "改进型卡", "reading_system_answer": null}, {"question": "卡-52的改进型卡-52m将在哪一年将研制完成", "answer": "2022年", "reading_system_answer": "2022年"}, {"question": "卡-52的改进型卡-52m将在2022年将研制完成的是什么", "answer": "52", "reading_system_answer": null}]}, {"text": "俄罗斯国防部2020年计划签署购买114架卡-52M的合同", "qa_pairs": [{"question": "俄罗斯国防部20202架卡-52m的合同的是什么", "answer": "52M", "reading_system_answer": null}, {"question": "俄罗斯国防部20202架卡-52m的合同是什么", "answer": "俄罗斯国防部2020年计划", "reading_system_answer": null}, {"question": "俄罗斯国防部2020年计划签署购买的02架卡-52m的合同的国家购买的020年", "answer": "114架卡", "reading_system_answer": null}]}, {"text": "“俄罗斯直升机”公司总裁安德烈·博金斯基向记者解释称", "qa_pairs": [{"question": "“”公司总裁安德烈·博金斯基向记者解释称的是什么", "answer": "公司总裁安德烈", "reading_system_answer": null}, {"question": "“公司总裁安德烈·博金斯基向记者解释称的直升机直升机直公司总裁安德烈·博金斯基", "answer": "俄罗斯直升机", "reading_system_answer": null}, {"question": "“公司总裁安德烈·博金斯基向记者解释称的是什么", "answer": "博金斯基向记者", "reading_system_answer": null}]}, {"text": "卡-52M将具有新的电源系统和目标跟踪系统", "qa_pairs": [{"question": "卡-52m将具有新的电源系统和目标跟踪系统的国家在卡-52m将具有新的电源系统", "answer": "目标", "reading_system_answer": null}, {"question": "卡-52m2m将具有新的电源系统和目标跟踪系统的原因是什么", "answer": "52M", "reading_system_answer": null}, {"question": "卡-52系统的新型m将具有新的电统和目标跟踪系统的国家将具有新的电统和目标跟踪", "answer": "卡", "reading_system_answer": null}, {"question": "卡-52m将具有新的电源系统和目标跟踪系统是什么", "answer": "电源系统", "reading_system_answer": null}, {"question": "卡-52m将具有新的电源系统和目标跟踪系统是什么", "answer": "系统", "reading_system_answer": null}]}, {"text": "此外", "qa_pairs": [{"question": "外方对外此此外外外此此外此外此外此外此外此外此外此外此外此外此外此外此外此外此", "answer": "", "reading_system_answer": null}]}, {"text": "在叙利亚行动中使用卡-52后", "qa_pairs": [{"question": "在叙利亚行动中使用卡-52后叙利亚行动中使用卡-52后叙利亚行动中在叙利亚行动", "answer": "52", "reading_system_answer": null}, {"question": "在叙利亚行动中使用卡-52后叙利亚行动中使用的是什么型号", "answer": "卡", "reading_system_answer": null}, {"question": "在叙利亚行动中使用卡-52后的国家在叙利亚行动中使用卡-52后的国家在在叙利亚", "answer": "叙利亚", "reading_system_answer": null}]}, {"text": "国防部要求提高直升机的防护性", "qa_pairs": [{"question": "国防部要求提高直升机的防护性的防护性是什么", "answer": "直升机", "reading_system_answer": null}, {"question": "国防部要求提高直升机的防护性是什么", "answer": "防护性", "reading_system_answer": null}, {"question": "国防部要求提高直升机的防护性是什么", "answer": "国防部", "reading_system_answer": null}]}, {"text": "图片：在叙利亚作战的“短吻鳄” 卡-52是俄卡莫夫公司在世界上第一种单座武装直升机——卡-50“黑鲨”基础上研发的双座战斗-侦察直升机", "qa_pairs": [{"question": "俄—卡-50“黑鲨”基础上研发的双座战斗-侦察直升机——卡-52鳄”卡-50“", "answer": "直升机", "reading_system_answer": null}, {"question": "俄—卡-50“黑鲨”基础上研发的双座战斗-侦察直升机是哪个", "answer": "基础", "reading_system_answer": "卡-52"}, {"question": "俄——双座战斗-侦察直升机的国家在世界上第一种单座武装直升机——卡-50“黑鲨", "answer": "卡", "reading_system_answer": "卡-52"}, {"question": "俄—卡-50“黑鲨”基础上研发的双座战斗-侦察直升机是哪个", "answer": "短吻鳄", "reading_system_answer": "卡-52"}, {"question": "在—卡-50“黑鲨”基础上研发的双座战斗-侦察直升机是哪个公司研发的", "answer": "夫公司", "reading_system_answer": "俄卡莫夫公司"}, {"question": "俄—卡-50“黑鲨”基础上研发的双座战斗-侦察直升机是哪个型号", "answer": "叙利亚", "reading_system_answer": "卡-52"}, {"question": "俄—卡-50“黑鲨”基础上研发的双座战斗-侦察直升机的国家在世界上第一种单座武", "answer": "双座", "reading_system_answer": "卡-52"}, {"question": "在—卡-50“黑-52鳄”卡-52鳄”黑鲨”基础上研发的国家在世界上第一种单座", "answer": "鲨", "reading_system_answer": "卡-52是俄卡莫夫公司在世界上第一种单座武装直升机"}, {"question": "——卡-50“黑鲨”基础上研发的双座战斗-侦察直升机是哪个公司研发的", "answer": "俄", "reading_system_answer": "俄卡莫夫公司"}, {"question": "俄—卡-50“黑鲨”基础上研发的双座战斗-侦察直升机——卡-52鳄”卡-50“", "answer": "第一种单座武装直升机", "reading_system_answer": null}, {"question": "俄—卡-50“黑鲨”基础上研发的双座战斗-侦察直升机是哪个型号的", "answer": "50", "reading_system_answer": "卡-52"}, {"question": "俄—卡-50“黑鲨”基础上研发的双座战斗-侦察直升机是哪个", "answer": "图片", "reading_system_answer": "卡-52"}, {"question": "俄—卡-50“黑鲨”基础上研发的双座战斗-侦察直升机是哪个公司研发的", "answer": "52", "reading_system_answer": "俄卡莫夫公司"}]}, {"text": "2008年开始生产", "qa_pairs": [{"question": "2008年开始生产的008年开始生产的008年开始生产的00000000000", "answer": "2008年", "reading_system_answer": null}]}, {"text": "除了并列双人驾驶舱", "qa_pairs": [{"question": "除了并列双人驾驶舱的驾驶舱是什么", "answer": "双人驾驶舱", "reading_system_answer": null}]}, {"text": "继续使用独特的K-37弹射座椅外", "qa_pairs": [{"question": "继续使用独特的k-37弹射座椅外的国家继续使用独特的k-37弹射座椅外的国家继", "answer": "K", "reading_system_answer": null}, {"question": "继续使用独特的k-37弹射座椅外的弹射座椅外椅特点是什么", "answer": "37", "reading_system_answer": null}, {"question": "继续使用独特的k-37弹射座椅外的弹射座椅外的弹射座椅外外弹特的k-37弹射座", "answer": "座椅", "reading_system_answer": null}]}, {"text": "它机头装有OES-52光电瞄准系统", "qa_pairs": [{"question": "它机头装有oes-52电瞄准系统的系系是什么", "answer": "系统", "reading_system_answer": null}, {"question": "它机头装有oes-52电瞄准系统的国家在它5头装有什么型号的光电瞄准系统", "answer": "OES", "reading_system_answer": "OES-52"}, {"question": "oes-52电瞄准系统的光电瞄准系统是", "answer": "52", "reading_system_answer": null}, {"question": "它机头装有oes-52电瞄准系统的机头装有oes-52电瞄准系统的机头装有oe", "answer": "机头", "reading_system_answer": null}]}, {"text": "和“弩-52”毫米波雷达", "qa_pairs": [{"question": "和弩-52”毫米波雷达的“弩-5”52毫2米雷达是什么", "answer": "雷达", "reading_system_answer": null}, {"question": "和弩-2”5”2”5波雷达是哪一款", "answer": "52", "reading_system_answer": "和“弩-52"}]}, {"text": "具备全天候作战能力", "qa_pairs": [{"question": "具备全天候作战能力的原因是什么", "answer": "全天候", "reading_system_answer": null}, {"question": "具备全天候作战能力的战争中战争中战争中战争中战争中天候候作作为什么要全天候候力", "answer": "能力", "reading_system_answer": null}]}, {"text": "这是比米-28N更明显的优势", "qa_pairs": [{"question": "比米-28n更明显的优势是什么", "answer": "28N", "reading_system_answer": null}, {"question": "比米-28n更明显的优势是什么", "answer": "优势", "reading_system_answer": null}, {"question": "米-28n更明显的优势是什么", "answer": "米", "reading_system_answer": null}]}, {"text": "图片：卡-52K曾随库舰远征叙利亚 2011年", "qa_pairs": [{"question": "叙利亚2年曾随库舰远征叙利亚2011年曾随库舰远征叙利亚22111111111", "answer": "卡", "reading_system_answer": null}, {"question": "：211111年是哪一艘", "answer": "52K", "reading_system_answer": "卡-52K"}, {"question": "图2k曾随库舰远征叙利亚是哪一年", "answer": "2011年", "reading_system_answer": null}, {"question": "k2011011年是哪个", "answer": "图片", "reading_system_answer": null}, {"question": "：2k曾随库舰远征叙利亚20111年是哪个", "answer": "库舰远征叙利亚", "reading_system_answer": "卡-52"}]}, {"text": "卡-52开始在俄军服役", "qa_pairs": [{"question": "卡-52开始在俄军服役的俄罗斯军服役的目的是什么", "answer": "服役", "reading_system_answer": null}, {"question": "卡-52开始在俄军服役的52开始在俄军服役的52卡-52开始开始开始服役的是哪", "answer": "52", "reading_system_answer": null}, {"question": "卡-52开始在俄军服役的22役开始开始服役的是哪个", "answer": "卡", "reading_system_answer": null}]}, {"text": "而2013年", "qa_pairs": [{"question": "2013年是什么时候", "answer": "2013年", "reading_system_answer": null}]}, {"text": "研发多年的米-28也开始进入俄军服役", "qa_pairs": [{"question": "研发多年的米-28也开始进入俄军服役的服役是什么", "answer": "服役", "reading_system_answer": null}, {"question": "研发多年的米-28也开始进入俄军服役的国家研发的-28也开始进入俄军服役的国家", "answer": "28", "reading_system_answer": null}, {"question": "研发多年的米-28也开始进入俄军服役的国家研发的-28也开始进入俄军服役的研发", "answer": "多年", "reading_system_answer": null}, {"question": "-28也开始进入俄军服役的-28也开始进入俄军服役的-28年米年的米-88也开", "answer": "米", "reading_system_answer": null}]}, {"text": "俄军现今各装备百余架这两种武装直升机", "qa_pairs": [{"question": "俄军现今各装备百余架这两种武装直升机是哪一种", "answer": "两种武装直升机", "reading_system_answer": null}, {"question": "俄军现今各装备百余架这两种武装直升机是哪一种", "answer": "装备百余架", "reading_system_answer": null}]}, {"text": "2015年", "qa_pairs": [{"question": "20155年是", "answer": "2015年", "reading_system_answer": null}]}, {"text": "俄军大举介入叙利亚战事以后", "qa_pairs": [{"question": "俄军大举介入叙利亚战事以后叙利亚战事以后的战事以后在俄军大举介入叙利亚战事以后", "answer": "叙利亚战事", "reading_system_answer": null}]}, {"text": "两型武装直升机都被部署在叙利亚战场上", "qa_pairs": [{"question": "两型武装直升机都被部署在叙利亚战场上的国家在两型武装直升机都被部署在叙利亚战场", "answer": "叙利亚战场", "reading_system_answer": null}, {"question": "两型武装直升机都被部署在叙利亚战场上的国家在两型武装直升机都被部署在叙利亚战场", "answer": "武装直升机", "reading_system_answer": null}, {"question": "两型武装直升机都被部署在叙利亚战场上的国家在两型武装直升机都被部署在叙利亚战场", "answer": "部署", "reading_system_answer": null}]}, {"text": "一方面承担赫梅明空军基地周边的扫荡任务", "qa_pairs": [{"question": "梅明面承担赫明的扫方任扫事件是什么", "answer": "任务", "reading_system_answer": "一方面承担赫梅明空军基地周边的扫荡"}, {"question": "担赫梅明空军基地周边的扫荡任务是什么", "answer": "一方面", "reading_system_answer": null}, {"question": "一方面承担赫梅明空军基地周边的扫荡任务是什么", "answer": "赫梅明空军基地", "reading_system_answer": null}]}, {"text": "另一方面也开始在哈马等重点地区战事承担攻坚任务", "qa_pairs": [{"question": "开始在哈马等重点地区战事承担攻坚任也开始在哈马等重点地区战事承担攻坚任也开始战", "answer": "任务", "reading_system_answer": null}, {"question": "另一方面也开始在哈马等重点地区战事承担攻坚任务是什么", "answer": "哈马", "reading_system_answer": null}, {"question": "开始在哈马等重点地区战事承担攻坚任务是什么", "answer": "重点地区战事", "reading_system_answer": null}]}, {"text": "图片：在赫梅明基地上空警戒的米-28N 米-28N部署叙利亚后也开始改进", "qa_pairs": [{"question": "图28n米-28n部署叙利亚后也开始改进的是哪个型号的", "answer": "28N", "reading_system_answer": "米-28N"}, {"question": "在28n米-28n米-地上空警戒的米-28n部署叙利亚后也开始改进的n28n部", "answer": "警戒", "reading_system_answer": "图片：在赫梅明基地上空警戒的"}, {"question": "-28n米-28n米-地上空警戒的米-28n部署叙利亚后也开始改进的基地上空警", "answer": "赫梅明基地", "reading_system_answer": "图片：在"}, {"question": "图28n部署叙利亚后也开始改进的n部署的n28n米-28n米-28n米-28n", "answer": "米", "reading_system_answer": null}, {"question": "图28n米-28n部署叙利亚是哪个部署", "answer": "28N部署叙利亚", "reading_system_answer": null}, {"question": "在28n米-28n米-地上空警戒的米-28n部署叙利亚后也开始改进的n部n部署", "answer": "图片", "reading_system_answer": "图片：在赫梅明基地上空警戒的"}]}, {"text": "不再有米-28N标志性的长鼻子", "qa_pairs": [{"question": "不再有米-28n标志性的长鼻子的长据是什么", "answer": "28N标志性", "reading_system_answer": null}, {"question": "-n标志性的长据性的长鼻子是什么", "answer": "长鼻子", "reading_system_answer": null}, {"question": "-28n标志性的长鼻子的子鼻子是什么", "answer": "米", "reading_system_answer": null}]}, {"text": "前机身经过优化设计", "qa_pairs": [{"question": "前机身经过优化设计的优化设计的优点是什么", "answer": "机身", "reading_system_answer": null}]}, {"text": "旋翼顶端带有N025雷达的米-28NM", "qa_pairs": [{"question": "旋翼顶端带有n025雷达的米-28nm的国家的旋带带带有n025雷达的米-28", "answer": "米", "reading_system_answer": null}, {"question": "旋翼顶端带有n025雷达的米-28nm的国家在旋翼顶端带有n025雷达的米-是", "answer": "28NM", "reading_system_answer": null}, {"question": "旋翼顶端带有n025雷达的米-28nm的国家在2855雷达的米-28nm的国家", "answer": "旋翼", "reading_system_answer": null}, {"question": "旋翼顶端带有n025雷达的米-28nm的是哪一型号", "answer": "N025雷达", "reading_system_answer": null}]}, {"text": "2016年10月首飞", "qa_pairs": [{"question": "2月首飞时期期为何没0很00很0", "answer": "2016年10月", "reading_system_answer": null}]}, {"text": "还没有正式进入俄军服役", "qa_pairs": [{"question": "俄军服役的正式进入俄军服役的正式进入俄军服役的正没有正式进入俄军正没有正没有俄", "answer": "服役", "reading_system_answer": null}]}, {"text": "今年3月", "qa_pairs": [{"question": "今年3月3月3月3月3月3月3今年月3今年今年今3今3今3今3今3今3今3今3", "answer": "3月", "reading_system_answer": null}]}, {"text": "在叙利亚哈马地区的作战中", "qa_pairs": [{"question": "在叙利亚哈马地区的作战中中叙利亚哈马地区的作战中是什么", "answer": "叙利亚哈马地区", "reading_system_answer": null}]}, {"text": "当地武装分子就拍到这种“短鼻子”新型“浩劫”出现在了战场上", "qa_pairs": [{"question": "当新型“浩劫”出现在了战场上出现在了战场上的国家在“短短鼻子”新型“浩劫”出现", "answer": "战场", "reading_system_answer": null}, {"question": "当新型“浩劫”出现在了战场上的短鼻子”新型“浩劫”出现在了战场上的短鼻子是什么", "answer": "鼻子", "reading_system_answer": null}, {"question": "当新型“浩劫”出现在了战场上的国家在了短短鼻子”新型“浩劫”出现在了战场上的国", "answer": "武装分子", "reading_system_answer": null}]}, {"text": "俄媒披露俄国防部已准备采购首批米-28NM", "qa_pairs": [{"question": "俄媒米88俄mmm2-n批露准备采购首批已准备采购首部防部防部中国披露的国家采", "answer": "媒", "reading_system_answer": "俄媒披露"}, {"question": "俄国披露俄国防部已准备采购首批米-28nm的国家已准备采购首批米-28nm的国", "answer": "俄国防部", "reading_system_answer": null}, {"question": "俄媒披露俄国防部已准备采购首批米-28nm的国家已准备采购首批米-28nm的国", "answer": "首批米", "reading_system_answer": null}, {"question": "俄媒披露俄国防部已准备采购首批米-28nm的国家已准备采购首批米-28nm的国", "answer": "28NM", "reading_system_answer": null}]}, {"text": "图片：今年3月", "qa_pairs": [{"question": "：3：今年3月年3月年3月：今年3月：片片图片图图图图图图图图图图图的：今今今", "answer": "图片", "reading_system_answer": null}, {"question": "图片：今年3月今年3月今年3月今年今年今年：3片片图片图图图图图图图图图的：今", "answer": "3月", "reading_system_answer": null}]}, {"text": "米-28NM首次现身叙利亚 卡-52和米-28虽然造型迥异", "qa_pairs": [{"question": "米叙利亚卡-52和米-28虽然造型迥异的国家首次现身叙利亚卡-52和米-28虽", "answer": "卡", "reading_system_answer": "米-28NM"}, {"question": "n28nm首次现身叙利亚卡-52和米-28虽然造型迥异的国家首次现身叙利亚卡-", "answer": "米", "reading_system_answer": null}, {"question": "米-28nm58和米-28虽然造型迥异的是什么", "answer": "28NM首次现身叙利亚", "reading_system_answer": "卡-52"}, {"question": "米-28nm首次现身叙利亚卡-52和米-28虽然造型迥异是什么", "answer": "28", "reading_system_answer": null}, {"question": "米-28nm首次现身叙利亚卡-52和米-28虽然造型迥异是什么", "answer": "造型", "reading_system_answer": null}, {"question": "米-28nm首次现身叙利亚卡-528和米-28虽然造型迥异是什么", "answer": "52", "reading_system_answer": null}]}, {"text": "前者更多承担侦察任务", "qa_pairs": [{"question": "前者更多侦察任者承担侦察任者承担侦察任务是什么", "answer": "任务", "reading_system_answer": null}, {"question": "前多侦察任务是什么", "answer": "前者", "reading_system_answer": null}, {"question": "担担侦察任务是什么", "answer": "多", "reading_system_answer": null}]}, {"text": "后者则用于啃硬骨头", "qa_pairs": [{"question": "用者骨头的啃硬骨头是什么", "answer": "后者", "reading_system_answer": null}, {"question": "后者则用于啃硬骨头的国家用于啃硬骨头的国家后者则者则者则者用于用什么", "answer": "硬骨头", "reading_system_answer": null}]}, {"text": "但都是可以比肩阿帕奇的10吨级的重型武装直升机", "qa_pairs": [{"question": "肩阿帕奇的10吨级的重型武装直升机是什么", "answer": "武装直升机", "reading_system_answer": null}, {"question": "肩阿帕奇的10吨级的重型武装直升机的重型武装直升机是什么型号", "answer": "阿帕奇", "reading_system_answer": null}, {"question": "肩阿帕奇的10吨级的重型武装直升机的重型武装直升机是哪一型号", "answer": "10", "reading_system_answer": null}]}, {"text": "比起直-10、欧洲的“虎”式拥有更为强劲的动力和更多的装甲", "qa_pairs": [{"question": "比“虎”式拥有更为强劲的动力和更多的装甲是", "answer": "虎", "reading_system_answer": "比起直-10"}, {"question": "直虎”式拥有更为强劲的动力和更多的装甲是", "answer": "多", "reading_system_answer": null}, {"question": "比00、欧洲的“虎”式拥有更为强劲的动力和更多的装甲是", "answer": "10", "reading_system_answer": "直-10"}, {"question": "比虎”式拥有更为强劲的动力和更多的装甲是", "answer": "动力", "reading_system_answer": "比起直-10"}, {"question": "比虎”式拥有更为强劲的动力和更多的装甲是", "answer": "欧洲", "reading_system_answer": "比起直-10"}]}, {"text": "米-28的驾驶舱舱盖装甲厚度令人印象十分深刻", "qa_pairs": [{"question": "米-28的驾驶舱舱盖装甲厚度是多少", "answer": "厚度", "reading_system_answer": null}, {"question": "米-28的驾驶舱舱盖有什么武器", "answer": "驾驶舱舱盖", "reading_system_answer": null}, {"question": "米8的驾甲厚度是多少", "answer": "米", "reading_system_answer": "驾驶舱舱盖装甲厚度"}, {"question": "米-28的驾驶舱舱盖装甲厚度令人印象十分深刻的驾驶舱舱盖装甲厚度令人印象十分深", "answer": "28", "reading_system_answer": null}, {"question": "米-28的驾驶舱舱盖装甲厚度令人印象十分深刻是什么", "answer": "印象十分", "reading_system_answer": null}]}, {"text": "卡-52装甲薄弱一些却可以弹射逃生", "qa_pairs": [{"question": "卡-52装甲薄弱一些是什么", "answer": "一些", "reading_system_answer": null}, {"question": "卡-52装甲薄弱一些却可以弹射逃生的装甲薄弱一些却可以弹射逃生的装甲薄弱一些却", "answer": "52", "reading_system_answer": null}, {"question": "卡-52装甲薄弱一些却可以弹射逃生的国家在卡-2的装甲薄弹一些却可以弹射逃生的", "answer": "卡", "reading_system_answer": null}]}, {"text": "这是中型武装直升机难以比拟的优势", "qa_pairs": [{"question": "中型武装直升机难以比拟的优势是什么", "answer": "武装直升机", "reading_system_answer": null}, {"question": "中型武装直升机难以比拟的优势是什么", "answer": "优势", "reading_system_answer": null}]}, {"text": "图片：米-28N的座舱盖装甲十分厚实 在2015年以来", "qa_pairs": [{"question": "-28n的座舱盖装甲十分厚实在2015年以来的是什么型号的", "answer": "28N", "reading_system_answer": "米-28N"}, {"question": "：28n的座舱盖装甲十分厚实在2015年以来的国家-28米-28年以来的n的座", "answer": "米", "reading_system_answer": "图片："}, {"question": "-28n的座舱盖装甲十分厚实在2015年以来的是什么分进成", "answer": "十分", "reading_system_answer": null}, {"question": "-28n的座舱盖装甲十分厚实在2015年以来的是什么", "answer": "座舱盖", "reading_system_answer": null}, {"question": "-28n的座舱盖装甲十分厚是什么时候", "answer": "2015年", "reading_system_answer": null}, {"question": "-28n的座舱盖装甲十分厚实在2015年以来的是什么", "answer": "图片", "reading_system_answer": null}]}, {"text": "卡-52和米-28这对“双子星”在叙利亚各有一次机械事故坠机", "qa_pairs": [{"question": "卡28和米-28这对“利亚各有一次机械事故坠机的国家在叙利亚各有一次机械事故坠", "answer": "米", "reading_system_answer": null}, {"question": "卡”28在叙利亚各有一次机械事故坠机的国家在叙”28有双子星”在叙利亚各有一次", "answer": "卡", "reading_system_answer": "卡-52和米-28"}, {"question": "卡-528和米-28和米-28和米-2械事故坠机的国家有一次机械事故坠机是哪个", "answer": "28", "reading_system_answer": "卡-52和米-28这对“双子星”在叙利亚"}, {"question": "卡28和米-28和米-22和米利亚各有一次机械事故坠机的国家在叙利亚各有一次机", "answer": "叙利亚", "reading_system_answer": null}, {"question": "卡-52和米-28和米-28和米-2双子星”在叙利亚各有什么坠机", "answer": "一次机械事故坠机", "reading_system_answer": "机械事故"}, {"question": "卡28和米-28和米-28这对“利亚各有一次机械事故坠机的国家在叙利亚各有一次", "answer": "双子星", "reading_system_answer": null}, {"question": "卡-528和米-28和米-28这对“利亚各有一次机械事故坠机的国家在叙利亚各有", "answer": "52", "reading_system_answer": null}]}, {"text": "还从未被当地各路武装击落过", "qa_pairs": [{"question": "还从未被当地各路武装击落过的国家未被当地各路武装击落过什么武器", "answer": "武装", "reading_system_answer": null}]}, {"text": "前者也被埃及看上", "qa_pairs": [{"question": "被埃及看上的埃及看上的埃及看上的埃及看上被被被看者埃及看也看也被被被被被被被被", "answer": "埃及", "reading_system_answer": null}, {"question": "前埃及看上的埃及看上的埃及看上的埃前埃及看上的者者者前被埃及看也被看待也及也及", "answer": "前者", "reading_system_answer": "前者"}]}, {"text": "后者已经进入伊拉克空军服役", "qa_pairs": [{"question": "伊拉克空军服役的伊拉克空军事者已经进入伊拉克空军服役的空军已服役是什么", "answer": "后者", "reading_system_answer": null}, {"question": "伊拉克空军服役的空军服役是什么", "answer": "空军服役", "reading_system_answer": null}]}, {"text": "所以在叙利亚打的广告", "qa_pairs": [{"question": "叙利亚打的广告是什么", "answer": "广告", "reading_system_answer": null}, {"question": "叙利亚打的广告是什么", "answer": "叙利亚", "reading_system_answer": null}]}, {"text": "还真不是白打的", "qa_pairs": [{"question": "真不是白打的白不是白打的什么打的", "answer": "", "reading_system_answer": null}]}, {"text": "『未经许可", "qa_pairs": [{"question": "『冲锋枪采用的是什么样的态好", "answer": "", "reading_system_answer": null}]}, {"text": "禁止转载！有趣有料的军情秘闻", "qa_pairs": [{"question": "禁料有军事方面的有！有！有有载载止转止转载！趣趣的军事情料的军事事情趣是什么", "answer": "有料", "reading_system_answer": null}, {"question": "禁止转载！有趣有料的军情秘闻是什么", "answer": "军情秘闻", "reading_system_answer": null}]}, {"text": "尽在乌龙防务直通车", "qa_pairs": [{"question": "尽在乌龙防务直通车的通车是什么", "answer": "直通车", "reading_system_answer": null}, {"question": "尽在乌龙防务直通车的防务直通车是什么", "answer": "乌龙", "reading_system_answer": null}]}, {"text": "喜欢我的观点", "qa_pairs": [{"question": "喜欢我的观点是什么", "answer": "观点", "reading_system_answer": null}]}, {"text": "就关注并随我上车吧！』", "qa_pairs": [{"question": "我国车吧！』是什么", "answer": "上车", "reading_system_answer": null}]}]}