{"passage": "近日，网络传播着一张照片显示，中国海军617舰出现。虽然这张照片真实性并未太确定，但是根据图片所显示的内容来看，这是一艘054A型护卫舰。换言之，第一艘非037系列猎潜艇、使用6XX为舷号的舰艇很大概率是一艘054A型。   疑似海军617舰出现（图片来源：浩汉防务）  根据80年代以来中国海军使用的舷号对应规则，护卫舰使用的是“5XX”为舷号，猎潜艇才使用“6XX”为舷号。典型如使用037型猎潜艇的第三代“海上猛虎艇”“咸丰”号（指湖北省咸丰县），舷号即为695。然而，随着老一代037型猎潜艇先后退役，“6XX”号段的舰艇数量越来越少。   已经退役的037型695咸丰艇  一般认为，中国海军由于大量056型轻型护卫舰的入役，原有的“5XX”号段已被占满。之前网友卓有成效的统计显示，500-599号段只剩下519尚有空缺。即便还有最后2艘已服役超过40年的053H型516九江舰和517南平舰即将退役、053H2G型最后一艘542铜陵舰将移交斯里兰卡、2艘053H3移交孟加拉国海军等，500-599号段仍然无法容纳超过30艘054A和近50艘056系列轻型护卫舰，更何况中国海军尚且有7艘053H1、6艘053H1G、8艘053H3和2艘054，号段非常拥挤，使用600-699号段是时间问题。   054A数量已超过30  笔者一直认为，054A所代表的护卫舰为Frigate，其远洋航行能力、综合作战能力都与作为轻型护卫舰，也就是Corvette的056系列有着几乎本质的区别，尽管中文名都有“护卫舰”字样。056系列其实更符合之前037型猎潜艇所扮演的角色，负责近海二线作战任务，应该全部使用“6XX”号段以示与远洋型护卫舰的定位、任务区别。然而，从海军的实践来看，056与054共同使用5XX号段，很显然这是把056视作护卫舰处理。   054A和056差别非常大  号段的本意是为了实现舰种区分，以此来方便管理和指挥，而056与054混用并不利于识别两者的不同。而目前公开的、使用“6XX”号段的竟然是一艘054A，这实在是多少令人意外。至于054A和056系列还会建造多少，目前来看依然不得而知。", "sentences": [{"text": "近日", "qa_pairs": [{"question": "近日近日近日近日近近日近近近日日日日日日近近近近近近近近近近近近近近近近近近近", "answer": "", "reading_system_answer": null}]}, {"text": "网络传播着一张照片显示", "qa_pairs": [{"question": "网络传播着什么照片", "answer": "一张照片", "reading_system_answer": null}, {"question": "网络传播着一张照片显示的目的是什么", "answer": "网络", "reading_system_answer": null}]}, {"text": "中国海军617舰出现", "qa_pairs": [{"question": "中国海军617舰出现了什么", "answer": "中国海军617舰", "reading_system_answer": null}]}, {"text": "虽然这张照片真实性并未太确定", "qa_pairs": [{"question": "张照片真实性的实太确定是什么", "answer": "张照片真实性", "reading_system_answer": null}]}, {"text": "但是根据图片所显示的内容来看", "qa_pairs": [{"question": "根据图片所显示的内容来看的图片所显示的内容来看的图片是什么", "answer": "图片", "reading_system_answer": null}, {"question": "根据图片所显示的内容来看的容来看的是什么", "answer": "内容", "reading_system_answer": null}]}, {"text": "这是一艘054A型护卫舰", "qa_pairs": [{"question": "0艘054a型护卫舰是什么", "answer": "一艘054A型护卫舰", "reading_system_answer": null}]}, {"text": "换言之", "qa_pairs": [{"question": "换言之之之言换换换言换换换言换的换言之言之言之言之言换的换换换言换之言之言换的", "answer": "", "reading_system_answer": null}]}, {"text": "第一艘非037系列猎潜艇、使用6XX为舷号的舰艇很大概率是一艘054A型", "qa_pairs": [{"question": "第一艘非037系列猎潜艇、使用6xx为舷号的舰艇是什么", "answer": "一艘054A型", "reading_system_answer": null}, {"question": "第一艘非037系列猎潜艇、使用6xx为舷号的舰艇很大概率是一艘054a型的国家", "answer": "舰艇", "reading_system_answer": null}, {"question": "第一艘非037系列猎潜艇、使用的是什么型号的", "answer": "6XX", "reading_system_answer": "6XX为舷号"}, {"question": "第一艘非037系列猎潜艇、使用6xx为舷号的舰艇是哪一艘", "answer": "第一艘", "reading_system_answer": null}, {"question": "第一艘非037系列猎潜艇、使用6xx为舷号的舰艇是什么", "answer": "037系列猎潜艇", "reading_system_answer": null}, {"question": "第一艘非037、系列猎概率的国家在x3很大概率的国家其使用的是什么样的", "answer": "概率", "reading_system_answer": null}, {"question": "第一艘非037系列猎潜艇、使用6xx为舷号的舰艇是什么型号", "answer": "舷号", "reading_system_answer": null}]}, {"text": "疑似海军617舰出现（图片来源：浩汉防务）  根据80年代以来中国海军使用的舷号对应规则", "qa_pairs": [{"question": "（0汉防务）根据80年代以来中国海军使用的舷号对应规则的目的是什么", "answer": "规则", "reading_system_answer": null}, {"question": "（17舰出现（图片来源：浩汉防务）根据80年代以来中国海军使用的舷号对应规则的", "answer": "80", "reading_system_answer": null}, {"question": "：0汉防务）根据80年代以来中图片来源：浩汉防务）根据80年代以来的国家其舷号", "answer": "图片来源", "reading_system_answer": null}, {"question": "（0汉防务）根据80年代以来中国海军使用的舷号对应规则是什么", "answer": "中国海军", "reading_system_answer": null}, {"question": "（0汉防务）根据80年代以来中国海军使用的舷号对应规则是什么", "answer": "浩", "reading_system_answer": null}, {"question": "（0汉防务）根据80年代以来中国海军使用的舷号对应规则是什么", "answer": "舷号", "reading_system_answer": null}, {"question": "（0汉防务）根据80年代以来中国海军使用的舷号对应规则是什么", "answer": "海军617舰", "reading_system_answer": null}]}, {"text": "护卫舰使用的是“5XX”为舷号", "qa_pairs": [{"question": "护卫舰使用的是“5xx”为舷号的国家的护卫舰是哪一型号的", "answer": "舷号", "reading_system_answer": null}, {"question": "“5xx”为舷号的护卫舰是哪个", "answer": "护卫舰", "reading_system_answer": null}, {"question": "护卫舰使用的是“5xx”为舷号的战争舰的国家的护卫舰是哪一型号", "answer": "5XX", "reading_system_answer": null}]}, {"text": "猎潜艇才使用“6XX”为舷号", "qa_pairs": [{"question": "猎潜艇才使用“6xx”为舷号的国家的猎潜艇才使用“6xx”为舷号的国家其猎潜艇", "answer": "猎潜艇", "reading_system_answer": null}, {"question": "猎潜艇才使用“6xx”为什么", "answer": "舷号", "reading_system_answer": null}, {"question": "猎潜艇才使用“6xx”为舷号的战争中”6xx”的原型是什么", "answer": "6XX", "reading_system_answer": null}]}, {"text": "典型如使用037型猎潜艇的第三代“海上猛虎艇”“咸丰”号（指湖北省咸丰县）", "qa_pairs": [{"question": "典“号咸型型猎潜艇的第三代“海上猛虎艇”“型型猎潜艇的第三代“海上猛虎艇””（", "answer": "第三代", "reading_system_answer": "咸丰”号"}, {"question": "典虎咸咸丰”号的第三代“海上猛虎艇”“型猎潜艇的第三代“海上猛虎艇”“型型型（", "answer": "指湖北省咸丰县", "reading_system_answer": null}, {"question": "典“号号型型猎潜艇的第三代“海上猛虎艇”“”型型猎潜艇的第三代“海上猛虎艇”“", "answer": "猎潜艇", "reading_system_answer": "咸丰”号"}, {"question": "典“号（（型型猎潜艇的第三代“海上猛虎艇”“咸（”型型型型猎潜艇的第三代“海上", "answer": "猛虎艇", "reading_system_answer": "咸丰”号"}, {"question": "典“号号咸型型型型型型型））））））））））丰丰丰丰丰丰丰丰丰丰丰丰丰丰丰丰丰", "answer": "037", "reading_system_answer": null}, {"question": "第虎咸咸丰”号（型型猎潜艇的第三代“海上猛虎艇”“咸丰县）是哪个", "answer": "咸丰", "reading_system_answer": "037型猎潜艇"}, {"question": "第“型猎潜艇的第三代“海上猛虎艇”“咸（型型咸（（（））））型型型型型型）丰丰", "answer": "典型", "reading_system_answer": "咸丰”号"}, {"question": "第虎号型猎潜艇的第三代“海上猛虎艇”“咸型猎潜艇的第三代“海上猛虎艇”“”型型", "answer": "号", "reading_system_answer": "咸丰”号"}]}, {"text": "舷号即为695", "qa_pairs": [{"question": "舷号即为69595号舷直升机的舷号是什么", "answer": "舷号", "reading_system_answer": null}, {"question": "舷号即为69595即为695为即为舷号舷艇为舷号的原因是什么", "answer": "695", "reading_system_answer": null}]}, {"text": "然而", "qa_pairs": [{"question": "然而而然然而然然然然然然然然然然然然然然然而然而然而然而然而然而然而然而然而然", "answer": "", "reading_system_answer": null}]}, {"text": "随着老一代037型猎潜艇先后退役", "qa_pairs": [{"question": "随着老一代037型猎潜艇先后退役的哪种型号的潜艇先后退役", "answer": "猎潜艇", "reading_system_answer": null}, {"question": "随着老一代037型猎潜艇先后退役的是哪种型号的潜艇", "answer": "037", "reading_system_answer": null}]}, {"text": "“6XX”号段的舰艇数量越来越少", "qa_pairs": [{"question": "“6xx号段的舰艇数量越来越少是什么", "answer": "号段", "reading_system_answer": null}, {"question": "“6xx号段的舰艇数量是什么", "answer": "舰艇数量", "reading_system_answer": null}, {"question": "“6xx”号段的舰艇数量越来越少的x”xx”段的舰艇数量越来越少是什么", "answer": "6XX", "reading_system_answer": null}]}, {"text": "已经退役的037型695咸丰艇  一般认为", "qa_pairs": [{"question": "已经退役的037型695咸丰艇一般认为什么", "answer": "695咸丰艇", "reading_system_answer": null}, {"question": "037型695咸丰艇一般认为什么", "answer": "037", "reading_system_answer": null}]}, {"text": "中国海军由于大量056型轻型护卫舰的入役", "qa_pairs": [{"question": "中国海军由于大量056型轻型护卫舰的入役的轻型护卫舰的入役是什么", "answer": "大量056", "reading_system_answer": null}, {"question": "中国海军由于大量056型轻型护卫舰的入役的轻型护卫舰的入役是什么", "answer": "护卫舰", "reading_system_answer": null}, {"question": "中国海军由于大量056型轻型护卫舰的入役的国家由于大量056型轻型护卫舰的入役", "answer": "中国海军", "reading_system_answer": null}]}, {"text": "原有的“5XX”号段已被占满", "qa_pairs": [{"question": "“5xx”号段已被占满的x”号段已被占满的x”号段有的“5xx”号的x”5“x", "answer": "号段", "reading_system_answer": null}, {"question": "“xx”号是什么", "answer": "5XX", "reading_system_answer": "5XX”号"}]}, {"text": "之前网友卓有成效的统计显示", "qa_pairs": [{"question": "之前网友卓有成效的统计显示的成效的统计显示是什么", "answer": "网友", "reading_system_answer": null}]}, {"text": "500-599号段只剩下519尚有空缺", "qa_pairs": [{"question": "500-59号9号99段只剩下519尚有空缺是什么", "answer": "500", "reading_system_answer": null}, {"question": "500-59号9号9号9号99段只剩下519尚有空缺是什么", "answer": "519", "reading_system_answer": null}, {"question": "500-59号9号99段只剩下519尚有空缺是什么", "answer": "599号段", "reading_system_answer": null}]}, {"text": "即便还有最后2艘已服役超过40年的053H型516九江舰和517南平舰即将退役、053H2G型最后一艘542铜陵舰将移交斯里兰卡、2艘053H3移交孟加拉国海军等", "qa_pairs": [{"question": "h2g型最后一艘542九江舰是哪个", "answer": "517南平", "reading_system_answer": "053H型516九江舰和517南平舰"}, {"question": "h2g型最后一艘542铜陵舰是什么", "answer": "一艘542铜陵", "reading_system_answer": "053H型516九江舰和517南平舰"}, {"question": "3月3日本兰卡、2艘南平舰的国家在51年型53h3h3h3h3h3h3h3h0", "answer": "服役", "reading_system_answer": null}, {"question": "h2g型最后一艘5426h型516九江舰是哪一个", "answer": "516九江", "reading_system_answer": "517南平舰"}, {"question": "孟加拉国海军等053h3移交孟加拉国海军等的国家在4艘053h型53h3移交孟", "answer": "40年", "reading_system_answer": null}, {"question": "3月3日本兰卡、2426h型51h2h35九江舰的国家最后一艘542铜陵舰将移", "answer": "孟加拉国海军", "reading_system_answer": "即将退役、053H2G型最后一艘542铜陵舰将移交斯里兰卡、"}, {"question": "孟加拉国海军等和51年的0536九江舰和517九江舰的国家其兰卡、2艘053h", "answer": "053H", "reading_system_answer": null}, {"question": "孟加拉国海军等和51年的0536九江舰和517九江舰的国家在2艘已服役超过4艘", "answer": "053H2G", "reading_system_answer": "053H型516九江舰和517南平舰"}, {"question": "孟加拉国海军等和51年的0536九江舰和517九江舰的国家在2年已服役超过4艘", "answer": "2艘053H3", "reading_system_answer": "40年"}, {"question": "h26九江舰的最后一艘542铜陵舰是哪一艘", "answer": "2艘", "reading_system_answer": "053H型516九江舰和517南平舰"}]}, {"text": "500-599号段仍然无法容纳超过30艘054A和近50艘056系列轻型护卫舰", "qa_pairs": [{"question": "500-59号9号99段仍然无法容纳超过30艘0545系列轻型护卫舰是什么", "answer": "50艘056系列", "reading_system_answer": null}, {"question": "500-59号056系列轻型护卫舰是哪个", "answer": "护卫舰", "reading_system_answer": null}, {"question": "500-59号段仍然无法容纳超过30艘056系列轻型护卫舰的国家在50艘056", "answer": "无法容纳", "reading_system_answer": "500-599号段仍然无法容纳超过30艘054A"}, {"question": "500-59号9号99段仍然无法容纳超过30艘056系列轻型护卫舰是什么", "answer": "500", "reading_system_answer": null}, {"question": "500-59号9号99段仍然无法容纳超过30艘056系列轻型护卫舰的国家在50", "answer": "599号段", "reading_system_answer": null}, {"question": "500-59号9号99段仍然无法容纳超过几艘056系列轻型护卫舰", "answer": "30艘054A", "reading_system_answer": "30艘"}]}, {"text": "更何况中国海军尚且有7艘053H1、6艘053H1G、8艘053H3和2艘054", "qa_pairs": [{"question": "中国海军尚且有哪些艘飞役", "answer": "7艘053H1", "reading_system_answer": "7艘"}, {"question": "中国海军尚且有7艘053艘053h1、6艘053h1g、8h1g、的原因是什么", "answer": "2艘054", "reading_system_answer": null}, {"question": "3艘053h1艘053h1h1h1h1h1h1h1h1h1h1h153艘054", "answer": "中国海军", "reading_system_answer": "053H1、6艘053H1G、"}, {"question": "中国海军尚且有7艘053h1、6h153h153h153h153h153h15", "answer": "8艘053H3", "reading_system_answer": null}, {"question": "中国海军尚且有哪些艘飞役", "answer": "6艘053H1G", "reading_system_answer": "7艘"}]}, {"text": "号段非常拥挤", "qa_pairs": [{"question": "号段非常拥挤的非常拥挤是什么", "answer": "号段", "reading_system_answer": null}]}, {"text": "使用600-699号段是时间问题", "qa_pairs": [{"question": "使用600-69号9号99段是时间问题的原因是什么", "answer": "600", "reading_system_answer": null}, {"question": "6月6日9日本间9号-0000运戒是什么", "answer": "时间问题", "reading_system_answer": null}, {"question": "使用600-69段是时间问题的原因是什么", "answer": "699号段", "reading_system_answer": null}]}, {"text": "054A数量已超过30  笔者一直认为", "qa_pairs": [{"question": "054a数量已超过30笔者一直认为什么", "answer": "054A数量", "reading_system_answer": null}, {"question": "054a数量已超过30笔者一直认为什么", "answer": "30", "reading_system_answer": null}, {"question": "054a数量已超过30笔者一直认为什么要为054a数量已超过30笔者一直认为", "answer": "笔者", "reading_system_answer": null}]}, {"text": "054A所代表的护卫舰为Frigate", "qa_pairs": [{"question": "054a所代表的护卫舰是哪种型号", "answer": "Frigate", "reading_system_answer": null}, {"question": "054aegategategategatrga护卫舰是frigat所代表的护卫", "answer": "代表", "reading_system_answer": null}, {"question": "054aegate型号是", "answer": "054A", "reading_system_answer": null}, {"question": "054ategategategatega所代表的护卫舰是frigatea所代表", "answer": "护卫舰", "reading_system_answer": null}]}, {"text": "其远洋航行能力、综合作战能力都与作为轻型护卫舰", "qa_pairs": [{"question": "、综合作战能力都与作为轻型护卫舰的国家其轻洋航行能力、综合作战能力都与作为轻型", "answer": "远洋航行能力", "reading_system_answer": null}, {"question": "、综洋航行能力、综合作战能力都与作为轻型护卫舰的国家其轻型航行能力、综合作战能", "answer": "护卫舰", "reading_system_answer": null}, {"question": "、综合作战能力都与作为轻型护卫舰的国家其轻能作为轻型护卫舰的国家、综洋航行能力", "answer": "能力", "reading_system_answer": null}]}, {"text": "也就是Corvette的056系列有着几乎本质的区别", "qa_pairs": [{"question": "corvette的056系列有着几乎本质的区别是", "answer": "本质", "reading_system_answer": null}, {"question": "corvette的056系列有着几乎本质的区别", "answer": "区别", "reading_system_answer": null}, {"question": "corvette的056系列有着几乎本质的区别的系列是", "answer": "056系列", "reading_system_answer": null}, {"question": "cetteeeeeeeeeeeeertt0系列有着几乎本质的区别", "answer": "Corvette", "reading_system_answer": null}]}, {"text": "尽管中文名都有“护卫舰”字样", "qa_pairs": [{"question": "尽管中文名都有“护卫舰”字样的是哪一型号", "answer": "中文名", "reading_system_answer": null}, {"question": "尽护卫舰”字样的“护卫舰”字样是什么", "answer": "护卫舰", "reading_system_answer": null}, {"question": "尽护卫舰”字样的是哪个舰", "answer": "字样", "reading_system_answer": null}]}, {"text": "056系列其实更符合之前037型猎潜艇所扮演的角色", "qa_pairs": [{"question": "037型猎潜艇所扮演的角色是什么", "answer": "猎潜艇", "reading_system_answer": null}, {"question": "037型猎潜艇所扮演的角色是什么", "answer": "角色", "reading_system_answer": null}, {"question": "056型猎潜艇所扮演的角色是什么", "answer": "056系列", "reading_system_answer": null}, {"question": "056系列其实更符合之前056系列其角色的扮演的角色是什么", "answer": "037", "reading_system_answer": "056系列其实更符合之前037型猎潜艇"}]}, {"text": "负责近海二线作战任务", "qa_pairs": [{"question": "负责近海二线作战任务是什么", "answer": "二线", "reading_system_answer": null}, {"question": "负责近海二线作战任务是什么", "answer": "任务", "reading_system_answer": null}]}, {"text": "应该全部使用“6XX”号段以示与远洋型护卫舰的定位、任务区别", "qa_pairs": [{"question": "应6xx”号护卫舰的定位、任务区别是什么", "answer": "护卫舰", "reading_system_answer": null}, {"question": "“6xx”号段以示与远洋型护卫舰的定位、任务区别是什么", "answer": "定位", "reading_system_answer": null}, {"question": "应6xx”号的护卫舰的定位、任务区别是什么", "answer": "6XX", "reading_system_answer": null}, {"question": "“6xx”号护卫舰的定位、任务区别是什么", "answer": "全部", "reading_system_answer": null}, {"question": "“6xx”号段以示与远洋型护卫舰的定位、任务区别是什么", "answer": "任务区别", "reading_system_answer": null}, {"question": "“6xx”号段以示与远洋型护卫舰的定位、任务区别是什么", "answer": "号段", "reading_system_answer": null}, {"question": "应6xx”号段以示与远洋型护卫舰的定位、任务区别是什么", "answer": "远洋", "reading_system_answer": null}]}, {"text": "然而", "qa_pairs": [{"question": "然而而然然而然然然然然然然然然然然然然然然而然而然而然而然而然而然而然而然而然", "answer": "", "reading_system_answer": null}]}, {"text": "从海军的实践来看", "qa_pairs": [{"question": "从海军的实践来看的海军的实践来看的海军的实践来看来的海军的海军的海军的海军的从", "answer": "海军", "reading_system_answer": null}]}, {"text": "056与054共同使用5XX号段", "qa_pairs": [{"question": "056与054共同使用的是什么型号的", "answer": "5XX号段", "reading_system_answer": "5XX号"}, {"question": "056与054共同使用5xx号段的原因是什么", "answer": "054", "reading_system_answer": null}, {"question": "056与054共同使用5xx号段的原因是什么", "answer": "056", "reading_system_answer": null}]}, {"text": "很显然这是把056视作护卫舰处理", "qa_pairs": [{"question": "很显然这是把056视作护卫舰处理的舰处理是什么", "answer": "护卫舰", "reading_system_answer": null}, {"question": "把056视作护卫舰处理是什么", "answer": "056", "reading_system_answer": null}]}, {"text": "054A和056差别非常大  号段的本意是为了实现舰种区分", "qa_pairs": [{"question": "054a和056差别非常大号段的本意是为了实现舰种区分是", "answer": "舰种区分", "reading_system_answer": null}, {"question": "054a和056差别非常大号段的本意是为了实现舰种区分的国家其舰种区分是什么", "answer": "号段", "reading_system_answer": null}, {"question": "054a和056差别非常大号段的本意是为了实现舰种区分的国家其舰种区分是什么", "answer": "054A", "reading_system_answer": null}, {"question": "054a和056差别非常大号段的本意是为了实现舰种区分的国家其舰种区分是什么", "answer": "056", "reading_system_answer": null}]}, {"text": "以此来方便管理和指挥", "qa_pairs": [{"question": "以此来方便管理和指挥的挥理和指挥的挥理是什么", "answer": "方便管理", "reading_system_answer": null}]}, {"text": "而056与054混用并不利于识别两者的不同", "qa_pairs": [{"question": "056与054混用并不利于识别两者的不同是什么", "answer": "两者", "reading_system_answer": null}, {"question": "056与054混用并不利于识别两者的不同是什么", "answer": "054", "reading_system_answer": null}, {"question": "056与054混用并不利于识别两者的不同是什么", "answer": "056", "reading_system_answer": null}]}, {"text": "而目前公开的、使用“6XX”号段的竟然是一艘054A", "qa_pairs": [{"question": "目6xx”号段的竟然是什么", "answer": "一艘054A", "reading_system_answer": null}, {"question": "“6xx”号段的竟然是一艘054a段的竟然是一艘054a号段的竟然是什么", "answer": "号段", "reading_system_answer": null}, {"question": "目6xx”号段的竟然是一艘054a号段的竟然是一艘054a号的国家使用的是什么", "answer": "6XX", "reading_system_answer": null}]}, {"text": "这实在是多少令人意外", "qa_pairs": [{"question": "多少令人意外的多少少令人意外", "answer": "多少", "reading_system_answer": null}]}, {"text": "至于054A和056系列还会建造多少", "qa_pairs": [{"question": "056系列还会建造的056系列还会建造的054a和054a和054a和0540", "answer": "多少", "reading_system_answer": null}, {"question": "054a和056系列还会建造多少", "answer": "056系列", "reading_system_answer": null}, {"question": "054a和056系列还会建造多少", "answer": "054A", "reading_system_answer": null}]}, {"text": "目前来看依然不得而知", "qa_pairs": [{"question": "目前来看依然不得而知的然看依然不得而知的然来看得依然不得而知看目前来目前不得而", "answer": "", "reading_system_answer": null}]}]}