{"passage": "据美国媒体9月10日报道称，近日部署在美国东海岸多个军事基地的3艘核动力航母出现了罕见的一幕，这些航母停止了原定的训练或是整修计划，统一的开出军港向远海进行机动，就在外界吃惊美国海军这次打的是什么算盘之际，美国军方发言人公布了事情的真相。原来是一场罕见的飓风将从10号开始在美国东海岸肆虐，其中美国海军重要的诺福克军港可能成为重灾区。  美媒表示，由于担忧飓风和可能出现的海啸对美国海军的宝贵资产造成影响，美国舰队司令部司令克里斯托弗•格雷迪下令停留在港口中的军舰出海进入安全的区域进行规模，直至危险警报被解除，因这一命名紧急出港的包括3艘核动力航母在内的超过30艘军舰，其余两艘部署在东海岸的航母因其中一艘正在船台进行维护，另外一艘则在海外执行任务。据资料显示，弗吉尼亚州的诺福克军港堪称美国海军最重要的军港，是美国海军5艘核动力航母，即“艾森豪威尔”号、“罗斯福”号、“林肯”号、“杜鲁门”号和“布什”号的母港，这里最多能够同时容纳6艘航母。从地理位置上看，诺福克军港十分靠近美国首都华盛顿特区，能够支持海军在大西洋、地中海和印度洋的军事行动。  美媒表示，美国军舰紧急出港躲避恶劣天气的情况并不罕见，在过去几年中美国海军曾多次因为飓风和海啸下达对军港内军舰的避险通知，但这次的规模确实是非常惊人。根据美国军方此前发布的信息，出港的军舰可能需要在外停留到本周末前，才能重新返回驻扎的母港。值得一提的是，美国在本土和太平洋的军事基地近年来多次受到恶劣天气的考验，此前不久驻夏威夷和关岛的美军飞机就因为躲避台风被迫部署到日本本州岛北部的军事基地。", "sentences": [{"text": "据美国媒体9月10日报道称", "qa_pairs": [{"question": "9月10日报道称为什么", "answer": "美国媒体9月10日", "reading_system_answer": null}]}, {"text": "近日部署在美国东海岸多个军事基地的3艘核动力航母出现了罕见的一幕", "qa_pairs": [{"question": "近日部署在美国东海岸多个军事基地的3艘核动力航母出现了罕见的一幕是什么", "answer": "3艘核动力航母", "reading_system_answer": null}, {"question": "近日部署在美国东海岸多个军事基地的3艘核动力航母出现了罕见的一幕是什么", "answer": "多个军事基地", "reading_system_answer": null}, {"question": "近日部署在美国东海岸多个军事基地的3艘核动力航母出现了罕见的一幕是哪个国家多个", "answer": "美国", "reading_system_answer": null}, {"question": "近日部署在美国东海岸多个军事基地的3艘核动力航母出现了罕见的一幕是什么", "answer": "部署", "reading_system_answer": null}, {"question": "近日部署在美国东海岸多个军事基地的3艘核动力航母出现了罕见的一幕是什么", "answer": "一幕", "reading_system_answer": null}]}, {"text": "这些航母停止了原定的训练或是整修计划", "qa_pairs": [{"question": "航母停止了原定的训练或是整修计划的目的是什么", "answer": "计划", "reading_system_answer": null}, {"question": "停止了原定的训练或是整修计划的国家的航母停止了原定的训练或是整修计划的国家其停", "answer": "航母", "reading_system_answer": null}]}, {"text": "统一的开出军港向远海进行机动", "qa_pairs": [{"question": "统一的开出军港向远海进行机动的军港向远海进行机动是什么", "answer": "机动", "reading_system_answer": null}, {"question": "统一的开出军港向远海进行机动是什么", "answer": "军港向远海", "reading_system_answer": null}]}, {"text": "就在外界吃惊美国海军这次打的是什么算盘之际", "qa_pairs": [{"question": "就在外界吃惊美国海军的国家在外盘之际的国家在外盘之际的国家在外盘之际的国家在外", "answer": "美国海军", "reading_system_answer": null}, {"question": "美国海军这次打的是什么", "answer": "外界", "reading_system_answer": "什么算盘"}]}, {"text": "美国军方发言人公布了事情的真相", "qa_pairs": [{"question": "美国军方发言人公布了事情的真相是什么", "answer": "事情", "reading_system_answer": null}, {"question": "美国军方发言人公布了事情的真相的是什么", "answer": "美国军方", "reading_system_answer": null}]}, {"text": "原来是一场罕见的飓风将从10号开始在美国东海岸肆虐", "qa_pairs": [{"question": "原来是一场罕见的飓风将从10号开始在美国东海岸肆虐的国家肆虐的肆虐是什么", "answer": "飓风", "reading_system_answer": null}, {"question": "飓0号开始在美国东海岸肆虐的肆虐是什么", "answer": "一场", "reading_system_answer": "原来是一场罕见的飓风"}, {"question": "一场罕见的飓风将从10号开始在美国东海岸肆虐的国家在10号开始在美国东海岸肆虐", "answer": "美国", "reading_system_answer": null}, {"question": "原来是一场罕见的飓风将从10号开始在美国东海岸肆虐的国家将从10号开始在美国东", "answer": "10号", "reading_system_answer": null}]}, {"text": "其中美国海军重要的诺福克军港可能成为重灾区", "qa_pairs": [{"question": "美国海军重要的诺福克军港可能成为重灾区的国家重要的诺福克军港可能成为重灾区的国", "answer": "美国海军", "reading_system_answer": null}, {"question": "美国海军重要的诺福克军港可能成为什么", "answer": "重灾区", "reading_system_answer": null}, {"question": "美国海军重要的诺福克军港是重灾区的国家其海军重要的诺福克军港可以成为重灾区的国", "answer": "诺福克军港", "reading_system_answer": null}]}, {"text": "美媒表示", "qa_pairs": [{"question": "美媒示美媒示表表表表表表表表表表表表示美媒美媒表表示美媒表表示美媒表美示美示美", "answer": "媒", "reading_system_answer": null}]}, {"text": "由于担忧飓风和可能出现的海啸对美国海军的宝贵资产造成影响", "qa_pairs": [{"question": "现的宝风和可能出现的海啸的宝贵资产造成影响是什么", "answer": "美国海军", "reading_system_answer": null}, {"question": "现的担忧飓风和可能出现的海啸对美国海军的宝贵资产造成影响的国家的宝风和可能出现", "answer": "海啸", "reading_system_answer": null}, {"question": "现的海啸对美国海军的宝贵资产造成影响的国家对美国海军的宝贵资产造成影响的国家对", "answer": "飓风", "reading_system_answer": "由于担忧飓风和可能出现的海啸"}, {"question": "现的海啸对美国海军的宝贵资产造成影响的国家对美国海军的宝贵资产造成影响的国家对", "answer": "宝贵资产", "reading_system_answer": "由于担忧飓风和可能出现的海啸"}]}, {"text": "美国舰队司令部司令克里斯托弗•格雷迪下令停留在港口中的军舰出海进入安全的区域进行规模", "qa_pairs": [{"question": "美国舰队司雷迪下令停留在港口中的军舰出海进入安全的区域进行规模的国家在港口中的", "answer": "区域", "reading_system_answer": null}, {"question": "美国舰队司令部司令克里斯托弗•格雷迪下令停留在港口中的军舰出海进入安全的区域进", "answer": "规模", "reading_system_answer": null}, {"question": "美国舰队司令部司令克里斯托弗•格雷迪下令停留在港口中的军舰出海进入安全的区域进", "answer": "格雷迪", "reading_system_answer": null}, {"question": "美国舰队司令部司令克里斯托弗•格雷迪下令停留在港口中的军舰出海进入安全的区域进", "answer": "军舰", "reading_system_answer": null}, {"question": "美国舰队司令部司令克里斯托弗•格雷迪下令停留在港口中的军舰出海进入安全的区域进", "answer": "港口", "reading_system_answer": null}, {"question": "美国舰队司令部司令海进入安全的区域进行规模的国家在港口中的军舰出海进入安全的区", "answer": "美国舰队司令部司令", "reading_system_answer": null}]}, {"text": "直至危险警报被解除", "qa_pairs": [{"question": "直至危险警报被解除直至危险警报被解除直至危险警报被解除直至危险直报被命除警至直", "answer": "警报", "reading_system_answer": null}]}, {"text": "因这一命名紧急出港的包括3艘核动力航母在内的超过30艘军舰", "qa_pairs": [{"question": "3艘核动力航母在内的超过30艘军舰是什么", "answer": "出港", "reading_system_answer": null}, {"question": "在内的超过30艘军舰的国家在内的超过30艘军舰的国家在3艘核动力航母在内的超过", "answer": "一命名", "reading_system_answer": null}, {"question": "3艘核动力航母在内的超过30艘军舰是什么", "answer": "3艘核动力航母", "reading_system_answer": null}, {"question": "3艘核动力航母在内的超过什么型号的军舰", "answer": "30艘军舰", "reading_system_answer": "30艘"}]}, {"text": "其余两艘部署在东海岸的航母因其中一艘正在船台进行维护", "qa_pairs": [{"question": "在东海岸的航母因为中国两艘部署在东海岸的航母其正在船台进行维护的国家在船台进行", "answer": "两艘部署", "reading_system_answer": null}, {"question": "其中一艘正在船台进行维护的国家在东海岸的航母因为一艘正在船台进行维护的国家在东", "answer": "船台", "reading_system_answer": "其余两艘部署在东海岸的航母"}, {"question": "其余两艘部署在东海岸的航母因为什么要在船台进行维护", "answer": "一艘", "reading_system_answer": "其中一艘"}, {"question": "其中一艘正在船台进行维护的国家在东海岸的航母因为什么因在船台进行维护", "answer": "航母", "reading_system_answer": "其余两艘部署在东海岸的航母因其中一艘"}]}, {"text": "另外一艘则在海外执行任务", "qa_pairs": [{"question": "另一艘则在海外执行任务的国家外务是什么", "answer": "一艘", "reading_system_answer": null}, {"question": "另一艘则在海外执行海外执行海外执行中海军在海外执行中一艘在海外则执行中外执行的", "answer": "任务", "reading_system_answer": null}]}, {"text": "据资料显示", "qa_pairs": [{"question": "资料显示资料资示资料资示资料资示资料资料资料资料资料的显显是什么", "answer": "资料", "reading_system_answer": null}]}, {"text": "弗吉尼亚州的诺福克军港堪称美国海军最重要的军港", "qa_pairs": [{"question": "弗吉尼亚州的诺福克军港堪称美国海军最重要的军港是什么", "answer": "美国海军", "reading_system_answer": null}, {"question": "弗吉尼亚州的诺福克军港堪称美国海军最重要的军港是什么", "answer": "诺福克军港", "reading_system_answer": null}, {"question": "弗吉尼亚州的诺福克军港堪称美国海军最重要的军港是什么", "answer": "弗吉尼亚州", "reading_system_answer": null}, {"question": "弗吉尼亚州的诺福克军港堪称美国海军最重要的军港是什么", "answer": "军港", "reading_system_answer": null}]}, {"text": "是美国海军5艘核动力航母", "qa_pairs": [{"question": "美国海军5艘核动力航母是什么", "answer": "美国海军5艘核动力航母", "reading_system_answer": null}]}, {"text": "即“艾森豪威尔”号、“罗斯福”号、“林肯”号、“杜鲁门”号和“布什”号的母港", "qa_pairs": [{"question": "即号““杜杜、、、、、、、、的的的的和和和和和和和和和和和和和和和母母母母母母", "answer": "罗斯福", "reading_system_answer": "艾森豪威尔”号、“罗斯福”号、“林肯”号、“杜鲁门”号和“布什”号"}, {"question": "、、““林林号号号号、、、、、、、的的的的和和和和和和和和和和母母母母母母母母", "answer": "艾森豪威尔", "reading_system_answer": "艾森豪威尔”号、“罗斯福”号、“林肯”号、“杜鲁门”号和“布什”号"}, {"question": "即“““杜“、、、、、、、、、、、、、、、、、、、、、、、、、、、、、、、、、", "answer": "母港", "reading_system_answer": null}, {"question": "即“杜“杜杜、号号号号号、、、、、、、、、、、、、、、、、、、、、、、、、、、", "answer": "杜鲁门", "reading_system_answer": null}, {"question": "即“林“杜杜杜的的的的的、、、、、、、、、、和和和和和和、、、、、、、、、””", "answer": "林肯", "reading_system_answer": "艾森豪威尔”号、“罗斯福”号、“林肯”号、“杜鲁门”号和“布什”号"}, {"question": "、“““林号号号、“林号、“林号、“的号、“的号、“的号母“的号母“的号母号的", "answer": "号", "reading_system_answer": "艾森豪威尔”号、“罗斯福”号、“林肯”号、“杜鲁门”号和“布什”号"}]}, {"text": "这里最多能够同时容纳6艘航母", "qa_pairs": [{"question": "里里最多能够同时容纳6艘航母是什么", "answer": "容纳6艘航母", "reading_system_answer": null}, {"question": "容纳6艘航母是哪一艘", "answer": "多", "reading_system_answer": null}]}, {"text": "从地理位置上看", "qa_pairs": [{"question": "从地理位置上看理位置上看理位置上看理从地理位置上看理从地地从理从地地地理从置上", "answer": "地理位置", "reading_system_answer": null}]}, {"text": "诺福克军港十分靠近美国首都华盛顿特区", "qa_pairs": [{"question": "诺福克军港十分靠近美国首都华盛顿特区的国家特区是哪个国家", "answer": "美国", "reading_system_answer": null}, {"question": "诺福克军港十分靠近美国首都华盛顿特区是哪个", "answer": "华盛顿特区", "reading_system_answer": null}, {"question": "美国首都华盛顿特区是哪个", "answer": "诺福克军港十分", "reading_system_answer": "诺福克军港"}]}, {"text": "能够支持海军在大西洋、地中海和印度洋的军事行动", "qa_pairs": [{"question": "能够支持海军在大西洋、地中海和印度洋的军事行动的国家在大西洋、地中海和印度洋的", "answer": "大西洋", "reading_system_answer": null}, {"question": "能够支持海军在大西洋、地中海和印度洋的军事行动的国家在大西洋、地中海和印度洋的", "answer": "地中海", "reading_system_answer": null}, {"question": "能够支持海军在大西洋、地中海和印度洋的军事行动的国家在大西洋、地中海和印度洋的", "answer": "军事行动", "reading_system_answer": null}, {"question": "能够支持海军在大西洋、地中海和印度洋的军事行动的国家在大西洋、地中海和印度洋的", "answer": "海军", "reading_system_answer": null}, {"question": "能够支持海军在大西洋、地中海和印度洋的军事行动是什么", "answer": "印度洋", "reading_system_answer": null}]}, {"text": "美媒表示", "qa_pairs": [{"question": "美媒示美媒示表表表表表表表表表表表表示美媒美媒表表示美媒表表示美媒表美示美示美", "answer": "媒", "reading_system_answer": null}]}, {"text": "美国军舰紧急出港躲避恶劣天气的情况并不罕见", "qa_pairs": [{"question": "美国军舰紧急出恶劣天气的情况并不罕见的紧急避恶劣天气的情况并不罕见的紧急避恶劣", "answer": "出港", "reading_system_answer": null}, {"question": "美国军舰紧急出港躲避港躲避罕见的气的情况是什么", "answer": "情况", "reading_system_answer": null}, {"question": "美国军舰紧急出港躲避恶劣天气的情况并不罕见的紧急恶劣天气的情况并不罕见的舰舰是", "answer": "美国军舰", "reading_system_answer": null}, {"question": "美国军舰紧急出港躲避恶劣天气的情况并不罕见美国军舰紧急出港躲避恶劣天气的情况并", "answer": "天气", "reading_system_answer": null}]}, {"text": "在过去几年中美国海军曾多次因为飓风和海啸下达对军港内军舰的避险通知", "qa_pairs": [{"question": "美国海军曾多次因为飓风和海啸下达对军港内军舰的避险通知的国家曾多次中美国海军下", "answer": "美国海军", "reading_system_answer": "在过去几年"}, {"question": "美国海军曾多次因为飓风和海啸下达对军港内军舰的避险通知的国家在过去几年中美国海", "answer": "海啸", "reading_system_answer": "在过去几年"}, {"question": "美国海军曾多次因为飓风和海啸下达对军港内军舰的避险通知的国家曾多年中美国海军曾", "answer": "几年", "reading_system_answer": "在过去几年"}, {"question": "美国海军曾多次因为飓风和海啸下达对军港内军舰的避险通知的国家在过去几年中美国海", "answer": "飓风", "reading_system_answer": "在过去几年"}, {"question": "美国海军曾多次因为飓风和海啸下达对军港内军舰的避险通知的国家在过去几年中美国海", "answer": "军港内军舰", "reading_system_answer": "在过去几年"}]}, {"text": "但这次的规模确实是非常惊人", "qa_pairs": [{"question": "规模确实是非常惊人的原因是什么", "answer": "规模", "reading_system_answer": null}]}, {"text": "根据美国军方此前发布的信息", "qa_pairs": [{"question": "根据美国军方此前发布的信息是什么", "answer": "信息", "reading_system_answer": null}, {"question": "根据美国军方此前发布的信息的国家此前发布的信息是", "answer": "美国军方", "reading_system_answer": null}]}, {"text": "出港的军舰可能需要在外停留到本周末前", "qa_pairs": [{"question": "出本周末前外本周末舰的出要在外停留到本周的军舰的国家的出要需能需能需能留到外本", "answer": "出港", "reading_system_answer": "出港的军舰"}, {"question": "出港的军舰可能需要在外停留到本周末前前本周末前的国家的军舰其军舰的国家在外港的", "answer": "军舰", "reading_system_answer": null}]}, {"text": "才能重新返回驻扎的母港", "qa_pairs": [{"question": "驻扎的母港是什么", "answer": "母港", "reading_system_answer": null}]}, {"text": "值得一提的是", "qa_pairs": [{"question": "值得一提的是一提的是什么", "answer": "", "reading_system_answer": null}]}, {"text": "美国在本土和太平洋的军事基地近年来多次受到恶劣天气的考验", "qa_pairs": [{"question": "美国在本土和太平洋的军事基地近年来多次受到恶劣天气的考验的考验的是什么", "answer": "天气", "reading_system_answer": null}, {"question": "美国在本土和太平洋的军事基地近年来多次受到恶劣天气的考验的国家在本土和太平洋的", "answer": "本土", "reading_system_answer": null}, {"question": "美国在本土和太平洋的军事基地近年来多次受到恶劣天气的考验的国家在美土和太平洋的", "answer": "美国", "reading_system_answer": null}, {"question": "美国在本土和太平洋的军事基地近年来多次受到恶劣天气的考验的国家在美土和太平洋的", "answer": "多次", "reading_system_answer": null}, {"question": "美国在本土和太平洋的军事基地近年来多次受到恶劣天气的考验的国家在本土和太平洋的", "answer": "太平洋", "reading_system_answer": null}, {"question": "美国在本土和太平洋的军事基地近年来多次受到恶劣天气的考验的国家在美土和太平洋的", "answer": "军事基地", "reading_system_answer": null}]}, {"text": "此前不久驻夏威夷和关岛的美军飞机就因为躲避台风被迫部署到日本本州岛北部的军事基地", "qa_pairs": [{"question": "驻夏威夷和关岛的美军飞机就因为躲避台风被迫部署到日本本州岛北部的军事基地的国家", "answer": "台风", "reading_system_answer": null}, {"question": "美军飞机就因为躲避台风被迫部署到日本本州岛北部的军事基地的国家其州岛北部的军事", "answer": "夏威夷", "reading_system_answer": "驻夏威夷和关岛"}, {"question": "美国州岛北部的军事基地的国家在驻夏威夷和关岛的美军飞机就因为躲避台风被迫部署到", "answer": "关岛", "reading_system_answer": null}, {"question": "驻夏威夷和关岛的美军飞机就因为躲避台风被迫部署到日本本不久驻夏威夷和关岛的军事", "answer": "日本本州岛", "reading_system_answer": null}, {"question": "驻夏威夷和关岛的美军飞机就因为躲避台风被迫部署到日本本州岛北部的军事基地的国家", "answer": "部署", "reading_system_answer": null}, {"question": "台风被迫部署到日本本州岛北部的军事基地是什么", "answer": "军事基地", "reading_system_answer": null}, {"question": "驻夏威夷和关岛的军事基地是什么", "answer": "飞机", "reading_system_answer": "日本本州岛北部"}]}]}