{"passage": "据俄罗斯卫星通讯社11月25日报道，乌克兰海军三艘军舰穿越俄罗斯临时关闭的海域，驶往刻赤海峡。乌克兰海军的这一行动，很明显有为明年上半年即将举行的乌克兰大选拉票的嫌疑，乌克兰国内的亲西方派在顿巴斯挑衅还不过瘾，还想通过炒热克里米亚局势，进一步刺激乌克兰国内的民族情绪。这次军事挑衅行动非常鲁莽，而且注意力并不在这一地区的美国人很难护乌克兰人周全，吃亏的只有可能是乌克兰人。但是俄罗斯刻赤海峡大桥竣工之后，对于克里米亚以及整个亚速海地区的控制力明显增强，乌克兰当局也确实有不得不为的苦衷，这可能就是实力不足的小国面对地区大国的悲哀吧。   海上挑衅是乌克兰系列挑衅行动的一环  2019年上半年乌克兰即将迎来总统大选，目前在民调中领先的季莫申科主张缓和对俄关系，在俄罗斯和西方之间寻求某种平衡。波罗申科政府为了赢得选举的胜利，最简单的方法就是刺激乌克兰民族主义情绪。近期波罗申科政府不断进行军事挑衅，就是有意要让乌克兰人回想起俄罗斯强占乌克兰土地的暴行。在陆地上，由于乌克兰军队的战斗力实在太渣，波罗申科也不敢轻易发动大规模的地面攻势，以免遭受更大的耻辱，乌克兰政府军也是敢远距离炮击一下顿巴斯地区，给顿巴斯的俄罗斯族居民添添乱而已。  今天乌克兰海军又不顾俄罗斯政府的警告，派遣军舰强行通过俄罗斯临时关闭海域，进入刻赤海峡区域，也是为了制造海上的紧张局势，达到与顿巴斯炮击同样的效果。从俄罗斯卫星通信社公布的图片看，乌克兰海军派出的舰船都属于小吨位的高速舰艇，挑衅的意味非常浓厚，但根本不可能对克里米亚和俄罗斯沿海地区造成大的威胁。说不定接下来乌克兰政府还会在空中制造摩擦，完全不值得大惊小怪。   乌克兰的海上挑衅，比陆上挑衅行动更加必要  除了拉票之外，乌克兰之所以在陆上进行挑衅，还有一个重要目的是要向国际社会表达自己绝不承认顿巴斯地方选举的有效性，更不承认俄罗斯鼓动顿巴斯自治的合法性。而乌克兰在海上进行挑衅的目的，还有确保乌克兰对刻赤海峡的正常使用权、维护乌克兰亚速海沿岸地区合法权益的目的。  俄罗斯吞并克里米亚，尤其是在修建刻赤海峡大桥之后，事实上将乌克兰亚速海沿岸地区彻底封死在海峡以内，对于乌克兰的主权和经济利益都造成了严重的损害。即便乌克兰没有能力收复克里米亚，也要确保刻赤海峡是乌克兰能够正常使用的国际水道。既然刻赤海峡是国际水道，那么俄罗斯私自关闭相关海域就是非法的，这次乌克兰海军不顾俄罗斯的警告，坚持强闯刻赤海峡，就是想要宣示自己的主张。应该说，乌克兰海上挑衅的必要性显然要比陆上挑衅更为重要。  俄罗斯不会对乌克兰的挑衅做出强硬回击  冤冤相报何时了。俄罗斯在乌克兰已经获得了足够的利益，现在当然希望乌克兰局势能够逐步走向平稳，把已经咬在嘴里的肉好好消化消化。普京非常清楚，乌克兰近期的疯狂挑衅至少有60%的可能性是为了2019年的选举。如果俄罗斯进行军事还击，乌克兰国内的反俄情绪势必高涨，乌克兰选举则会朝着不利于俄罗斯的方向发展，那就真中了波罗申科的圈套了。  此外，如果俄罗斯对乌克兰的军事回击造成了严重的后果，比如击伤甚至击沉乌克兰军舰，确实能爽一时，但是也给美国等西方国家海军力量全面介入黑海创造了提供了口实。前苏联解体之后，俄罗斯海军实力大幅度下降，黑海舰队现在能维持正常运转已经非常不容易了，如果再把美国等西方国家的海军力量引入这一区域，对于俄罗斯在这一区域的海上控制权是非常不利的。   虽然乌克兰在刻赤海峡海域的挑衅意味明显，但是俄罗斯为了长远着想，还是应该退让一步。毕竟克里米亚已经占领了，刻赤海峡大桥也已经修建了，如果俄罗斯还打算把这一海域完全据为己有，将乌克兰数百公里的亚速海区域彻底封死，显然有些不太厚道。正所谓狗急跳墙，已经占尽便宜的俄罗斯，如果非要把乌克兰逼到墙角，可能会适得其反，也完全没有必要。", "sentences": [{"text": "据俄罗斯卫星通讯社11月25日报道", "qa_pairs": [{"question": "俄罗斯卫星通讯社11月25日报道俄罗斯卫星通讯社11月25日报道俄罗斯卫星通讯", "answer": "俄罗斯卫星通讯社11月25日", "reading_system_answer": null}]}, {"text": "乌克兰海军三艘军舰穿越俄罗斯临时关闭的海域", "qa_pairs": [{"question": "乌克兰海军三艘军舰穿越俄罗斯临时关闭的海域是什么", "answer": "海域", "reading_system_answer": null}, {"question": "穿越俄罗斯临时关闭的海域是哪一艘", "answer": "乌克兰海军三艘军舰", "reading_system_answer": "乌克兰海军三艘军舰"}, {"question": "乌克兰海军三艘军舰穿越俄罗斯临时关闭的海域是什么", "answer": "俄罗斯", "reading_system_answer": null}]}, {"text": "驶往刻赤海峡", "qa_pairs": [{"question": "驶往刻赤海峡的海峡的海峡是什么", "answer": "刻赤海峡", "reading_system_answer": null}]}, {"text": "乌克兰海军的这一行动", "qa_pairs": [{"question": "乌克兰海军的这一行动是什么", "answer": "乌克兰海军", "reading_system_answer": null}]}, {"text": "很明显有为明年上半年即将举行的乌克兰大选拉票的嫌疑", "qa_pairs": [{"question": "明显有为明年上半年即将举行的乌克兰大选拉票的嫌疑是什么", "answer": "乌克兰", "reading_system_answer": null}, {"question": "乌克兰大选拉票的嫌疑是什么", "answer": "拉票", "reading_system_answer": null}]}, {"text": "乌克兰国内的亲西方派在顿巴斯挑衅还不过瘾", "qa_pairs": [{"question": "乌克兰国内的亲西方派在顿巴斯挑衅还不过瘾的国家在顿巴斯挑衅还不过瘾的国家在顿巴", "answer": "顿巴斯", "reading_system_answer": null}, {"question": "乌克兰国内的亲西方派在顿巴斯挑衅还不过瘾的国家在顿巴斯挑衅还不过瘾的国家在顿巴", "answer": "乌克兰", "reading_system_answer": null}, {"question": "乌克兰国内的亲西方派在顿巴斯挑衅还不过瘾的目的是", "answer": "过瘾", "reading_system_answer": null}, {"question": "乌克兰国内的亲西方派在顿巴斯挑衅还不过瘾的国家在顿巴斯挑衅还不过瘾的国家在乌克", "answer": "亲", "reading_system_answer": null}]}, {"text": "还想通过炒热克里米亚局势", "qa_pairs": [{"question": "炒热克里米亚局势的炒热克里米亚局势是什么", "answer": "局势", "reading_system_answer": null}]}, {"text": "进一步刺激乌克兰国内的民族情绪", "qa_pairs": [{"question": "进一步刺激乌克兰国内的民族情绪是什么", "answer": "乌克兰", "reading_system_answer": null}, {"question": "进一步刺激乌克兰国内的民族情绪是什么", "answer": "民族情绪", "reading_system_answer": null}]}, {"text": "这次军事挑衅行动非常鲁莽", "qa_pairs": [{"question": "这次军事挑衅行动非常挑衅行动非常挑衅行动非常挑衅这次军事挑衅非鲁莽是什么", "answer": "鲁莽", "reading_system_answer": null}]}, {"text": "而且注意力并不在这一地区的美国人很难护乌克兰人周全", "qa_pairs": [{"question": "美国人很难护乌克兰人周全力并不在这一地区的美国人很难护乌克兰人周全力并不在这一", "answer": "美国人", "reading_system_answer": "注意力并不在这一地区"}, {"question": "美国人很难护乌克兰人周全力并不在这一地区的美国人很难护乌克兰人周全力并不在这一", "answer": "一地区", "reading_system_answer": "注意力并不在这一地区"}, {"question": "美国人很难护乌克兰人周全力并不在这一地区的美国人很难护乌克兰人周全力的国家在这", "answer": "周全", "reading_system_answer": null}, {"question": "美国人很难护乌克兰人周全力并不在这一地区的美国人很难护乌克兰人周全力并不在这一", "answer": "注意力", "reading_system_answer": "注意力并不在这一地区"}]}, {"text": "吃亏的只有可能是乌克兰人", "qa_pairs": [{"question": "乌克兰人驱逐舰驱逐舰的乌克兰人的兰克兰克兰克兰人驱逐舰驱逐舰是乌克兰人的国家其", "answer": "", "reading_system_answer": null}]}, {"text": "但是俄罗斯刻赤海峡大桥竣工之后", "qa_pairs": [{"question": "俄罗斯刻赤海峡大桥竣工之后是什么", "answer": "俄罗斯刻赤海峡大桥", "reading_system_answer": null}]}, {"text": "对于克里米亚以及整个亚速海地区的控制力明显增强", "qa_pairs": [{"question": "对于克里米亚以及整个亚速海地区的控制力明显增强", "answer": "控制力明显增强", "reading_system_answer": null}, {"question": "对于克里米亚以及整个亚速海地区的控制力明显增强", "answer": "亚速海地区", "reading_system_answer": null}]}, {"text": "乌克兰当局也确实有不得不为的苦衷", "qa_pairs": [{"question": "乌克兰认为乌克兰认为乌克兰认为乌克兰认为乌克当局也确实有不得不为的苦衷的原因是", "answer": "苦衷", "reading_system_answer": null}, {"question": "乌克兰当局也确实有不得不为的苦衷是什么", "answer": "乌克兰当局", "reading_system_answer": null}]}, {"text": "这可能就是实力不足的小国面对地区大国的悲哀吧", "qa_pairs": [{"question": "实力不足的小国面对地区大国的悲哀吧是什么", "answer": "实力", "reading_system_answer": null}, {"question": "实力不足的小国面对地区大国的悲哀吧是什么", "answer": "小国", "reading_system_answer": null}, {"question": "实力不足的小国面对地区大国的悲哀吧是什么", "answer": "地区大国", "reading_system_answer": null}]}, {"text": "海上挑衅是乌克兰系列挑衅行动的一环  2019年上半年乌克兰即将迎来总统大选", "qa_pairs": [{"question": "乌克兰系列挑衅行动的一环2019年上半年乌克兰即将迎来总统大选是", "answer": "2019年", "reading_system_answer": "海上挑衅"}, {"question": "乌克兰即将迎来总统大选的国家即将迎来总统大选是哪一个", "answer": "一环", "reading_system_answer": "海上挑衅"}, {"question": "海上挑衅是乌克兰系列挑衅行动的一环2019年上半年乌克兰即将迎来总统大选的国家", "answer": "乌克兰系列", "reading_system_answer": null}, {"question": "乌克兰即将迎来总统大选的国家即将迎来总统大选是哪个", "answer": "总统大选", "reading_system_answer": "海上挑衅是乌克兰系列挑衅行动的一环  2019年上半年"}, {"question": "海上挑衅是乌克兰系列挑衅行动的一环2019年上半年乌克兰即将迎来总统大选的国家", "answer": "乌克兰", "reading_system_answer": null}]}, {"text": "目前在民调中领先的季莫申科主张缓和对俄关系", "qa_pairs": [{"question": "目前在民调中领先的季莫申科主张缓和对俄关系的国家在民调中领先的季莫申科主张缓和", "answer": "民调", "reading_system_answer": null}, {"question": "目前在民调中领先的季莫申科主张缓和对俄关系的国家目前在民调中领先的季莫申科主张", "answer": "季莫申科主张", "reading_system_answer": null}, {"question": "目前在民调中领先的季莫申科主张缓和对俄关系的国家在民调中领先的季莫申科主张缓和", "answer": "俄关系", "reading_system_answer": null}, {"question": "目前在民调中领先的季莫申科主张缓和对俄关系的国家在民调中领先的季莫申科主张缓和", "answer": "领先", "reading_system_answer": null}]}, {"text": "在俄罗斯和西方之间寻求某种平衡", "qa_pairs": [{"question": "在俄罗斯和西方之间寻求某种平衡的国家在俄罗斯和西方之间寻求某种平衡是什么", "answer": "俄罗斯", "reading_system_answer": null}]}, {"text": "波罗申科政府为了赢得选举的胜利", "qa_pairs": [{"question": "波罗申科政府为了赢得选举的胜利是什么", "answer": "罗申科政府", "reading_system_answer": null}]}, {"text": "最简单的方法就是刺激乌克兰民族主义情绪", "qa_pairs": [{"question": "刺激乌克兰民族主义情绪的主要情法是哪个", "answer": "方法", "reading_system_answer": null}, {"question": "最简单的方法就是刺激的哪个型号的主要情绪", "answer": "乌克兰民族主义情绪", "reading_system_answer": "乌克兰民族主义"}]}, {"text": "近期波罗申科政府不断进行军事挑衅", "qa_pairs": [{"question": "近期波罗申科政府不断进行军事挑衅的科政府不断进行军事挑衅是什么", "answer": "罗申科政府", "reading_system_answer": null}]}, {"text": "就是有意要让乌克兰人回想起俄罗斯强占乌克兰土地的暴行", "qa_pairs": [{"question": "俄罗斯强占乌克兰土地的暴行是什么", "answer": "乌克兰土地", "reading_system_answer": null}, {"question": "乌克兰土地的暴行是什么", "answer": "俄罗斯", "reading_system_answer": null}]}, {"text": "在陆地上", "qa_pairs": [{"question": "在陆地上陆地上陆地上上陆地陆在陆地上陆在陆地陆在在陆地上上上上上上上地陆陆陆陆", "answer": "陆地", "reading_system_answer": null}]}, {"text": "由于乌克兰军队的战斗力实在太渣", "qa_pairs": [{"question": "由于乌克兰军队的战斗力实在太渣的战斗力实在太渣的国家实在太渣的战斗力实在乌克兰", "answer": "战斗力", "reading_system_answer": null}, {"question": "由于乌克兰军队的战斗力实在太渣的战斗力实在什么实在太渣", "answer": "太渣", "reading_system_answer": null}, {"question": "由于乌克兰军队的战斗力实在太渣的国家实在太渣的哪些部队", "answer": "乌克兰军队", "reading_system_answer": null}]}, {"text": "波罗申科也不敢轻易发动大规模的地面攻势", "qa_pairs": [{"question": "波罗申科也不敢轻易发动大规模的地面攻势是什么", "answer": "地面攻势", "reading_system_answer": null}, {"question": "波罗申科也不敢轻易发动大规模的地面攻势是什么", "answer": "罗申科", "reading_system_answer": null}]}, {"text": "以免遭受更大的耻辱", "qa_pairs": [{"question": "以免遭受更大的耻辱的耻遭受更大的耻辱是什么", "answer": "耻辱", "reading_system_answer": null}]}, {"text": "乌克兰政府军也是敢远距离炮击一下顿巴斯地区", "qa_pairs": [{"question": "乌克兰政府军政府敢要一下顿斯地区军也是敢远距离炮击一下顿巴斯地区的国家在乌克兰", "answer": "远距离", "reading_system_answer": null}, {"question": "乌克兰政府军也是敢远距离炮击一下顿巴斯地区的国家在敢远距离炮击一下顿巴斯地区是", "answer": "一下顿巴斯地区", "reading_system_answer": null}, {"question": "敢远距离炮击一下顿巴斯地区的国家敢远距离炮击一下顿巴斯地区是什么", "answer": "乌克兰政府军", "reading_system_answer": "乌克兰政府军"}]}, {"text": "给顿巴斯的俄罗斯族居民添添乱而已", "qa_pairs": [{"question": "给顿巴斯的俄罗斯族居民添添乱而已已已已已已已添添乱而添添乱的居民添添乱而添添的", "answer": "顿巴斯", "reading_system_answer": null}, {"question": "给顿巴斯的俄罗斯族居民添添乱而已已已已已已已已添添乱而添添乱而添添的居民添乱而", "answer": "居民", "reading_system_answer": null}]}, {"text": "今天乌克兰海军又不顾俄罗斯政府的警告", "qa_pairs": [{"question": "今天乌克兰海军又不顾俄罗斯政府的警告是什么", "answer": "乌克兰海军", "reading_system_answer": null}, {"question": "今天乌克兰海军又不顾俄罗斯政府的警告是什么", "answer": "俄罗斯政府", "reading_system_answer": null}, {"question": "今天乌克兰海军又不顾俄罗斯政府的警告是什么", "answer": "警告", "reading_system_answer": null}]}, {"text": "派遣军舰强行通过俄罗斯临时关闭海域", "qa_pairs": [{"question": "派遣军舰强行通过俄罗斯临时关闭海域的国家临闭海域是什么", "answer": "海域", "reading_system_answer": null}, {"question": "派遣军舰强行通过俄罗斯临时关闭海域的国家临闭海域是什么", "answer": "俄罗斯", "reading_system_answer": null}, {"question": "派遣军舰强行通过俄罗斯临时关闭海域的国家临闭海域是什么", "answer": "军舰", "reading_system_answer": null}]}, {"text": "进入刻赤海峡区域", "qa_pairs": [{"question": "进入刻赤海峡区域进入赤海峡区域的国家进入刻做", "answer": "刻赤海峡区域", "reading_system_answer": null}]}, {"text": "也是为了制造海上的紧张局势", "qa_pairs": [{"question": "为什么说为了制造海上的紧张局势", "answer": "", "reading_system_answer": null}]}, {"text": "达到与顿巴斯炮击同样的效果", "qa_pairs": [{"question": "达到与顿巴斯炮击同样的效果的炮击同样的效果是", "answer": "顿巴斯", "reading_system_answer": null}, {"question": "达到与顿巴斯炮击同样的效果的效效效果是", "answer": "效果", "reading_system_answer": null}]}, {"text": "从俄罗斯卫星通信社公布的图片看", "qa_pairs": [{"question": "从俄罗斯卫星通信社公布的图片看的是哪一个片看", "answer": "图片", "reading_system_answer": null}, {"question": "从俄罗斯卫星通信社公布的图片看的是什么", "answer": "俄罗斯卫星通信社", "reading_system_answer": null}]}, {"text": "乌克兰海军派出的舰船都属于小吨位的高速舰艇", "qa_pairs": [{"question": "乌克兰海军派出的舰船都属于小吨位的高速舰艇的高速舰艇是什么", "answer": "吨位", "reading_system_answer": null}, {"question": "乌克兰海军派出的舰船都属于小吨位的高速舰艇的高速舰艇是什么", "answer": "舰船", "reading_system_answer": null}, {"question": "乌克兰海军派出的舰船都属于小吨位的高速舰艇是什么", "answer": "乌克兰海军", "reading_system_answer": null}, {"question": "乌克兰海军派出的舰船都属于小吨位的高速舰艇的高速舰艇是什么", "answer": "舰艇", "reading_system_answer": null}]}, {"text": "挑衅的意味非常浓厚", "qa_pairs": [{"question": "挑衅的意味非常浓厚的浓厚是什么", "answer": "意味", "reading_system_answer": null}]}, {"text": "但根本不可能对克里米亚和俄罗斯沿海地区造成大的威胁", "qa_pairs": [{"question": "米亚和俄罗斯沿海地区造成大的威胁的国家沿海地区造成大的威胁是什么", "answer": "俄罗斯沿海地区", "reading_system_answer": null}]}, {"text": "说不定接下来乌克兰政府还会在空中制造摩擦", "qa_pairs": [{"question": "乌克兰政府还会在空中制造摩擦的国家在空中制造摩擦的国家在空中制造的哪些战争", "answer": "乌克兰政府", "reading_system_answer": null}]}, {"text": "完全不值得大惊小怪", "qa_pairs": [{"question": "完值得大惊小怪的小怪是什么", "answer": "", "reading_system_answer": null}]}, {"text": "乌克兰的海上挑衅", "qa_pairs": [{"question": "乌克兰的海上挑衅是什么", "answer": "乌克兰", "reading_system_answer": null}]}, {"text": "比陆上挑衅行动更加必要  除了拉票之外", "qa_pairs": [{"question": "比拉票之外的除了拉票之外的除了拉票之外的挑衅行动更加必要除了拉票之外的挑衅行动", "answer": "拉票", "reading_system_answer": null}]}, {"text": "乌克兰之所以在陆上进行挑衅", "qa_pairs": [{"question": "乌克兰之所以在陆上进行挑衅的国家在陆上进行挑衅的国家在陆上进行挑衅的国家在乌克", "answer": "乌克兰", "reading_system_answer": null}]}, {"text": "还有一个重要目的是要向国际社会表达自己绝不承认顿巴斯地方选举的有效性", "qa_pairs": [{"question": "重要目的是要向国际社会表达自己绝不承认的国家自己绝不承认的国家自己方举的有效性", "answer": "顿巴斯地方", "reading_system_answer": "顿巴斯地方选举"}, {"question": "顿巴斯地方选举的有效性是什么", "answer": "目的", "reading_system_answer": null}, {"question": "顿巴斯地方选举的有效认为顿巴斯地方选举的有效性性是什么", "answer": "有效性", "reading_system_answer": null}, {"question": "重要目的是要向国际社会表达自己绝不承认顿巴斯地方选举的有效性是什么", "answer": "国际社会", "reading_system_answer": null}, {"question": "重要目的是要向国际社会表达自己绝不承认顿巴斯地方选举的有效性是什么", "answer": "一个", "reading_system_answer": null}]}, {"text": "更不承认俄罗斯鼓动顿巴斯自治的合法性", "qa_pairs": [{"question": "俄罗斯鼓动顿巴斯自治的合法性是什么", "answer": "顿巴斯", "reading_system_answer": null}, {"question": "俄罗斯鼓动顿巴斯自治的合法性是什么", "answer": "合法性", "reading_system_answer": null}, {"question": "俄罗斯鼓动顿巴斯自治的合法性是什么", "answer": "俄罗斯", "reading_system_answer": null}]}, {"text": "而乌克兰在海上进行挑衅的目的", "qa_pairs": [{"question": "乌克兰在海上进行挑衅的目的是什么", "answer": "乌克兰", "reading_system_answer": null}, {"question": "乌克兰在海上进行挑衅的目的是什么", "answer": "目的", "reading_system_answer": null}]}, {"text": "还有确保乌克兰对刻赤海峡的正常使用权、维护乌克兰亚速海沿岸地区合法权益的目的", "qa_pairs": [{"question": "乌克兰亚速海沿岸地区合法权益益目的是什么", "answer": "目的", "reading_system_answer": "确保乌克兰对刻赤海峡的正常使用权"}, {"question": "、、维护乌克兰亚速海沿岸地区合法权益益的目的是什么", "answer": "刻赤海峡", "reading_system_answer": "确保乌克兰对刻赤海峡的正常使用权"}, {"question": "、、维护乌克兰亚速海沿岸地区合法权益益的目的是什么", "answer": "使用权", "reading_system_answer": "确保乌克兰对刻赤海峡的正常使用权"}, {"question": "、、维护的是哪个", "answer": "乌克兰亚速海沿岸地区合法权益", "reading_system_answer": "维护乌克兰亚速海沿岸地区合法权益"}, {"question": "保乌克兰对刻赤海峡的正常使用权、维护乌克兰亚速海沿岸地区合法权益益目的是什么", "answer": "乌克兰", "reading_system_answer": null}]}, {"text": "俄罗斯吞并克里米亚", "qa_pairs": [{"question": "俄罗斯吞并克里米亚的吞并吞里米亚是哪个国家吞并克里米亚", "answer": "俄罗斯", "reading_system_answer": null}]}, {"text": "尤其是在修建刻赤海峡大桥之后", "qa_pairs": [{"question": "尤其是在修建刻赤海峡大桥的国家其修建刻赤海峡大桥的桥是什么", "answer": "刻赤海峡大桥", "reading_system_answer": null}]}, {"text": "事实上将乌克兰亚速海沿岸地区彻底封死在海峡以内", "qa_pairs": [{"question": "将乌克兰亚速海沿岸地区彻底封死在海峡以内的沿岸地区彻底封死在海峡以内的沿岸地区", "answer": "海峡", "reading_system_answer": null}, {"question": "将乌克兰亚速海沿岸地区彻底封死在海峡以内的沿岸地区彻底封死在海峡以内的沿岸地区", "answer": "乌克兰亚速海沿岸地区", "reading_system_answer": null}]}, {"text": "对于乌克兰的主权和经济利益都造成了严重的损害", "qa_pairs": [{"question": "对于乌克兰的主权和经济利益都造成了严重的损害的国家其主权和经济利益都造成了严重", "answer": "乌克兰", "reading_system_answer": null}, {"question": "对于乌克兰的主权和经济利益都造成了严重的损害的国家其主权和经济利益都造成了严重", "answer": "经济利益", "reading_system_answer": null}, {"question": "对于乌克兰的主权和经济利益都造成了严重的损害的主权是", "answer": "主权", "reading_system_answer": null}]}, {"text": "即便乌克兰没有能力收复克里米亚", "qa_pairs": [{"question": "即便乌克兰没有能力收复克里米亚的国家没有能力收复克里米亚的国家没有能力收复克里", "answer": "乌克兰", "reading_system_answer": null}, {"question": "乌克兰没有能力收复克里米亚的原因是什么", "answer": "能力", "reading_system_answer": null}]}, {"text": "也要确保刻赤海峡是乌克兰能够正常使用的国际水道", "qa_pairs": [{"question": "乌克兰能够正常使用的国际水道是哪个国家", "answer": "乌克兰", "reading_system_answer": "刻赤海峡"}, {"question": "乌克兰能够正常使用的国际水道是哪个", "answer": "刻赤海峡", "reading_system_answer": "刻赤海峡"}, {"question": "乌克兰能够正常使用的国际水道是哪个", "answer": "国际水道", "reading_system_answer": "刻赤海峡"}]}, {"text": "既然刻赤海峡是国际水道", "qa_pairs": [{"question": "赤海峡是国际水道的国家是国际水道的国家是", "answer": "刻赤海峡", "reading_system_answer": "刻赤海峡"}, {"question": "赤海峡是国际水道的国家是", "answer": "国际水道", "reading_system_answer": "刻赤海峡"}]}, {"text": "那么俄罗斯私自关闭相关海域就是非法的", "qa_pairs": [{"question": "俄罗斯私自关闭相关海域就是非法的关闭相关海域是什么", "answer": "海域", "reading_system_answer": null}, {"question": "俄罗斯私自关闭相关海域就是非法的俄罗斯私自关闭相关海域的国家其私法的关闭相关海", "answer": "俄罗斯", "reading_system_answer": null}]}, {"text": "这次乌克兰海军不顾俄罗斯的警告", "qa_pairs": [{"question": "俄罗斯的警告是哪个", "answer": "乌克兰海军", "reading_system_answer": "乌克兰海军"}, {"question": "乌克兰海军不顾俄罗斯的警告是什么", "answer": "警告", "reading_system_answer": null}, {"question": "乌克兰海军不顾俄罗斯的警告是哪个", "answer": "俄罗斯", "reading_system_answer": null}]}, {"text": "坚持强闯刻赤海峡", "qa_pairs": [{"question": "坚持强闯刻赤海峡的原因是什么", "answer": "刻赤海峡", "reading_system_answer": null}]}, {"text": "就是想要宣示自己的主张", "qa_pairs": [{"question": "就要宣示自己的主张是什么", "answer": "主张", "reading_system_answer": null}]}, {"text": "应该说", "qa_pairs": [{"question": "应该说中应该说中说说为什么", "answer": "", "reading_system_answer": null}]}, {"text": "乌克兰海上挑衅的必要性显然要比陆上挑衅更为重要", "qa_pairs": [{"question": "乌克兰海上挑衅的必要性显然要比陆上挑衅更为重要比陆上挑衅的海上挑衅的必要性显然", "answer": "乌克兰", "reading_system_answer": null}]}, {"text": "俄罗斯不会对乌克兰的挑衅做出强硬回击  冤冤相报何时了", "qa_pairs": [{"question": "俄罗斯不会对乌克兰的挑衅做出强硬回击冤冤相报何时了", "answer": "乌克兰", "reading_system_answer": null}, {"question": "俄罗斯不会对乌克兰的挑衅做出强硬回击冤冤相报何时了", "answer": "俄罗斯", "reading_system_answer": null}]}, {"text": "俄罗斯在乌克兰已经获得了足够的利益", "qa_pairs": [{"question": "俄罗斯在乌克兰已经获得了足够的利益是什么", "answer": "乌克兰", "reading_system_answer": null}, {"question": "俄罗斯在乌克兰已经获得了足够的利益是什么", "answer": "利益", "reading_system_answer": null}, {"question": "俄罗斯在乌克兰已经获得了足够的利益是什么", "answer": "俄罗斯", "reading_system_answer": null}]}, {"text": "现在当然希望乌克兰局势能够逐步走向平稳", "qa_pairs": [{"question": "希望乌克兰局势能够逐步走向平稳是什么", "answer": "乌克兰局势", "reading_system_answer": null}]}, {"text": "把已经咬在嘴里的肉好好消化消化", "qa_pairs": [{"question": "把咬在嘴里的肉好好消化消化的消里的肉好好消化消化的原因是什么", "answer": "肉", "reading_system_answer": null}]}, {"text": "普京非常清楚", "qa_pairs": [{"question": "普京非常清楚的非常清楚是什么", "answer": "普京", "reading_system_answer": null}]}, {"text": "乌克兰近期的疯狂挑衅至少有60%的可能性是为了2019年的选举", "qa_pairs": [{"question": "乌克兰近期的疯狂挑衅至少有6019年的选举是什么", "answer": "2019年", "reading_system_answer": null}, {"question": "乌克兰近期的疯狂挑衅至少有60%的选举是什么", "answer": "乌克兰", "reading_system_answer": null}, {"question": "乌克兰近期的疯狂挑衅至少有60%的选举是什么", "answer": "60", "reading_system_answer": null}, {"question": "乌克兰的选举是什么", "answer": "可能性", "reading_system_answer": null}]}, {"text": "如果俄罗斯进行军事还击", "qa_pairs": [{"question": "如果俄罗斯进行军事还击击击了什么事件", "answer": "军事", "reading_system_answer": null}, {"question": "如果俄罗斯进行军事还击哪个型号的进行军事还击", "answer": "俄罗斯", "reading_system_answer": null}]}, {"text": "乌克兰国内的反俄情绪势必高涨", "qa_pairs": [{"question": "乌克兰国内的反俄情绪势必高涨的绪势必高涨的绪势必高涨的是什么", "answer": "俄情绪", "reading_system_answer": null}, {"question": "乌克兰国内的反俄情绪势必高涨的反俄情绪势必高涨是什么", "answer": "乌克兰", "reading_system_answer": null}]}, {"text": "乌克兰选举则会朝着不利于俄罗斯的方向发展", "qa_pairs": [{"question": "乌克兰选举则会朝着不利于俄罗斯的方向发展的国家的乌克兰选举的俄罗斯的方向发展是", "answer": "乌克兰", "reading_system_answer": null}, {"question": "乌克兰于俄罗斯的方向会举展着会举则会举则会举行的俄罗斯的乌克兰选择的俄罗斯吉于", "answer": "方向", "reading_system_answer": null}, {"question": "乌克兰选举则会朝着不利于俄罗斯的方向发展的国家的乌克兰选举则会朝着不利于俄罗斯", "answer": "俄罗斯", "reading_system_answer": null}]}, {"text": "那就真中了波罗申科的圈套了", "qa_pairs": [{"question": "波罗申科的圈套了什么", "answer": "波罗申科", "reading_system_answer": "那就真中了波罗申科的圈套"}, {"question": "波罗申科的圈套了什么", "answer": "圈套", "reading_system_answer": "那就真中了波罗申科的圈套"}]}, {"text": "此外", "qa_pairs": [{"question": "外方对外此此外外外此此外此外此外此外此外此外此外此外此外此外此外此外此外此外此", "answer": "", "reading_system_answer": null}]}, {"text": "如果俄罗斯对乌克兰的军事回击造成了严重的后果", "qa_pairs": [{"question": "如果俄罗斯对乌克兰的军事回击造成了严重的后果是什么", "answer": "乌克兰", "reading_system_answer": null}, {"question": "如果俄罗斯对乌克兰的军事回击造成了严重的后果的军事回击造成了严重的后果是哪个", "answer": "军事", "reading_system_answer": null}, {"question": "如果俄罗斯对乌克兰的军事回击造成了严重的后严重的后果果是", "answer": "后果", "reading_system_answer": null}, {"question": "如果俄罗斯对乌克兰的军事回击造成了严重的后果是什么", "answer": "俄罗斯", "reading_system_answer": null}]}, {"text": "比如击伤甚至击沉乌克兰军舰", "qa_pairs": [{"question": "比击伤甚至击沉的击伤甚至击沉是什么", "answer": "乌克兰军舰", "reading_system_answer": null}]}, {"text": "确实能爽一时", "qa_pairs": [{"question": "爽一时能爽一时确确实能爽一时确确实爽爽爽爽爽的原因是什么", "answer": "爽", "reading_system_answer": null}]}, {"text": "但是也给美国等西方国家海军力量全面介入黑海创造了提供了口实", "qa_pairs": [{"question": "美国等西方国家海军力量全面介入黑海创造了提供了口实的创造是", "answer": "口实", "reading_system_answer": null}, {"question": "美国等介入黑海创造了提供了口实的国家全面介入黑海创造了提供了口实的国家其海军力", "answer": "黑海", "reading_system_answer": "美国等西方国家海军力量"}, {"question": "黑海创造了提供了口实的国家海军力量全面介入黑海创造的国家海军力量全面介入黑供了", "answer": "美国", "reading_system_answer": null}, {"question": "美国等西方国家海军力量全面介入黑海创造了提供了口实的国家创造的国家等国家海军力", "answer": "国家海军力量全面", "reading_system_answer": null}]}, {"text": "前苏联解体之后", "qa_pairs": [{"question": "苏联解体之后苏联解体之后解体之后解体解苏联前苏联之解解解体解前解体解前解体解前", "answer": "苏联解体", "reading_system_answer": null}]}, {"text": "俄罗斯海军实力大幅度下降", "qa_pairs": [{"question": "俄罗斯海军实力大幅度下降下降度下降的海军实力大幅度下降度是什么", "answer": "俄罗斯海军实力", "reading_system_answer": null}]}, {"text": "黑海舰队现在能维持正常运转已经非常不容易了", "qa_pairs": [{"question": "黑海舰队现在能维持正常运转已经非常不容易了什么", "answer": "黑海舰队", "reading_system_answer": null}]}, {"text": "如果再把美国等西方国家的海军力量引入这一区域", "qa_pairs": [{"question": "如果再把美国等西方国家的海军力量引入这一区域的国家的海军力量引入这一区域是什么", "answer": "国家", "reading_system_answer": null}, {"question": "如果再把美国等西方国家的海军力量引入这一区域是什么", "answer": "海军力量", "reading_system_answer": null}, {"question": "如果再把美国等西方国家的海军力量引入这一区域是什么", "answer": "美国", "reading_system_answer": null}, {"question": "如果再把美国等西方国家的海军力量引入这一区域是什么", "answer": "一区域", "reading_system_answer": null}]}, {"text": "对于俄罗斯在这一区域的海上控制权是非常不利的", "qa_pairs": [{"question": "对于俄罗斯在这一区域的海上控制权是非常不利的域的海上控制权是非常不利的域的海上", "answer": "一区域", "reading_system_answer": null}, {"question": "俄罗斯在这一区域的海上控制权是非常不利的什么", "answer": "控制权", "reading_system_answer": null}, {"question": "对于俄罗斯在这一区域的海上控制权是非常不利的", "answer": "俄罗斯", "reading_system_answer": null}]}, {"text": "虽然乌克兰在刻赤海峡海域的挑衅意味明显", "qa_pairs": [{"question": "乌克兰在刻赤海峡海域的挑衅意味明显的海域的挑衅意味明显是", "answer": "乌克兰", "reading_system_answer": null}, {"question": "乌克兰在刻赤海峡海域的挑衅意味明显的国家在刻赤海峡海域的挑衅意味明显是什么", "answer": "意味", "reading_system_answer": null}, {"question": "乌克兰在刻赤海峡海域的挑衅意味明显的海域的挑衅意味明显是什么", "answer": "刻赤海峡海域", "reading_system_answer": null}]}, {"text": "但是俄罗斯为了长远着想", "qa_pairs": [{"question": "俄罗斯为了长远着想有哪些国家为了长远着想", "answer": "俄罗斯", "reading_system_answer": null}]}, {"text": "还是应该退让一步", "qa_pairs": [{"question": "还是应该退让一步的退让一步是什么", "answer": "一步", "reading_system_answer": null}]}, {"text": "毕竟克里米亚已经占领了", "qa_pairs": [{"question": "米亚已经占领了什么", "answer": "", "reading_system_answer": null}]}, {"text": "刻赤海峡大桥也已经修建了", "qa_pairs": [{"question": "刻赤海峡大桥是什么", "answer": "刻赤海峡大桥", "reading_system_answer": null}]}, {"text": "如果俄罗斯还打算把这一海域完全据为己有", "qa_pairs": [{"question": "如果俄罗斯还打算把这一海域完全据为己有什么完全", "answer": "一海域", "reading_system_answer": null}, {"question": "如果俄罗斯还打算把这一海域完全据为己有多少俄罗斯还打算把这一海域完全据为己有果", "answer": "俄罗斯", "reading_system_answer": null}]}, {"text": "将乌克兰数百公里的亚速海区域彻底封死", "qa_pairs": [{"question": "将乌克兰数百公里的亚速海区域彻底封死的是哪一个公里的亚速海区域彻底封死", "answer": "乌克兰数百公里", "reading_system_answer": null}, {"question": "将乌克兰数百公里的亚速海区域彻底封死的海区域彻底封死的海区域彻底封死的海区域彻", "answer": "亚速海区域", "reading_system_answer": null}]}, {"text": "显然有些不太厚道", "qa_pairs": [{"question": "显然有些不太厚道有什么好处", "answer": "太厚道", "reading_system_answer": null}]}, {"text": "正所谓狗急跳墙", "qa_pairs": [{"question": "正谓狗急跳墙的狗急跳墙的跳墙中所谓跳跳机其狗急狗跳墙的急跳机其狗墙谓跳墙急狗正", "answer": "", "reading_system_answer": null}]}, {"text": "已经占尽便宜的俄罗斯", "qa_pairs": [{"question": "俄罗斯占尽便宜的俄罗斯已经占尽便宜的俄罗斯什么时候便经占尽便宜的占尽占经俄罗斯", "answer": "俄罗斯", "reading_system_answer": null}]}, {"text": "如果非要把乌克兰逼到墙角", "qa_pairs": [{"question": "如果非要把乌克兰逼到墙角的国家逼到墙角是什么", "answer": "乌克兰", "reading_system_answer": null}, {"question": "如果非要把乌克兰逼到墙角的国家逼到墙角的逼到墙角是什么", "answer": "墙角", "reading_system_answer": null}]}, {"text": "可能会适得其反", "qa_pairs": [{"question": "适得其反的反枪反枪适得其反适得其反得会会适得其反适能能会得适可能会得适可能适能", "answer": "", "reading_system_answer": null}]}, {"text": "也完全没有必要", "qa_pairs": [{"question": "完全没有必要全没有必要全没有必要全没有必要全没全没全完必完必完必完要全没要全完", "answer": "", "reading_system_answer": null}]}]}