{"passage": "据英国《简氏防务周刊》3月19日报道，美国国防部及其承包商洛克希德-马丁公司日前成功从B-1B轰炸机进行了AGM-158C远程隐身反舰导弹的第六次实弹试射，这也代表着这种先进远程导弹将在年底前进入初始作战能力。     执行这次任务的B-1B轰炸机隶属于得克萨斯州戴斯空军基地的337测试中队，该机在加州穆古角海军靶场（Point Mugu）发射了两枚AGM-158C LRASM远程反舰导弹，导弹成功击中海上目标，证明了该系统的可靠性。     AGM-158C远程反舰导弹由洛克希德-马丁公司研发，采用多种先进传感器和加密GPS系统，能够从众多舰船中自主精确识别拟打击目标，降低了对外部情报平台的依赖。LRASM是一种隐身亚音速巡航导弹，除了JASSM和JASSM-ER之外，LRASM还将取代AGM-84鱼叉反舰导弹。     正如洛克希德-马丁公司指出的那样，LRASM旨在满足USN和USAF在有争议的环境中的反水面作战需求。该导弹是由国防高等研究计划署（DARPA）研发的。     2018年，美国空军要求的进攻型反水面作战要求被纳入美国空军的B-1B（在其内部武器舱中可加挂多达24枚导弹）战略轰炸机的任务单中，并且还要求在美国海军的F/A-18E/F超级大黄蜂也能配备（在其下翼挂架上的加挂8枚导弹）。两个机型的列装时间分别是B-1B为2018年装备，F/A-18E/F在2019年开始列装。     文章称洛克希德公司远程反舰导弹（LRASM）计划经理约翰表示：“目前远程反舰导弹已经完成了第6次试飞任务，这款导弹将能助美军夺取制海权，是一种无可比拟的武器”。LRASM是隐形的AGM-158B联合远程陆攻导弹的增程型（JASSM-ER）巡航导弹。只针对海军的迫切需求而研发的。美国海军规划的“进攻反水面战增强1需求”中需要采购LRASM空射巡航导弹并部署。     对于美国军方来说，LRASM服役已经迟到了。去年时，美国太平洋司令部司令说，为了应对亚太地区日益增长的海上威胁，LRASM需要尽快完成。而美国海军上将哈里斯曾在2016年2月就向参议院军事委员会发表讲话时说，LRASM“是我们需要迅速实现的一项强大功能”。", "sentences": [{"text": "据英国《简氏防务周刊》3月19日报道", "qa_pairs": [{"question": "》3月19日报道》3月19日报道》3月1月》简氏防务周刊》3月19日报道的国家", "answer": "3月19日", "reading_system_answer": null}, {"question": "》3月19日报道刊道日报道日报刊》3月19日报道防务周刊》3月19月《简氏防务", "answer": "简氏", "reading_system_answer": null}, {"question": "英3月19日报道发周》3月19日报道英简氏防务周刊》3月19日报道的周刊》简氏", "answer": "周刊", "reading_system_answer": null}, {"question": "》3月19日报道》3月19日报道刊》3月19日报道防务周刊》3月1月《简氏防务", "answer": "英国", "reading_system_answer": null}]}, {"text": "美国国防部及其承包商洛克希德-马丁公司日前成功从B-1B轰炸机进行了AGM-158C远程隐身反舰导弹的第六次实弹试射", "qa_pairs": [{"question": "美国国防部及其承包商洛克希德-马丁公司日前成功从b-1b轰炸机进行了agm-1", "answer": "承包商", "reading_system_answer": null}, {"question": "美国国防部及其承包商洛克希德-马丁公司日前成功从b-1b轰炸机进行了agm-1", "answer": "第六次实弹", "reading_system_answer": null}, {"question": "美国国防部及其承包商洛克希德-马丁公司日前成功从b-1b轰炸机进行了agm-1", "answer": "158C远程", "reading_system_answer": null}, {"question": "美国洛克希德-马丁公司日前成功从b-1b轰炸机进行了agm158c远程隐身反舰", "answer": "美国国防部", "reading_system_answer": null}, {"question": "美国国防部及其承包商洛克希德-马丁公司日前成功从b-1b轰炸机进行了agm15", "answer": "B", "reading_system_answer": "AGM-158C远程隐身反舰导弹"}, {"question": "美国国防部及其承包商洛克希德-马丁公司日前成功从b-1b轰炸机进行了agm-1", "answer": "马丁公司", "reading_system_answer": null}, {"question": "美国国防部及其承包商洛克希德-马丁公司日前成功从b-1b轰炸机进行了agm-1", "answer": "1B轰炸机", "reading_system_answer": null}, {"question": "美国国防部及其承包商洛克希德-马丁公司日前成功从b-1b轰炸机进行了agm15", "answer": "AGM", "reading_system_answer": "AGM-158C远程隐身反舰导弹"}]}, {"text": "这也代表着这种先进远程导弹将在年底前进入初始作战能力", "qa_pairs": [{"question": "将在年底前进入初始作战能力的国家将在年底前进入初始作战能力的国家将在年底前进远", "answer": "能力", "reading_system_answer": "先进远程导弹"}, {"question": "将在年底前进入初始作战能力的国家将在年底前进入初始作战能力的国家将在年底前进入", "answer": "代表", "reading_system_answer": "先进远程导弹"}, {"question": "将在年底前进入初始作战能力的国家先进远程导弹将在年底前进入初始作战能力的国家将", "answer": "远程导弹", "reading_system_answer": null}]}, {"text": "执行这次任务的B-1B轰炸机隶属于得克萨斯州戴斯空军基地的337测试中队", "qa_pairs": [{"question": "b-1b轰炸机隶属于得克萨斯州戴斯空军基地的337测试中队的国家隶属的国家b-", "answer": "中队", "reading_system_answer": null}, {"question": "b-1b轰炸机隶属于得克萨斯州戴斯空军基地的337测试中队的国家b-1b轰炸机", "answer": "337", "reading_system_answer": null}, {"question": "隶属于得克萨斯州戴斯空军基地的337测试中队的国家其b-1b轰炸机隶属于得克萨", "answer": "B", "reading_system_answer": null}, {"question": "b空军基轰炸机隶属的中队3777b空军基轰炸机隶试试中队的任的任得克萨的军事隶", "answer": "任务", "reading_system_answer": null}, {"question": "b-1b轰炸机隶属于得克萨斯州戴斯空军基地的337测试中队的国家其b-1b轰炸", "answer": "1B轰炸机隶属于得克萨斯州戴斯空军基地", "reading_system_answer": null}]}, {"text": "该机在加州穆古角海军靶场（Point Mugu）发射了两枚AGM-158C LRASM远程反舰导弹", "qa_pairs": [{"question": "在加州穆古角海军靶场（158cgu）发射的国家在加州穆古角海军靶场的国家在ag", "answer": "LRASM远程", "reading_system_answer": "该机在加州穆古角海军靶场（Point Mugu）发射了两枚"}, {"question": "（158clrasgutmugutmum远程反舰导弹的国家在加州穆古角海军靶场", "answer": "加州", "reading_system_answer": "该机在加州穆古角海军靶场（Point Mugu）发射了两枚"}, {"question": "在加州穆古角海军靶场（158cm远程反舰导弹的国家在加州穆古角海军靶场的国家在", "answer": "Point", "reading_system_answer": "该机在加州穆古角海军靶场（Point Mugu）发射了两枚"}, {"question": "（158cm远程反舰导弹的国家在加州穆古角海军靶场（pointmugu）发射的", "answer": "两枚AGM", "reading_system_answer": "该机在加州穆古角海军靶场（Point Mugu）发射了两枚"}, {"question": "在加州穆古角海军靶场（158cm远程反舰导弹的国家在加州穆古角海军靶场的国家在", "answer": "Mugu", "reading_system_answer": "该机在加州穆古角海军靶场（Point Mugu）发射了两枚"}, {"question": "（机在加州穆古角海军靶场（pointmugu）发射的国家其机机的国家在加州穆古", "answer": "158C", "reading_system_answer": null}, {"question": "（pointmugu）发射了两枚ag58clrasm远程反舰导弹的国家在加州穆", "answer": "海军靶场", "reading_system_answer": "穆古角海军靶场（Point Mugu）"}]}, {"text": "导弹成功击中海上目标", "qa_pairs": [{"question": "导弹成功击中海上目标是什么", "answer": "导弹", "reading_system_answer": null}, {"question": "导弹成功击中海上目标是什么", "answer": "目标", "reading_system_answer": null}]}, {"text": "证明了该系统的可靠性", "qa_pairs": [{"question": "证明了该系统的可靠性的系统的可靠性是什么", "answer": "证明", "reading_system_answer": null}, {"question": "证明了该系统的可靠性的系统的可靠性是什么", "answer": "系统", "reading_system_answer": null}, {"question": "证明了该系统的可靠靠靠的目的是什么", "answer": "可靠性", "reading_system_answer": null}]}, {"text": "AGM-158C远程反舰导弹由洛克希德-马丁公司研发", "qa_pairs": [{"question": "agm158c远程反舰导弹是哪个公司研发", "answer": "马丁公司", "reading_system_answer": "洛克希德-马丁公司"}, {"question": "agm-158c远程反舰导弹是哪个公司研发的", "answer": "158C远程", "reading_system_answer": "洛克希德-马丁公司"}, {"question": "ag158c远程反舰导弹是哪个公司研发的", "answer": "AGM", "reading_system_answer": "洛克希德-马丁公司"}]}, {"text": "采用多种先进传感器和加密GPS系统", "qa_pairs": [{"question": "采用多种先进传感器和加密gps系统的系器是什么", "answer": "加密GPS系统", "reading_system_answer": null}, {"question": "采用多种先进传感器和加密gps系统的国家其采用的是什么系统", "answer": "多种", "reading_system_answer": null}, {"question": "采用多种先进传感器和加密gps系统的国家采用的是什么系统", "answer": "传感器", "reading_system_answer": null}]}, {"text": "能够从众多舰船中自主精确识别拟打击目标", "qa_pairs": [{"question": "中国拟打击目标是什么", "answer": "众多舰船", "reading_system_answer": null}]}, {"text": "降低了对外部情报平台的依赖", "qa_pairs": [{"question": "降低了对外部情报平台的依赖是什么", "answer": "对外部情报平台", "reading_system_answer": null}]}, {"text": "LRASM是一种隐身亚音速巡航导弹", "qa_pairs": [{"question": "lrasm是一种隐身亚音速巡航导弹的国家是哪一种隐身亚音速巡航导弹", "answer": "一种", "reading_system_answer": null}, {"question": "lrasm是一种隐身亚音速巡航导弹是哪种", "answer": "亚音速巡航导弹", "reading_system_answer": null}, {"question": "lrasmsmsm是一种隐身亚音速巡航导弹是哪个型号", "answer": "LRASM", "reading_system_answer": null}]}, {"text": "除了JASSM和JASSM-ER之外", "qa_pairs": [{"question": "除了jassm和jassm-er之外的国家其jsm和jassm-er之外的国家", "answer": "ER", "reading_system_answer": null}, {"question": "除了jassm和jassm-er之外的国家其jsm和jassm-er之外的原因", "answer": "JASSM", "reading_system_answer": null}]}, {"text": "LRASM还将取代AGM-84鱼叉反舰导弹", "qa_pairs": [{"question": "lrasm84鱼叉反舰导弹是哪种型号", "answer": "AGM", "reading_system_answer": null}, {"question": "lra84鱼叉反舰导弹是哪种型号", "answer": "LRASM", "reading_system_answer": null}, {"question": "lrasm84鱼叉反舰导弹的反舰导弹是什么型号", "answer": "84鱼叉", "reading_system_answer": null}]}, {"text": "正如洛克希德-马丁公司指出的那样", "qa_pairs": [{"question": "洛克希德-马丁公司指出的那样的指出的那个公司指出的那样的公司指出洛克希德-马丁", "answer": "马丁公司", "reading_system_answer": null}]}, {"text": "LRASM旨在满足USN和USAF在有争议的环境中的反水面作战需求", "qa_pairs": [{"question": "lrasmn和usafmn和usafm旨在满足usasmn和usaf在有争议的", "answer": "水面", "reading_system_answer": null}, {"question": "lsasmsn和usaf在有争议的环境中的反水面作战需求为什么", "answer": "USN", "reading_system_answer": null}, {"question": "lrassn和usaf在有争议的环境中的反水面作战需求为什么", "answer": "USAF", "reading_system_answer": null}, {"question": "lsnmfm旨在满足usn和usafm旨在满足usn和usaf在有争议的环境中", "answer": "环境", "reading_system_answer": null}, {"question": "lssn和usafm旨在满足usn和usafm旨在满足usn和usaf在有争议", "answer": "争议", "reading_system_answer": null}, {"question": "lsafsn和usaf在有争议的环境中的反水面作战需求为什么", "answer": "LRASM", "reading_system_answer": null}]}, {"text": "该导弹是由国防高等研究计划署（DARPA）研发的", "qa_pairs": [{"question": "由国防高等研究计划署（darpa）研发的研发的导弹是哪个", "answer": "导弹", "reading_system_answer": "该导弹"}, {"question": "由国防高等研究计划署（darpa）研发的", "answer": "DARPA", "reading_system_answer": null}, {"question": "（darpa）研发的究计划署（darpa）研发的研署（darpa）研发的研署划", "answer": "计划署", "reading_system_answer": null}, {"question": "（导弹是由哪个国家研制的", "answer": "国防", "reading_system_answer": "国防高等研究计划署（DARPA）"}]}, {"text": "2018年", "qa_pairs": [{"question": "20188年是什么", "answer": "2018年", "reading_system_answer": null}]}, {"text": "美国空军要求的进攻型反水面作战要求被纳入美国空军的B-1B（在其内部武器舱中可加挂多达24枚导弹）战略轰炸机的任务单中", "qa_pairs": [{"question": "美国空军的b-1b（在其内部武器舱中可加挂多达2枚导弹）战略轰炸机的任务是什么", "answer": "进攻型", "reading_system_answer": null}, {"question": "美国空军的b-1b（在其内部武器舱中可加挂多达24枚导弹）战略轰炸机的任务是什", "answer": "水面", "reading_system_answer": null}, {"question": "美国空军的b-1b（在其内部武器舱中可加挂多达2枚导弹）战略轰炸机的任务是什么", "answer": "1B", "reading_system_answer": null}, {"question": "美国空军的b-1b（在其内部武器舱中可加挂多达2枚导弹）战略轰炸机的任务是什么", "answer": "美国空军", "reading_system_answer": null}, {"question": "美国空军的b-1b（在其内部武器舱中可加挂多达2枚导弹）战略轰炸机的任务是什么", "answer": "任务单中", "reading_system_answer": null}, {"question": "美国空军的b-1b（在其内部武器舱中可加挂多达2枚导弹）战略轰炸机的任务是什么", "answer": "24枚导弹", "reading_system_answer": null}, {"question": "美国空军的b-1b（在其内部武器舱中可加挂多达2枚导弹的国家的空军的b-1b（", "answer": "B", "reading_system_answer": "在其内部武器舱中可加挂多达24枚"}, {"question": "美国空军的b-1b（在其内部武器舱中可加挂多达2枚导弹）战略轰炸机的任务是什么", "answer": "战略轰炸机", "reading_system_answer": null}, {"question": "美国空军的b-1b（在其内部武器舱中可加挂多达2枚导弹）战略轰炸机的任务是什么", "answer": "武器", "reading_system_answer": null}]}, {"text": "并且还要求在美国海军的F/A-18E/F超级大黄蜂也能配备（在其下翼挂架上的加挂8枚导弹）", "qa_pairs": [{"question": "f/f/f超级大黄蜂也能配备（在其下翼挂架上的加挂8枚导弹）的国家在其f/a-", "answer": "美国海军", "reading_system_answer": "F/A-18"}, {"question": "在美国海军的f/a-18e超级大黄蜂也能配备（在其下翼挂架上的加挂8枚导弹）的", "answer": "F", "reading_system_answer": null}, {"question": "在美国海军的f/a-18e超级大黄蜂也能配备（在其下翼挂架上的加挂8枚导弹）的", "answer": "18E", "reading_system_answer": null}, {"question": "美国海军的f/a-18e/f超级大黄蜂也能配备（在其下翼挂架上的加挂8枚导弹）", "answer": "下翼", "reading_system_answer": null}, {"question": "在美国海军的f/a-18e超级大黄蜂也能配备（在其下翼挂架上的加挂8枚导弹）的", "answer": "大黄蜂", "reading_system_answer": null}, {"question": "在美国海军的f/a-18e/f/f/大黄蜂也能配备（在其下翼挂架上的加挂的导弹", "answer": "8枚导弹", "reading_system_answer": "8枚"}]}, {"text": "两个机型的列装时间分别是B-1B为2018年装备", "qa_pairs": [{"question": "b-1战斗机的b-81型号是什么", "answer": "时间", "reading_system_answer": "B-1B"}, {"question": "两个机型的列装时间分别是b-1b为2018年装备的", "answer": "1B", "reading_system_answer": null}, {"question": "b-1b为2018年装备的是什么机型", "answer": "两个机型", "reading_system_answer": null}, {"question": "b-1型的列装时间分别是b-1b为2018年装备的国家的两个机型的列装时装备", "answer": "B", "reading_system_answer": null}, {"question": "两个机型的列装时间分别是b-1b为什么", "answer": "2018年装备", "reading_system_answer": "2018年"}]}, {"text": "F/A-18E/F在2019年开始列装", "qa_pairs": [{"question": "f/a-18e/f/f在2019年开始列装什么时候开始列装", "answer": "2019年", "reading_system_answer": "2019年"}, {"question": "f/a-18e/f/f在2019年开始列装什么型号", "answer": "18EF", "reading_system_answer": null}]}, {"text": "文章称洛克希德公司远程反舰导弹（LRASM）计划经理约翰表示：“目前远程反舰导弹已经完成了第6次试飞任务", "qa_pairs": [{"question": "（“目前远程反舰导弹的所属国在洛克希德公司远程反舰导弹已经完成了第6次试飞任务", "answer": "文章", "reading_system_answer": "文章称"}, {"question": "（“目前远程反舰导弹的第6次试飞任务是", "answer": "第6", "reading_system_answer": null}, {"question": "（“目前远程反舰导弹的导弹是哪个公司导弹", "answer": "公司远程", "reading_system_answer": "洛克希德公司"}, {"question": "洛“目前远程反舰导弹的国家在：约翰表示：“目前远程反舰导弹的国家其第6次试飞任", "answer": "LRASM", "reading_system_answer": "文章称洛克希德公司远程反舰导弹（LRASM）计划经理约翰表示：“"}, {"question": "l导弹第6次导弹第十次远程舰导弹第十次远飞任示：表示：表导弹的第十公司希德德德", "answer": "任务", "reading_system_answer": "文章称"}, {"question": "洛“目前远程反舰导弹的理约翰表示：“目前远程反舰导弹的理约程经理约翰表示：“）", "answer": "计划经理", "reading_system_answer": "文章称"}, {"question": "洛“目前远程反舰导弹（lrasm）计划经理约翰表示：“目前远程反舰导弹的国家其", "answer": "远程", "reading_system_answer": "文章称"}]}, {"text": "这款导弹将能助美军夺取制海权", "qa_pairs": [{"question": "美军夺取制海权的导弹是哪一款导弹", "answer": "款导弹", "reading_system_answer": null}, {"question": "美军夺取制海权的夺弹将能助美军夺取制海权是什么", "answer": "制海权", "reading_system_answer": null}]}, {"text": "是一种无可比拟的武器”", "qa_pairs": [{"question": "无可比拟的武器”的拟可比拟的武器”是什么", "answer": "一种", "reading_system_answer": null}, {"question": "一种无可比拟的武器”的武器”是什么", "answer": "武器", "reading_system_answer": null}]}, {"text": "LRASM是隐形的AGM-158B联合远程陆攻导弹的增程型（JASSM-ER）巡航导弹", "qa_pairs": [{"question": "lra158bassm-er）巡航导弹的增程型（jassm-巡航导弹的增程型（", "answer": "巡航导弹", "reading_system_answer": null}, {"question": "lra158br）巡航导弹的增程型（jassm-er）巡航导弹的增程型（j联合", "answer": "远程陆攻导弹", "reading_system_answer": null}, {"question": "lrasm-巡航导弹的增程型（是什么型号", "answer": "158B", "reading_system_answer": "JASSM-ER"}, {"question": "ls8b联合远程陆攻导弹的增程型（jr）巡航导弹的国家的哪种型号的巡航导弹是隐", "answer": "LRASM", "reading_system_answer": "LRASM"}, {"question": "lr-158br）巡航导弹的增程型（jassm-er）巡航导弹的增程型m-15", "answer": "隐形", "reading_system_answer": "LRASM是隐形的AGM-158B联合远程陆攻导弹"}, {"question": "ls8b联合远程陆攻导弹的增程型（jr）巡航导弹的国家的ls-158b联合远程", "answer": "ER", "reading_system_answer": "LRASM"}, {"question": "lr）巡航导弹的增程型（jassm-巡航导弹的增程型（8br）巡航导弹的增程陆", "answer": "增程", "reading_system_answer": null}, {"question": "lr-巡航导弹的增程型（是什么型号", "answer": "AGM", "reading_system_answer": "JASSM-ER"}, {"question": "ls8b联合远程陆攻导弹的增程型（js）巡航导弹是哪种型号", "answer": "JASSM", "reading_system_answer": "LRASM"}]}, {"text": "只针对海军的迫切需求而研发的", "qa_pairs": [{"question": "只针对海军的迫切需求而研发的什么的迫切需求而研发的", "answer": "海军", "reading_system_answer": null}]}, {"text": "美国海军规划的“进攻反水面战增强1需求”中需要采购LRASM空射巡航导弹并部署", "qa_pairs": [{"question": "美国海军规划的“进攻反水面战增强1需求”中需要采购lrasm空射巡航导弹的国家", "answer": "水面战", "reading_system_answer": null}, {"question": "美中需要采购lrasm空射巡航导弹的国家海军规划的“进攻反水面战增强1需求”中", "answer": "部署", "reading_system_answer": null}, {"question": "l中需要采购lrasm空射巡航导弹的国家采用的是什么规划的", "answer": "美国海军规划", "reading_system_answer": "美国海军规划的“进攻反水面战增强1需求”"}, {"question": "美国海军规划的“进攻反水面战增强1需求”中需要采购的巡航导弹并部署是什么", "answer": "LRASM", "reading_system_answer": null}, {"question": "美国海军规划的“进攻反水面战增强1需求”中需要采购lrasm空射巡航导弹的国家", "answer": "巡航导弹", "reading_system_answer": null}]}, {"text": "对于美国军方来说", "qa_pairs": [{"question": "对于于于于于于于于于于美国军方来说的是什么", "answer": "美国军方", "reading_system_answer": null}]}, {"text": "LRASM服役已经迟到了", "qa_pairs": [{"question": "lrasmsm服役是什么", "answer": "LRASM服役", "reading_system_answer": null}]}, {"text": "去年时", "qa_pairs": [{"question": "去去去时时年去去去去去去去去去去去去去去去去去去去去去去去去去去去年时时", "answer": "时", "reading_system_answer": null}]}, {"text": "美国太平洋司令部司令说", "qa_pairs": [{"question": "美国太平洋司令部司令说的是什么", "answer": "美国太平洋司令部司令", "reading_system_answer": null}]}, {"text": "为了应对亚太地区日益增长的海上威胁", "qa_pairs": [{"question": "为什么亚太地区日益增长的海上威胁", "answer": "亚太地区日益增长", "reading_system_answer": null}]}, {"text": "LRASM需要尽快完成", "qa_pairs": [{"question": "lrasmsm需要尽快完成的战斗机是什么", "answer": "LRASM", "reading_system_answer": null}]}, {"text": "而美国海军上将哈里斯曾在2016年2月就向参议院军事委员会发表讲话时说", "qa_pairs": [{"question": "美国将哈里斯参加61月在2月6议议议向6月就员议委年说2月61月61月6日本发", "answer": "讲话时说", "reading_system_answer": null}, {"question": "美国海军上将哈里斯曾在2016年2月就向参议院军事委员会发表讲话时说的是什么行", "answer": "参议院军事委员会", "reading_system_answer": null}, {"question": "美国海军上将哈里斯曾在2016年2月就向参议院军事委员会发表讲话时说的是什么", "answer": "美国海军上将", "reading_system_answer": null}, {"question": "美国海军上将哈里斯曾在哪一年就向参议院军事委员会发表讲话时说", "answer": "2016年2月", "reading_system_answer": "2016年2月"}]}, {"text": "LRASM“是我们需要迅速实现的一项强大功能”", "qa_pairs": [{"question": "lr“““““““““““的强功能现的一项强大点是什么", "answer": "功能", "reading_system_answer": "LRASM“是我们需要迅速实现的一项强大功能"}, {"question": "lrasm“是我们需要迅速实现的一项强大功能”的是什么", "answer": "一项", "reading_system_answer": null}, {"question": "lrasmsm“型号是什么", "answer": "LRASM", "reading_system_answer": null}]}]}