{"passage": "据美联社17日报道，“海上军刀2004”军事演习目前正在阿拉伯海地区进行。这一演习由美国海军少将鲍勃·康韦指挥。这次的战斗群由7艘军舰组成。鲍勃·康韦所在的旗舰就是“佩莱利乌”号两栖攻击舰。他说：“我们都知道，世界各地的恐怖分子希望把手伸向大规模杀伤性武器。这是不是一个现实的威胁呢？当然是。”“联军在该地区的海军力量大大促进了反恐战争的进程。”  　　“海上军刀2004”军事演习于1月11日开始，定于17日结束。此次演习是第五次海、陆、空拦截演习，也是这一系列演习中规模最大的。演习是美国政府计划的一部分，旨在拦截核武器和生化武器以及制造这些武器所需的材料和设备，还有装载这些武器的导弹。(完)", "sentences": [{"text": "据美联社17日报道", "qa_pairs": [{"question": "美联社17日报道道道报日美联社17日报道日美联社17日报日联社17日美联社美联", "answer": "美联社17日", "reading_system_answer": null}]}, {"text": "“海上军刀2004”军事演习目前正在阿拉伯海地区进行", "qa_pairs": [{"question": "“004”军事演习的是哪一个", "answer": "军刀2004", "reading_system_answer": "海上军刀"}, {"question": "“海上军刀2004”军事演习的目的是什么", "answer": "阿拉伯海地区", "reading_system_answer": null}, {"question": "“004”军事演习的目的是什么", "answer": "军事演习", "reading_system_answer": null}]}, {"text": "这一演习由美国海军少将鲍勃·康韦指挥", "qa_pairs": [{"question": "习将鲍勃·康韦指挥的美国海军少由鲍勃·康韦指挥的是哪一个", "answer": "一", "reading_system_answer": null}, {"question": "美国海军少将鲍勃·康韦指挥在美国海军少将鲍勃·康韦指挥的国家将用的是哪个国家", "answer": "康韦", "reading_system_answer": null}, {"question": "美国海军少将鲍勃·康韦指挥的是什么", "answer": "美国海军少将鲍勃", "reading_system_answer": null}]}, {"text": "这次的战斗群由7艘军舰组成", "qa_pairs": [{"question": "战斗群由7艘军舰组成的是哪一艘", "answer": "7艘军舰", "reading_system_answer": null}, {"question": "由7艘军舰组成的战斗群由7艘军舰组成的是什么", "answer": "战斗群", "reading_system_answer": null}]}, {"text": "鲍勃·康韦所在的旗舰就是“佩莱利乌”号两栖攻击舰", "qa_pairs": [{"question": "“佩莱利乌”号两栖攻击舰是哪个", "answer": "旗舰", "reading_system_answer": "鲍勃·康韦"}, {"question": "鲍勃·康韦所在的旗舰就是“旗栖攻击舰的国家的鲍两栖攻击舰是哪个型号", "answer": "莱利乌", "reading_system_answer": "佩莱利乌”号"}, {"question": "“佩莱利乌”号两栖攻击舰的两栖攻击舰是哪个型号", "answer": "康韦", "reading_system_answer": "佩莱利乌”号"}, {"question": "“佩莱利乌”号两栖攻击舰的两栖攻击舰是哪个型号", "answer": "鲍勃", "reading_system_answer": "佩莱利乌”号"}, {"question": "鲍佩莱利乌”号两栖攻击舰的两栖攻击舰是哪个", "answer": "号", "reading_system_answer": "鲍勃·康韦"}]}, {"text": "他说：“我们都知道", "qa_pairs": [{"question": "：“我们知道知道知道知道我说：““““都都知道我们我们我们我们我们我们：“““", "answer": "", "reading_system_answer": null}]}, {"text": "世界各地的恐怖分子希望把手伸向大规模杀伤性武器", "qa_pairs": [{"question": "希望把手伸向大规模杀伤性武器是哪个", "answer": "恐怖分子", "reading_system_answer": "世界各地的恐怖分子"}, {"question": "世界各地的恐怖分子希望把手伸向大规模杀伤性武器是哪个", "answer": "杀伤性武器", "reading_system_answer": null}]}, {"text": "这是不是一个现实的威胁呢？当然是", "qa_pairs": [{"question": "现是一个现实的威胁呢", "answer": "一个现实", "reading_system_answer": null}]}, {"text": "”“联军在该地区的海军力量大大促进了反恐战争的进程", "qa_pairs": [{"question": "”“联军在该地区的海军力量大大促进了反恐战争的进程是什么", "answer": "战争", "reading_system_answer": null}, {"question": "”“联军在该地区的海军力量大大促进了反恐战争的进程是什么", "answer": "海军力量", "reading_system_answer": null}, {"question": "”“联军在该地区的海军力量大大促进了反恐战争的进程是什么", "answer": "联军", "reading_system_answer": null}, {"question": "”“联军在该地区的海军力量大大促进了反恐战争的进程是什么", "answer": "进程", "reading_system_answer": null}, {"question": "”“联军在该地区的海军力量大大促进了反恐战争的进程是什么", "answer": "地区", "reading_system_answer": null}]}, {"text": "”  　　“海上军刀2004”军事演习于1月11日开始", "qa_pairs": [{"question": "”“海上军刀2004”军事演习于1月11日开始的国家在”“海上军刀2004”军", "answer": "军刀2004", "reading_system_answer": null}, {"question": "”“海上军刀2004”军事演习于1月11日开始的国家在”004”军事演习的00", "answer": "1月11日", "reading_system_answer": null}, {"question": "”“海上军刀2004”军事演习中日开始的01日开始演习是什么", "answer": "军事演习", "reading_system_answer": "海上军刀2004”军事演习"}]}, {"text": "定于17日结束", "qa_pairs": [{"question": "定于17日结束的17日结束的原因是什么", "answer": "17日", "reading_system_answer": null}]}, {"text": "此次演习是第五次海、陆、空拦截演习", "qa_pairs": [{"question": "第五次海、陆、空拦截演习的截演习是", "answer": "空", "reading_system_answer": "此次演习"}, {"question": "第五次海拦截演习的第五次海拦截演习的是哪一次", "answer": "第五次海", "reading_system_answer": null}, {"question": "第五次海、陆、空拦截演习的截演习是", "answer": "陆", "reading_system_answer": "此次演习"}]}, {"text": "也是这一系列演习中规模最大的", "qa_pairs": [{"question": "也是这一系列演习中规模最大的是哪个", "answer": "规模", "reading_system_answer": null}, {"question": "中规模最大的演习中规模最大的是哪一个列演习中演习", "answer": "一系列", "reading_system_answer": null}]}, {"text": "演习是美国政府计划的一部分", "qa_pairs": [{"question": "美国政府计划的一部分是什么", "answer": "一部分", "reading_system_answer": "演习"}, {"question": "美国政府计划的一部分是什么", "answer": "美国政府计划", "reading_system_answer": "演习"}]}, {"text": "旨在拦截核武器和生化武器以及制造这些武器所需的材料和设备", "qa_pairs": [{"question": "旨在拦截核武器和生化武器的国家在拦截核武器和生化武器的国家在拦截核武器和生化武", "answer": "核武器", "reading_system_answer": null}, {"question": "旨在拦截核武器和生化武器以及制造的武器所需的材料和设备的武器所需的武器以及制造", "answer": "武器所需", "reading_system_answer": null}, {"question": "旨在拦截核武器和生化武器所需的材料和设备的国家在拦截核武器和生化武器所需的材料", "answer": "材料", "reading_system_answer": null}]}, {"text": "还有装载这些武器的导弹", "qa_pairs": [{"question": "还有装载这些武器的导弹是什么", "answer": "导弹", "reading_system_answer": null}, {"question": "武器的导弹是什么", "answer": "武器", "reading_system_answer": null}]}, {"text": "(完)", "qa_pairs": [{"question": "(完)数据为什么", "answer": "", "reading_system_answer": null}]}]}