{"passage": "1913年，英国皇家海军获悉德国正在建造巴伐利亚级战列舰，按照惯例，从各种渠道获得的关于对手的信息大多都是添油加醋的夸大不实信息，此时英国获得的关于巴伐利亚级战列舰的信息也是如此。   复仇级战列舰 按照情报显示，巴伐利亚级战列舰异常强大，丝毫不逊色于英国皇家海军正在建造的伊丽莎白女王级战列舰，而其建造批量也不小于伊丽莎白女王级战列舰。  此前德国建造的战列舰在火力和动力系统方面远差于英国战列舰，尽管英国人得到的关于它们的信息也是被夸大的，但英国人对于自身技术优势还是很清楚的。巴伐利亚级战列舰的出现让英国人彻底没了底，于是制订了一个在今天看起来极为疯狂的计划——建造7艘新型战列舰。   复仇级战列舰 7艘战列舰不仅是英国皇家海军有史以来最大的战列舰批量，放眼世界，这也是无与伦比的战列舰批量。英国人计划为这型新战列舰装备和伊丽莎白女王级战列舰相同数量的381毫米舰炮，5艘伊丽莎白女王级战列舰和7艘新型战列舰将构成对巴伐利亚级战列舰的绝对火力优势。  不过在新舰设计阶段，英国皇家海军内部却出现了意见分歧。路易斯巴滕贝格亲王担任第一海务大臣时，英国皇家海军内部的一些高层人士认为如果给战舰装备全燃油锅炉，未来可能遇到战时燃料补给困难。有鉴于此，应该给新型战列舰装备煤与重油混烧锅炉。   复仇级战列舰 当然英国皇家海军内部也有反对者，伊丽莎白女王级战列舰上装备的燃油锅炉早已体现出了巨大的优势，现在再让新舰装备技术落后的煤与重油混烧锅炉在很多海军军官看来是绝对不可接受的。  然而新型战列舰还是开始按照使用煤与重油混烧锅炉的标准开始了设计，直到费希尔勋爵再度担任第一海务大臣，这种局面才发生了改变。   复仇级战列舰 费希尔重新上台时，新型战列舰已被命名为复仇级战列舰，并且陆续开工建造。愤怒的费希尔立即叫停了新型战列舰的建造工程，并且强硬的要求将复仇级的动力系统重新修改为全燃油锅炉。  然而此时再修改锅炉为时已晚，因为全燃油锅炉所需的安装空间远大于煤与重油混烧锅炉，要想让复仇级达到和伊丽莎白女王级基本一致的航速，舰上锅炉舱室的空间根本就不允许。无奈之下，英国人只好给复仇级装上能塞进狭小锅炉舱的锅炉，当然输出功率就要小得多了。   复仇级战列舰 1913年12月到1914年1月间，复仇级战列舰的1号到5号舰相继开工建造。该级6号舰和7号舰的建造计划则被改成了两艘战列巡洋舰，也就是后来著名的声望级战列巡洋舰。  复仇级战列舰标准排水量28150吨，满载排水量31500吨，舰体全长190.3米，宽27米，吃水深度9.2米。该级舰装有18座重油锅炉和4部蒸汽轮机，最大功率只有40000马力，最高航速21.5节，12节经济航速下续航距离7500海里，最高航速时的续航距离为2400海里。   君权号战列舰 复仇级战列舰装有4座双联装381毫米主炮，舰首和舰尾各以背负式安装2座主炮塔；该级舰舷侧安装14座152毫米炮廓式副炮以及2座76毫米速射炮。此外，复仇级战列舰水下安装有4座533毫米鱼雷发射管。  复仇级战列舰舷侧主装甲带装甲厚度332毫米，甲板水平装甲厚度76毫米，主炮塔正面装甲厚度332毫米，主炮塔顶部装甲厚度114毫米，炮塔座圈装甲厚度254毫米，舰桥指挥塔装甲厚度279毫米。   复仇级战列舰 5艘复仇级战列舰均在一战期间服役，其中复仇号和皇家橡树号战列舰参加过日德兰海战。在两次世界大战之间的年代，虽然复仇级是纳尔逊级战列舰出现之前英国最新的战列舰，但因为该级舰航速太过缓慢，所以英国皇家海军对其重视程度很低，在纳尔逊级和伊丽莎白女王级接受大规模现代化改造时，复仇级在20年间只经历了很小规模的改装。  第二次世界大战爆发后，复仇级战列舰由于服役年限已经很长，航速普遍下降到了20节以内，如此慢的航速决定了该级舰在战争中难有很大作为。事实上在二战中，该级舰多数时候承担的也是辅助任务。即便如此，复仇级战列舰也起到了很大的作用，复仇号，决心号都在战争中立功无数。   复仇级战列舰 复仇级战列舰中只有一艘皇家橡树号沉没，那是在二战刚刚爆发一个多月后的1939年10月14日，该舰停泊在斯卡帕湾内时遭到了渗透进来的德国海军U47号潜艇的突袭，舰上包括布拉格若夫海军少将和数百名未成年水兵在内的833名舰员遇难。  除了皇家橡树号之外，君权号也有一段特殊的经历，1944年，在同级其他三舰退役时，该舰被租借给了苏联，在改名为阿尔汉格尔斯克号以后，该舰加入了苏联海军北方舰队。直到1949年，君权号才重返英国。   复仇级战列舰 复仇号、决心号、拉米利斯号和君权号均在1948年——1949年被拆毁。", "sentences": [{"text": "1913年", "qa_pairs": [{"question": "19133年为何为", "answer": "1913年", "reading_system_answer": null}]}, {"text": "英国皇家海军获悉德国正在建造巴伐利亚级战列舰", "qa_pairs": [{"question": "英国皇家海军获悉德国正在建造巴伐利亚级战列舰的国家在建造巴伐利亚级战列舰的国家", "answer": "英国皇家海军", "reading_system_answer": null}, {"question": "英国皇家海军获悉德国正在建造巴伐利亚级战列舰的国家获悉德国正在建造巴伐利亚级战", "answer": "德国", "reading_system_answer": null}, {"question": "英国皇家海军获悉德国正在建造巴伐利亚级战列舰是哪艘", "answer": "巴伐利亚级战列舰", "reading_system_answer": null}]}, {"text": "按照惯例", "qa_pairs": [{"question": "按照惯例按惯惯例按惯照照惯照惯照惯照惯照惯照惯照惯照例照例照例的照例是", "answer": "惯例", "reading_system_answer": null}]}, {"text": "从各种渠道获得的关于对手的信息大多都是添油加醋的夸大不实信息", "qa_pairs": [{"question": "从各种渠道获得的关于对手的信息大多都是添油加醋的夸大不实信息的国家其关于对手的", "answer": "信息大多", "reading_system_answer": null}, {"question": "从各种渠道获得的对各的信息大多都是添油加醋的夸大不实信息是什么", "answer": "实信息", "reading_system_answer": null}]}, {"text": "此时英国获得的关于巴伐利亚级战列舰的信息也是如此", "qa_pairs": [{"question": "英国获得的关于巴伐利亚级战列舰的信息是什么", "answer": "信息", "reading_system_answer": null}, {"question": "英国获得的关于巴伐利亚级战列舰的信息是什么", "answer": "巴伐利亚级战列舰", "reading_system_answer": null}, {"question": "英国获得的关于巴伐利亚级战列舰的信息也是如何的", "answer": "英国", "reading_system_answer": null}]}, {"text": "复仇级战列舰 按照情报显示", "qa_pairs": [{"question": "复仇级战列舰按照情报显示的目的是什么", "answer": "情报", "reading_system_answer": null}, {"question": "复仇级战列舰按照情报显示的战列舰是什么", "answer": "级战列舰", "reading_system_answer": "复仇级战列舰"}]}, {"text": "巴伐利亚级战列舰异常强大", "qa_pairs": [{"question": "巴伐利亚级战列舰异常强大什么型号的舰异常强大", "answer": "巴伐利亚级战列舰", "reading_system_answer": null}]}, {"text": "丝毫不逊色于英国皇家海军正在建造的伊丽莎白女王级战列舰", "qa_pairs": [{"question": "丝毫不逊色于英国皇家海军正在建造的伊丽莎白女王级战列舰是哪艘", "answer": "伊丽莎白女王级战列舰", "reading_system_answer": null}, {"question": "伊丽莎白女王级战列舰是哪个", "answer": "英国皇家海军", "reading_system_answer": null}, {"question": "伊丽莎白女王级战列舰是哪个", "answer": "丝", "reading_system_answer": null}]}, {"text": "而其建造批量也不小于伊丽莎白女王级战列舰", "qa_pairs": [{"question": "其建造批量也不小于伊丽莎白女王级战列舰的国家建造的哪艘战舰", "answer": "伊丽莎白女王级战列舰", "reading_system_answer": "女王级"}, {"question": "不小于伊丽莎白女王级战列舰的国家建造批量也不小于伊丽莎白女王级战列舰的国家其战", "answer": "批量", "reading_system_answer": null}]}, {"text": "此前德国建造的战列舰在火力和动力系统方面远差于英国战列舰", "qa_pairs": [{"question": "德国建造的战列舰在火力和动力系统方面远于英国战列舰的国家在火力和动力系统方面远", "answer": "德国", "reading_system_answer": null}, {"question": "德国建造的战列舰在火力和动力系统方面远于英国战列舰在火力和动力系统方面远于英国", "answer": "英国战列舰", "reading_system_answer": null}, {"question": "德国建造的战列舰在火力和动力系统的国家在火力和动力系统的国家在火力和动力系统的", "answer": "火力", "reading_system_answer": null}, {"question": "德国建造的战列舰在火力和动力系统方面远于英国战列舰的国家在火力和动力系统方面远", "answer": "方面", "reading_system_answer": null}, {"question": "德国建造的战列舰在火力和动力系统方面远于英国战列舰的国家在火力和动力系统方面远", "answer": "战列舰", "reading_system_answer": null}]}, {"text": "尽管英国人得到的关于它们的信息也是被夸大的", "qa_pairs": [{"question": "尽管英国人得到的关于它们的信息也是被夸大的什么信本", "answer": "信息", "reading_system_answer": null}]}, {"text": "但英国人对于自身技术优势还是很清楚的", "qa_pairs": [{"question": "英国人对于自身技术优势的自身技术优势是什么", "answer": "技术优势", "reading_system_answer": null}]}, {"text": "巴伐利亚级战列舰的出现让英国人彻底没了底", "qa_pairs": [{"question": "巴伐利亚级战列舰的出现让英国人彻底没了底巴伐利亚级战列舰的出现让英国人彻底没了", "answer": "巴伐利亚级战列舰", "reading_system_answer": null}]}, {"text": "于是制订了一个在今天看起来极为疯狂的计划——建造7艘新型战列舰", "qa_pairs": [{"question": "在今天看起来极为疯狂的计划——建造7艘新型战列舰是什么", "answer": "战列舰", "reading_system_answer": null}, {"question": "在今天看起来极为疯狂的计划——建造7艘新型战列舰是哪个", "answer": "计划", "reading_system_answer": null}, {"question": "在今天看起来极为疯狂的计划——建造的新型战列舰是哪艘", "answer": "7艘", "reading_system_answer": "建造7艘"}, {"question": "在今天看起来极为疯狂的计划——建造7艘新型战列舰是什么", "answer": "一个", "reading_system_answer": null}]}, {"text": "复仇级战列舰 7艘战列舰不仅是英国皇家海军有史以来最大的战列舰批量", "qa_pairs": [{"question": "复仇级战列舰7艘战列舰有哪些国家", "answer": "英国皇家海军", "reading_system_answer": null}, {"question": "英国皇家海军有史以来最大的战列舰7艘战列舰不仅是英国皇家海军有史以来最大的战列", "answer": "7艘战列舰", "reading_system_answer": "复仇级战列舰"}, {"question": "英国皇家海军有史以来最大的战列舰批量是什么", "answer": "级战列舰", "reading_system_answer": "复仇级战列舰 7艘战列舰"}, {"question": "英国皇家海军有史以来最大的战列舰批量是什么", "answer": "战列舰批量", "reading_system_answer": "复仇级战列舰 7艘战列舰"}]}, {"text": "放眼世界", "qa_pairs": [{"question": "放眼世界是什么", "answer": "放眼世界", "reading_system_answer": null}]}, {"text": "这也是无与伦比的战列舰批量", "qa_pairs": [{"question": "无与伦比的战列舰批量是什么", "answer": "战列舰批量", "reading_system_answer": null}]}, {"text": "英国人计划为这型新战列舰装备和伊丽莎白女王级战列舰相同数量的381毫米舰炮", "qa_pairs": [{"question": "英国人计划为这型新战列舰装备和伊丽莎白女王级战列舰相同数量的381毫米舰炮的国", "answer": "伊丽莎白女王级战列舰", "reading_system_answer": null}, {"question": "英国人计划为这型新战列舰装备和伊丽莎白女王级战列舰相同数量的381毫米舰炮的国", "answer": "计划", "reading_system_answer": null}, {"question": "英国人计划为这型新战列舰装备和伊丽莎白女王级战列舰相同数量的是什么型号", "answer": "381毫米舰炮", "reading_system_answer": null}, {"question": "英国人计划为这型新战列舰装备和伊丽莎白女王级战列舰相同数量的381毫米舰炮的国", "answer": "战列舰装备", "reading_system_answer": null}, {"question": "伊丽莎白女王级战列舰的舰炮是什么", "answer": "数量", "reading_system_answer": "381毫米"}]}, {"text": "5艘伊丽莎白女王级战列舰和7艘新型战列舰将构成对巴伐利亚级战列舰的绝对火力优势", "qa_pairs": [{"question": "5艘伊丽莎白女王级战列舰的绝对火力优势是什么", "answer": "巴伐利亚级战列舰", "reading_system_answer": "5艘伊丽莎白女王级战列舰和7艘新型战列舰"}, {"question": "5艘伊丽莎白女王级战列舰的绝对火力优势是什么", "answer": "火力优势", "reading_system_answer": "5艘伊丽莎白女王级战列舰和7艘新型战列舰"}, {"question": "5艘伊丽莎白女王级战列舰的绝对火力优势是什么", "answer": "5艘伊丽莎白女王级战列舰", "reading_system_answer": "5艘伊丽莎白女王级战列舰和7艘新型战列舰"}, {"question": "5艘伊丽莎白女王级战列舰的绝对火力优势是什么", "answer": "7艘", "reading_system_answer": "5艘伊丽莎白女王级战列舰和7艘新型战列舰"}, {"question": "5艘伊丽莎白女王级战列舰的绝对火力优势是什么", "answer": "战列舰", "reading_system_answer": "5艘伊丽莎白女王级战列舰和7艘新型战列舰"}]}, {"text": "不过在新舰设计阶段", "qa_pairs": [{"question": "不过在新舰设计阶段的意旨是什么", "answer": "新舰设计阶段", "reading_system_answer": null}]}, {"text": "英国皇家海军内部却出现了意见分歧", "qa_pairs": [{"question": "英国皇家海军内部却出现了意见分歧的国家现部出的内容是什么", "answer": "英国皇家海军", "reading_system_answer": null}, {"question": "英国皇家海军内部却出现了什么", "answer": "意见分歧", "reading_system_answer": null}]}, {"text": "路易斯巴滕贝格亲王担任第一海务大臣时", "qa_pairs": [{"question": "路易斯巴滕贝格亲王担任第一海务大臣时是哪个", "answer": "巴滕", "reading_system_answer": null}, {"question": "路易斯巴滕贝格亲王担任第一海务大臣时是", "answer": "第一海务大臣时", "reading_system_answer": null}, {"question": "路易斯巴滕贝格亲王担任第一海务大臣时是哪个", "answer": "亲王", "reading_system_answer": null}]}, {"text": "英国皇家海军内部的一些高层人士认为如果给战舰装备全燃油锅炉", "qa_pairs": [{"question": "英国皇家海军内部的一些高层人士认为如果给战舰装备全燃油锅炉的国家装备全燃油锅炉", "answer": "英国皇家海军", "reading_system_answer": null}, {"question": "英国皇家海军内部的一些高层人士认为如果给战舰装备全燃油锅炉的国家装备全燃油锅炉", "answer": "燃油锅炉", "reading_system_answer": null}, {"question": "英国皇家海军内部的一些高层人士认为如果给战舰装备全燃油锅炉的国家内部的一些高层", "answer": "一些高层人士", "reading_system_answer": null}, {"question": "英国皇家海军内部的一些高层人士认为如果给战舰装备全燃油锅炉的国家内部的一些高层", "answer": "战舰装备", "reading_system_answer": null}]}, {"text": "未来可能遇到战时燃料补给困难", "qa_pairs": [{"question": "未来可能遇到战时燃料补给困难的燃料补给困难的原因是什么", "answer": "燃料", "reading_system_answer": null}]}, {"text": "有鉴于此", "qa_pairs": [{"question": "有鉴于此有鉴于此有鉴于此有鉴于此有鉴有有什么有鉴点", "answer": "", "reading_system_answer": null}]}, {"text": "应该给新型战列舰装备煤与重油混烧锅炉", "qa_pairs": [{"question": "应该给新型战列舰装备煤与重油混烧锅炉的国家在新型战列舰装备煤与重油混烧锅炉的国", "answer": "战列舰装备煤", "reading_system_answer": null}, {"question": "应该给新型战列舰装备煤与重油混烧锅炉的国家与新型战列舰装备煤与重油混烧锅炉的国", "answer": "锅炉", "reading_system_answer": null}, {"question": "应该给新型战列舰装备煤与重油混烧锅炉的国家与新型战列舰装备煤与重油混烧锅炉的国", "answer": "重油", "reading_system_answer": null}]}, {"text": "复仇级战列舰 当然英国皇家海军内部也有反对者", "qa_pairs": [{"question": "复仇级战列舰当然英国皇家海军内部也有反对者是什么", "answer": "英国皇家海军", "reading_system_answer": null}, {"question": "复仇级战列舰当然英国皇家海军内部也有什么有反对者", "answer": "反对者", "reading_system_answer": null}, {"question": "复仇级战列舰当然英国皇家海军内部也有反对者的战列舰是什么", "answer": "级战列舰", "reading_system_answer": "复仇级战列舰"}]}, {"text": "伊丽莎白女王级战列舰上装备的燃油锅炉早已体现出了巨大的优势", "qa_pairs": [{"question": "伊丽莎白女王级战列舰上装备的燃油锅炉是什么", "answer": "伊丽莎白女王级战列舰", "reading_system_answer": null}, {"question": "伊丽莎白女王级战列舰上装备的燃油锅炉是哪个", "answer": "燃油锅炉", "reading_system_answer": "伊丽莎白女王级战列舰上装备的燃油锅炉"}, {"question": "伊丽莎白女王级战列舰上装备的燃油锅炉早已体现出了巨大的优势是", "answer": "优势", "reading_system_answer": null}, {"question": "伊丽莎白女王级战列舰上装备的燃油锅炉早已体现出了巨大的优势的国家其装备的战列舰", "answer": "装备", "reading_system_answer": null}]}, {"text": "现在再让新舰装备技术落后的煤与重油混烧锅炉在很多海军军官看来是绝对不可接受的", "qa_pairs": [{"question": "现在再让新舰装备技术落后的煤与重油混烧锅炉在很多海军军官看来的重油混烧锅炉的国", "answer": "装备技术落后", "reading_system_answer": null}, {"question": "现在再让新舰装备技术落后的煤与重油混烧锅炉在很多海军军官看来的重油混烧锅炉的国", "answer": "锅炉", "reading_system_answer": null}, {"question": "现在再让新舰装备技术落后的煤与重油混烧锅炉在很多海军军官看来的国家其新型重油混", "answer": "重油", "reading_system_answer": null}, {"question": "在再让新舰装备技术落后的煤与重油混烧锅炉在很多海军军官看来的国家其舰装备技术落", "answer": "煤", "reading_system_answer": null}, {"question": "现在再让新舰装备技术落后的煤与重油混烧锅炉在很多海军军官是什么", "answer": "很多海军军官", "reading_system_answer": null}]}, {"text": "然而新型战列舰还是开始按照使用煤与重油混烧锅炉的标准开始了设计", "qa_pairs": [{"question": "新型战列舰还是开始按照使用煤与重油混烧锅炉的标准开始了设计的国家其舰与重油混烧", "answer": "锅炉", "reading_system_answer": null}, {"question": "新型战列舰还是开始按照使用煤与重油混烧锅炉的标准开始了设计的国家其新型战列舰的", "answer": "重油", "reading_system_answer": null}, {"question": "新型战列舰还是开始按照使用煤与重油混烧锅炉的标准开始了设计的国家其标准开始了设", "answer": "标准", "reading_system_answer": null}, {"question": "新型战列舰还是开始按照使用煤与重油混烧锅炉的标准开始了设计的国家其新型战列舰的", "answer": "煤", "reading_system_answer": null}, {"question": "新型战列舰还是开始按照使用煤与重油混烧锅炉的标准开始了设计的国家其战列舰是什么", "answer": "战列舰", "reading_system_answer": null}]}, {"text": "直到费希尔勋爵再度担任第一海务大臣", "qa_pairs": [{"question": "直到费希尔勋爵再度担任第一海务大臣是哪一个", "answer": "第一海务大臣", "reading_system_answer": null}, {"question": "直到费希尔勋爵再度担任第一海务大臣是哪一个", "answer": "费希尔勋爵", "reading_system_answer": null}]}, {"text": "这种局面才发生了改变", "qa_pairs": [{"question": "发生了改变的改变的改变是什么", "answer": "局面", "reading_system_answer": null}]}, {"text": "复仇级战列舰 费希尔重新上台时", "qa_pairs": [{"question": "复仇级战列舰费希尔重新上台时是什么", "answer": "上台时", "reading_system_answer": null}, {"question": "复仇级战列舰费希尔重新上台时台时台时台费希尔重新上台时战列舰费希尔台台战列舰复", "answer": "级战列舰", "reading_system_answer": null}, {"question": "复仇级战列舰费希尔重新上台时台时重新上台时重新上台仇级战列舰费希尔重新上台仇级", "answer": "费希尔", "reading_system_answer": null}]}, {"text": "新型战列舰已被命名为复仇级战列舰", "qa_pairs": [{"question": "新型战列舰已被命名为复仇级战列舰的国家在新型战列舰已被命名为复仇级战列舰的国家", "answer": "级战列舰", "reading_system_answer": null}, {"question": "新型战列舰已被命名为复仇级战列舰的国家在新型战列舰命复仇级战列舰的国家被称为什", "answer": "命名", "reading_system_answer": null}, {"question": "新型战列舰已被命名为复仇级战列舰的国家在新型战列舰已被命名为复仇级战列舰的国家", "answer": "战列舰", "reading_system_answer": null}]}, {"text": "并且陆续开工建造", "qa_pairs": [{"question": "陆续开工建造的陆续开工建造的陆续开工建造的陆续开工陆陆运输陆且建造的续陆开工陆", "answer": "", "reading_system_answer": null}]}, {"text": "愤怒的费希尔立即叫停了新型战列舰的建造工程", "qa_pairs": [{"question": "愤怒的费希尔立即叫停了新型战列舰的建造工程是什么", "answer": "工程", "reading_system_answer": null}, {"question": "愤怒的费希尔立即叫停了新型战列舰的建造工程是什么", "answer": "费希尔", "reading_system_answer": null}, {"question": "愤怒的费希尔立即叫停了新型战列舰的建造工程是什么", "answer": "战列舰", "reading_system_answer": null}]}, {"text": "并且强硬的要求将复仇级的动力系统重新修改为全燃油锅炉", "qa_pairs": [{"question": "新强硬的要求将复仇级的动力系统重新为全燃油锅炉的国家的复力系统重新为全燃油锅炉", "answer": "级", "reading_system_answer": null}, {"question": "并且强硬的要求将复仇级的动力系统重新修改为全燃油锅炉的国家的复仇级的动力系统重", "answer": "全燃油锅炉", "reading_system_answer": null}]}, {"text": "然而此时再修改锅炉为时已晚", "qa_pairs": [{"question": "改锅炉为时已晚的锅炉是什么", "answer": "锅炉", "reading_system_answer": null}]}, {"text": "因为全燃油锅炉所需的安装空间远大于煤与重油混烧锅炉", "qa_pairs": [{"question": "全燃油锅炉所需的安装空间远大于煤与重油混烧锅炉的国家的安装空间远大于煤与重油混", "answer": "空间远大于煤", "reading_system_answer": null}, {"question": "因为全燃油锅炉所需的安装空间远大于煤与重油混烧锅炉的国家其燃油锅炉所需的安装空", "answer": "重油", "reading_system_answer": null}, {"question": "全燃油锅炉所需的安装空间远大于煤与重油混烧锅炉的国家为全燃油锅炉所需的安装空间", "answer": "锅炉", "reading_system_answer": null}, {"question": "全燃油锅炉所需的安装空间远大于煤与重油混烧锅炉的国家与全燃油锅炉所需的安装空间", "answer": "燃油锅炉所需", "reading_system_answer": null}]}, {"text": "要想让复仇级达到和伊丽莎白女王级基本一致的航速", "qa_pairs": [{"question": "伊丽莎白女王级基本一致的航速是什么", "answer": "级", "reading_system_answer": "要想让复仇级"}, {"question": "要想让复仇级达到和伊丽莎白女王级基本一致的航速是什么", "answer": "伊丽莎白女王级", "reading_system_answer": null}, {"question": "伊丽莎白女王级基本一致的航速是什么", "answer": "航速", "reading_system_answer": "要想让复仇级"}]}, {"text": "舰上锅炉舱室的空间根本就不允许", "qa_pairs": [{"question": "锅炉舱室的空间根本是什么", "answer": "空间", "reading_system_answer": null}, {"question": "锅炉舱室的空间根本是什么", "answer": "锅炉舱室", "reading_system_answer": null}]}, {"text": "无奈之下", "qa_pairs": [{"question": "无奈之下的无奈之下的无奈无奈之之之是什么", "answer": "", "reading_system_answer": null}]}, {"text": "英国人只好给复仇级装上能塞进狭小锅炉舱的锅炉", "qa_pairs": [{"question": "英国人只好给复仇级装上能塞进狭小锅炉舱的锅炉是什么", "answer": "级装", "reading_system_answer": null}, {"question": "英国人只好给复仇级装上能塞进狭小锅炉舱的锅炉是什么", "answer": "锅炉", "reading_system_answer": null}, {"question": "英国人只好给复仇级装上能塞进狭小锅炉舱的锅炉是什么", "answer": "锅炉舱", "reading_system_answer": null}, {"question": "英国人只好给复仇级装上能塞进狭小锅炉舱的锅炉是什么", "answer": "塞进", "reading_system_answer": null}]}, {"text": "当然输出功率就要小得多了", "qa_pairs": [{"question": "当然输出功率就要小得多了什么就要小得多了", "answer": "输出功率", "reading_system_answer": null}]}, {"text": "复仇级战列舰 1913年12月到1914年1月间", "qa_pairs": [{"question": "复仇级战列舰191年1月到1914年1月间到1914年1月间1年1月9月1月1", "answer": "级战列舰", "reading_system_answer": null}, {"question": "复仇级战列舰的战列舰是哪一年开始间", "answer": "1914年1月间", "reading_system_answer": "1913年12月到1914年"}, {"question": "复仇级战列舰的战列舰是哪一年开始间", "answer": "1913年12月", "reading_system_answer": "1913年12月到1914年"}]}, {"text": "复仇级战列舰的1号到5号舰相继开工建造", "qa_pairs": [{"question": "复仇级战列舰的1号到5号舰相继开工建造的是哪艘舰艇", "answer": "5号", "reading_system_answer": "复仇级战列舰的1号到5号舰"}, {"question": "复仇级战列舰的1号舰相继开工建造的是哪艘舰艇", "answer": "1号", "reading_system_answer": "复仇级战列舰的1号到5号舰"}, {"question": "复仇级战列舰的1号舰相继开工建造的战列舰的1号舰相继开工建造的战列舰是哪艘", "answer": "级战列舰", "reading_system_answer": "复仇级战列舰的1号到5号舰"}]}, {"text": "该级6号舰和7号舰的建造计划则被改成了两艘战列巡洋舰", "qa_pairs": [{"question": "被改成了两艘战列巡洋舰的国家的两艘战列巡洋舰是什么", "answer": "6号舰", "reading_system_answer": "6号舰和7号舰"}, {"question": "被改成了两艘战列巡洋舰的国家和7号舰的建造计划中被建造的巡洋舰是哪个", "answer": "计划", "reading_system_answer": "6号舰和7号舰"}, {"question": "被改成了两艘战列巡洋舰的国家在7号舰的建造计划中建造的巡洋舰是什么", "answer": "7号舰", "reading_system_answer": "6号舰和7号舰"}, {"question": "7号舰和7号舰的建造计划则被改成了什么", "answer": "两艘战列巡洋舰", "reading_system_answer": null}]}, {"text": "也就是后来著名的声望级战列巡洋舰", "qa_pairs": [{"question": "也就是后来著名的声望级战列巡洋舰是什么", "answer": "声望级战列巡洋舰", "reading_system_answer": null}]}, {"text": "复仇级战列舰标准排水量28150吨", "qa_pairs": [{"question": "复仇级战列舰标准排水量28100战列舰的基本参数是多少", "answer": "级战列舰标准排水量28150吨", "reading_system_answer": null}]}, {"text": "满载排水量31500吨", "qa_pairs": [{"question": "满载排水量3100000000000000000000000000000000", "answer": "排水量31500吨", "reading_system_answer": null}]}, {"text": "舰体全长190.3米", "qa_pairs": [{"question": "舰体全长90.3.3.3.是什么", "answer": "舰体全长190.3米", "reading_system_answer": null}]}, {"text": "宽27米", "qa_pairs": [{"question": "宽27米米的宽度是什么", "answer": "27米", "reading_system_answer": null}]}, {"text": "吃水深度9.2米", "qa_pairs": [{"question": "吃水深度9.2米米的原型是", "answer": "深度9.2米", "reading_system_answer": null}]}, {"text": "该级舰装有18座重油锅炉和4部蒸汽轮机", "qa_pairs": [{"question": "该级舰装有18座重油锅炉和4部蒸汽轮机的国家装备的18座重油锅炉和4部蒸汽轮机", "answer": "舰", "reading_system_answer": null}, {"question": "装有18座重油锅炉的国家装有18座重油锅炉和4部蒸汽轮机的国家在8级舰装有18", "answer": "4部蒸汽轮机", "reading_system_answer": "该级舰装有18座"}, {"question": "1月1部蒸汽轮机和4部蒸汽轮机和48座重油锅炉和48座重油锅炉的国家装备的1舰", "answer": "18座重油锅炉", "reading_system_answer": "该级舰"}]}, {"text": "最大功率只有40000马力", "qa_pairs": [{"question": "最大功率只有哪些", "answer": "40000马力", "reading_system_answer": null}, {"question": "最大功率只有40000马力的国家最大功率只有4000马力是什么", "answer": "功率", "reading_system_answer": null}]}, {"text": "最高航速21.5节", "qa_pairs": [{"question": "最高航速21.5节的是什么", "answer": "航速21.5", "reading_system_answer": null}]}, {"text": "12节经济航速下续航距离7500海里", "qa_pairs": [{"question": "12节经济航速下续航距离7500海里的国家在22节经济航速下续航距离7500海", "answer": "12", "reading_system_answer": null}, {"question": "12节经济航速下续航距离7500海里的海里是什么", "answer": "续航距离7500", "reading_system_answer": null}, {"question": "12节经济航速下续航距离7500海里的国家在12节经济航速下续航距离7500海", "answer": "经济航速", "reading_system_answer": null}]}, {"text": "最高航速时的续航距离为2400海里", "qa_pairs": [{"question": "最高航速时的续航距离为多少", "answer": "2400", "reading_system_answer": null}, {"question": "最高航速时的续航距离为多少", "answer": "续航距离", "reading_system_answer": null}, {"question": "最高航速时的续航距离为24000海里的国家其最高航速时的续航距离为2400海里", "answer": "航速", "reading_system_answer": null}]}, {"text": "君权号战列舰 复仇级战列舰装有4座双联装381毫米主炮", "qa_pairs": [{"question": "君权号战列舰装有4座双联装有哪些", "answer": "装381毫米主炮", "reading_system_answer": null}, {"question": "君权号战列舰装有4座双联装381毫米主炮的国家装有4座双联装381毫米主炮的国", "answer": "4座", "reading_system_answer": "君权号战列舰 复仇级战列舰"}, {"question": "君权号战列舰复仇级战列舰装有4座双联装381毫米主炮的国家在君权号战列舰复仇级", "answer": "级战列舰", "reading_system_answer": null}, {"question": "君权号战列舰复仇级战列舰装有4座双联装381毫米主炮的国家在4座双联装381毫", "answer": "君权号战列舰", "reading_system_answer": null}]}, {"text": "舰首和舰尾各以背负式安装2座主炮塔；该级舰舷侧安装14座152毫米炮廓式副炮以及2座76毫米速射炮", "qa_pairs": [{"question": "以背负式安装2座主炮塔；该级舰舷侧安装14毫米速射炮的国家其舰座各以背负式安装", "answer": "舰", "reading_system_answer": "舰首和舰尾"}, {"question": "以背负式安装2座主炮塔；该级舰舷侧安装14座152毫米速射炮的国家其首和舰尾各", "answer": "舰尾", "reading_system_answer": "舰首和舰尾"}, {"question": "舰首和舰尾各以背负式安装2座主炮塔；该级舰舷侧安装14座152毫米炮廓式副炮是", "answer": "2座76毫米速射炮", "reading_system_answer": "舰首和舰尾各以背负式安装2座主炮塔；该级舰舷侧安装14座152毫米炮廓式副炮以及"}, {"question": "舰首和舰尾各以背负式安装2座主炮塔；该级舰舷侧安装的是什么类型的", "answer": "14座152毫米炮廓", "reading_system_answer": null}, {"question": "舰尾各以背负式安装14毫米速射炮的国家首和舰尾各以及2座76毫米速射炮的国家首", "answer": "背负式", "reading_system_answer": null}, {"question": "舰尾各以背负式安装2座主炮的国家其舰舷侧安装14毫米速射炮是哪种型号的", "answer": "副炮", "reading_system_answer": "该级舰舷侧安装14座152毫米炮廓式副炮"}, {"question": "舰首和舰尾各以背负式安装2座主炮塔；该级舰舷侧安装14毫米速射炮的国家首和舰尾", "answer": "2座主炮塔", "reading_system_answer": "舰首和舰尾各以背负式安装2座主炮塔；"}, {"question": "以背负式安装2座主炮塔；该级舰舷侧安装14座副炮的国家其首和舰尾各以背负式安装", "answer": "舰首", "reading_system_answer": null}]}, {"text": "此外", "qa_pairs": [{"question": "外方对外此此外外外此此外此外此外此外此外此外此外此外此外此外此外此外此外此外此", "answer": "", "reading_system_answer": null}]}, {"text": "复仇级战列舰水下安装有4座533毫米鱼雷发射管", "qa_pairs": [{"question": "复仇级战列舰水下安装有4座533毫米鱼雷发射管的是哪一种", "answer": "级战列舰水下安装", "reading_system_answer": null}, {"question": "复仇级战列舰水下安装有哪些", "answer": "4座533毫米鱼雷发射管", "reading_system_answer": null}]}, {"text": "复仇级战列舰舷侧主装甲带装甲厚度332毫米", "qa_pairs": [{"question": "复仇级战列舰舷侧主装甲带装甲厚度是多少", "answer": "级战列舰", "reading_system_answer": null}, {"question": "复仇级战列舰舷侧主装甲带什么型号的厚度", "answer": "厚度332毫米", "reading_system_answer": null}]}, {"text": "甲板水平装甲厚度76毫米", "qa_pairs": [{"question": "甲板水平装甲厚度76毫米的甲板水平装甲厚度是多少", "answer": "厚度76毫米", "reading_system_answer": null}, {"question": "甲板水平装甲厚度76毫米的甲板水平装甲厚度是多少", "answer": "甲板水平", "reading_system_answer": null}]}, {"text": "主炮塔正面装甲厚度332毫米", "qa_pairs": [{"question": "主炮塔正面装甲厚度的是什么", "answer": "厚度332毫米", "reading_system_answer": null}, {"question": "主炮塔正面装甲厚度332毫米的主炮塔正面装甲厚度332毫米的主炮塔正面装甲厚度", "answer": "炮塔", "reading_system_answer": null}]}, {"text": "主炮塔顶部装甲厚度114毫米", "qa_pairs": [{"question": "主炮塔顶部装甲厚度的是什么", "answer": "厚度114毫米", "reading_system_answer": null}, {"question": "主炮塔顶部装甲厚度114毫米的主炮塔顶部装甲厚度114毫米的主炮塔顶部装甲厚度", "answer": "炮塔", "reading_system_answer": null}]}, {"text": "炮塔座圈装甲厚度254毫米", "qa_pairs": [{"question": "炮塔座圈装甲厚度254毫米的炮装甲厚度是多少", "answer": "厚度254毫米", "reading_system_answer": null}, {"question": "炮塔座圈装甲厚度254毫米的炮甲厚度是多少", "answer": "炮塔座圈", "reading_system_answer": null}]}, {"text": "舰桥指挥塔装甲厚度279毫米", "qa_pairs": [{"question": "舰桥指挥塔装甲厚度是什么", "answer": "厚度279毫米", "reading_system_answer": null}, {"question": "舰桥指挥塔装甲厚度279毫米的装甲厚度是什么", "answer": "舰桥指挥塔", "reading_system_answer": null}]}, {"text": "复仇级战列舰 5艘复仇级战列舰均在一战期间服役", "qa_pairs": [{"question": "复仇级战列舰5艘复仇级战列舰均在一战期间服役的战列舰是哪个", "answer": "服役", "reading_system_answer": "复仇级战列舰"}, {"question": "复仇级战列舰5艘复仇级战列舰均在一战期间服役的战列舰是哪艘", "answer": "5艘", "reading_system_answer": "复仇级战列舰"}, {"question": "复仇级战列舰5艘复仇级战列舰均在一战期间服役的战列舰是哪一艘", "answer": "级战列舰", "reading_system_answer": "复仇级战列舰"}]}, {"text": "其中复仇号和皇家橡树号战列舰参加过日德兰海战", "qa_pairs": [{"question": "参号和皇家橡树号战列舰参加过日德兰海战中德兰海战中德兰海战中德兰海军的战列舰参", "answer": "皇家橡树号战列舰", "reading_system_answer": "复仇号"}, {"question": "德兰海战中德兰海战中德兰海军舰参加过日德兰家橡树号战列舰参加过日德号和皇家橡树", "answer": "号", "reading_system_answer": "复仇号"}, {"question": "复仇号和皇家橡树号战列舰参加过日德兰海战的战列舰参加了皇家橡树号战列舰的国家其", "answer": "日德兰", "reading_system_answer": null}]}, {"text": "在两次世界大战之间的年代", "qa_pairs": [{"question": "在两次世界大战之间的年代的战战之间的年代的战次世界大战之间的两次世界大战之间世", "answer": "两次", "reading_system_answer": null}]}, {"text": "虽然复仇级是纳尔逊级战列舰出现之前英国最新的战列舰", "qa_pairs": [{"question": "英国最新的战列舰是哪个", "answer": "英国", "reading_system_answer": "复仇级"}, {"question": "英国最新的战列舰是纳尔逊级战列舰的国家的最新的战列舰是哪个", "answer": "级", "reading_system_answer": "复仇级"}, {"question": "英国最新的战列舰是哪个", "answer": "纳尔逊级战列舰", "reading_system_answer": "复仇级"}, {"question": "英国最新的战列舰是纳尔逊级战列舰出现之前英国最新的战列舰是哪艘", "answer": "战列舰", "reading_system_answer": "复仇级"}]}, {"text": "但因为该级舰航速太过缓慢", "qa_pairs": [{"question": "因为该级舰航速太过缓慢的航速太过缓慢的航速缓慢是什么", "answer": "舰航速", "reading_system_answer": null}]}, {"text": "所以英国皇家海军对其重视程度很低", "qa_pairs": [{"question": "英国皇家海军对其重视程度很低的海军对其重视程度很低是", "answer": "英国皇家海军", "reading_system_answer": null}, {"question": "英国皇家海军对其重视程度很低的重视程度很低是什么", "answer": "程度", "reading_system_answer": null}]}, {"text": "在纳尔逊级和伊丽莎白女王级接受大规模现代化改造时", "qa_pairs": [{"question": "在纳尔逊级和伊丽莎白女王级接受大规模现代化改造时的国家在纳尔逊级和伊丽莎白女王", "answer": "纳尔逊级", "reading_system_answer": null}, {"question": "纳尔逊女规现代级莎丽丽逊王夫接伊级驱逐舰改造的国家在纳尔逊级女规模改造的国家在", "answer": "时", "reading_system_answer": "纳尔逊级和伊丽莎白女王级"}, {"question": "在纳尔逊级和伊丽莎白女王级接受大规模现代化改造时的是哪一个", "answer": "伊丽莎白女王级", "reading_system_answer": "在纳尔逊级和伊丽莎白女王级"}]}, {"text": "复仇级在20年间只经历了很小规模的改装", "qa_pairs": [{"question": "复仇级在20年间只经历了很小规模的改装是什么", "answer": "规模", "reading_system_answer": null}, {"question": "复仇级在20年间只经历了很小规模的改装的仇级仇0年间只经历了很小规模的改装是什", "answer": "级", "reading_system_answer": null}, {"question": "复仇级在20年间只经历了很小规模的改装的原因是什么", "answer": "20", "reading_system_answer": null}, {"question": "复仇复装的改模改模是什么", "answer": "经历", "reading_system_answer": null}]}, {"text": "第二次世界大战爆发后", "qa_pairs": [{"question": "第二次世界大战爆发后第二次世界大战爆发后第二次世界大战爆发后第二次世界大战第二", "answer": "", "reading_system_answer": null}]}, {"text": "复仇级战列舰由于服役年限已经很长", "qa_pairs": [{"question": "复仇级战列舰由于服役年限已经很长的战列舰是什么时候", "answer": "服役年限", "reading_system_answer": null}, {"question": "复仇级战列舰由于服役年限已经很长的战列舰是什么", "answer": "级战列舰", "reading_system_answer": null}]}, {"text": "航速普遍下降到了20节以内", "qa_pairs": [{"question": "航速普遍下降到了20节以内的原因是什么", "answer": "20", "reading_system_answer": null}, {"question": "航速普遍下降到了20节以内的是什么", "answer": "航速", "reading_system_answer": null}]}, {"text": "如此慢的航速决定了该级舰在战争中难有很大作为", "qa_pairs": [{"question": "如此慢的航速决定了该级舰在战争中难有很大作为什么决定", "answer": "战争", "reading_system_answer": null}, {"question": "在战争中难有很大作为战争中难有很大作为什么决定了该级舰在战争中难有很大作为航速", "answer": "级", "reading_system_answer": "如此慢的航速"}, {"question": "如此慢的航速决定了该级舰在战争中难有很大作为什么决定了该级舰在战争中难有很大作", "answer": "航速", "reading_system_answer": null}]}, {"text": "事实上在二战中", "qa_pairs": [{"question": "二战中在二战中在二战中在二战中在二战时实上实上事实实上中战争中战争中战争中战争", "answer": "", "reading_system_answer": null}]}, {"text": "该级舰多数时候承担的也是辅助任务", "qa_pairs": [{"question": "辅助任务是什么", "answer": "舰多数时候", "reading_system_answer": null}, {"question": "承担的也是辅助任务的任承担的任承时候承担的任数任候时该舰辅助务数时也是辅助任任", "answer": "任务", "reading_system_answer": null}]}, {"text": "即便如此", "qa_pairs": [{"question": "即便如此即便如此便如如此便即即即此便即即即此便即即即此便即即即此便即如即此便如", "answer": "", "reading_system_answer": null}]}, {"text": "复仇级战列舰也起到了很大的作用", "qa_pairs": [{"question": "复仇级战列舰是什么", "answer": "级战列舰", "reading_system_answer": null}]}, {"text": "复仇号", "qa_pairs": [{"question": "复仇号复仇号复仇号复仇复仇复仇复仇复仇号复仇号复仇号复仇号复仇号复仇号复仇号复", "answer": "号", "reading_system_answer": null}]}, {"text": "决心号都在战争中立功无数", "qa_pairs": [{"question": "决心号都在战争中立功无数的战争中立功无数是", "answer": "战争", "reading_system_answer": null}, {"question": "决心号都在战争中立功无数的战争中立功无数是", "answer": "号", "reading_system_answer": null}, {"question": "决心号都在战争中立功无数的无无无无无无无无无无无", "answer": "立功无数", "reading_system_answer": null}]}, {"text": "复仇级战列舰 复仇级战列舰中只有一艘皇家橡树号沉没", "qa_pairs": [{"question": "复仇级战列舰复仇级战列舰中只有哪四艘皇家橡树号", "answer": "一艘皇家橡树号", "reading_system_answer": "一艘"}, {"question": "复仇级战列舰复仇级战列舰中只有一艘皇家橡树号沉没的国家在复仇级战列舰复仇级战列", "answer": "级战列舰", "reading_system_answer": null}]}, {"text": "那是在二战刚刚爆发一个多月后的1939年10月14日", "qa_pairs": [{"question": "二战刚刚爆发一个多月后的1939年1月14日在二战刚刚爆发一个多月后的1939", "answer": "1939年10月14日", "reading_system_answer": null}, {"question": "二战刚刚爆发一个多月后的1939年10月14日在二战刚刚爆发一个多月后的193", "answer": "一个多月", "reading_system_answer": null}]}, {"text": "该舰停泊在斯卡帕湾内时遭到了渗透进来的德国海军U47号潜艇的突袭", "qa_pairs": [{"question": "德国海军u47号潜艇的突袭是什么", "answer": "舰", "reading_system_answer": null}, {"question": "德国海军u47号潜艇的突袭是什么", "answer": "德国海军U47号潜艇", "reading_system_answer": null}]}, {"text": "舰上包括布拉格若夫海军少将和数百名未成年水兵在内的833名舰员遇难", "qa_pairs": [{"question": "布拉格若夫海军少将和数百名未成年水兵在内的833名舰员遇难的国家其水兵在内的8", "answer": "水兵", "reading_system_answer": null}, {"question": "布拉格若夫海军少将和数百名未成年水兵在内的833名舰员遇难的国家在833名舰员", "answer": "数百名", "reading_system_answer": null}, {"question": "百名未成年水兵在内的833名舰员遇难的国家在内的833名舰员遇难的海军少将和数", "answer": "若夫海军少将", "reading_system_answer": "和"}, {"question": "布拉格若夫海军少将和数百名未成年水兵在内的833名舰员遇难的原因是什么", "answer": "833名舰员", "reading_system_answer": null}]}, {"text": "除了皇家橡树号之外", "qa_pairs": [{"question": "除了皇家橡树号之外的国家在橡树号之外的目的是什么", "answer": "皇家橡树号", "reading_system_answer": null}]}, {"text": "君权号也有一段特殊的经历", "qa_pairs": [{"question": "君权号也有一段特殊的经历经历的一段特殊的经历是什么", "answer": "君权号", "reading_system_answer": null}, {"question": "君权号也有一段特殊的经历经历的特点是什么", "answer": "一段", "reading_system_answer": null}, {"question": "君特点为何岚响冲锋驱逐舰驱逐舰有何处段段", "answer": "经历", "reading_system_answer": null}]}, {"text": "1944年", "qa_pairs": [{"question": "1944年为何为", "answer": "1944年", "reading_system_answer": null}]}, {"text": "在同级其他三舰退役时", "qa_pairs": [{"question": "在同级舰退役退役的舰其退役是", "answer": "时", "reading_system_answer": null}, {"question": "在同级其他三舰退役时退役时退役的退役退同退同退同退同退同退同退同退同退同退同退", "answer": "三", "reading_system_answer": null}]}, {"text": "该舰被租借给了苏联", "qa_pairs": [{"question": "被租借给了苏联给苏联租借给了什么舰被租借给了苏联", "answer": "苏联", "reading_system_answer": "该舰"}]}, {"text": "在改名为阿尔汉格尔斯克号以后", "qa_pairs": [{"question": "阿尔汉格尔斯克号以后以后以后以后以后阿尔汉格尔斯克号改名的汉格尔斯克号改名的汉", "answer": "号", "reading_system_answer": null}]}, {"text": "该舰加入了苏联海军北方舰队", "qa_pairs": [{"question": "苏联海军北方舰队的苏联海军北方舰队是", "answer": "舰", "reading_system_answer": null}, {"question": "加入了苏联海军北方舰队的国家其舰队是", "answer": "舰队", "reading_system_answer": null}, {"question": "苏联海军北方舰队的舰队是", "answer": "苏联海军", "reading_system_answer": "该舰"}]}, {"text": "直到1949年", "qa_pairs": [{"question": "直到1949年9年9年499年49直到19直到1日本", "answer": "1949年", "reading_system_answer": null}]}, {"text": "君权号才重返英国", "qa_pairs": [{"question": "君权号才重返英国君权号才重返英国君权号才重返英国君权号重返英国君权才才才才才才", "answer": "君权号", "reading_system_answer": null}, {"question": "君权号才重返的是什么", "answer": "英国", "reading_system_answer": null}]}, {"text": "复仇级战列舰 复仇号、决心号、拉米利斯号和君权号均在1948年——1949年被拆毁", "qa_pairs": [{"question": "复仇级战列舰复仇号、—1949年被拆毁的战列舰是哪艘", "answer": "君权号", "reading_system_answer": "复仇号、决心号、拉米利斯号和君权号"}, {"question": "复仇级战列舰复仇号、—1949年被拆毁的是哪一年被拆毁", "answer": "1949年", "reading_system_answer": "1949年"}, {"question": "复仇级战列舰复仇号、、1949年被拆毁的是哪一年被拆毁", "answer": "1948年", "reading_system_answer": "1949年"}, {"question": "复11949年被拆毁的国家在1948年——19年均在1948年被拆毁的国家复仇", "answer": "号", "reading_system_answer": "复仇级战列舰 复仇号、决心号、拉米利斯号和君权号"}, {"question": "复仇级战列舰复仇号、—1949年被拆毁的战列舰是哪一艘", "answer": "级战列舰", "reading_system_answer": "复仇号、决心号、拉米利斯号和君权号"}]}]}