{"passage": "近几十年来，由于喷气式战机发展趋于多用途化，涵盖对空对地攻击，加之新的第三四代战斗机载弹量逐步增加，基本具备6-10吨载弹量，甚至超过了早期的轰炸机。在这一大趋势下，除美俄外，其他国家基本不再研发新的轰炸机，轰炸任务基本都是由多用途战斗机来完成，在近代局部战争中多有体现。而到了第五代隐形战斗机的出现，由于超音速巡航和隐身需要造成弹仓设计的局限性，造成载弹量明显降低，新的轰炸机又重新回到人们视线。   近期，国内相关军事论坛再一次出现一组名为轰18轰炸机的组照，同时获得央视某栏目专题讲评，而这组图片同时受到西方媒体的高度关注。然而，关于轰-18早在2013年美国《航空周报》网站就做过相关报道，当时报道猜测认为轰-18已于2013年5月已完成首飞测试。文章分析，2011年歼20首飞成功证明中国已经掌握隐形战机核心技术，中国发展中程隐形轰炸机既具备技术实力也有现实需要，毕竟轰6系列不管如何升级仍然不能满足解放军的战备需求。  下载口语100_在线咨询 广告 下载口语100_在线咨询  据了解，轰-18超音速隐形轰炸机采用机背进气道，W型机翼和无尾翼设计，机身长约28-30米，将配置两台大推力涡扇发动机，最大航程9000公里，作战半径3500-4000公里，最大载弹量12-15吨，配有大型内置挂弹舱，可携带72枚100千克雷石-6小型精确制导炸弹或4枚最新长剑系列巡航导弹或4枚鹰击-12反舰导弹，根据相关的任务也可以进行同载重的混合装载。虽然轰18不是一款远程战略轰炸机远没有轰-20获得的关注多，但对解决中国周圈范围内的主要军事威胁可以起到不可替代作用，其中包括南面所谓“一二岛链”和关岛军事基地及岛国本土。    我国空军司令马晓天已透漏中国正在研制轰20远程隐形战略轰炸机，但轰18超音速隐形中程轰炸机与轰20隐身战略轰炸机在战略战术上的应用并不相同。虽然轰-6K拥有同等的挂弹能力和作战半径，但毕竟代差放在那，突防能力明显不足，拥有具备隐身和超音速突防能力的轰-18于目前的中国而言是很有必要的。", "sentences": [{"text": "近几十年来", "qa_pairs": [{"question": "近几十年来来来来来来来来对朝几十年近年近年近年近年近年近近年近近年近近近年近近", "answer": "几十年", "reading_system_answer": null}]}, {"text": "由于喷气式战机发展趋于多用途化", "qa_pairs": [{"question": "由于喷气式战机发展趋于多用途化的喷气式战机发展趋于多用途化", "answer": "多用途化", "reading_system_answer": null}, {"question": "由于喷气式战机发展趋于多用途化的战机发展趋于多用途化的战机发展趋于多用途化的战", "answer": "战机", "reading_system_answer": null}]}, {"text": "涵盖对空对地攻击", "qa_pairs": [{"question": "涵盖对空对地攻击中涵盖对空对地攻击中涵盖对空对地攻击中涵盖对攻击什么对攻击", "answer": "空对地", "reading_system_answer": null}]}, {"text": "加之新的第三四代战斗机载弹量逐步增加", "qa_pairs": [{"question": "加之新的第三四代战斗机载弹量逐步增加的战斗机载弹量是多少", "answer": "第三四代战斗机载弹量", "reading_system_answer": null}]}, {"text": "基本具备6-10吨载弹量", "qa_pairs": [{"question": "基本具备6-10吨载弹量是什么", "answer": "基本", "reading_system_answer": null}, {"question": "基本具备6-10吨载弹量是什么", "answer": "10吨载弹量", "reading_system_answer": null}]}, {"text": "甚至超过了早期的轰炸机", "qa_pairs": [{"question": "甚至超过了早期的轰炸机是什么", "answer": "轰炸机", "reading_system_answer": null}]}, {"text": "在这一大趋势下", "qa_pairs": [{"question": "在这一大趋势下在在一大趋势下的大点是什么", "answer": "趋势", "reading_system_answer": null}]}, {"text": "除美俄外", "qa_pairs": [{"question": "除美俄外美国除俄俄外美国除外外美国除外外美俄除外外美俄除外外美俄除外外俄除外外", "answer": "美俄外", "reading_system_answer": null}]}, {"text": "其他国家基本不再研发新的轰炸机", "qa_pairs": [{"question": "其他国家基本不再研发新的轰炸机是哪个国家", "answer": "国家基本", "reading_system_answer": null}, {"question": "其他国家基本不再研发新的轰炸机是什么", "answer": "轰炸机", "reading_system_answer": null}]}, {"text": "轰炸任务基本都是由多用途战斗机来完成", "qa_pairs": [{"question": "轰炸任务基本都是由多用途战斗机来完成的任用的任用是什么", "answer": "任务基本", "reading_system_answer": null}, {"question": "轰炸任务基本都是由多用途战斗机来完成的战机是哪一架", "answer": "多用途战斗机", "reading_system_answer": null}]}, {"text": "在近代局部战争中多有体现", "qa_pairs": [{"question": "在近代局部战争中多有体现中多有体现中多代局部战争中多少部在近代局部战争中近代近", "answer": "局部战争", "reading_system_answer": null}, {"question": "在近代局部战争中多有体现的战争中中多代局部战争中中多代近部有什么有中不中国近代", "answer": "多", "reading_system_answer": null}]}, {"text": "而到了第五代隐形战斗机的出现", "qa_pairs": [{"question": "第五代隐形战斗机的出现是", "answer": "第五代隐形战斗机", "reading_system_answer": null}]}, {"text": "由于超音速巡航和隐身需要造成弹仓设计的局限性", "qa_pairs": [{"question": "由于超音速巡航和隐身需要造成弹仓设计的局限性的超音速巡航和隐身需要造成弹仓设计", "answer": "超音速", "reading_system_answer": null}, {"question": "由于超音速巡航和隐身需要造成弹仓设计的局限性的超音速巡和隐身需要造成弹仓设计的", "answer": "局限性", "reading_system_answer": null}, {"question": "由于超音速巡航和隐身需要造成弹仓的超音速巡航和隐身需要造成弹仓的国家的超音速巡", "answer": "弹仓", "reading_system_answer": null}]}, {"text": "造成载弹量明显降低", "qa_pairs": [{"question": "造成载弹量明显降低低低降成载弹量明显降低造成什么", "answer": "载弹量明显降低", "reading_system_answer": null}]}, {"text": "新的轰炸机又重新回到人们视线", "qa_pairs": [{"question": "新的轰炸机又重新回到人们视线的轰炸机轰炸机轰炸机又有什么视线", "answer": "轰炸机", "reading_system_answer": null}, {"question": "新的轰炸机又重新回到人们视线的重要新回到人们视线是什么", "answer": "人们视线", "reading_system_answer": "新的轰炸机"}]}, {"text": "近期", "qa_pairs": [{"question": "近期近期近期近期近期近期近期近近近近近近近近近近近近近近近近期期期期期期期近近", "answer": "", "reading_system_answer": null}]}, {"text": "国内相关军事论坛再一次出现一组名为轰18轰炸机的组照", "qa_pairs": [{"question": "轰18轰炸机的组照是什么", "answer": "18轰炸机", "reading_system_answer": null}, {"question": "轰18轰炸机的为轰18轰炸机的组照是什么", "answer": "一组", "reading_system_answer": null}, {"question": "轰18轰炸机的组照中国轰炸机的组照中国轰炸机的组照中国轰炸机的轰炸机是哪个", "answer": "军事论坛", "reading_system_answer": "轰18轰炸机"}, {"question": "轰18轰炸机的组照是什么", "answer": "一次", "reading_system_answer": null}]}, {"text": "同时获得央视某栏目专题讲评", "qa_pairs": [{"question": "同时获得央视某栏目专题讲评的目的是什么", "answer": "栏目专题", "reading_system_answer": null}]}, {"text": "而这组图片同时受到西方媒体的高度关注", "qa_pairs": [{"question": "西方媒体的高度关注是什么", "answer": "高度", "reading_system_answer": null}, {"question": "组图片同时受到西方媒体的高度关注是什么", "answer": "图片", "reading_system_answer": null}, {"question": "组图同时受到西方媒体的高度关注是什么", "answer": "媒体", "reading_system_answer": null}]}, {"text": "然而", "qa_pairs": [{"question": "然而而然然而然然然然然然然然然然然然然然然而然而然而然而然而然而然而然而然而然", "answer": "", "reading_system_answer": null}]}, {"text": "关于轰-18早在2013年美国《航空周报》网站就做过相关报道", "qa_pairs": [{"question": "关于轰-18早在2013年美国《航空周报》网站就做过相关报道的国家早11年美国", "answer": "网站", "reading_system_answer": null}, {"question": "关于轰-18早在2013年美国《航空周报》网站就做过相关报道的国家在2013年", "answer": "2013年美国", "reading_system_answer": null}, {"question": "关于轰-183年美国《航空周报》网站就做过相关报道的国家早在2013年美国《航", "answer": "航空周报", "reading_system_answer": null}, {"question": "关于轰-18早在2013年美国《航空周报》网站的国家其在2013年美国《航空周", "answer": "18", "reading_system_answer": null}]}, {"text": "当时报道猜测认为轰-18已于2013年5月已完成首飞测试", "qa_pairs": [{"question": "轰-183年5月已完成首飞测试的是什么时候", "answer": "2013年5月", "reading_system_answer": "2013年5月"}, {"question": "轰-183年5月已完成首飞测试的轰炸机是哪一年已于2013年5月已完成首飞测试", "answer": "18", "reading_system_answer": "2013年"}]}, {"text": "文章分析", "qa_pairs": [{"question": "文章分析文章分析中文章分别是什么", "answer": "文章", "reading_system_answer": null}]}, {"text": "2011年歼20首飞成功证明中国已经掌握隐形战机核心技术", "qa_pairs": [{"question": "2年歼20首飞成功证明中国已经掌握隐形战机核心技术是什么", "answer": "证明中国", "reading_system_answer": null}, {"question": "2年歼20首飞成功证明中国已经掌握隐形战机核心技术的国家在2011年歼20战机", "answer": "20", "reading_system_answer": null}, {"question": "2月歼2011年形战机核心技术是什么", "answer": "2011年", "reading_system_answer": null}, {"question": "2年歼20首飞成功证明中国已经掌握隐形战机核心技术是什么", "answer": "隐形战机核心技术", "reading_system_answer": null}]}, {"text": "中国发展中程隐形轰炸机既具备技术实力也有现实需要", "qa_pairs": [{"question": "中国发隐形轰炸机有什么实质", "answer": "现实", "reading_system_answer": null}, {"question": "中国发展中程隐形轰炸机既具备技术实力也有现实需要要要要要现实需要发展实力也有现", "answer": "中国", "reading_system_answer": null}, {"question": "中国发展中程隐形轰炸机既具备技术实力也有现实需要要要要要要现程隐形轰炸机既具备", "answer": "技术实力", "reading_system_answer": null}, {"question": "中国发展中程隐形轰炸机既有什么轰炸机", "answer": "中程隐形轰炸机", "reading_system_answer": null}]}, {"text": "毕竟轰6系列不管如何升级仍然不能满足解放军的战备需求", "qa_pairs": [{"question": "毕竟轰6系列不管如何升级仍然不能满足解放军的战备需求", "answer": "解放军", "reading_system_answer": null}, {"question": "毕竟轰6系列不管如何升级仍然不能满足解放军的战备需求", "answer": "战备", "reading_system_answer": null}, {"question": "毕竟轰6系列不管如何升级仍然不能满足解放军的战备需求", "answer": "6系列", "reading_system_answer": null}]}, {"text": "下载口语100_在线咨询 广告 下载口语100_在线咨询  据了解", "qa_pairs": [{"question": "下00000000000000000000000000000000000000", "answer": "广告", "reading_system_answer": null}, {"question": "_00_在线咨询广告下载口语100_在线咨询据了解载口语100_在线咨询广告下", "answer": "口语100", "reading_system_answer": null}]}, {"text": "轰-18超音速隐形轰炸机采用机背进气道", "qa_pairs": [{"question": "轰-18超音速隐形轰炸机采用的是什么样的", "answer": "机背进气道", "reading_system_answer": null}, {"question": "轰-18超音速隐形轰炸机采用机背进气道的轰炸机采用的是什么类型的", "answer": "18超音速隐形轰炸机", "reading_system_answer": null}]}, {"text": "W型机翼和无尾翼设计", "qa_pairs": [{"question": "w型机翼和无尾翼设计的尾翼设计是", "answer": "W", "reading_system_answer": null}, {"question": "w型机翼和无尾翼设计的尾翼是什么", "answer": "尾翼", "reading_system_answer": null}, {"question": "w型机翼和无尾翼设计的尾翼是什么", "answer": "机翼", "reading_system_answer": null}]}, {"text": "机身长约28-30米", "qa_pairs": [{"question": "-300长约是多少", "answer": "机身长约28", "reading_system_answer": null}, {"question": "机身长约28-30米的原型是", "answer": "30米", "reading_system_answer": null}]}, {"text": "将配置两台大推力涡扇发动机", "qa_pairs": [{"question": "将配置两台大推力涡扇发动机是什么", "answer": "涡扇发动机", "reading_system_answer": null}, {"question": "将配置两台大推力涡扇发动机的国家配置的大推力涡扇发动机是什么", "answer": "两台", "reading_system_answer": null}]}, {"text": "最大航程9000公里", "qa_pairs": [{"question": "最大航程9000里最大航程是多少", "answer": "航程9000公里", "reading_system_answer": null}]}, {"text": "作战半径3500-4000公里", "qa_pairs": [{"question": "作为00战略径基本的战半径30000000000000000000000000", "answer": "4000公里", "reading_system_answer": null}, {"question": "作为00战半径3000公里的原因是什么", "answer": "半径3500", "reading_system_answer": null}]}, {"text": "最大载弹量12-15吨", "qa_pairs": [{"question": "最大载弹量12-15吨的最大载弹量是", "answer": "载弹量12", "reading_system_answer": null}, {"question": "最大载弹量12-15吨的原型是", "answer": "15吨", "reading_system_answer": null}]}, {"text": "配有大型内置挂弹舱", "qa_pairs": [{"question": "配有大型内置挂弹舱配有大型内置挂弹舱的内容挂弹舱配有大型内置挂弹舱配有大型内置", "answer": "内置", "reading_system_answer": null}, {"question": "配有大型内置挂弹舱的大型内置挂弹舱是什么", "answer": "弹舱", "reading_system_answer": null}]}, {"text": "可携带72枚100千克雷石-6小型精确制导炸弹或4枚最新长剑系列巡航导弹或4枚鹰击-12反舰导弹", "qa_pairs": [{"question": "-6小型精确制导炸弹或4枚最新长剑系列巡航导弹或4枚鹰击-12反舰导弹的国家的", "answer": "长剑系列巡航导弹", "reading_system_answer": null}, {"question": "-6小型精确制导炸弹或4枚最新长剑系列巡航导弹或4枚最新长剑系列巡航导弹的国家", "answer": "72枚100千克雷石", "reading_system_answer": "可携带72枚"}, {"question": "-6小型精确制导炸弹或4枚最新长剑系列巡航导弹或4枚鹰击-12反舰导弹的国家携", "answer": "4枚", "reading_system_answer": null}, {"question": "-6小型精确制导炸弹或4枚最新长剑系列巡航导弹或4枚鹰击-12反舰导弹的国家携", "answer": "4枚鹰", "reading_system_answer": null}, {"question": "-6小型精确制导炸弹或4枚最新长剑系列巡航导弹或4枚最新长剑系列巡航导弹的国家", "answer": "12", "reading_system_answer": "可携带72枚"}, {"question": "4枚鹰击-12反舰导弹的制造国的巡航导弹或4枚最新长剑系列巡航导弹或4枚鹰击-", "answer": "制导炸弹", "reading_system_answer": null}]}, {"text": "根据相关的任务也可以进行同载重的混合装载", "qa_pairs": [{"question": "任进载同关的任进载重的装载中国相进行的务点是什么", "answer": "任务", "reading_system_answer": null}]}, {"text": "虽然轰18不是一款远程战略轰炸机远没有轰-20获得的关注多", "qa_pairs": [{"question": "轰18不是一款远程战略轰炸机远没有轰-20获得的关注多少轰炸机的国家的轰炸机其", "answer": "20", "reading_system_answer": null}, {"question": "轰18不是一款远程战略轰炸机远没有轰-20获得的关注多少远", "answer": "一款远程战略轰炸机", "reading_system_answer": null}, {"question": "轰18不得的轰略轰炸机的轰炸机是什么", "answer": "多", "reading_system_answer": "轰18"}, {"question": "轰18不是一款远程战略轰炸机的国家的轰炸机的轰炸机是哪一款", "answer": "18", "reading_system_answer": "轰18不是一款远程战略轰炸机远没有轰-20"}]}, {"text": "但对解决中国周圈范围内的主要军事威胁可以起到不可替代作用", "qa_pairs": [{"question": "中国周圈范围内的主要军事威胁可以起到不可替代作用的军事威胁是什么", "answer": "军事", "reading_system_answer": null}, {"question": "中国周圈范围内的主要军事威胁可以起到不可替用作为对解决中国周圈范围内的主要军事", "answer": "替代", "reading_system_answer": null}, {"question": "中国周圈范围内的主要军事威胁可以起到不可替代作用的军事威胁是什么", "answer": "中国周圈范围", "reading_system_answer": null}]}, {"text": "其中包括南面所谓“一二岛链”和关岛军事基地及岛国本土", "qa_pairs": [{"question": "“和关岛军事基地及岛国本土的“和关岛军事基地及谓“一二岛链”和关岛军事基地的国", "answer": "一二岛链", "reading_system_answer": null}, {"question": "“和关岛军事基地及岛国本土的“和关岛军事基地及岛国本土的“和关岛军事基地所谓“", "answer": "岛国本土", "reading_system_answer": "一二岛链"}, {"question": "“和关岛军事基地及岛国本土的“和关岛军事基地及岛国本土的”和关岛军事基地及谓“", "answer": "关岛军事基地", "reading_system_answer": "一二岛链"}]}, {"text": "我国空军司令马晓天已透漏中国正在研制轰20远程隐形战略轰炸机", "qa_pairs": [{"question": "我国空军司令马晓天已透漏中国正在研制轰20远程隐形战略轰炸机的国家在研制轰20", "answer": "空军司令马晓天", "reading_system_answer": null}, {"question": "我国空军司令马晓天已透漏中国正在研制轰20远程隐形战略轰炸机是哪个国家研制的", "answer": "中国", "reading_system_answer": null}, {"question": "我国空军司令马晓天已透漏中国正在研制轰20远程隐形战略轰炸机是哪个", "answer": "20远程隐形战略轰炸机", "reading_system_answer": null}]}, {"text": "但轰18超音速隐形中程轰炸机与轰20隐身战略轰炸机在战略战术上的应用并不相同", "qa_pairs": [{"question": "轰18超音速隐形中程轰炸机与轰20隐身战略轰炸机在战略战术上的应用并不相同的轰", "answer": "战略战术", "reading_system_answer": null}, {"question": "轰18超音速隐形中程轰炸机与轰20隐身战略轰炸机与轰20隐身战略轰炸机在战略战", "answer": "18超音速隐形中程轰炸机", "reading_system_answer": null}, {"question": "轰18超音速隐形中程轰炸机与轰20隐身战略轰炸机在战略战术上的应用并不相同的轰", "answer": "轰20", "reading_system_answer": null}, {"question": "轰18超音速隐形中程轰炸机与轰20隐身战略轰炸机在战略战术上的应用并不相同的轰", "answer": "战略轰炸机", "reading_system_answer": null}]}, {"text": "虽然轰-6K拥有同等的挂弹能力和作战半径", "qa_pairs": [{"question": "轰-6k拥有同等的挂弹能力和作战半径的国家拥有同等的挂弹能力和作战半径是什么", "answer": "半径", "reading_system_answer": null}, {"question": "轰-6k拥有同等的挂弹能力和作战半径的国家其轰-6k拥有同等的挂弹能力和作战半", "answer": "6K", "reading_system_answer": null}, {"question": "轰-6k拥有同等的挂弹能力和作战半径的国家拥有同等的挂弹能力和作战半径的国家拥", "answer": "能力", "reading_system_answer": null}]}, {"text": "但毕竟代差放在那", "qa_pairs": [{"question": "毕竟代差放在那三代差放在那三代差放放", "answer": "代差", "reading_system_answer": null}]}, {"text": "突防能力明显不足", "qa_pairs": [{"question": "突防能力明显不足的突力明显不足的突力能能显有什么突力明防能显力明突足", "answer": "能力", "reading_system_answer": null}]}, {"text": "拥有具备隐身和超音速突防能力的轰-18于目前的中国而言是很有必要的", "qa_pairs": [{"question": "和超音速突防能力的轰-18于目前的超音速突防能力的轰炸机其轰-18和超音速突要", "answer": "轰", "reading_system_answer": null}, {"question": "于目前的中国而言是很有必要的轰-18于目前的中国轰炸机其轰炸机拥有具备隐身和超", "answer": "超音速", "reading_system_answer": "拥有具备隐身和超音速突防能力"}, {"question": "轰-18于目前的中国而言是很有必要的国家而言的超音速突防能力的轰-18于目前的", "answer": "中国", "reading_system_answer": "拥有具备隐身和超音速突防能力"}, {"question": "目前的中国而言是很有必要的轰-18于目前的中国而言是很有必要的轰-18的国家的", "answer": "18", "reading_system_answer": "拥有具备隐身和超音速突防能力"}, {"question": "轰-18于目前的中国轰炸突防能力的轰-18于目前的超音速突防能力的轰-188身", "answer": "能力", "reading_system_answer": null}]}]}