{"passage": "据《日本商业日报》近日报道，越南政府计划于2017年后发射2颗地球观测卫星，经过综合考量，越南政府已决定将该卫星项目的合同授予日本公司。为此，日本政府决定向该项目提供约500亿日元(约合人民币42亿元)的ODA(政府开发援助)贷款。越南在获得这两颗侦察卫星之后，将会具备对其周边国家特别是敏感的中国南海地区进行适时侦察的能力。  　　据悉，日本政府与越南政府达成共识，为越南制造并发射2颗先进的对地观测卫星。在此之前，由于担心被援助国会将卫星转用于军事目的，因此日本从未向别国提供过人造卫星领域的ODA援助。ODA主要用于解决发展中国家的贫困问题，用于太空开发项目实属罕见。  　　日本虽然经济发达，但资源贫乏，所以很重视资源卫星的研制与应用。同时，日本在人造卫星的国际竞标中落后于欧美，因而希望借向越南出售卫星的机会迎头赶上，同时也有意强化与越南的关系。  　　根据有关资料，日本曾先后研制并发射了较为先进的海洋观测卫星，比如载有合成孔径雷达的“日本地球资源卫星”、先进地球观测卫星等各类用途的卫星，并从20世纪90年代中期就开始研制新型地球资源卫星——“先进陆地观测卫星”，据推测，日本即将向越南出售的，就是该卫星的简化版本。  　　“先进陆地观测卫星”是日本新一代陆地观测技术卫星，重量4吨，是世界最大级别的地球观测卫星。该星设计寿命至少5年，造价约为5000万美元。这种卫星采用三轴姿态控制，由星敏感器和惯性基准单元确定姿态，利用双频载波测位GPS接收机定位，姿态轨道控制系统不仅可完成高精度卫星定位和姿态调整，还可提供定位和确定姿态信息以满足绘制和更新地图、获取地理信息的需要。  　　这种卫星还采用了当今最为先进的数据压缩技术和多重化处理技术，可以随时把所获取的数据经压缩和多重化处理后再传送到地面站。该卫星载有3个高性能的遥感器，其中全色立体测绘遥感器可进行立体观测、摄影，获得高精度的地表信息，对地表的分辨率可达2.5米，可用于数字高程测绘，可获得有关地势、地质和植物分析等多种信息，可以实时而精确地对陆地和沿海地区进行观测；而最关键的相控阵L波段合成孔径雷达能全天候、全天时进行对地观测，有效地进行资源探测和灾情观测。  　　为了充分利用其遥感器所获得的数据，这种卫星还具有大量数据的处理能力，并具有高精度的位置与姿态确定分系统。它们可以完成绘图、区域观测、灾害监控和地球资源勘测等多项工作，能提供高分辨率和立体的地表测绘图像，其综合探测能力具有世界先进水平。由于地球卫星的军民两用性，以上功能在用于军用时，可以获得所需区域的高精度的图片和人员以及装备的分布调动信息，这就为越南军方提供了全面掌控南海信息的有效手段。  　　处心积虑对付中国  　　越南很早就有发展自己卫星的计划，但是由于经济实力和技术的原因，只能把发展计划投向国外，而且是先从通讯卫星开始。从1995年批准该项目到卫星最终升空，越南政府进行了长达13年的漫长准备。2008年4月19日5时16分，越南首颗卫星VINASAT-1由欧洲阿丽亚娜火箭从法属圭亚那库鲁航天发射中心发射升空。这颗通信卫星的成功发射，表明越南拥有了“空中主权”。  　　在积极发展通讯卫星的基础上，越南还不忘发展自己的军用侦察卫星，这也要依靠国外的技术支持才能实现。在越南表达出要发射对地观测卫星的意向后，就锁定了既可能会向其出售技术，又在南海政策上对其提供帮助的日本。最终，日本人如愿以偿获得了这个项目。根据合同，日本电气股份有限公司负责为越南建造其第一颗侦察卫星，并于2017年在位于鹿儿岛县的种子岛宇宙中心发射升空。  　　此后，该公司还将负责监管第二颗卫星的生产，并计划于2020年发射。在民用方面，这两颗卫星将具有全天候勘测森林和农业收成的能力；在军用方面，它们将会为越南军队提供全天候的周边实时侦察能力，具体地说，就是可以侦察到中国海军在南海的兵力部署以及海军舰艇数量和具体型号。越南政府希望通过这一卫星系统实现“每天可至少一次观测包括南海周边特别是中国海军军事设施在内的适时侦查数据”的构想。  　　越南一直希望能够把南海问题国际化，引入外部力量制衡中国，如今事态正向着越南所期望的方向发展。最令人关注的是，越南近年来大肆购买军火，尤其是和俄罗斯的军火交易与日俱增。就在越南与中国在南海问题上争端有增无减之际，越南从俄罗斯购买的大量海军装备相继成军，这些先进武器装备不但大幅提升了其军力，更是通过军售来拉拢和捆绑俄罗斯。  　　此外，近日越南媒体还宣布要从荷兰购买四艘“西格玛”型护卫舰，从印度采购“布拉莫斯”超音速反舰导弹等。当这些武器装备正式投入使用后，未来在日制侦察卫星的支持下，将大大提升越南的军事实力和远程打击能力，对中国和平解决南海问题极为不利。", "sentences": [{"text": "据《日本商业日报》近日报道", "qa_pairs": [{"question": "日《近日》近日》近日》近日》日本报道业业报日》日本报日据日本报日报日本报日报日", "answer": "日本商业日报", "reading_system_answer": null}]}, {"text": "越南政府计划于2017年后发射2颗地球观测卫星", "qa_pairs": [{"question": "越南政府计划于2017年后发射2颗地球观测卫星的国家计划于2017年后发射2颗", "answer": "2017", "reading_system_answer": null}, {"question": "越南政府计划于2017年后发射2颗地球观测卫星的国家在越南政府计划于2017年", "answer": "越南政府计划", "reading_system_answer": null}, {"question": "越南政府计划于2017年后发射2颗地球观测卫星的国家计划于2017年后发射2颗", "answer": "卫星", "reading_system_answer": null}, {"question": "越南政府计划于2017年后发射2颗地球观测卫星的国家计划于2017年后发射2颗", "answer": "2颗地球", "reading_system_answer": null}]}, {"text": "经过综合考量", "qa_pairs": [{"question": "经过综合考量考合考合考合综量的综合过什么", "answer": "考量", "reading_system_answer": null}]}, {"text": "越南政府已决定将该卫星项目的合同授予日本公司", "qa_pairs": [{"question": "越南政府已决定将该卫星项目的合同授予日本公司项目的合同授予日本公司决定越南政府", "answer": "越南政府", "reading_system_answer": null}, {"question": "越南政府已决定将该卫星项目的合同授予日本公司项目的合同授予日本公司项目的合同授", "answer": "日本公司", "reading_system_answer": null}, {"question": "越南政府已决定将该卫星项目的合同授予日本公司授予日本公司的目的是什么", "answer": "卫星项目", "reading_system_answer": null}]}, {"text": "为此", "qa_pairs": [{"question": "为什么说为此为为为为为为为为为此此此此此此此此此此此此此此此此此此此此此此此此", "answer": "", "reading_system_answer": null}]}, {"text": "日本政府决定向该项目提供约500亿日元(约合人民币42亿元)的ODA(政府开发援助)贷款", "qa_pairs": [{"question": "日本政府决定向该项目提供约500亿日元(约合人民币42亿元)的oda(政府开发", "answer": "政府", "reading_system_answer": null}, {"question": "日本政府决发援助)贷款的政府开发援助)贷款是什么", "answer": "日本政府", "reading_system_answer": "约500亿日元(约合人民币42亿元)"}, {"question": "日本政府决定向该项目提供约多少日元(约合人民币42亿元)的oda(政府开发援助", "answer": "500亿日元", "reading_system_answer": "500亿日元"}, {"question": "日本政府决定向该项目提供约500亿日元(约合人民币42亿元)的oda(政府开发", "answer": "贷款", "reading_system_answer": null}, {"question": "日本政府决定向该项目提供约500亿日元(约合人民币42亿元)的oda(政府开发", "answer": "ODA", "reading_system_answer": null}, {"question": "日本政府决定向该项目提供约500亿日元(约合人民币42亿元)的oda(政府开发", "answer": "人民币42亿元", "reading_system_answer": null}, {"question": "日本政府决定向该项目提供约500亿日元(约合人民币42亿元)的oda(政府开发", "answer": "项目", "reading_system_answer": null}]}, {"text": "越南在获得这两颗侦察卫星之后", "qa_pairs": [{"question": "越南在获得这两颗侦察卫星之后在越南在越南获得这颗侦察卫星之后在越南获得这颗侦察", "answer": "越南", "reading_system_answer": null}, {"question": "越南在获得这两颗侦察卫星之后在越南在获得这两颗侦察卫星的国家在越南获得后在越南", "answer": "卫星", "reading_system_answer": null}, {"question": "越南在获得这两颗侦察卫星之后在越南在获得这两颗侦察卫星之后在越南获得侦察卫星的", "answer": "两颗", "reading_system_answer": null}]}, {"text": "将会具备对其周边国家特别是敏感的中国南海地区进行适时侦察的能力", "qa_pairs": [{"question": "将会具备对其周边国家特别是敏感的中国南海地区进行适时侦察的能力是什么", "answer": "中国南海地区", "reading_system_answer": null}, {"question": "敏感的中国南海地区进行适时侦察的能力是什么", "answer": "周边国家", "reading_system_answer": null}, {"question": "敏感的中国南海地区进行适时侦察的能力是什么", "answer": "能力", "reading_system_answer": null}]}, {"text": "据悉", "qa_pairs": [{"question": "悉近悉据悉悉悉悉悉悉悉据据据据据据据据据据据据据据据据悉悉悉悉悉悉悉悉悉悉悉悉", "answer": "", "reading_system_answer": null}]}, {"text": "日本政府与越南政府达成共识", "qa_pairs": [{"question": "日本政府与越南政府达成共识是什么", "answer": "越南政府", "reading_system_answer": null}, {"question": "日本政府与越南政府达成共识的政府达成共识是什么", "answer": "日本政府", "reading_system_answer": null}, {"question": "日本政府与越南政府达达成什么要与越识", "answer": "共识", "reading_system_answer": null}]}, {"text": "为越南制造并发射2颗先进的对地观测卫星", "qa_pairs": [{"question": "为什么为越南制造并发射2颗先进的对地观测卫星", "answer": "越南", "reading_system_answer": null}, {"question": "为越南制造并发射2颗先进的对地观测卫星是什么", "answer": "卫星", "reading_system_answer": null}, {"question": "为越南制造并发射2颗先进的对地观测卫星是什么", "answer": "2颗", "reading_system_answer": null}]}, {"text": "在此之前", "qa_pairs": [{"question": "在此之前之前之前在此之前在此之此此之前在在在在在在在在在在在在在在在在在在在在", "answer": "", "reading_system_answer": null}]}, {"text": "由于担心被援助国会将卫星转用于军事目的", "qa_pairs": [{"question": "被于担心被援助国会将卫星转用于军事目的是什么", "answer": "卫星", "reading_system_answer": null}, {"question": "被于担心被援助国会将卫星转用于军事目的是什么", "answer": "援助国", "reading_system_answer": null}, {"question": "由于担心被援助国会将卫星转用于军事目的是什么", "answer": "军事目的", "reading_system_answer": null}]}, {"text": "因此日本从未向别国提供过人造卫星领域的ODA援助", "qa_pairs": [{"question": "日本从未向别国提供过人造卫星领域的oda援助是什么", "answer": "ODA", "reading_system_answer": null}, {"question": "oda援助是哪个国家从未别国提供过人造卫星领域的oda援助", "answer": "日本", "reading_system_answer": "日本"}, {"question": "日本从未向别国提供过人造卫星领域的oda援助是什么", "answer": "人造卫星领域", "reading_system_answer": null}]}, {"text": "ODA主要用于解决发展中国家的贫困问题", "qa_pairs": [{"question": "oda主要用于解决发展中国家的贫困问题的战争是什么", "answer": "ODA", "reading_system_answer": null}, {"question": "odaaaaaaddddddpro冲锋枪采用的是什么问展", "answer": "问题", "reading_system_answer": null}]}, {"text": "用于太空开发项目实属罕见", "qa_pairs": [{"question": "用于太空开发项目实属罕见的发项目实属罕见的发项目用的发空开空是什么", "answer": "太空", "reading_system_answer": null}, {"question": "用于太空开发项目实属罕见的发项目实属罕见的发项目实属罕见于目实于太空开发项属罕", "answer": "项目实属", "reading_system_answer": null}]}, {"text": "日本虽然经济发达", "qa_pairs": [{"question": "日日日济发达到经济发达到经济发达到经济虽发本的发本发本的发本是什么", "answer": "日本", "reading_system_answer": null}, {"question": "日本经济发达高济发达高济发达高济发达到什么发动机", "answer": "经济", "reading_system_answer": null}]}, {"text": "但资源贫乏", "qa_pairs": [{"question": "资源贫乏乏乏源贫源贫资资但但", "answer": "资源贫乏", "reading_system_answer": null}]}, {"text": "所以很重视资源卫星的研制与应用", "qa_pairs": [{"question": "资源卫星的研制与应用的卫星是什么", "answer": "资源卫星", "reading_system_answer": null}]}, {"text": "同时", "qa_pairs": [{"question": "同时时同时同时同时同时同同同同同同同同同同同同同同同同同同同同同同同方对同同同", "answer": "", "reading_system_answer": null}]}, {"text": "日本在人造卫星的国际竞标中落后于欧美", "qa_pairs": [{"question": "日本在人造卫星的国际竞标中落后于哪里", "answer": "欧美", "reading_system_answer": null}, {"question": "日本在人造卫星的国际竞标中落后于欧美际星的国际竞标中落后于欧美的标造卫星的国际", "answer": "人造卫星", "reading_system_answer": null}, {"question": "日人造卫星的国际竞标中落后于欧美的国家在欧美际竞标造的国家在欧美际竞的国家的本", "answer": "日本", "reading_system_answer": "日本"}, {"question": "日本在人造卫星的国际竞标中落后于欧美际星的国际竞标中落后于欧美的国家在人造卫星", "answer": "国际竞标", "reading_system_answer": null}]}, {"text": "因而希望借向越南出售卫星的机会迎头赶上", "qa_pairs": [{"question": "希望借向越南出售卫星的机会迎头赶上的越南出售卫星的机会迎头赶上是什么", "answer": "越南", "reading_system_answer": null}, {"question": "希望借向越南出售卫星的机会迎头赶上的机会迎头赶上的机卫星的机会迎头赶上的售卫星", "answer": "卫星", "reading_system_answer": null}, {"question": "希望借向越南出售卫星的机会迎头赶上的机会迎头赶上的机会迎头赶上的机机是什么", "answer": "机会", "reading_system_answer": null}]}, {"text": "同时也有意强化与越南的关系", "qa_pairs": [{"question": "与越南的关系是什么", "answer": "越南", "reading_system_answer": null}, {"question": "同时有意强化与越南的关系的目的是什么", "answer": "关系", "reading_system_answer": null}]}, {"text": "根据有关资料", "qa_pairs": [{"question": "根据有关资料关据有关资料有什么根据有关资料", "answer": "资料", "reading_system_answer": null}]}, {"text": "日本曾先后研制并发射了较为先进的海洋观测卫星", "qa_pairs": [{"question": "日本本曾先进的海洋观测卫星是什么", "answer": "日本", "reading_system_answer": null}, {"question": "日本曾先后研制并发射了较为先进的海洋观测卫星的国家曾先后研制并发射了较为先进的", "answer": "卫星", "reading_system_answer": null}, {"question": "日本曾先后研制并发射了较为先进的海洋观测卫星的国家研制的先进的海洋观测卫星是哪", "answer": "海洋", "reading_system_answer": null}]}, {"text": "比如载有合成孔径雷达的“日本地球资源卫星”、先进地球观测卫星等各类用途的卫星", "qa_pairs": [{"question": "“、先进地球观测卫星等各类用进地球观测卫星的“、先进地球资源卫星”、先进地途类", "answer": "用途", "reading_system_answer": null}, {"question": "“、先进地球观测卫星等各类用途的卫星是哪个", "answer": "卫星", "reading_system_answer": "日本地球资源卫星"}, {"question": "“、先进地球观测卫星等各类用途的卫星的“日先先进地球观测卫星等各类用途的卫星是", "answer": "地球", "reading_system_answer": "载有合成孔径雷达的“日本地球资源卫星"}, {"question": "“、先进地球观测卫星等各类用途的卫星是什么", "answer": "日本地球资源卫星", "reading_system_answer": "日本地球资源卫星"}]}, {"text": "并从20世纪90年代中期就开始研制新型地球资源卫星——“先进陆地观测卫星”", "qa_pairs": [{"question": "—0年代中期开始研制新型地球资源卫星——“先进陆地观测卫星”是什么", "answer": "20世纪90", "reading_system_answer": null}, {"question": "—“0地球资源卫星是哪个卫星", "answer": "地球资源卫星", "reading_system_answer": "先进陆地观测卫星"}, {"question": "——先进陆地观测卫星”是什么", "answer": "卫星", "reading_system_answer": null}, {"question": "——先进陆地观测卫星”是什么", "answer": "陆地", "reading_system_answer": null}]}, {"text": "据推测", "qa_pairs": [{"question": "推测推测推测推测推测推测推测推测的推据测据测据测推推推推推推推推推推推的测测是", "answer": "", "reading_system_answer": null}]}, {"text": "日本即将向越南出售的", "qa_pairs": [{"question": "日本即将向越南出售的越南出售的越南出售的越南出越向越本出向越本出向南售向越本出", "answer": "越南", "reading_system_answer": null}, {"question": "日日日越南出售的越南出售的本国售的即向越南出售的越本即将售售是什么", "answer": "日本", "reading_system_answer": null}]}, {"text": "就是该卫星的简化版本", "qa_pairs": [{"question": "就是该卫星的简化版本是", "answer": "卫星", "reading_system_answer": null}, {"question": "就是该卫星的简化版本是什么", "answer": "版本", "reading_system_answer": null}]}, {"text": "“先进陆地观测卫星”是日本新一代陆地观测技术卫星", "qa_pairs": [{"question": "日日“”新一代陆地观测技术卫星是哪个国家", "answer": "日本", "reading_system_answer": "是日本"}, {"question": "“先进陆地观测技术卫星是哪个", "answer": "卫星", "reading_system_answer": null}, {"question": "“先进陆地观测技术卫星是哪个", "answer": "陆地", "reading_system_answer": null}, {"question": "“先进陆地观测卫星”是日本新一代陆地观测技术卫星的国家在“”是日本新一代陆地观", "answer": "技术卫星", "reading_system_answer": null}]}, {"text": "重量4吨", "qa_pairs": [{"question": "重量4吨的重量是什么", "answer": "重量4吨", "reading_system_answer": null}]}, {"text": "是世界最大级别的地球观测卫星", "qa_pairs": [{"question": "世界最大级别的地球观测卫星是哪个", "answer": "卫星", "reading_system_answer": null}, {"question": "世界最大级别的地球观测卫星是哪个公司研制", "answer": "世界", "reading_system_answer": null}, {"question": "世界最大级别的地球观测卫星是哪个", "answer": "地球", "reading_system_answer": null}, {"question": "世界最大级别的地球观测卫星是哪个", "answer": "级别", "reading_system_answer": null}]}, {"text": "该星设计寿命至少5年", "qa_pairs": [{"question": "该星设计寿命至少5年是如何", "answer": "寿命", "reading_system_answer": null}, {"question": "该年设计寿命至少5年的少寿命至少5年", "answer": "星", "reading_system_answer": null}, {"question": "设计寿命至少5年设计寿命至少5年", "answer": "5年", "reading_system_answer": null}]}, {"text": "造价约为5000万美元", "qa_pairs": [{"question": "造价约为多少", "answer": "5000万美元", "reading_system_answer": null}]}, {"text": "这种卫星采用三轴姿态控制", "qa_pairs": [{"question": "这种卫星采用的是什么样的", "answer": "三轴姿态控制", "reading_system_answer": null}, {"question": "采用三轴姿态控制的国家卫星采用的是什么卫星", "answer": "卫星", "reading_system_answer": null}]}, {"text": "由星敏感器和惯性基准单元确定姿态", "qa_pairs": [{"question": "由星敏感器和惯性基准单元确定姿态的国家由星敏感器和惯性基准单元确定姿态的国家由", "answer": "姿态", "reading_system_answer": null}, {"question": "由星敏感器和惯性基准单元确定姿态的准姿态是什么", "answer": "惯性基准单元", "reading_system_answer": null}, {"question": "由星敏感器和惯性基准单元确定姿态的国家由由哪些确定姿态", "answer": "星", "reading_system_answer": null}, {"question": "由星敏感器和惯性基准单元确定姿态的国家其定器和惯性基准单元确定姿态的国家由星敏", "answer": "器", "reading_system_answer": null}]}, {"text": "利用双频载波测位GPS接收机定位", "qa_pairs": [{"question": "利用双频载波测位gps接收机定位的原因是什么", "answer": "GPS接收机定位", "reading_system_answer": null}, {"question": "利用双频载波测位gps接收机定位的gps接收机定位的载波用双频载波测位gps接", "answer": "载波", "reading_system_answer": null}, {"question": "gps接收机定位的双频载波测位gps接收机定位的定波测位gps接收机载位的定波", "answer": "利用", "reading_system_answer": null}]}, {"text": "姿态轨道控制系统不仅可完成高精度卫星定位和姿态调整", "qa_pairs": [{"question": "姿态轨道控制系统不仅可完成高精度卫星定位和姿态调整的原因是什么", "answer": "高精度卫星定位", "reading_system_answer": null}, {"question": "姿态轨道控制系统不仅可完成高精度卫星定位和姿态调整的姿态调整的姿态是什么", "answer": "姿态", "reading_system_answer": null}, {"question": "姿态轨道控制系统不仅可完成高精度卫星定位和姿态调整的姿态轨道控制系统不仅可完成", "answer": "姿态轨道", "reading_system_answer": null}]}, {"text": "还可提供定位和确定姿态信息以满足绘制和更新地图、获取地理信息的需要", "qa_pairs": [{"question": "、、的制造国获取地理信息的需要的国家获得地地图态信息以满足绘制和更新地图、获取", "answer": "地图", "reading_system_answer": "定位和确定姿态信息"}, {"question": "、、获获取地地图、制造的满足绘制和更新地地需要的满足绘信息的需要的满足态信息以", "answer": "绘制", "reading_system_answer": "可提供定位和确定姿态信息"}, {"question": "、获取地地图、获取地理信息的需要的定足绘制和更新地以满足绘制和更新地以满足绘制", "answer": "定位", "reading_system_answer": "可提供定位和确定姿态信息"}, {"question": "、获的息信息图态是什么", "answer": "姿态信息", "reading_system_answer": "定位和确定姿态信息"}, {"question": "、、获取地理信息的需要的信息以满足绘制和更新地图、获取地理信息的需要的信息姿态", "answer": "地理信息", "reading_system_answer": "定位和确定姿态信息"}]}, {"text": "这种卫星还采用了当今最为先进的数据压缩技术和多重化处理技术", "qa_pairs": [{"question": "采用了当今最为先进的数据压缩技术和多重化处理技术的国家最为先进的数据压缩技术和", "answer": "卫星", "reading_system_answer": null}, {"question": "今年卫星还采用了当今最为先进的数据压缩技术和多重化理技术的国家其卫星还采用了当", "answer": "多重化", "reading_system_answer": null}, {"question": "今年数据压缩技术和多重化处理技术的理技术是什么", "answer": "技术", "reading_system_answer": null}]}, {"text": "可以随时把所获取的数据经压缩和多重化处理后再传送到地面站", "qa_pairs": [{"question": "把压缩和多重化处理后再传送到地面站的压缩和多重化处理后经压缩和多重化处理后经压", "answer": "地面站", "reading_system_answer": null}, {"question": "把压缩和多重化处理后再传送到地面站的压缩和多重化处理后再传送到地面站的国家其取", "answer": "多重化", "reading_system_answer": "可以随时把所获取的数据"}, {"question": "数时数重化处理后再传送到数时把数和数的面压缩和多重化处理后再传送到的国家取取的", "answer": "数据", "reading_system_answer": null}]}, {"text": "该卫星载有3个高性能的遥感器", "qa_pairs": [{"question": "该卫星载有3个高性能的遥感器的卫星载有3个高性能的遥感器是什么", "answer": "卫星", "reading_system_answer": null}, {"question": "该卫星载有3个高性能的遥感器是什么", "answer": "3个高性能", "reading_system_answer": null}, {"question": "3个高性能的遥感器的3个高性能的遥感器是什么", "answer": "器", "reading_system_answer": null}]}, {"text": "其中全色立体测绘遥感器可进行立体观测、摄影", "qa_pairs": [{"question": "全色立体测绘遥感器可进行立体测、摄影的原因是什么", "answer": "全色立体", "reading_system_answer": null}, {"question": "全色立体测绘遥感器可进行立体观测、摄影的、摄、遥感器可进行立体观测绘影感、摄、", "answer": "器", "reading_system_answer": null}, {"question": "全色立体测绘遥感器可进行立体观测、摄影的摄测、摄影是什么", "answer": "摄影", "reading_system_answer": null}, {"question": "全色立体测绘遥感器可进行立体测、摄影的体测、摄影的体测绘体观测立遥感器可进行立", "answer": "立体", "reading_system_answer": null}]}, {"text": "获得高精度的地表信息", "qa_pairs": [{"question": "获得高精度的地表信息表的信息是什么", "answer": "地表信息", "reading_system_answer": null}, {"question": "获得高精度的地表信息的高精度的地表信息是什么", "answer": "高精度", "reading_system_answer": null}]}, {"text": "对地表的分辨率可达2.5米", "qa_pairs": [{"question": "对地表的分辨率可达2.5米米的原因是什么", "answer": "分辨率", "reading_system_answer": null}, {"question": "对地表的分辨率可达2.5米米的原因是什么", "answer": "地表", "reading_system_answer": null}, {"question": "对地表的分辨率可达多少米", "answer": "2.5米", "reading_system_answer": null}]}, {"text": "可用于数字高程测绘", "qa_pairs": [{"question": "可用于数字高程测绘的优势测绘的优势是什么", "answer": "数字高程", "reading_system_answer": null}]}, {"text": "可获得有关地势、地质和植物分析等多种信息", "qa_pairs": [{"question": "可获得有关地势、地质和植物分析等多种信息的地质和植物分析等多种信息的地质和植物", "answer": "植物", "reading_system_answer": null}, {"question": "、地质和植物分析等多种信息的信息是什么", "answer": "多种信息", "reading_system_answer": "地势、地质和植物分析"}, {"question": "、地质和植物分析等多种信息的地势是什么", "answer": "地质", "reading_system_answer": "地势"}, {"question": "、地质和植物分析等多种信息的关地势、地质和植物分析等多种信息的关地势、地质和植", "answer": "地势", "reading_system_answer": null}]}, {"text": "可以实时而精确地对陆地和沿海地区进行观测；而最关键的相控阵L波段合成孔径雷达能全天候、全天时进行对地观测", "qa_pairs": [{"question": "；而最关键的相控阵l波段合成孔径雷达能全天候、全天时进行对地观测的国家其进行观", "answer": "相控阵", "reading_system_answer": "可以实时而精确地对陆地和沿海地区进行观测"}, {"question": "l波段合成孔径雷达能全天测测而最关键的相控阵l波段合成孔径雷达能全天测测的原因", "answer": "全天时", "reading_system_answer": "可以实时而精确地对陆地和沿海地区进行观测"}, {"question": "最而最关键的相控阵l波段合成孔径雷达能全天候、全天时进行对地观测的国家其进行观", "answer": "波段", "reading_system_answer": "可以实时而精确地对陆地和沿海地区进行观测"}, {"question": "l而最关键的相控阵l波段合成孔径雷达能全天测测；而最关键的相控阵l波段合成孔径", "answer": "全天候", "reading_system_answer": "；而"}, {"question": "l而最关键的相控阵l波段合成孔径雷达能全天候、全天时进行对地观测的国家其进行观", "answer": "沿海地区", "reading_system_answer": "可以实时而精确地对陆地和沿海地区进行观测"}, {"question": "；而最关键的相控阵l波段合成孔径和沿海地区进行观测；全天时进行对地观测的国家其", "answer": "地", "reading_system_answer": "；而"}, {"question": "；而最关键的相控阵l波段合成孔径雷达能全天候、全天时进行对地观测的国家其地对陆", "answer": "陆地", "reading_system_answer": "陆地和沿海地区"}, {"question": "l而最关键的相控阵l波段合成孔径雷达能全天候、全天时进行对地观测的国家其进行观", "answer": "关键", "reading_system_answer": "可以实时而精确地对陆地和沿海地区进行观测"}]}, {"text": "有效地进行资源探测和灾情观测", "qa_pairs": [{"question": "有效地进行资源探测和灾情观测的情资测和灾情观测的情资源观探测和灾情进行资源探测", "answer": "灾情", "reading_system_answer": null}, {"question": "有效地进行资源探测和灾情观测的国家有效地进行资源探测和灾情观测的国家有效地进行", "answer": "资源", "reading_system_answer": null}]}, {"text": "为了充分利用其遥感器所获得的数据", "qa_pairs": [{"question": "为什么说充分利用其遥感器所获得的数据获得的数据获得的感器所获得的数据获得其用利", "answer": "器所", "reading_system_answer": null}, {"question": "为什么说遥感器所获得的数据获得的遥感器所获得的数据", "answer": "充分利用", "reading_system_answer": null}, {"question": "为什么说获得其数分利用其遥感器所获得的数据获得的", "answer": "数据", "reading_system_answer": null}]}, {"text": "这种卫星还具有大量数据的处理能力", "qa_pairs": [{"question": "具有大量数据的处理能力的能力是什么", "answer": "大量数据", "reading_system_answer": null}, {"question": "具有大量数据的处理能力的卫星是什么", "answer": "卫星", "reading_system_answer": null}, {"question": "这种卫星还具有大量数据的处理能力的能力是什么", "answer": "能力", "reading_system_answer": null}]}, {"text": "并具有高精度的位置与姿态确定分系统", "qa_pairs": [{"question": "并具有高精度的位置与姿态确定分系统的姿态确定分系统的姿态是什么", "answer": "姿态", "reading_system_answer": null}, {"question": "并具有高精度的位置与姿态确定分系统的优点是什么", "answer": "高精度", "reading_system_answer": null}]}, {"text": "它们可以完成绘图、区域观测、灾害监控和地球资源勘测等多项工作", "qa_pairs": [{"question": "、灾害监控和地球资源勘测等多项工作的域域观测、灾害监控和地球资源勘测等多项工作", "answer": "区域", "reading_system_answer": null}, {"question": "、灾害监控和地球资源勘测等多项工作的多等多项工作的多等球资源勘测等多、灾害监控", "answer": "多项", "reading_system_answer": null}, {"question": "、灾害监控和地球资源勘测等多项工作的目的是什么", "answer": "地球资源", "reading_system_answer": null}, {"question": "、们害监控和地球资源勘测等多项工作的国家绘观测、灾害监控和地球资源勘测等多项工", "answer": "绘图", "reading_system_answer": null}, {"question": "、灾害监控和地球资源勘测等多项工作的目的是什么", "answer": "灾害", "reading_system_answer": null}]}, {"text": "能提供高分辨率和立体的地表测绘图像", "qa_pairs": [{"question": "能提供高分辨率和立体的地表测绘图像的辨率是什么", "answer": "高分辨率", "reading_system_answer": null}, {"question": "能提供高分辨率和立体的地表测绘图像的测绘图表是什么", "answer": "地表", "reading_system_answer": null}, {"question": "能提供高分辨率和立表测绘的图点是什么", "answer": "图像", "reading_system_answer": null}, {"question": "能提供高分辨率和立体的地表测绘图像的国家绘体的地表测绘图的地体的立体是什么", "answer": "立体", "reading_system_answer": null}]}, {"text": "其综合探测能力具有世界先进水平", "qa_pairs": [{"question": "世界先进水平的世界先进水平是什么", "answer": "水平", "reading_system_answer": "其综合探测能力"}, {"question": "世界先进水平具有哪些国家", "answer": "世界", "reading_system_answer": "其综合探测能力"}, {"question": "世界先进水平的世界先进水平的世界先进水平是哪个", "answer": "能力", "reading_system_answer": "综合探测能力"}]}, {"text": "由于地球卫星的军民两用性", "qa_pairs": [{"question": "由于地球卫星的军民两用性的两星的军民两用性是什么", "answer": "地球卫星", "reading_system_answer": null}, {"question": "由于地球卫星的军民两用性的国家由于地球卫星的军民两用性是什么", "answer": "军民两用性", "reading_system_answer": null}]}, {"text": "以上功能在用于军用时", "qa_pairs": [{"question": "以功能在军用时功于以于军用时功上用在军用时用在军用时用在军用能在军用能在军用能", "answer": "功能", "reading_system_answer": null}, {"question": "以上功能在用于军用时的作用是什么", "answer": "军用时", "reading_system_answer": null}]}, {"text": "可以获得所需区域的高精度的图片和人员以及装备的分布调动信息", "qa_pairs": [{"question": "高备的分布调动信息的高精度的图片和人员以及装备的分布调动信息的高精度的图片和人", "answer": "区域", "reading_system_answer": "可以获得所需区域"}, {"question": "高精度的图片和人员以及装备的分布调动信息的高精度的图片和人员以及装备的分布调动", "answer": "人员", "reading_system_answer": null}, {"question": "高精度的图片和人员以及装备的分布调动信息的高精度的图片和人员以及装备的分布调动", "answer": "高精度", "reading_system_answer": null}, {"question": "高备的分布调动信息的分布调动信息的分别是什么", "answer": "信息", "reading_system_answer": null}, {"question": "高精度的图片和人员以及装备的分布调动信息的装备是什么", "answer": "装备", "reading_system_answer": null}, {"question": "高精度的图片和人员以及装备的分布调动信息的图片和人员以及装备的分布调动信息的高", "answer": "图片", "reading_system_answer": null}]}, {"text": "这就为越南军方提供了全面掌控南海信息的有效手段", "qa_pairs": [{"question": "越南军方提供了全面掌控南海信息的有效手段的国家其全面掌控南海信息的有效手段是什", "answer": "全面", "reading_system_answer": null}, {"question": "越南军方提供了全面掌控南海信息的有效手段是什么", "answer": "手段", "reading_system_answer": null}, {"question": "越南军方提供了全面掌控南海信息的有效手段是什么", "answer": "南海信息", "reading_system_answer": null}, {"question": "越南军方提供了全面掌控南海信息的有效手段的国家其提供了全面掌控南海信息的有效手", "answer": "越南军方", "reading_system_answer": "这就为"}]}, {"text": "处心积虑对付中国  　　越南很早就有发展自己卫星的计划", "qa_pairs": [{"question": "中国越南很早就有发展自己卫星的计划的国家的越南很早就有发展自己卫星的计划是什么", "answer": "越南", "reading_system_answer": null}, {"question": "中国越南很早就有发展自己卫星的计划中的发展自己卫星的计划是", "answer": "计划", "reading_system_answer": null}, {"question": "越南很早就有发展自己卫星的计划是什么", "answer": "中国", "reading_system_answer": "处心积虑对付中国"}, {"question": "中国越南很早就有发展自己卫星的计划的国家发展自己卫星的计划中国早就有发展自己卫", "answer": "卫星", "reading_system_answer": null}]}, {"text": "但是由于经济实力和技术的原因", "qa_pairs": [{"question": "由原因为由济实力的原因是什么", "answer": "原因", "reading_system_answer": "经济实力和技术"}, {"question": "技术的原因是什么", "answer": "经济实力", "reading_system_answer": "经济实力和技术"}, {"question": "技术的原因是什么", "answer": "技术", "reading_system_answer": "经济实力和技术"}]}, {"text": "只能把发展计划投向国外", "qa_pairs": [{"question": "只能把发展计划投向国外的国家向发展计划投向国外能向国外投展计划投展国外投展只向", "answer": "计划投向", "reading_system_answer": null}]}, {"text": "而且是先从通讯卫星开始", "qa_pairs": [{"question": "通从通讯卫星开始的目的是什么", "answer": "通讯卫星", "reading_system_answer": null}]}, {"text": "从1995年批准该项目到卫星最终升空", "qa_pairs": [{"question": "从1995年批准该项目到卫星最终升空的国家在从1995年批准的最终升空中最终升", "answer": "1995年", "reading_system_answer": null}, {"question": "从1995年批准该项目到卫星最终升空的最终升空是什么", "answer": "卫星", "reading_system_answer": null}, {"question": "从1995年批准该项目到卫星最终升空的国家在9995年批准该项目到卫星最终升空", "answer": "项目", "reading_system_answer": null}]}, {"text": "越南政府进行了长达13年的漫长准备", "qa_pairs": [{"question": "越南政府进行了长达1年的漫长准备的是什么", "answer": "越南政府", "reading_system_answer": null}, {"question": "越南政府进行了长达13年的漫长准备的是什么时候", "answer": "13年", "reading_system_answer": null}, {"question": "越南政府进行了长达1年的漫长准备的是什么", "answer": "漫长", "reading_system_answer": null}]}, {"text": "2008年4月19日5时16分", "qa_pairs": [{"question": "2月16年4月16日保00很06很16分别是", "answer": "2008年4月19日5时16", "reading_system_answer": null}]}, {"text": "越南首颗卫星VINASAT-1由欧洲阿丽亚娜火箭从法属圭亚那库鲁航天发射中心发射升空", "qa_pairs": [{"question": "越南首颗卫星vinasat-1由欧洲阿丽亚娜火箭从法属圭亚那库鲁航天发射中心发", "answer": "1", "reading_system_answer": null}, {"question": "越南首颗卫星vinasat-1由哪个火箭从法属圭亚那库鲁航天发射中心发射中心发", "answer": "欧洲阿丽亚娜火箭", "reading_system_answer": "欧洲阿丽亚娜火箭"}, {"question": "由法属圭亚那库鲁航天发射中心发射中心发射的国家从法属圭亚那一颗卫星是哪个", "answer": "越南首颗卫星VINASAT", "reading_system_answer": "VINASAT-1"}, {"question": "越南首颗卫星vinasat-1由欧洲阿丽亚娜火箭从法属圭亚那库鲁航天发射中心发", "answer": "法属圭亚那库鲁航天", "reading_system_answer": null}, {"question": "越南asasasasasa1火箭从法属圭亚那一天发射中心发射升空的国家在欧洲阿", "answer": "中心", "reading_system_answer": "越南首颗卫星VINASAT-1由欧洲阿丽亚娜火箭"}]}, {"text": "这颗通信卫星的成功发射", "qa_pairs": [{"question": "卫星的成功发射是什么", "answer": "颗", "reading_system_answer": "这颗通信卫星"}]}, {"text": "表明越南拥有了“空中主权”", "qa_pairs": [{"question": "表明越南拥有了“空中主权”的国家拥有了“空中主权”的国家拥有了“越南拥有哪些", "answer": "越南", "reading_system_answer": null}, {"question": "越南拥有了“空中主权”的国家在越南拥有了“空中主权”的国家表明越南拥有了“空中", "answer": "主权", "reading_system_answer": null}]}, {"text": "在积极发展通讯卫星的基础上", "qa_pairs": [{"question": "在积极发展通讯卫星的基础上的基础上的基础上基础上基础星的基础星在积极发展通讯卫", "answer": "通讯卫星", "reading_system_answer": null}, {"question": "在积极发展通讯卫星的基础上的基础上是什么", "answer": "基础", "reading_system_answer": null}]}, {"text": "越南还不忘发展自己的军用侦察卫星", "qa_pairs": [{"question": "越南还不忘发展自己的军用侦察卫星的国家还不忘发展自己的军用侦察卫星是什么", "answer": "越南", "reading_system_answer": null}, {"question": "越南还不忘发展自己的军用侦察卫星的卫星是什么", "answer": "军用", "reading_system_answer": null}, {"question": "越南还不忘发展自己的军用侦察卫星是什么", "answer": "卫星", "reading_system_answer": null}]}, {"text": "这也要依靠国外的技术支持才能实现", "qa_pairs": [{"question": "技术支持才能实现的技术支持是什么", "answer": "技术支持", "reading_system_answer": null}]}, {"text": "在越南表达出要发射对地观测卫星的意向后", "qa_pairs": [{"question": "在越南表达出要发射对地观测卫星的意向后向越南表达出要发射对地观测卫星的意向后向", "answer": "越南", "reading_system_answer": null}, {"question": "在越南表达出要发射对地观测卫星的意向后向地观测卫星的意向后向地观测卫星的意意发", "answer": "卫星", "reading_system_answer": null}, {"question": "在越南表达出要发观测卫星的意向后向地观测卫星的意向后向地观测发要的对地观射越射", "answer": "地", "reading_system_answer": null}, {"question": "在越南表达出要发射对地观卫星的意向后向意向意向卫对地观测射地测观的地测后向发要", "answer": "意向", "reading_system_answer": null}]}, {"text": "就锁定了既可能会向其出售技术", "qa_pairs": [{"question": "就可能会向其出售技术的技术是什么", "answer": "技术", "reading_system_answer": null}]}, {"text": "又在南海政策上对其提供帮助的日本", "qa_pairs": [{"question": "南海政策上对其提供帮助的日日本本是", "answer": "日本", "reading_system_answer": null}, {"question": "南海政策上对其提供帮助的日本是", "answer": "南海政策", "reading_system_answer": null}]}, {"text": "最终", "qa_pairs": [{"question": "最终最终最终最终最终最最最最最最最最最最最最最最最最最最最最最最最最最最最最最", "answer": "", "reading_system_answer": null}]}, {"text": "日本人如愿以偿获得了这个项目", "qa_pairs": [{"question": "日本本人项目的偿获得了这个项目的项目个项目的项获得了这个项目的项获偿愿愿愿愿愿", "answer": "日本人", "reading_system_answer": null}, {"question": "日本人如愿以偿获得了这个项目的态获得了这个项目的态获得了这个如愿以偿获得了项目", "answer": "项目", "reading_system_answer": null}]}, {"text": "根据合同", "qa_pairs": [{"question": "根据合同合同的合同的合同是什么", "answer": "", "reading_system_answer": null}]}, {"text": "日本电气股份有限公司负责为越南建造其第一颗侦察卫星", "qa_pairs": [{"question": "日本电气股份有限公司负责为越南建造其第一颗侦察卫星是哪一个", "answer": "越南", "reading_system_answer": null}, {"question": "越南建造其第一颗侦察卫星是哪一个", "answer": "卫星", "reading_system_answer": "日本电气股份有限公司"}, {"question": "越南建造其第一颗侦察卫星是哪一颗侦察卫星", "answer": "第一颗", "reading_system_answer": "日本电气股份有限公司负责为越南建造其第一颗"}, {"question": "越南建造其第一颗侦察卫星是哪个公司实责的", "answer": "日本电气股份有限公司", "reading_system_answer": "日本电气股份有限公司"}]}, {"text": "并于2017年在位于鹿儿岛县的种子岛宇宙中心发射升空", "qa_pairs": [{"question": "并于2017年在位于鹿儿岛县的种子岛宇宙中心发射升空的种子岛宇宙中心发射升空的", "answer": "鹿儿岛县", "reading_system_answer": null}, {"question": "2月7年在位于鹿儿岛县的种子岛宇宙中心发射升空的升升空中心发射升空的宙0111", "answer": "种子岛宇宙中心", "reading_system_answer": null}, {"question": "在位于鹿儿岛县的种子岛宇宙中心发射升空的国家在2年在位于鹿儿岛县的种子岛宇宙中", "answer": "2017年", "reading_system_answer": "2017年"}]}, {"text": "此后", "qa_pairs": [{"question": "后后后此此此此后此后此后此后此后此后此后此后此后此后此后此后此后此后此后此后此", "answer": "", "reading_system_answer": null}]}, {"text": "该公司还将负责监管第二颗卫星的生产", "qa_pairs": [{"question": "该公司还将负责监管第二颗卫星的生产的第二颗卫星的生产国家还将负责监管第二颗卫星", "answer": "公司", "reading_system_answer": null}, {"question": "该公司还将负责监管第二颗卫星的生产的第二颗卫星是哪一种", "answer": "第二颗卫星", "reading_system_answer": null}]}, {"text": "并计划于2020年发射", "qa_pairs": [{"question": "并计划于2020年发射的0000000000000000222年划计划计222", "answer": "计划", "reading_system_answer": null}, {"question": "并计划于2020年发射的原因是什么", "answer": "2020年", "reading_system_answer": null}]}, {"text": "在民用方面", "qa_pairs": [{"question": "在民用方面民用方面民用方面在民用方面在民用方面在民用方民在在", "answer": "民用方面", "reading_system_answer": null}]}, {"text": "这两颗卫星将具有全天候勘测森林和农业收成的能力；在军用方面", "qa_pairs": [{"question": "将具有全天候勘测森林和农业收成的能力；在军用方面的国家在军用方面的国家在军业收", "answer": "农业", "reading_system_answer": "这两颗卫星"}, {"question": "两颗卫星将具有全天候勘测森林和农业收成的能力；在军用方面是什么", "answer": "军用方面", "reading_system_answer": null}, {"question": "两颗卫星将具有全天候勘测森林和农业收成的能力；在军用方面的国家在军用方面的国家", "answer": "全天候", "reading_system_answer": null}, {"question": "两颗卫星将具有全天候勘测森林和农业收成的能力；在军用方面的国家在军用方面的国家", "answer": "森林", "reading_system_answer": null}, {"question": "将具有全天候勘测森林和农业收成的能力；在军用方面的国家在军用方面的卫星是哪一款", "answer": "两颗卫星", "reading_system_answer": "这两颗卫星"}, {"question": "两颗卫星将具有全天候勘测森林和农业收成的能力；在军用方面的国家在军用方面的军用", "answer": "能力", "reading_system_answer": null}]}, {"text": "它们将会为越南军队提供全天候的周边实时侦察能力", "qa_pairs": [{"question": "越南军队提供全天候的周边实时侦察能力的原因是什么", "answer": "越南军队", "reading_system_answer": null}, {"question": "越南军队提供全天候的周边实时侦察能力是什么", "answer": "全天候", "reading_system_answer": null}, {"question": "越南军队提供全天候的周边实时侦察能力是什么", "answer": "能力", "reading_system_answer": null}]}, {"text": "具体地说", "qa_pairs": [{"question": "具体地说的地说是什么", "answer": "", "reading_system_answer": null}]}, {"text": "就是可以侦察到中国海军在南海的兵力部署以及海军舰艇数量和具体型号", "qa_pairs": [{"question": "在南海的兵力部署以及海军舰艇数量和具体型号的国家在南海的兵力部署以及海军舰艇数", "answer": "海军舰艇数量", "reading_system_answer": null}, {"question": "在南海的兵力部署以及海军舰艇数量和具体型号的国家在南海的兵力部署以及海军舰艇数", "answer": "南海", "reading_system_answer": null}, {"question": "在南海的兵力部署以及海军舰艇数量和具体型号的国家在南海的兵力部署以及海军舰艇数", "answer": "中国海军", "reading_system_answer": null}, {"question": "中国海军在南海的兵力部署以及海军舰艇数量和具体型号的国家在南海的兵力部署以及海", "answer": "兵力部署", "reading_system_answer": null}]}, {"text": "越南政府希望通过这一卫星系统实现“每天可至少一次观测包括南海周边特别是中国海军军事设施在内的适时侦查数据”的构想", "qa_pairs": [{"question": "中国海军军事设施在内的适时侦查数据”的构想是什么", "answer": "越南政府", "reading_system_answer": null}, {"question": "越南政府希望通过这一次观测包括南海周边特别是中国海军军事设施在内的适时侦查数据", "answer": "南海", "reading_system_answer": "每天可至少一次"}, {"question": "中国海军军事设施在内的适时侦查数据”的构想是什么", "answer": "一次", "reading_system_answer": null}, {"question": "越南政府希望通过这一次观测包括南海周边特别是中国海军军事设施在内的适时侦查数据", "answer": "中国海军军事设施", "reading_system_answer": "每天可至少一次"}, {"question": "中国海军军事设施在内的适时侦查数据”的构想是什么", "answer": "一卫星系统", "reading_system_answer": null}, {"question": "中国海军军事设施在越南政府的国家在越南政事设施时构想的数括南海周边特别观测包括", "answer": "数据", "reading_system_answer": "每天可至少一次观测包括南海周边特别是中国海军军事设施在内的适时侦查数据"}]}, {"text": "越南一直希望能够把南海问题国际化", "qa_pairs": [{"question": "越南一直希望能够把南海问题国际化的国家把南海问题国际化是", "answer": "越南", "reading_system_answer": null}, {"question": "越南一直希望能够把南海问题国际化是什么", "answer": "南海问题国际化", "reading_system_answer": null}]}, {"text": "引入外部力量制衡中国", "qa_pairs": [{"question": "引入外部力量制衡中国的引入外部力量制衡中国在引入外部力量制衡中国的引入中国外制", "answer": "力量", "reading_system_answer": null}, {"question": "引入外部力量制衡中国引入外部力量制衡中国引入外部力量制衡中国引入中国外部力引入", "answer": "中国", "reading_system_answer": null}]}, {"text": "如今事态正向着越南所期望的方向发展", "qa_pairs": [{"question": "越南所期望的方向发展是什么", "answer": "越南", "reading_system_answer": null}, {"question": "越着方向越南所期望的方向发展中事正向今方向越着越着方望的方向发展中向越向越方向", "answer": "方向", "reading_system_answer": null}, {"question": "南所期望的方态向发展的越南所期向越南所期向越态态正向着越南所期向今事态发展的越", "answer": "事态", "reading_system_answer": null}]}, {"text": "最令人关注的是", "qa_pairs": [{"question": "最令人关注的是最令人关注的是什么", "answer": "", "reading_system_answer": null}]}, {"text": "越南近年来大肆购买军火", "qa_pairs": [{"question": "越南近年来大肆购买军火的越南近年来大肆购买军火的越南近年来大肆购买军火中越大肆", "answer": "越南", "reading_system_answer": null}, {"question": "越南近年来大肆购买军火的火肆购买了什么", "answer": "军火", "reading_system_answer": null}]}, {"text": "尤其是和俄罗斯的军火交易与日俱增", "qa_pairs": [{"question": "尤其是和俄罗斯的军火交易与日俱增的火交易与日俱增出的是哪一型号的火交易与日俱增", "answer": "军火交易", "reading_system_answer": null}, {"question": "尤其是和俄罗斯的军火交易与日俱增的国家的军火交易与日俱增的国家的军火交易与日俱", "answer": "俄罗斯", "reading_system_answer": null}]}, {"text": "就在越南与中国在南海问题上争端有增无减之际", "qa_pairs": [{"question": "在越南与中国在南海问题上争端有增无减之际的国家在越南与中国在南海问题上争端有增", "answer": "越南", "reading_system_answer": null}, {"question": "在越南与中国在南海问题上争端有增无减之际的国家在南海问题上争端有增无减之际的国", "answer": "中国", "reading_system_answer": null}, {"question": "在越南与中国在南海问题上争端有增无减之际的国家在南海问题上际端有增无减之际的国", "answer": "南海问题", "reading_system_answer": null}, {"question": "在越南与中国在南海问题上争端有增无减之际的国家在南海问题上争端有增无减之际的国", "answer": "争端", "reading_system_answer": null}]}, {"text": "越南从俄罗斯购买的大量海军装备相继成军", "qa_pairs": [{"question": "越南从俄罗斯购买的大量海军装备相继成军的越南从俄罗斯购买的大量海军装备相继成军", "answer": "越南", "reading_system_answer": null}, {"question": "越南从俄罗斯购买的大量海军装备相继成成成成成大量海军装备相继越军的国家从俄罗斯", "answer": "成军", "reading_system_answer": null}, {"question": "越南从俄罗斯购买的大量海军装备相继成军的越南从俄罗斯购买的大量海军装备相继成军", "answer": "大量海军装备", "reading_system_answer": null}, {"question": "越南从俄罗斯购买的大量海军装备相继成军的国家从俄罗斯购买的大量海军装备相继成军", "answer": "俄罗斯", "reading_system_answer": null}]}, {"text": "这些先进武器装备不但大幅提升了其军力", "qa_pairs": [{"question": "大幅提升了其军力是大幅提升了其军力是什么", "answer": "军力", "reading_system_answer": "这些先进武器装备"}]}, {"text": "更是通过军售来拉拢和捆绑俄罗斯", "qa_pairs": [{"question": "通过军售来拉拢和捆绑的国家和拉拢和捆绑的国家通过拉拢和捆绑哪个国家售来俄罗斯", "answer": "俄罗斯", "reading_system_answer": "通过军售"}]}, {"text": "此外", "qa_pairs": [{"question": "外方对外此此外外外此此外此外此外此外此外此外此外此外此外此外此外此外此外此外此", "answer": "", "reading_system_answer": null}]}, {"text": "近日越南媒体还宣布要从荷兰购买四艘“西格玛”型护卫舰", "qa_pairs": [{"question": "近日越南媒体还宣布要从荷兰购买四艘“西格玛”型护卫舰的国家购买的荷兰”型护卫舰", "answer": "护卫舰", "reading_system_answer": null}, {"question": "越南媒体还宣布要从荷兰购买四艘“西格玛”型护卫舰的国家购买的护卫舰是哪个型号", "answer": "荷兰", "reading_system_answer": "“西格玛”型"}, {"question": "近日越南媒体还宣布要从荷兰购买四艘“西格玛”型护卫舰的国家购买的荷格玛”型护卫", "answer": "西格玛", "reading_system_answer": null}, {"question": "越南媒体还宣布要从荷兰购买四艘“西格玛”型护卫舰的国家购买的护卫舰是哪一艘", "answer": "四艘", "reading_system_answer": null}, {"question": "越南媒体四艘“西格玛”型护卫舰是哪个型号", "answer": "越南媒体", "reading_system_answer": null}]}, {"text": "从印度采购“布拉莫斯”超音速反舰导弹等", "qa_pairs": [{"question": "“布拉莫斯”超音速反舰导弹等等是什么", "answer": "超音速", "reading_system_answer": null}, {"question": "“布拉莫斯”超音速反舰导弹等于什么", "answer": "布", "reading_system_answer": null}, {"question": "“布拉莫斯”超音速反舰导弹等于哪些国家采购的", "answer": "印度", "reading_system_answer": "从印度"}]}, {"text": "当这些武器装备正式投入使用后", "qa_pairs": [{"question": "当武器装备正式器使用的是什么样的", "answer": "投入使用", "reading_system_answer": "当这些武器装备正式投入使用"}]}, {"text": "未来在日制侦察卫星的支持下", "qa_pairs": [{"question": "日日在未下来来来侦察卫制的卫察持下的卫察持下的卫察支在支持下的持下卫制持的是什", "answer": "日制", "reading_system_answer": "未来在日制侦察卫星"}, {"question": "未来在日制侦察卫星的支持下的卫星的支持下的是什么卫星", "answer": "卫星", "reading_system_answer": "未来在日制侦察卫星"}]}, {"text": "将大大提升越南的军事实力和远程打击能力", "qa_pairs": [{"question": "将大大提升越南的军事实力和远程打击能力的提大提升越南的军事实力和远程打击能力的", "answer": "越南", "reading_system_answer": null}, {"question": "南的军事实力和远程打击能力的南的军事力和远程打击能力的能力和远程打击能力的越南", "answer": "能力", "reading_system_answer": null}, {"question": "南的军事实力和远程打击能力的提大提升越南的军事实力和远程打击能力的提大提升越南", "answer": "远程", "reading_system_answer": null}, {"question": "将大大提升越南的军事实力和远程打击能力的越南的军事实力和远程打击能力的提大提升", "answer": "军事实力", "reading_system_answer": null}]}, {"text": "对中国和平解决南海问题极为不利", "qa_pairs": [{"question": "对中国和平解决南海问题极为不利的国家和平解决南海问题极为不利的国家对中国和平解", "answer": "中国", "reading_system_answer": null}, {"question": "对中国和平解决南海问题极为不利不利不利不利问题极为不利问决的国家和平解决南海问", "answer": "南海问题", "reading_system_answer": null}]}]}