{"passage": "格洛克手枪几乎不需要再进行介绍，在过去三十年间，已经遍及军用、警用、民用市场，可以说在手枪市场中确定了牢固的地位。   据说美国有65%的执法机构配发格洛克，在本文作者（Doug E）的职业生涯中，使用过三种不同型号的格洛克，对格洛克手枪的精度、结构简单、易维护等特点非常满意。格洛克手枪还有庞大的升级产品线，很多厂家都推出过格洛克的升级配件。即使只使用格洛克原厂手枪，它依旧会让你满意。   今天Doug E将为我们演示格洛克23手枪的不完全分解过程，除了专为德国警方研制的格洛克46之外，所有格洛克手枪都是本文提到的分解方法。首先要重申枪械安全操作的四条规则：所有枪都装满了子弹（空枪打死人）；永远不要将枪口对准任何你不想破坏的目标；在射击之前不要碰扳机；确认目标以及遮挡目标的东西。将手枪指向安全方向，确保手指离开扳机并在扳机护圈之外。   与所有枪械一样，格洛克手枪分解之前需要取下弹匣，拉动套筒，检查是否弹膛内是否还有弹药。   由于格洛克在分解过程中，需要扣动扳机释放击针，所以一定要用肉眼检查弹膛是否没有弹药。Doug E表示自己在分解格洛克时特别小心，通常要拉动套筒三次，然后用肉眼确认弹膛是空的。   确认弹膛无弹后，扣动扳机释放击针。很多人都因为没有确认是否还有弹药，在扣动扳机时，造成了意外的伤亡。这也使得某些国家的军队或执法机构以此为理由，拒绝装备格洛克手枪。比如，德国警方就特别要求格洛克46必须在分解时，不必扣动扳机。   释放击针后，扳机停在后方。   接下来向后拉动套筒约3～6mm，要求单手这样完成，因为另一只手还有更重要的工作。   另一只手的拇指和食指配合，向下拉动扳机上方的分解杆。   分解杆拉下后缓慢向前释放套筒，注意不要松手，否则套筒组件会在复进簧的作用下弹出。   此时套筒组件已经与套筒座解锁，可以向前取下。   沿着套筒上的导轨，向前将套筒组件取下。   按住枪管闭锁块前方的复进簧导杆，向前用力，将其拆下。   较新的格洛克手枪都采用不可分解的双重复进簧组件，这样可以让后坐力更加柔和，减小枪口上跳幅度，便于快速连续射击。   取下复进簧导杆之后，向前下方推动枪管，这样枪管就可以从枪管中取出来了。   这样格洛克手枪的不完全分解就完成了，此时手枪被分为套筒、枪管、复进簧组件、套筒座、弹匣五个部分。此时就可以对手枪进行清洁和维护工作，能够满足日常使用的需要。   按照以上步骤逆向操作，即可将格洛克手枪组装起来。在组装完成后，需要进行空枪击发，以确保手枪能够正常工作。", "sentences": [{"text": "格洛克手枪几乎不需要再进行介绍", "qa_pairs": [{"question": "格洛克手枪几乎不需要再进行介绍", "answer": "格洛克手枪", "reading_system_answer": null}]}, {"text": "在过去三十年间", "qa_pairs": [{"question": "在过去三十年间去三十年间去三十年间去三十年间过去三十年间过去三十三十年过去十三", "answer": "三十年", "reading_system_answer": null}]}, {"text": "已经遍及军用、警用、民用市场", "qa_pairs": [{"question": "、警用、民用、民用、民用、警用、警用、警用、警用、警用、警用、警用、民用遍及军", "answer": "军用", "reading_system_answer": null}, {"question": "已警用、民用、民用、民用市警用、警用市警用、警用、警用、警用、警用、警用、民用", "answer": "警用", "reading_system_answer": null}, {"question": "已警用市场是什么", "answer": "民用市场", "reading_system_answer": null}]}, {"text": "可以说在手枪市场中确定了牢固的地位", "qa_pairs": [{"question": "在手枪市场中确定了牢固的地位是什么", "answer": "手枪市场", "reading_system_answer": null}, {"question": "在手枪市场中确定了牢固的地位是什么", "answer": "地位", "reading_system_answer": null}]}, {"text": "据说美国有65%的执法机构配发格洛克", "qa_pairs": [{"question": "美国有65%的执法机构配发的是什么", "answer": "格洛克", "reading_system_answer": null}, {"question": "美国有65%的执法机构配发格洛克是哪个型号", "answer": "65", "reading_system_answer": null}, {"question": "%5%的执法机构配发格洛克是哪个国家有65%的执法机构配发格洛克", "answer": "美国", "reading_system_answer": "美国"}, {"question": "美国有65%的执法机构配发格洛克的机构配发格洛克的执法机构配发格洛克的执法机构", "answer": "机构", "reading_system_answer": null}]}, {"text": "在本文作者（Doug E）的职业生涯中", "qa_pairs": [{"question": "在（euu）的eu）的生涯中生涯中职业生涯中职业生者（do职g）的作职业作生中", "answer": "作者", "reading_system_answer": null}, {"question": "在本文作者（douge）的职业生涯中是什么", "answer": "Doug", "reading_system_answer": null}, {"question": "在本文作者（douge）的职业生涯中中国的u）的职业生涯中中）douge）的职", "answer": "职业生涯", "reading_system_answer": null}]}, {"text": "使用过三种不同型号的格洛克", "qa_pairs": [{"question": "使用过三种不同型号的格洛克是哪艘", "answer": "型号", "reading_system_answer": null}, {"question": "使用过三种不同型号的格洛克是什么", "answer": "格洛克", "reading_system_answer": null}, {"question": "使用过三种不同型号的格洛克是哪一种不同型号的格洛克", "answer": "三种", "reading_system_answer": null}]}, {"text": "对格洛克手枪的精度、结构简单、易维护等特点非常满意", "qa_pairs": [{"question": "对格洛克手枪的精度、结构简单、易维护等特点是什么", "answer": "特点", "reading_system_answer": null}, {"question": "对格洛克手枪的精度、结构简单、易维护等特点是什么", "answer": "格洛克手枪", "reading_system_answer": null}, {"question": "对格洛克手枪的精度简单、易维护等特点是什么", "answer": "精度", "reading_system_answer": null}, {"question": "对格洛克手枪的精度、结构简单、易维护等特点是什么", "answer": "结构", "reading_system_answer": null}]}, {"text": "格洛克手枪还有庞大的升级产品线", "qa_pairs": [{"question": "格洛克手枪还有庞大的升级产品线线庞大的升级产品线产线产还有庞大的升级产品线产还", "answer": "产品线", "reading_system_answer": null}, {"question": "格洛克手枪是哪个产品线", "answer": "格洛克手枪", "reading_system_answer": null}]}, {"text": "很多厂家都推出过格洛克的升级配件", "qa_pairs": [{"question": "格洛克的升级配件是什么", "answer": "配件", "reading_system_answer": null}, {"question": "格洛克的升级配件的格洛克的升级配件是什么", "answer": "格洛克", "reading_system_answer": null}, {"question": "格洛克的升级配件的配件是什么", "answer": "很多厂家", "reading_system_answer": null}]}, {"text": "即使只使用格洛克原厂手枪", "qa_pairs": [{"question": "即使只使用格洛克原厂手枪的国家使用的是什么", "answer": "格洛克原厂手枪", "reading_system_answer": null}]}, {"text": "它依旧会让你满意", "qa_pairs": [{"question": "依旧会让你满意依旧会让你满意的满意依旧会让你满意依意依意它满你会意依意它满你会", "answer": "", "reading_system_answer": null}]}, {"text": "今天Doug E将为我们演示格洛克23手枪的不完全分解过程", "qa_pairs": [{"question": "今天dougeeeeeee3手枪的不完全分解过程是", "answer": "E", "reading_system_answer": null}, {"question": "今天douge将为我们演示的是哪种型号的手枪", "answer": "格洛克23手枪", "reading_system_answer": "格洛克23手枪"}, {"question": "今天dougeeeee3手枪的不完全分解过程是什么", "answer": "Doug", "reading_system_answer": null}, {"question": "今天douge将为我们演示格洛克23手枪的不完全分解过分解全程的手枪是哪个", "answer": "过程", "reading_system_answer": null}]}, {"text": "除了专为德国警方研制的格洛克46之外", "qa_pairs": [{"question": "除了专为德国警方研制的格洛克46之外的国家为德国警方研制的格洛克46之外的国家", "answer": "格洛克46", "reading_system_answer": null}, {"question": "除了专为德国警方研制的格洛克46之外的国家为什么研制的格洛克46之外", "answer": "德国警方", "reading_system_answer": null}, {"question": "德国警方研制的格洛克466之外的警方之外的国家专的格洛克4德国研制64国警方之", "answer": "专", "reading_system_answer": null}]}, {"text": "所有格洛克手枪都是本文提到的分解方法", "qa_pairs": [{"question": "格洛克手枪都是本文提到的分解方法的手枪是什么", "answer": "格洛克手枪", "reading_system_answer": null}, {"question": "格洛克手枪都是本文提到的分解方法是", "answer": "方法", "reading_system_answer": null}]}, {"text": "首先要重申枪械安全操作的四条规则：所有枪都装满了子弹（空枪打死人）；永远不要将枪口对准任何你不想破坏的目标；在射击之前不要碰扳机；确认目标以及遮挡目标的东西", "qa_pairs": [{"question": "；；空枪的目的是什么", "answer": "目标", "reading_system_answer": "打死人"}, {"question": "；；永远了子弹（空全操作的四条规则：所有枪都装满了子弹（永远不要将枪口对准任何", "answer": "枪口对准", "reading_system_answer": "永远不要将枪口对准任何你不想破坏的目标"}, {"question": "；；永远了子弹（空全操作的四条规则：所有枪都装满了子弹（空枪打死人）；的国家其", "answer": "四条规则", "reading_system_answer": "永远不要将枪口对准任何你不想破坏的目标"}, {"question": "；；永远了子弹（空枪打死人）；确认目标以及遮挡目标的东西的国家其枪械械安全操作", "answer": "枪", "reading_system_answer": "所有枪都装满了子弹（空枪打死人）；永远不要将枪口对准任何你不想破坏的目标；在射击之前不要碰扳机"}, {"question": "；；永远了子弹（空枪打死人）；永远了子弹（空全操作的四条规则：所有枪都装满的东", "answer": "人", "reading_system_answer": "永远不要将枪口对准任何你不想破坏的目标"}, {"question": "；；永远了子弹（空全操作的四条规则：所有枪都装满了子弹（永远不要将枪口对准任何", "answer": "子弹", "reading_system_answer": "永远不要将枪口对准任何你不想破坏的目标"}, {"question": "；；空枪的碰扳机装备的国家在射；的国家其标击之前不要将枪口对准任何你不想破坏的", "answer": "扳机", "reading_system_answer": "所有枪都装满了子弹（空枪打死人）；永远不要将枪口对准任何你不想破坏的目标"}, {"question": "；；永远了子弹（空全操作的四条规则：所有枪都装满了子弹（永远不要将枪口对准任何", "answer": "空枪", "reading_system_answer": "永远不要将枪口对准任何你不想破坏的目标"}, {"question": "；；永远了子弹（空全操作的四条规则：所有枪都装满了子弹（永远不要将枪口对准任何", "answer": "枪械", "reading_system_answer": "永远不要将枪口对准任何你不想破坏的目标"}, {"question": "；确空枪打死人的东西是哪个", "answer": "东西", "reading_system_answer": "所有枪都装满了子弹"}]}, {"text": "将手枪指向安全方向", "qa_pairs": [{"question": "将手枪指向安全方向为什么", "answer": "方向", "reading_system_answer": null}, {"question": "将手枪指向安全方向对手枪指向安全方向对其他国家向手枪向手枪将向指向指向于将什么", "answer": "手枪指向", "reading_system_answer": null}]}, {"text": "确保手指离开扳机并在扳机护圈之外", "qa_pairs": [{"question": "确保手指离开扳机并在扳机护圈之外的护圈之外的护圈扳机是什么", "answer": "扳机", "reading_system_answer": null}, {"question": "确保手指离开扳机并在扳机护圈之外的护圈之外是什么", "answer": "扳机护圈", "reading_system_answer": null}, {"question": "确保手指离开扳机之外的护圈之外的护圈之在扳机护圈之外的护指护指护指护卫舰其护机", "answer": "手指", "reading_system_answer": null}]}, {"text": "与所有枪械一样", "qa_pairs": [{"question": "与所有枪械一样的枪械一样是与所有枪械一样的械械一有一有一有一有一样所械械与一与", "answer": "枪械", "reading_system_answer": null}]}, {"text": "格洛克手枪分解之前需要取下弹匣", "qa_pairs": [{"question": "格洛克手枪分解之前需要取下弹匣的手枪弹匣是什么", "answer": "格洛克手枪", "reading_system_answer": null}, {"question": "格洛克手枪分解之前需要取下弹匣的手枪弹匣是什么", "answer": "弹匣", "reading_system_answer": null}]}, {"text": "拉动套筒", "qa_pairs": [{"question": "拉动套筒拉拉拉拉拉拉拉克筒的动套筒套套套套套套动力筒动筒动筒动拉拉拉拉拉拉拉拉", "answer": "套筒", "reading_system_answer": null}]}, {"text": "检查是否弹膛内是否还有弹药", "qa_pairs": [{"question": "检查是否弹膛内是否还有弹药的弹膛内是否还有弹药的弹膛内是否还有弹药的弹膛内是否", "answer": "弹膛内", "reading_system_answer": null}, {"question": "检查是否弹膛内是否还有弹药的弹膛是什么", "answer": "弹药", "reading_system_answer": null}]}, {"text": "由于格洛克在分解过程中", "qa_pairs": [{"question": "由于格洛克在分解过程中在分解过程中的格洛克在分解过程中在分解过程中的国家于由于", "answer": "格洛克", "reading_system_answer": null}, {"question": "由于格洛克在分解过程中的格洛克在分解过程中的格洛克在分过过于格洛克在分过在由于", "answer": "过程", "reading_system_answer": null}]}, {"text": "需要扣动扳机释放击针", "qa_pairs": [{"question": "需要扣动扳机释放击针的扣动扳机释放击针的扣动扳机释放击针的扣动扳机扣击针的扣动", "answer": "扳机", "reading_system_answer": null}, {"question": "扳动扳机释放击针的扣动击针的扣动击针的扣动击针扣击针扣放击针释放击动机扣扣扣放", "answer": "针", "reading_system_answer": null}]}, {"text": "所以一定要用肉眼检查弹膛是否没有弹药", "qa_pairs": [{"question": "以一定要用肉眼检查弹膛是否没有弹药的国家其一定要用肉眼检查弹膛是否没有弹药的国", "answer": "肉眼", "reading_system_answer": "所以"}, {"question": "查定要用肉眼检查弹膛是否没有弹药的查弹膛是否没有弹药的国家一定要用肉眼检查弹膛", "answer": "弹药", "reading_system_answer": "所以"}, {"question": "查弹膛是否没有弹药的国家一定要用肉眼检查弹膛是否没有弹药的国家一定要用肉眼检查", "answer": "弹膛", "reading_system_answer": null}]}, {"text": "Doug E表示自己在分解格洛克时特别小心", "qa_pairs": [{"question": "douge表示自己在分解格洛克时特别小心的是什么", "answer": "格洛克时", "reading_system_answer": null}, {"question": "自己在分解格洛克时特别小心的战争是什么", "answer": "Doug", "reading_system_answer": null}, {"question": "douge表示自己在分解格洛克时特别小心的目的是什么", "answer": "小心", "reading_system_answer": null}]}, {"text": "通常要拉动套筒三次", "qa_pairs": [{"question": "通常要拉动套筒三次通常要拉动套筒三次是哪一次", "answer": "套筒三次", "reading_system_answer": null}]}, {"text": "然后用肉眼确认弹膛是空的", "qa_pairs": [{"question": "用肉眼确认弹膛是空的弹膛是空的确认为空的确认为空的确是什么", "answer": "肉眼", "reading_system_answer": null}, {"question": "用肉眼确认弹膛是空的弹膛是空的弹膛是空的弹膛是什么", "answer": "弹膛", "reading_system_answer": null}]}, {"text": "确认弹膛无弹后", "qa_pairs": [{"question": "确认弹膛无弹后无弹膛无弹后无弹膛弹膛弹膛弹弹的无无无无无无无无无无无参数是多少", "answer": "弹膛无弹", "reading_system_answer": null}]}, {"text": "扣动扳机释放击针", "qa_pairs": [{"question": "扣动扳机释放击针的扣击针的释放击针的释放击针的释放击机扣扳机释放击针扣扳机扣扳", "answer": "扳机", "reading_system_answer": null}, {"question": "扣击针的放击针的释放击针的释放击机是什么", "answer": "针", "reading_system_answer": "扣动扳机"}]}, {"text": "很多人都因为没有确认是否还有弹药", "qa_pairs": [{"question": "很多人都因为没有确认是否还有弹药的弹药是什么", "answer": "弹药", "reading_system_answer": null}, {"question": "很还有弹药的多人都因为没有确认是否还有弹药的多人都因为没有确认是否还有弹药的原", "answer": "很多人", "reading_system_answer": null}]}, {"text": "在扣动扳机时", "qa_pairs": [{"question": "在扣动扳机时扣动扳机时扣动扳机时在扣动扳机时扣动扣动在扳机时扳动扣扣扣扣扣扣扣", "answer": "扳机时", "reading_system_answer": null}]}, {"text": "造成了意外的伤亡", "qa_pairs": [{"question": "造成了意外的伤亡的意外的伤亡是什么", "answer": "", "reading_system_answer": null}]}, {"text": "这也使得某些国家的军队或执法机构以此为理由", "qa_pairs": [{"question": "使得某些国家的军队或执法机构以此为理由什么的军队或执法机构", "answer": "国家", "reading_system_answer": null}, {"question": "使得某些国家的军队或执法机构以此为理由什么理构", "answer": "军队", "reading_system_answer": null}, {"question": "使用某些国家的军队或执法机构以为什么的机构以为理由", "answer": "理由", "reading_system_answer": null}, {"question": "使得某些国家的军队或执法机构是什么", "answer": "机构", "reading_system_answer": null}]}, {"text": "拒绝装备格洛克手枪", "qa_pairs": [{"question": "拒绝装备格洛克手枪的基本参数是什么", "answer": "装备格洛克手枪", "reading_system_answer": null}]}, {"text": "比如", "qa_pairs": [{"question": "比如何回如比如何对比如比如比如比如比比如如比比比比比比比比比比比比如如比比如如", "answer": "", "reading_system_answer": null}]}, {"text": "德国警方就特别要求格洛克46必须在分解时", "qa_pairs": [{"question": "德国格克洛斯珀夫认为德国要就要4月6日解须时分解的格别的必须解须解须解须解须解", "answer": "时", "reading_system_answer": null}, {"question": "德国警方就特别要求格洛克46必须在分解时的警方就特别要求格洛克46必须在分解时", "answer": "德国警方", "reading_system_answer": null}, {"question": "德国警方就特别要求格洛克46必须在分解时的46必须在分解时的46格洛克46分别", "answer": "格洛克46", "reading_system_answer": null}]}, {"text": "不必扣动扳机", "qa_pairs": [{"question": "不必扣动扳机的扣动扳机是什么", "answer": "扳机", "reading_system_answer": null}]}, {"text": "释放击针后", "qa_pairs": [{"question": "放击针后放击针后放击针后放击针放释释释释释后放后放击放击放击放击放击放击放击放", "answer": "针", "reading_system_answer": null}]}, {"text": "扳机停在后方", "qa_pairs": [{"question": "扳机停在后方后停在后方的扳机扳机停在后方停在扳机停在扳机后停在扳机后停后停后停", "answer": "扳机", "reading_system_answer": null}]}, {"text": "接下来向后拉动套筒约3～6mm", "qa_pairs": [{"question": "～6mm的筒约是多少", "answer": "3", "reading_system_answer": null}, {"question": "接下来向后拉动套筒约3～6mm的筒约是多少", "answer": "6mm", "reading_system_answer": null}, {"question": "接6mm的筒约3～6mm的筒约3～6mm是什么", "answer": "套筒", "reading_system_answer": null}]}, {"text": "要求单手这样完成", "qa_pairs": [{"question": "要求单手这样完成的手手这单手这样完成的是什么手机", "answer": "单手", "reading_system_answer": null}]}, {"text": "因为另一只手还有更重要的工作", "qa_pairs": [{"question": "因为另一只有更重要的工作是什么", "answer": "手", "reading_system_answer": "因为另一只手"}]}, {"text": "另一只手的拇指和食指配合", "qa_pairs": [{"question": "另一型号驱逐舰配备了什么", "answer": "手", "reading_system_answer": null}, {"question": "拇指和食指配合的意义是什么", "answer": "食指", "reading_system_answer": null}, {"question": "拇指和食指配合的目的是什么", "answer": "拇指", "reading_system_answer": null}]}, {"text": "向下拉动扳机上方的分解杆", "qa_pairs": [{"question": "向下拉动扳机上方的分解杆的扳机向拉动扳机上方的分解杆是什么", "answer": "扳机", "reading_system_answer": null}, {"question": "向拉动扳机上方的分解杆的分杆是什么", "answer": "杆", "reading_system_answer": null}]}, {"text": "分解杆拉下后缓慢向前释放套筒", "qa_pairs": [{"question": "分解杆拉下后缓慢向前释放套筒的缓慢向前释放套筒是什么", "answer": "套筒", "reading_system_answer": null}]}, {"text": "注意不要松手", "qa_pairs": [{"question": "注意不要松手注松手注松对美国要不要不要不要不要不要意注手的手击是什么", "answer": "松手", "reading_system_answer": null}]}, {"text": "否则套筒组件会在复进簧的作用下弹出", "qa_pairs": [{"question": "否则套筒组件会在复进簧的作用下弹出的复进簧的作用下弹出的复进簧的作用下套筒出组", "answer": "复进簧", "reading_system_answer": null}, {"question": "否用下弹出的复进簧的作用下弹出组件会在复进簧的作用下套筒组件会在复进簧的作用下", "answer": "套筒组件", "reading_system_answer": null}]}, {"text": "此时套筒组件已经与套筒座解锁", "qa_pairs": [{"question": "套筒组件已经与套筒座解锁的筒组件已经与套筒座解锁的组件组件是什么", "answer": "套筒座", "reading_system_answer": null}, {"question": "套筒组件已经与套筒座解锁的组件解锁是什么", "answer": "套筒组件", "reading_system_answer": null}]}, {"text": "可以向前取下", "qa_pairs": [{"question": "取下前取下前取下前取下向前取以向以取下前取下可以以取下取下可向前可向以下以下以", "answer": "", "reading_system_answer": null}]}, {"text": "沿着套筒上的导轨", "qa_pairs": [{"question": "沿着套筒上的导轨是什么", "answer": "套筒", "reading_system_answer": null}, {"question": "沿着套筒上的导轨是什么", "answer": "导轨", "reading_system_answer": null}]}, {"text": "向前将套筒组件取下", "qa_pairs": [{"question": "向前将套筒组件取下的组件组件取下取下组件将取套筒筒筒筒筒筒筒筒筒向组件组件组成", "answer": "套筒组件", "reading_system_answer": null}]}, {"text": "按住枪管闭锁块前方的复进簧导杆", "qa_pairs": [{"question": "按住枪管闭锁块前方的复进簧导杆的导杆枪是什么", "answer": "枪管", "reading_system_answer": null}, {"question": "按住枪管闭锁块前方的复进簧导杆的前方的复进簧导杆是什么", "answer": "复进簧导杆", "reading_system_answer": null}]}, {"text": "向前用力", "qa_pairs": [{"question": "向前用前用力向力用力用力用力作力是什么", "answer": "用力", "reading_system_answer": null}]}, {"text": "将其拆下", "qa_pairs": [{"question": "将其拆下的其拆下拆下拆拆战斗机驱逐舰拆下的其拆行是什么", "answer": "", "reading_system_answer": null}]}, {"text": "较新的格洛克手枪都采用不可分解的双重复进簧组件", "qa_pairs": [{"question": "格洛克手枪都采用不可分解的双重复进簧组件是什么", "answer": "格洛克手枪", "reading_system_answer": null}, {"question": "格洛克手枪采用的是什么组件", "answer": "双重复进簧组件", "reading_system_answer": null}]}, {"text": "这样可以让后坐力更加柔和", "qa_pairs": [{"question": "坐力更加柔和加柔和加柔和加柔和加柔可以让后坐力更加柔和加样的让后加样的后加让加", "answer": "后坐力", "reading_system_answer": null}]}, {"text": "减小枪口上跳幅度", "qa_pairs": [{"question": "减小枪口上跳幅度的口上跳幅度是什么", "answer": "枪口上", "reading_system_answer": null}, {"question": "减小枪口上跳幅度度是什么", "answer": "幅度", "reading_system_answer": null}]}, {"text": "便于快速连续射击", "qa_pairs": [{"question": "快速连续射击中快速连续射击中快速连续射击中快速射射快快续于射击中快续续续续续连", "answer": "", "reading_system_answer": null}]}, {"text": "取下复进簧导杆之后", "qa_pairs": [{"question": "取下复进簧导杆之后取下复进簧导杆之后之后取下复进簧导杆取下导弹取导弹取导弹取导", "answer": "复进簧导杆", "reading_system_answer": null}]}, {"text": "向前下方推动枪管", "qa_pairs": [{"question": "向前下方推动枪管的枪管向方推动枪管向方推动枪向方下前下推动向管下推动向管下推动", "answer": "枪管", "reading_system_answer": null}]}, {"text": "这样枪管就可以从枪管中取出来了", "qa_pairs": [{"question": "这样枪管就可以从枪管中取出来了什么枪取出来了了枪管中取出来了这样枪管就可以从枪", "answer": "枪管", "reading_system_answer": null}]}, {"text": "这样格洛克手枪的不完全分解就完成了", "qa_pairs": [{"question": "格洛克手枪的不完全分解就完成了什么", "answer": "格洛克手枪", "reading_system_answer": null}]}, {"text": "此时手枪被分为套筒、枪管、复进簧组件、套筒座、弹匣五个部分", "qa_pairs": [{"question": "被分为套筒、枪管、复进簧组件、套筒座、弹匣五个部分的国家被分为套筒、枪管、复进", "answer": "套筒", "reading_system_answer": null}, {"question": "被分为套筒、枪管、复进簧组件的国家其手枪部分是什么", "answer": "手枪", "reading_system_answer": "套筒、枪管、复进簧组件、套筒座、弹匣"}, {"question": "被分为套筒、枪管、复进簧组件、套筒座、弹匣五个部分的国家被分为套筒、枪管、复进", "answer": "套筒座", "reading_system_answer": null}, {"question": "被分为套筒、枪管、复进簧组件、套筒座、弹匣五个部分的国家被称为手枪的国家被称为", "answer": "复进簧组件", "reading_system_answer": "套筒、枪管、复进簧组件、套筒座、弹匣"}, {"question": "手枪被分为套筒、枪管、复进簧组件的国家在、套筒座、弹匣有什么部件", "answer": "弹匣五个部分", "reading_system_answer": "套筒、枪管、复进簧组件、套筒座、弹匣"}, {"question": "被分为套筒、枪管、复进簧组件的国家被称为手枪的枪管、弹匣五个部分是什么", "answer": "枪管", "reading_system_answer": null}]}, {"text": "此时就可以对手枪进行清洁和维护工作", "qa_pairs": [{"question": "和维护工作为和维护工作的手枪进行清洁和维护工作的国家在对维护工清洁和维护的手枪", "answer": "手枪", "reading_system_answer": null}]}, {"text": "能够满足日常使用的需要", "qa_pairs": [{"question": "常满用的需要的常使用的需要够够足日常使用的需要的常使用满足日常使用满用需要满用", "answer": "", "reading_system_answer": null}]}, {"text": "按照以上步骤逆向操作", "qa_pairs": [{"question": "按上步骤逆向操作的逆向操作中步骤逆向操作的操以照以上操向逆骤按逆骤步骤步枪按逆", "answer": "步骤逆向", "reading_system_answer": null}]}, {"text": "即可将格洛克手枪组装起来", "qa_pairs": [{"question": "即可将格洛克手枪组装起来的手枪组装起来的手枪即来组装起组装了什么组成", "answer": "格洛克手枪", "reading_system_answer": null}]}, {"text": "在组装完成后", "qa_pairs": [{"question": "在组装完成后组装完成后组装完成后组装组成后完成完完成完完成在在组装组组组组组装", "answer": "", "reading_system_answer": null}]}, {"text": "需要进行空枪击发", "qa_pairs": [{"question": "需要进行空枪击发进进进进进进进进进进进空枪击发需击发进行需发行发进要发行需发行", "answer": "空", "reading_system_answer": null}]}, {"text": "以确保手枪能够正常工作", "qa_pairs": [{"question": "以确保手枪能够正常工作的手枪常正常工作是什么", "answer": "手枪", "reading_system_answer": null}]}]}