{"passage": "近年来，我空军的装备发展步入了快车道。以歼-20和霹雳-15为代表的新型空战武器，让美军感到自己优势不再那么明显，在2017年霹雳-15公布后不久，美国空军就责成洛马秘密研制取代AIM-120的新一代远程空空导弹，如今这种导弹已初见端倪，预计2022年服役。  　　近日，美国《航空航天周刊》网站爆料称，美国空军武器项目的执行官Anthony Genatempo准将在俄亥俄州代顿市的一个活动中，首次确认了代号为AIM-260的全新一代远程空空导弹，已经在2年前由洛马公司开始研制，其射程将远远超过美军现役的AIM-120中距空空导弹。   　　图片：LREW导弹概念图  　　AIM-260这一次异常低调，Genatempo准将披露，经过竞争性采购阶段后，美国空军/海军联合项目办公室于2017年授予洛马公司该合同，如今过去整整两年，项目才完全曝光，美国媒体都指出，2017年正是所谓霹雳-15新一代远程空空导弹曝光的日子。  　　美军眼中的霹雳-15，其实不是歼-20内置弹舱中携带的，并且于去年珠海航展上公开亮相的新一代中距空空导弹，而是歼-16原型机曾携带的一种比新一代中距空空导弹大得多的远程/超远程空空导弹，前者被认为和美军最新的AIM-120D相当，而后者则是美军完全空白的一种武器。   　　图片：美军眼中的“霹雳-15”  　　新型超远程空空导弹也有霹雳-21的代号说法，弹体长度接近5米，可由歼-16和歼-20外置挂载，采用高抛弹道和双脉冲固体火箭发动机，可能还采用主动雷达和红外成像双模制导，利用双向数据链修正弹道，被认为是对美军远离战区前沿却十分重要的预警机、电子战飞机的巨大威胁，这种导弹射程美军认为其射程在400公里左右。   　　图片：歼-20弹舱里的新中程，军网英文站图源  　　美军目前最新的AIM-120D，虽然比起现役的AIM-120C在最远射程方面扩大了50%，达到了160公里左右，“不可逃逸区”大幅增加，还采用了最新的双向数据链技术，但在射程方面和新型远程空空导弹的差距十分明显，因此，美国海空军据此罕见推出了“快速采购计划”，而且瞒天过海到现在。   　　图片：发射中的AIM-120  　　AIM-260也叫JATM导弹，前身也叫“远程交战武器”（LREW）项目。  　　其外形迄今仍是高度保密的，此前公布的概念图显示，它是一种两级固体火箭发动机推进的新型空空导弹，并没有采用欧洲“流星”导弹采用的冲压发动机，其弹体长度和AIM-120一致，完全可以放进F-22和F-35的内部弹舱中，从AIM-260的代号来说，射程至少有260公里。   　　图片：AIM-260想象图（下）  　　一般来说，空空导弹提高射程，需要比冲更高的高能固体火箭发动机，或者采用高抛弹道等，在体积上很难兼顾，但美军为了维持自己的隐形空中优势，严格限制了AIM-260的弹体大小，因为F-22和F-35携带它，凭借自身隐形优势，依然可以大幅压缩敌方战机的雷达截获距离，抵消了空空导弹的射程优势，这一点十分值得警惕。    　　图片：CUDA导弹，用了爱国者3技术  　　事实上，美军为了维持自己的空中优势，从不吝啬自己的资金和技术投入，除了AIM-260之外，还有可在F-35弹舱内携带多枚的CUDA小型中距空空导弹，大幅增加了战机在隐形模式下的携带量，可以说，面对新一代“霹雳”家族，这次美军不仅是真急了，还玩真的啦。", "sentences": [{"text": "近年来", "qa_pairs": [{"question": "近年来来来来来来来来来来来年近年近年近年近年近年近年近年近年近年近年近年近年近", "answer": "", "reading_system_answer": null}]}, {"text": "我空军的装备发展步入了快车道", "qa_pairs": [{"question": "我国空军的装备发展步入了快车道的国家的空军的装备发展步入了快车道的国家的装备发", "answer": "空军", "reading_system_answer": null}, {"question": "我空军的装备发展步入了快车道的快展步入了快车道的发展步入了快车道的发展步入了装", "answer": "步入", "reading_system_answer": null}, {"question": "我空军的装备发展步入了快车道的发展步入了什么的发展步入了快车道", "answer": "快车道", "reading_system_answer": null}, {"question": "我空军的装备发展步入了快车道的快车道快车道装备的装备是什么", "answer": "装备", "reading_system_answer": null}]}, {"text": "以歼-20和霹雳-15为代表的新型空战武器", "qa_pairs": [{"question": "以歼-20和霹雳-15为代表的新型空战武器是哪一型号", "answer": "20", "reading_system_answer": "以歼-20和霹雳-15"}, {"question": "以歼-20和霹雳-15为代表的新型空战武器是哪个武器", "answer": "代表", "reading_system_answer": null}, {"question": "以歼-20和霹雳-15为代表的新型空战武器是哪一款", "answer": "霹雳", "reading_system_answer": null}, {"question": "以歼-20和霹雳-15为代表的新型空战武器是什么", "answer": "空战武器", "reading_system_answer": null}, {"question": "以歼-20和霹雳-15为代表的新型空战武器是哪一型号", "answer": "15", "reading_system_answer": "以歼-20和霹雳-15"}]}, {"text": "让美军感到自己优势不再那么明显", "qa_pairs": [{"question": "让美军感到自己优势不再那么明显", "answer": "优势", "reading_system_answer": null}]}, {"text": "在2017年霹雳-15公布后不久", "qa_pairs": [{"question": "在2017年霹雳-15公布后不久的原因是什么", "answer": "2017年霹雳", "reading_system_answer": null}, {"question": "在2017年霹雳-15公布后不久的-15公布后不久的-117年霹雳-15公布后", "answer": "15", "reading_system_answer": null}]}, {"text": "美国空军就责成洛马秘密研制取代AIM-120的新一代远程空空导弹", "qa_pairs": [{"question": "美国空军就责成洛马秘密研制取代aim-120的新一代远程空空导弹是什么", "answer": "远程空空导弹", "reading_system_answer": null}, {"question": "美国空军就责成洛马秘密研制取代aim-120的新一代远程空空导弹是哪个", "answer": "洛马秘密", "reading_system_answer": null}, {"question": "美国空军就责成洛马秘密研制取代aim-120的新一代远程空空导弹是哪个", "answer": "美国空军", "reading_system_answer": null}, {"question": "美国空军就责成洛马秘密研制取代aim-120的新一代远程空空导弹是哪种", "answer": "120", "reading_system_answer": null}, {"question": "美国空军就责成洛马秘密研制取代的新一代远程空空导弹是哪个", "answer": "AIM", "reading_system_answer": "AIM-120"}]}, {"text": "如今这种导弹已初见端倪", "qa_pairs": [{"question": "如今这种导弹已初见端倪初见端倪初见导弹已初见端倪的导弹导弹导弹导弹导弹导弹导弹", "answer": "导弹", "reading_system_answer": null}]}, {"text": "预计2022年服役", "qa_pairs": [{"question": "预计2022年服役的意旨是什么", "answer": "2022年服役", "reading_system_answer": null}]}, {"text": "近日", "qa_pairs": [{"question": "近日近日近日近日近近日近近近日日日日日日近近近近近近近近近近近近近近近近近近近", "answer": "", "reading_system_answer": null}]}, {"text": "美国《航空航天周刊》网站爆料称", "qa_pairs": [{"question": "美国《航空航天周刊》网站爆料称的航天周刊》网站爆料称的航天周刊》网站爆料称的航", "answer": "航空航天周刊", "reading_system_answer": null}, {"question": "美国《航空航天周刊》网站爆料称的是什么", "answer": "网站爆料", "reading_system_answer": null}, {"question": "美国《航空航天周刊》网站爆料称的是什么", "answer": "美国", "reading_system_answer": null}]}, {"text": "美国空军武器项目的执行官Anthony Genatempo准将在俄亥俄州代顿市的一个活动中", "qa_pairs": [{"question": "美国空军武器项目的执行官是什么", "answer": "执行官Anthony", "reading_system_answer": "Anthony Genatempo准将"}, {"question": "美国空军武器项目的执行官anthonygenatempo准将在俄亥俄州代顿市的", "answer": "一个", "reading_system_answer": null}, {"question": "美国空军武器项目的执行官是什么", "answer": "Genatempo准将", "reading_system_answer": "Anthony Genatempo准将"}, {"question": "美国空军武器项目的执行官anthonygenatempo准将在俄亥俄州代顿市的", "answer": "美国空军武器项目", "reading_system_answer": null}, {"question": "美国空军武器项目的执行官anthonygenatempo准将在俄亥俄州代顿市的", "answer": "俄亥俄州代顿市", "reading_system_answer": null}]}, {"text": "首次确认了代号为AIM-260的全新一代远程空空导弹", "qa_pairs": [{"question": "aim-260的全新一代远程空空导弹是哪个", "answer": "首次", "reading_system_answer": null}, {"question": "aim-260的全新一代远程空空导弹是哪个导弹", "answer": "260", "reading_system_answer": null}, {"question": "首次确认了代号为aim-260的全新一代远程空空导弹的国家首次确认了代号为什么", "answer": "AIM", "reading_system_answer": null}, {"question": "aim-260的全新一代远程空空导弹是哪个", "answer": "代号", "reading_system_answer": null}, {"question": "aim-260的全新一代远程空空导弹是哪个", "answer": "一代远程空空导弹", "reading_system_answer": null}]}, {"text": "已经在2年前由洛马公司开始研制", "qa_pairs": [{"question": "已经在2年前由洛马公司开始研制的洛马公司开始研制的洛马公司开始研制的洛马洛马洛", "answer": "2", "reading_system_answer": null}, {"question": "已经在2年前由洛马公司开始研制的洛马公司开始研制的洛马公司开始研制的洛马公司开", "answer": "洛马公司", "reading_system_answer": null}]}, {"text": "其射程将远远超过美军现役的AIM-120中距空空导弹", "qa_pairs": [{"question": "aim-120中距空空导弹是哪个导弹", "answer": "射程", "reading_system_answer": null}, {"question": "美军现役的aim-120中距空空导弹是哪种导弹", "answer": "空空导弹", "reading_system_answer": null}, {"question": "美军现役的aim-120中距空空导弹是哪个导弹", "answer": "120", "reading_system_answer": null}, {"question": "aim-120中距空空导弹是哪个", "answer": "现役", "reading_system_answer": null}, {"question": "美军现役的aim-120中距空空导弹是哪个", "answer": "AIM", "reading_system_answer": null}]}, {"text": "图片：LREW导弹概念图  　　AIM-260这一次异常低调", "qa_pairs": [{"question": "图片：lrew导弹概念图aim-260这一次异常低调的国家在aim导弹概念图片", "answer": "一次", "reading_system_answer": "图片：LREW导弹概念图  　　"}, {"question": "：260是一次异常低调的国家在aim-260的国家其图片：lrew导弹概念图片", "answer": "260", "reading_system_answer": null}, {"question": "：260这一次异常低调是什么", "answer": "LREW导弹概念图", "reading_system_answer": "AIM-260"}, {"question": "：260这一次异常低调是什么", "answer": "AIM", "reading_system_answer": "AIM-260"}, {"question": "aim-260这一次异常低调是什么", "answer": "图片", "reading_system_answer": null}]}, {"text": "Genatempo准将披露", "qa_pairs": [{"question": "genatempeo准着什么", "answer": "Genatempo准将", "reading_system_answer": null}]}, {"text": "经过竞争性采购阶段后", "qa_pairs": [{"question": "经过竞争性采购阶段后采购阶段后的竞争性采购阶段后的性竞竞争经过采购了什么段后", "answer": "阶段", "reading_system_answer": null}, {"question": "经过竞争性采购阶段后采购阶段后的竞争性采购阶段后的性竞竞争性采购采用的性竞竞竞", "answer": "竞争性", "reading_system_answer": null}]}, {"text": "美国空军/海军联合项目办公室于2017年授予洛马公司该合同", "qa_pairs": [{"question": "美国空军/海军联合项目办公室于2017年授予洛马公司该合同的国家联合项目办公室", "answer": "洛马公司", "reading_system_answer": null}, {"question": "美国空军/海军联合项目办公室于2017年授予洛马公司该合同的国家联合项目办公室", "answer": "项目办公室", "reading_system_answer": null}, {"question": "美国空军/海军联合项目办公室于2017年授予洛马公司该合同的国家联合项目办公室", "answer": "美国空军海军", "reading_system_answer": null}, {"question": "美国空军/海军联合项目办公室于2017年授予洛马公司该合同的国家联合项目办公室", "answer": "2017年", "reading_system_answer": null}]}, {"text": "如今过去整整两年", "qa_pairs": [{"question": "如今过去整整两年整整整整整整整整整整整整整整整整整过今过去整两年", "answer": "两年", "reading_system_answer": null}]}, {"text": "项目才完全曝光", "qa_pairs": [{"question": "项目才完全曝光的目才项全曝光是什么", "answer": "项目", "reading_system_answer": null}]}, {"text": "美国媒体都指出", "qa_pairs": [{"question": "美国媒体都指出出美国媒体都指出的是什么", "answer": "美国媒体", "reading_system_answer": null}]}, {"text": "2017年正是所谓霹雳-15新一代远程空空导弹曝光的日子", "qa_pairs": [{"question": "2017年15新一代远程空空导弹曝光的日子是什么", "answer": "远程空空导弹", "reading_system_answer": "2017年"}, {"question": "2年正是所谓霹雳-15新一代远程空空导弹曝光的日子的导弹是哪个", "answer": "霹雳", "reading_system_answer": "2017年"}, {"question": "2月-15新一代远程空空导弹曝光的日子是什么", "answer": "15", "reading_system_answer": "2017年"}, {"question": "2年正一代远程空空导弹曝光的日子的导弹是哪个导弹", "answer": "日子", "reading_system_answer": "霹雳-15"}, {"question": "2月正谓霹雳-15新一代远程空空导弹曝光的日子是什么", "answer": "2017年", "reading_system_answer": "2017年"}]}, {"text": "美军眼中的霹雳-15", "qa_pairs": [{"question": "美军眼中的霹雳-15555551中的霹雳--1眼中的霹-眼中的5雳霹眼-眼霹霹", "answer": "霹雳", "reading_system_answer": null}, {"question": "美军眼中的霹雳-155551中的霹雳-1-1霹雳1霹雳1霹雳1霹雳1霹雳1的中", "answer": "15", "reading_system_answer": null}]}, {"text": "其实不是歼-20内置弹舱中携带的", "qa_pairs": [{"question": "歼-20内置弹舱中携带的中携带的是什么", "answer": "20内置弹舱", "reading_system_answer": null}]}, {"text": "并且于去年珠海航展上公开亮相的新一代中距空空导弹", "qa_pairs": [{"question": "并且于去年珠海航展上公开亮相的新一代中距空空导弹是什么", "answer": "空空导弹", "reading_system_answer": null}, {"question": "新一代中距空空导弹的国家开开亮相的新一代中距空空导弹是哪个", "answer": "亮相", "reading_system_answer": null}]}, {"text": "而是歼-16原型机曾携带的一种比新一代中距空空导弹大得多的远程/超远程空空导弹", "qa_pairs": [{"question": "歼-16原型机的空空导弹是哪种导弹", "answer": "远程空空导弹", "reading_system_answer": null}, {"question": "歼-16原型机的远程程/超远程空空导弹是哪个", "answer": "远程", "reading_system_answer": null}, {"question": "歼-16原型机是哪个导弹", "answer": "16原型机", "reading_system_answer": null}, {"question": "歼-16原型机的导弹是哪种导弹", "answer": "空空导弹", "reading_system_answer": null}, {"question": "歼-16原型机的一种比新一代中距空空导弹大得多的远程/超远程空空导弹是哪一种", "answer": "一种", "reading_system_answer": null}]}, {"text": "前者被认为和美军最新的AIM-120D相当", "qa_pairs": [{"question": "美军m-1d相当的0d相当的0da-00运输机是哪个国家相为immm2", "answer": "前者", "reading_system_answer": null}, {"question": "前美军最新的aim-120d相当的是哪一型号", "answer": "AIM", "reading_system_answer": null}, {"question": "前者被认为和美军最新的aim-120d相当的是什么型号", "answer": "120D", "reading_system_answer": null}]}, {"text": "而后者则是美军完全空白的一种武器", "qa_pairs": [{"question": "美军完全空白的一种武器是什么", "answer": "一种武器", "reading_system_answer": "后者"}, {"question": "美军完全空白的一种武器是什么", "answer": "后者", "reading_system_answer": "后者"}, {"question": "美军完全空白的一种武器是什么", "answer": "空白", "reading_system_answer": "后者"}]}, {"text": "图片：美军眼中的“霹雳-15”  　　新型超远程空空导弹也有霹雳-21的代号说法", "qa_pairs": [{"question": "：15”新型超远程空空导弹是哪个导弹", "answer": "远程空空导弹", "reading_system_answer": "霹雳-21"}, {"question": "：15”新型超远程空空导弹的有霹雳-21的代号说法是什么", "answer": "21", "reading_system_answer": null}, {"question": "“15”新型超远程空空导弹是法国的哪种型号的导弹", "answer": "霹雳", "reading_system_answer": "霹雳-15”  　　新型超远程空空导弹也有霹雳-21"}, {"question": "：15”新型超远程空空导弹的有霹雳-21的代号说法是什么", "answer": "15", "reading_system_answer": null}, {"question": "：15”新型超远程空空导弹的有霹雳-21的代号说法是什么", "answer": "图片", "reading_system_answer": null}, {"question": "：15”新型超远程空空导弹的代号是什么", "answer": "代号", "reading_system_answer": "霹雳-21"}]}, {"text": "弹体长度接近5米", "qa_pairs": [{"question": "弹体长度接近5米的弹体长度接近5米的弹体长度接近5米弹长度接近5米弹长度长度长", "answer": "弹体长度", "reading_system_answer": null}, {"question": "弹体长度接近5米的弹体长度接近5米的弹体长度接近5米的弹体长度接近5米的弹体弹", "answer": "5米", "reading_system_answer": null}]}, {"text": "可由歼-16和歼-20外置挂载", "qa_pairs": [{"question": "歼-20外置挂载的是什么", "answer": "20外置", "reading_system_answer": "可由歼-16"}, {"question": "歼-20外置挂载的是什么", "answer": "16", "reading_system_answer": "可由歼-16"}]}, {"text": "采用高抛弹道和双脉冲固体火箭发动机", "qa_pairs": [{"question": "采用高抛弹道和双脉冲固体火箭发动机的冲固体火箭发动机是什么", "answer": "火箭发动机", "reading_system_answer": null}, {"question": "采用高抛弹道和双脉冲固体火箭发动机的国家的高抛弹道和双脉冲固体火箭发动机的冲固", "answer": "双脉冲", "reading_system_answer": null}, {"question": "采用高抛弹道和双脉冲固体火箭发动机的国家的高抛弹道和双脉冲固体火箭发动机的国家", "answer": "弹道", "reading_system_answer": null}]}, {"text": "可能还采用主动雷达和红外成像双模制导", "qa_pairs": [{"question": "采用主动雷达和红外成像双模制导的国家的主动雷达和红外成像双模制导的模制导弹是什", "answer": "红外", "reading_system_answer": null}, {"question": "采用主动雷达和红外成像双模制导的国家的主动雷达和红外成像双模制导的主动雷达和红", "answer": "雷达", "reading_system_answer": null}, {"question": "雷达和红外成像双模雷达和红外成像双模制导的主动制导国家采用的哪种制导制导致雷达", "answer": "制导", "reading_system_answer": null}]}, {"text": "利用双向数据链修正弹道", "qa_pairs": [{"question": "利用双向数据链修正弹道的意义是什么", "answer": "利用双向数据链修正弹道", "reading_system_answer": null}]}, {"text": "被认为是对美军远离战区前沿却十分重要的预警机、电子战飞机的巨大威胁", "qa_pairs": [{"question": "被认为是对美军远离战区前沿却十分重要的预警机的巨大威胁是什么", "answer": "预警机", "reading_system_answer": null}, {"question": "被认为是对美军远离战区前沿却十分重要的预警机的电子战飞机的巨大威胁是什么", "answer": "十分", "reading_system_answer": null}, {"question": "被认为是对美军远离战区前沿却十分重要的预警机、电子战飞机的巨大威胁是什么", "answer": "战区", "reading_system_answer": null}, {"question": "被认为是对美军远离战区前沿却十分重要的预警机、电子战飞机的巨大威胁是什么", "answer": "电子战飞机", "reading_system_answer": null}]}, {"text": "这种导弹射程美军认为其射程在400公里左右", "qa_pairs": [{"question": "美军认为其射程在400公里左右的国家其射程在400公里左右的国家其射程美军认为", "answer": "导弹射程", "reading_system_answer": null}, {"question": "美军认为其射程在400公里左右的国家其导弹射程美军认为其射程在哪里", "answer": "400公里左右", "reading_system_answer": null}, {"question": "美军认为其射程在400公里左右的国家其导弹射程美军认为其射程在400公里左右的", "answer": "射程", "reading_system_answer": null}]}, {"text": "图片：歼-20弹舱里的新中程", "qa_pairs": [{"question": "：20弹舱里的新中程是什么", "answer": "图片", "reading_system_answer": null}, {"question": "图片：歼-20弹舱里的新中程是什么", "answer": "20弹舱", "reading_system_answer": null}, {"question": "图片：歼-20弹舱里的新中程是什么", "answer": "新中程", "reading_system_answer": null}]}, {"text": "军网英文站图源  　　美军目前最新的AIM-120D", "qa_pairs": [{"question": "美军目前最新的aim-120d文站图源美军目前最新的aim-120d文站图源美", "answer": "军网", "reading_system_answer": null}, {"question": "美军目前最新的aim-120d000d1英文站图源美军目前最新的aim-120", "answer": "图源", "reading_system_answer": null}, {"question": "美军目前最新的aim-120d-120d-1dm-12英文站图源美军目前最新的", "answer": "AIM", "reading_system_answer": null}, {"question": "美军目前最新的aim-10d是", "answer": "120D", "reading_system_answer": null}]}, {"text": "虽然比起现役的AIM-120C在最远射程方面扩大了50%", "qa_pairs": [{"question": "aim-120c在最远射程方面扩大了50%的原因是什么", "answer": "射程方面", "reading_system_answer": null}, {"question": "aim-120c在最远射程方面扩大了50%的原因是什么", "answer": "120C", "reading_system_answer": null}, {"question": "aim-120c在最远射程方面扩大了50%的国家在最远射程方面扩大了50%的国", "answer": "现役", "reading_system_answer": null}, {"question": "aim-120c在最远射程方面扩大了50%的原因是什么", "answer": "AIM", "reading_system_answer": null}, {"question": "aim-120c在最远射程方面扩大了50%的原因是什么", "answer": "50", "reading_system_answer": null}]}, {"text": "达到了160公里左右", "qa_pairs": [{"question": "达到了160公里左右的原因是什么", "answer": "160公里左右", "reading_system_answer": null}]}, {"text": "“不可逃逸区”大幅增加", "qa_pairs": [{"question": "“”大幅增加的”79区”大幅增加的逃逸区”逸区”大幅逸幅逃逃逃逸区加逃逃逃逃逃逃", "answer": "区", "reading_system_answer": null}]}, {"text": "还采用了最新的双向数据链技术", "qa_pairs": [{"question": "采用了最新的双向数据链技术", "answer": "双向数据链技术", "reading_system_answer": null}]}, {"text": "但在射程方面和新型远程空空导弹的差距十分明显", "qa_pairs": [{"question": "新型远程空空导弹的差距十分明显是什么", "answer": "远程空空导弹", "reading_system_answer": "在射程方面"}, {"question": "新型远程空空导弹的差距十分明显是什么", "answer": "差距十分", "reading_system_answer": "在射程方面"}, {"question": "新型远程空空导弹的差距十分明显是什么", "answer": "射程方面", "reading_system_answer": "在射程方面"}]}, {"text": "因此", "qa_pairs": [{"question": "因为因此因因因因因因因因因因因因因因因因因因因因因因因因因因因此此此此此此此此", "answer": "", "reading_system_answer": null}]}, {"text": "美国海空军据此罕见推出了“快速采购计划”", "qa_pairs": [{"question": "美国海空军据此罕见推出了“快速采购计划”的国家采用的是什么计划", "answer": "采购计划", "reading_system_answer": null}, {"question": "美国海空军据此罕见推出了“快速采购计划”的国家据此罕见推出了“快速采购计划”的", "answer": "美国海空军", "reading_system_answer": null}]}, {"text": "而且瞒天过海到现在", "qa_pairs": [{"question": "瞒天过海到现在海到现在海到现在海到现瞒天过瞒而且瞒天过瞒而而而而瞒天在海且在海", "answer": "", "reading_system_answer": null}]}, {"text": "图片：发射中的AIM-120  　　AIM-260也叫JATM导弹", "qa_pairs": [{"question": "aim-120aim-260也叫什么", "answer": "JATM导弹", "reading_system_answer": null}, {"question": "aim-120aim-260也叫jatm导弹的国家在aim-120aim-26", "answer": "260", "reading_system_answer": null}, {"question": "aim-120aim-260aim-120aim导弹的国家的jatm导弹是哪个", "answer": "120", "reading_system_answer": "AIM-260"}, {"question": "aim-120aim-260也叫jatm导弹的国家在aim发射中的aim-12", "answer": "AIM", "reading_system_answer": null}, {"question": "aim-120aim-260也叫jatm导弹的国家在aim-120aim-26", "answer": "图片", "reading_system_answer": null}]}, {"text": "前身也叫“远程交战武器”（LREW）项目", "qa_pairs": [{"question": "”远程交战武器”（lrew）项目的武器目）lrew）项目的武器目）lrew）项", "answer": "项目", "reading_system_answer": null}, {"question": "前远lrew）项目的是哪种型号", "answer": "LREW", "reading_system_answer": "远程交战武器"}, {"question": "”（lrew）项目的”远程交战武器”（lrew）项目的武远程交战武器”（lre", "answer": "远程", "reading_system_answer": null}, {"question": "“远lrew）项目的是哪个", "answer": "武器", "reading_system_answer": "远程交战武器"}]}, {"text": "其外形迄今仍是高度保密的", "qa_pairs": [{"question": "其外形迄今仍是高度保密的外保密的是什么", "answer": "外形", "reading_system_answer": null}, {"question": "高度保密的是什么", "answer": "高度保密", "reading_system_answer": null}]}, {"text": "此前公布的概念图显示", "qa_pairs": [{"question": "公布的概念图显示是什么", "answer": "概念图", "reading_system_answer": null}]}, {"text": "它是一种两级固体火箭发动机推进的新型空空导弹", "qa_pairs": [{"question": "它是一种两级固体火箭发动机推进的新型空空导弹是什么", "answer": "火箭发动机", "reading_system_answer": null}, {"question": "新型空空导弹是什么", "answer": "一种两级", "reading_system_answer": null}, {"question": "它是一种两级固体火箭发动机推进的新型空空导弹是什么", "answer": "空空导弹", "reading_system_answer": null}]}, {"text": "并没有采用欧洲“流星”导弹采用的冲压发动机", "qa_pairs": [{"question": "欧洲“流星”导弹采用的冲压发动机的导弹采用的冲压发动机是什么", "answer": "导弹", "reading_system_answer": null}, {"question": "欧流星”导弹采用的冲压发动机是什么", "answer": "欧洲", "reading_system_answer": null}, {"question": "欧洲“流星”导弹采用的冲压发动机是什么", "answer": "发动机", "reading_system_answer": null}, {"question": "”流星”导弹采用的冲压发动机的国家采用的“流星”导弹采用的冲压发动机是什么", "answer": "流星", "reading_system_answer": null}]}, {"text": "其弹体长度和AIM-120一致", "qa_pairs": [{"question": "aim-120一致是什么", "answer": "弹体长度", "reading_system_answer": "其弹体长度"}, {"question": "aim-120一致是什么", "answer": "120", "reading_system_answer": "其弹体长度"}, {"question": "aim-120一致是什么", "answer": "AIM", "reading_system_answer": "其弹体长度"}]}, {"text": "完全可以放进F-22和F-35的内部弹舱中", "qa_pairs": [{"question": "f-35和f-35的内部弹舱中是什么", "answer": "35", "reading_system_answer": null}, {"question": "f-35的内部弹舱中是什么", "answer": "22", "reading_system_answer": null}, {"question": "f-35和f-35的内部弹舱中中部弹舱中中部弹舱中的f-22的内部弹舱是什么", "answer": "弹舱", "reading_system_answer": null}, {"question": "完全可以放进f-25和f-35的内部弹舱中的国家以放进f-22的内部弹舱中是", "answer": "F", "reading_system_answer": null}]}, {"text": "从AIM-260的代号来说", "qa_pairs": [{"question": "从aim-260的代号来说的是什么", "answer": "260", "reading_system_answer": null}, {"question": "从aim-260的代号来说的是什么型号", "answer": "代号", "reading_system_answer": null}, {"question": "从aim-260的代号来说的是什么", "answer": "AIM", "reading_system_answer": null}]}, {"text": "射程至少有260公里", "qa_pairs": [{"question": "射程至少有260公里的射程是多少", "answer": "射程", "reading_system_answer": null}, {"question": "射程至少有多少公里", "answer": "260公里", "reading_system_answer": null}]}, {"text": "图片：AIM-260想象图（下）  　　一般来说", "qa_pairs": [{"question": "：260想象图（下）一般来说的是什么", "answer": "图片", "reading_system_answer": null}, {"question": "：260想象图（下）一般来说是什么", "answer": "260想象图", "reading_system_answer": null}, {"question": "：260想象图（下）一般来说的是什么型号", "answer": "AIM", "reading_system_answer": null}]}, {"text": "空空导弹提高射程", "qa_pairs": [{"question": "空空导弹提高射程是什么", "answer": "空空导弹", "reading_system_answer": null}, {"question": "空空导弹提高射程是什么", "answer": "射程", "reading_system_answer": null}]}, {"text": "需要比冲更高的高能固体火箭发动机", "qa_pairs": [{"question": "需要比比冲更高的高能固体火箭发动机的优点是什么", "answer": "高能", "reading_system_answer": null}, {"question": "冲更高的高能固体火箭发动机是什么", "answer": "火箭发动机", "reading_system_answer": null}, {"question": "需要比比高能固体火箭发动机的国家的冲更高的高能固体火箭发动机是什么", "answer": "比冲", "reading_system_answer": null}]}, {"text": "或者采用高抛弹道等", "qa_pairs": [{"question": "或者采用高抛弹道等的优势是什么", "answer": "弹道", "reading_system_answer": null}]}, {"text": "在体积上很难兼顾", "qa_pairs": [{"question": "在体积上很难兼顾的兼顾是什么", "answer": "体积", "reading_system_answer": null}]}, {"text": "但美军为了维持自己的隐形空中优势", "qa_pairs": [{"question": "美军为了维持自己的隐形空中优势是什么", "answer": "优势", "reading_system_answer": null}, {"question": "美军为了维持自己的隐形空中优势的国家为什么要空中优势", "answer": "隐形", "reading_system_answer": null}]}, {"text": "严格限制了AIM-260的弹体大小", "qa_pairs": [{"question": "aim-260的弹体大小是什么", "answer": "260", "reading_system_answer": null}, {"question": "严格限制了aim-260的弹体大小", "answer": "AIM", "reading_system_answer": null}, {"question": "aim-260的弹体大小是哪个", "answer": "弹体", "reading_system_answer": null}]}, {"text": "因为F-22和F-35携带它", "qa_pairs": [{"question": "f-22和f-35携带的战斗机是什么", "answer": "35", "reading_system_answer": null}, {"question": "f-35和f-35携带它的携带它是什么", "answer": "22", "reading_system_answer": null}, {"question": "f-225和f-35携带它的35和f-35携带它是什么", "answer": "F", "reading_system_answer": null}]}, {"text": "凭借自身隐形优势", "qa_pairs": [{"question": "凭自身隐形优势的优势是什么", "answer": "隐形优势", "reading_system_answer": null}]}, {"text": "依然可以大幅压缩敌方战机的雷达截获距离", "qa_pairs": [{"question": "依以大幅压缩敌方战机的雷达截获距离是什么", "answer": "敌方战机", "reading_system_answer": null}, {"question": "依以大幅压缩敌方战机的雷达截获距离是什么", "answer": "雷达", "reading_system_answer": null}, {"question": "依然可以大幅压缩敌方战机的雷达截离有什么", "answer": "距离", "reading_system_answer": null}]}, {"text": "抵消了空空导弹的射程优势", "qa_pairs": [{"question": "抵消了空空导弹的射程优势是什么", "answer": "空空导弹", "reading_system_answer": null}, {"question": "抵消了空空导弹的射程优势是什么", "answer": "射程优势", "reading_system_answer": null}]}, {"text": "这一点十分值得警惕", "qa_pairs": [{"question": "这一点十分值得警惕的十分值得警惕是什么", "answer": "一点十分", "reading_system_answer": null}]}, {"text": "图片：CUDA导弹", "qa_pairs": [{"question": "：cuda导弹是哪个", "answer": "图片", "reading_system_answer": null}, {"question": "图片：cuadu导弹是什么", "answer": "CUDA导弹", "reading_system_answer": null}]}, {"text": "用了爱国者3技术  　　事实上", "qa_pairs": [{"question": "用了爱国者3技术事实上的爱国者3技术事实上的爱国者3用了什么事件", "answer": "爱国者", "reading_system_answer": null}, {"question": "用了爱国者3技术事实上的技术事实上的技术事事事事事事事事事事事事事事事事事事事", "answer": "技术", "reading_system_answer": null}]}, {"text": "美军为了维持自己的空中优势", "qa_pairs": [{"question": "美军为了维持自己的空中优势是什么", "answer": "优势", "reading_system_answer": null}]}, {"text": "从不吝啬自己的资金和技术投入", "qa_pairs": [{"question": "从啬自己的资金和技术投入的技术投入中国技术技术技术技术技术技术技入投入的技术资", "answer": "资金", "reading_system_answer": null}, {"question": "从啬自己的资金和技术投入的技术投入中国技术技术技术技术技术技入投入的技术技术技", "answer": "技术", "reading_system_answer": null}]}, {"text": "除了AIM-260之外", "qa_pairs": [{"question": "除了aim-260之外的原因是什么", "answer": "260", "reading_system_answer": null}, {"question": "除了aim-260之外的国家在除了a260之外的国家其aim2除00是什么", "answer": "AIM", "reading_system_answer": null}]}, {"text": "还有可在F-35弹舱内携带多枚的CUDA小型中距空空导弹", "qa_pairs": [{"question": "cuda小型中距空空导弹是什么", "answer": "35弹", "reading_system_answer": "可在F-35弹舱内携带多枚"}, {"question": "c-35弹舱内携带多少cuda小型中距空空导弹", "answer": "F", "reading_system_answer": "多枚"}, {"question": "cuda小型中距空空导弹是哪个导弹", "answer": "多枚", "reading_system_answer": null}, {"question": "cuda小型中距空空导弹是什么", "answer": "空空导弹", "reading_system_answer": "可在F-35弹舱内携带多枚"}, {"question": "c-35弹舱内携带多枚的cuda小型中距空空导弹是什么", "answer": "CUDA", "reading_system_answer": null}]}, {"text": "大幅增加了战机在隐形模式下的携带量", "qa_pairs": [{"question": "大幅增加了战机在隐形模式下的携带量的隐量是什么", "answer": "量", "reading_system_answer": null}, {"question": "大幅增加了战机在隐形模式下的携带量的隐形模式下的携带量是什么", "answer": "隐形模式", "reading_system_answer": null}, {"question": "大幅增加了战机在隐形模式下的携带量的隐形模式下的携带量是什么", "answer": "战机", "reading_system_answer": null}]}, {"text": "可以说", "qa_pairs": [{"question": "可以说对以以以以以以说可以说可以说可以以说可以以以可以可以可说可以可以可说可说", "answer": "", "reading_system_answer": null}]}, {"text": "面对新一代“霹雳”家族", "qa_pairs": [{"question": "“霹雳”家族是哪个", "answer": "霹雳", "reading_system_answer": null}]}, {"text": "这次美军不仅是真急了", "qa_pairs": [{"question": "美军不仅是真急了真急了美军的真急了什么", "answer": "", "reading_system_answer": null}]}, {"text": "还玩真的啦", "qa_pairs": [{"question": "玩真的啦啦的啦玩真的啦玩真的玩真的玩真玩真玩真玩真玩真还真还的的的的的的的的的", "answer": "", "reading_system_answer": null}]}]}