{"passage": "【环球网综合报道】2012年8月23日，华盛顿自由灯塔网站(freebeacon.com)发表美国资深媒体人比尔-戈茨(Bill Gertz)文章，详细报道了中国在四周之内试射三枚导弹的细节，以及美国各方的评论。现将文章主要内容编译如下：　　据美国官方报道，8月20日，中国继续进行战略导弹发射系列试验，这是中国在四周内的第三次试验。美国军用传感器探测到中国于清晨时分在距北京西南267英里的陕西省某导弹和空间试验中心进行了发射试验，美国判断这是采用发射井方式的“东风-5A型”(北约代号CSS-4 Mod 2)，射向了中国西部的沙漠地区。该导弹与7月24日中国试射的新型“东风-41”型陆基机动洲际弹道导弹和新型潜射“JL-2”导弹一样，均可携带多弹头，也可作为诱饵弹头欺骗导弹防御系统。　　美国情报分析家认为，中国将装备多弹头导弹，主要原因是应对美国导弹防御系统对单弹头导弹的有效防御。例如，近期的一份中国军事译文声称，由于美国计划发展新型反导武器——“多重杀伤载具”(MKV)，中国通过改进弹头设计、增加弹头数量并配合使用假弹头，扰乱美国反导系统的传感器，从而提高导弹弹头的穿透力。　　五角大楼并不确定这三次试射情报来源的准确性，一位资深防务官员认为试射并没有“拉响警报”，根本不能证明中国已经掌握了所有必备导弹技术。一位美国官员声称，虽然没有确认这三次试射是否成功，但是根据传感器显示，导弹飞行没有失败。另一位官员认为，试射表明中国致力于提高首次核打击能力。此前，中国称其核部队主要是“二次打击”武器，用来应对针对中国的核攻击，中国也一再强调中国将不会在冲突中首先使用核武器。但是，据传由于中国讨论过使用核武器应对美国远程精确常规巡航导弹打击，而非针对核打击的核反击，五角大楼一直质疑这一方针。　　美军认为空军的战略导弹试射相对滞后，归咎于奥巴马政府将导弹试射作为政治手段，而非技术和战术手段。今年早些时候，空军已经在加利福尼亚部署了一枚“民兵-3”型洲际导弹，但是试验却推迟了三次，表面上是出于技术和射程安全的考虑。一位军方官员透露，民兵导弹试射推迟，是由于对中国和俄罗斯的政治顾虑，并不是技术问题。空军全球打击司令部发言人解释说，推迟试射并非政治原因，技术和安全问题才是真正的原因，导弹试射定于11月14日进行。俄罗斯也在建设新型远程导弹，计划两次潜射导弹试验，其中一枚设计穿透美国的导弹防御系统。　　中国本周的导弹试射正值中国人民解放军副总参谋长蔡英挺中将和其他4名将军访问五角大楼，没人知道蔡是否被美军高官问及导弹试射一事。中国军事事务专家理查德-费舍尔(Richard Fisher)认为，最近的一次导弹试射意义重大，“CSS-4(东风5A型)和东风5B型相同，都是东风系列的多弹头型”。“一个月时间内解放军试射了2枚多弹头陆基洲际导弹和1枚潜射弹道导弹”。至少是要告诉我们将有更多的核弹头指向美国。　　美国原子能科学家联合会主任汉斯-克里斯滕森(Hans M. Kristensen)认为CSS-4试射表明中国计划用固体燃料导弹替代陈旧的液体燃料导弹库，CSS-4是中国未来多弹头导弹的候选型号；美国情报机构已经关注中国的多弹头发展近10年，如果中国愿意，CSS-4就是多弹头的运载工具。中国公路机动式“东风-31”和“东风-31A”洲际弹道导弹的发展，可能刺激中国产生多弹头导弹的需求，同样，生产穿透目标的诱饵弹头也会水到渠成。", "sentences": [{"text": "【环球网综合报道】2012年8月23日", "qa_pairs": [{"question": "【2012年8月23日合报道】环球网综合报道】2012年8月23日【3012年", "answer": "环球网", "reading_system_answer": "【环球网综合报道】"}, {"question": "【环球网综合报道】20122年8年8月23日合道】201综合报道【环球网综合报", "answer": "2012年8月23日", "reading_system_answer": null}]}, {"text": "华盛顿自由灯塔网站(freebeacon.com)发表美国资深媒体人比尔-戈茨(Bill Gertz)文章", "qa_pairs": [{"question": "华盛顿om)发表美国资深媒体人比尔-戈茨(billgertcrtceeeeee", "answer": "文章", "reading_system_answer": "华盛顿自由灯塔网站(freebeacon.com)"}, {"question": "华freegertceacom)发表美国资深媒体人比尔-戈茨(billgert", "answer": "灯塔网站", "reading_system_answer": "华盛顿自由灯塔网站(freebeacon.com)"}, {"question": "华盛顿自由灯塔网站(freeeeeeeeeeeeeeeeeeeeeeeeeee", "answer": "Gertz", "reading_system_answer": null}, {"question": "华盛顿自由灯塔网站(freeelllerzzercon.cieom)发表美国资", "answer": "华盛顿", "reading_system_answer": null}, {"question": "华盛顿om)发表美国资深媒体人比尔-戈茨(billgertceeee.con.", "answer": "美国资深媒体人", "reading_system_answer": "华盛顿自由灯塔网站(freebeacon.com)"}, {"question": "华盛顿自由灯塔网站的哪种型号的文府", "answer": "freebeacon.com", "reading_system_answer": "华盛顿自由灯塔网站(freebeacon.com)发表美国资深媒体人比尔-戈茨(Bill Gertz)"}, {"question": "华盛顿自由灯塔网站(freeeeeeeeeeeeeeeeeeeeeeeeeee", "answer": "Bill", "reading_system_answer": null}]}, {"text": "详细报道了中国在四周之内试射三枚导弹的细节", "qa_pairs": [{"question": "中国在四周之内试射三枚导弹的细节是什么", "answer": "三枚导弹", "reading_system_answer": null}, {"question": "中国在四周之内试射三枚导弹的细节是什么", "answer": "中国", "reading_system_answer": null}, {"question": "中国在四周之内试射三枚导弹的细节是什么", "answer": "细节", "reading_system_answer": null}, {"question": "中国在四周之内试射三枚导弹的细节是什么", "answer": "四周", "reading_system_answer": null}]}, {"text": "以及美国各方的评论", "qa_pairs": [{"question": "以及美国各方的评论的评论是什么", "answer": "评论", "reading_system_answer": null}, {"question": "以及美国各方的评论的评论是什么", "answer": "美国", "reading_system_answer": null}]}, {"text": "现将文章主要内容编译如下：　　据美国官方报道", "qa_pairs": [{"question": "现将文章主要内容编译如下：据美国官方报道的国家将容编中国官方报道主要内容编译是", "answer": "文章", "reading_system_answer": null}, {"question": "现将文章主要内容编译是什么", "answer": "内容", "reading_system_answer": "现将文章主要内容编译如下："}, {"question": "现将文章主要内容编译如下：据美国官方报道的国家容编译如下：据美国官方报道的国家", "answer": "美国官方", "reading_system_answer": null}, {"question": "：现美国官方报报章编编译官方方方编制的现报道主要内容是什么", "answer": "现", "reading_system_answer": null}]}, {"text": "8月20日", "qa_pairs": [{"question": "8月20日8月20日00日8月2日028月028月08月08月028月028月", "answer": "8月20日", "reading_system_answer": null}]}, {"text": "中国继续进行战略导弹发射系列试验", "qa_pairs": [{"question": "中国继续进行战略导弹发射系列试验的发射系列试验的发射系列试验的是什么", "answer": "战略导弹", "reading_system_answer": null}, {"question": "中国继续进行战略导弹发射系列试验的国家继中国继续进行战略导弹发射系列试验的国家", "answer": "中国", "reading_system_answer": null}, {"question": "中国继续进行战略导弹发射系列试验的导弹发射系列试验的导弹列试验的发行战略导弹列", "answer": "系列", "reading_system_answer": null}]}, {"text": "这是中国在四周内的第三次试验", "qa_pairs": [{"question": "中国在四周内的第三次试验的国家在四周内的第三次试验的国家在四周内的第三次试验的", "answer": "中国", "reading_system_answer": null}, {"question": "中国在四周内的第三次试验的第三次试验的第三次试验的第四周内的第三次试验是", "answer": "第三次", "reading_system_answer": null}, {"question": "中国在四周内的第三次试验的第三次试验的第三次试验的第四周内的第三次试验是", "answer": "四周", "reading_system_answer": null}]}, {"text": "美国军用传感器探测到中国于清晨时分在距北京西南267英里的陕西省某导弹和空间试验中心进行了发射试验", "qa_pairs": [{"question": "美国军用传感器探测到中国于清晨时分在距北京西南267英里的陕西省某导弹和空间试", "answer": "导弹", "reading_system_answer": "试验中心"}, {"question": "美国军用传感器探测到中国于清晨时分在距北京西南267英里的陕西省某导弹和空间试", "answer": "美国军用传感器", "reading_system_answer": "试验中心"}, {"question": "美国军用传感器探测到中国于清晨时分在距北京西南267英里的陕西省某导弹和空间试", "answer": "空间", "reading_system_answer": "试验中心"}, {"question": "美国军用传感器探测到中国于清晨时分在距北京西南267英里的陕西省某导弹和空间试", "answer": "中国", "reading_system_answer": "试验中心"}, {"question": "美国军用传感器探测到中国于清晨时分在哪些国家的陕西省某导弹", "answer": "距北京西南267英里", "reading_system_answer": "距北京西南267英里的陕西省某导弹和空间试验中心"}, {"question": "北南2676767某导弹的国家在美国军用传感器的国家在美国军用的国家在美国西南", "answer": "时分", "reading_system_answer": null}, {"question": "北南267英里西南省某导弹和空间试验中心进行了发射试验的国家的国家的国家用于陕", "answer": "中心", "reading_system_answer": null}, {"question": "美国军用传感器探测到中国于清晨时分在距北京西南267英里的陕西省某导弹和空间试", "answer": "陕西省", "reading_system_answer": "试验中心"}]}, {"text": "美国判断这是采用发射井方式的“东风-5A型”(北约代号CSS-4 Mod 2)", "qa_pairs": [{"question": "美国判断这是采用发射井方式的“东风-5a型”4mod2)的国家其判断这代号cs", "answer": "方式", "reading_system_answer": null}, {"question": "美国判断的“号css-4m型”(北约代号css-4mod2)是什么", "answer": "A型", "reading_system_answer": "东风-5A型"}, {"question": "美4m型”4mod2)的国家在5c北ss-4mod2)的国家25a北ss-4m", "answer": "美国", "reading_system_answer": "东风-5A型"}, {"question": "美国判断的采4北约代号css-4mod2)是什么", "answer": "北约代号CSS", "reading_system_answer": "东风-5A型"}, {"question": "美国判断这是采用发射井方式的“东风-5)的国家其od2)型号是什么", "answer": "Mod", "reading_system_answer": "东风-5A型"}, {"question": "美号北约代号css-4mod2)型号是什么", "answer": "东风", "reading_system_answer": "东风-5A型"}]}, {"text": "射向了中国西部的沙漠地区", "qa_pairs": [{"question": "射向了中国西部的沙漠地区的国家的沙漠地区是什么", "answer": "中国", "reading_system_answer": null}, {"question": "射向了中国西部的沙漠地区的国家向中国西部的沙漠地区是", "answer": "沙漠地区", "reading_system_answer": null}]}, {"text": "该导弹与7月24日中国试射的新型“东风-41”型陆基机动洲际弹道导弹和新型潜射“JL-2”导弹一样", "qa_pairs": [{"question": "与7月24日中国试射的新型“东风-41”型陆基机动洲际弹道导弹和新型潜射“jl", "answer": "导弹", "reading_system_answer": null}, {"question": "中国试射的新型“东风-41”型陆基机动洲际弹道导弹一样的一样的一型”导弹一样的", "answer": "41", "reading_system_answer": null}, {"question": "中国试射的新型“东风-41”型陆基机动洲际弹道导弹和新型潜射“jl-2”导弹一", "answer": "7月24日中国", "reading_system_answer": null}, {"question": "中国试射的新型“东风-41”型陆基机动洲际弹道导弹一样的国家与74日中国试射的", "answer": "JL", "reading_system_answer": null}, {"question": "与导弹与7月24日中国试射的新型“东风-41”型陆基机动洲际弹道导弹和新型潜射", "answer": "弹道导弹", "reading_system_answer": "该导弹与7月24日中国试射的新型“东风-41”型陆基机动洲际弹道导弹和新型潜射“JL-2"}, {"question": "中导弹一样的一样的新型潜射“jl-2”导弹一样的国家与71”型陆基机动洲际弹道", "answer": "东风", "reading_system_answer": "东风-41”型陆基机动洲际弹道导弹"}, {"question": "中国试射的新型“东风-41”型陆基机动洲际弹道导弹一样的一型号是什么", "answer": "陆基机动", "reading_system_answer": "JL-2"}]}, {"text": "均可携带多弹头", "qa_pairs": [{"question": "均可携带多弹头的携带多大均可携带什么子弹", "answer": "多弹头", "reading_system_answer": null}]}, {"text": "也可作为诱饵弹头欺骗导弹防御系统", "qa_pairs": [{"question": "诱饵弹头欺骗导弹防御系统是什么", "answer": "系统", "reading_system_answer": null}, {"question": "诱饵弹头欺骗导弹防御系统的作用是什么", "answer": "导弹", "reading_system_answer": null}, {"question": "诱饵弹头欺骗导弹防御系统的骗成的系统是什么", "answer": "诱饵弹头", "reading_system_answer": null}]}, {"text": "美国情报分析家认为", "qa_pairs": [{"question": "美国情报分析家认为美国情报分析家认为美国情报分析家认为美国情报分析为什么", "answer": "美国情报分析家", "reading_system_answer": null}]}, {"text": "中国将装备多弹头导弹", "qa_pairs": [{"question": "中国将装备多弹头导弹是什么", "answer": "中国", "reading_system_answer": null}, {"question": "中国将装备多弹头导弹是什么", "answer": "装备多弹头导弹", "reading_system_answer": null}]}, {"text": "主要原因是应对美国导弹防御系统对单弹头导弹的有效防御", "qa_pairs": [{"question": "主要原因是应对美国导弹防御系统对单弹头导弹的有效防御的头导弹的有效防御是什么", "answer": "美国导弹", "reading_system_answer": null}, {"question": "主要原因是应对美国导弹防御系统对单弹头导弹的有效防御的有效防御是什么", "answer": "单弹头导弹", "reading_system_answer": null}, {"question": "美国对美国对美国对美国对美国防合系统对单弹的原因是什么", "answer": "原因", "reading_system_answer": null}]}, {"text": "例如", "qa_pairs": [{"question": "例对例如如何", "answer": "", "reading_system_answer": null}]}, {"text": "近期的一份中国军事译文声称", "qa_pairs": [{"question": "近期的一份中国军事译文声称是什么", "answer": "一份中国军事译文声称", "reading_system_answer": null}]}, {"text": "由于美国计划发展新型反导武器——“多重杀伤载具”(MKV)", "qa_pairs": [{"question": "——多划杀伤载具”(—“多重杀伤载具的国家计划发展新型反导武器——kv)的国家", "answer": "美国计划", "reading_system_answer": null}, {"question": "美—多重杀伤载具”(mkv)的国家计划发展新型反导武器——“多重杀伤载具”(m", "answer": "载具", "reading_system_answer": null}, {"question": "——多新型反导武器——“多重杀伤载具”(mkv)的国家具有什么武器", "answer": "多重", "reading_system_answer": null}, {"question": "由—多“多重杀伤载具”(的国家计划发展新型反导武器——“多多多))))))))", "answer": "MKV", "reading_system_answer": null}, {"question": "由—多重杀伤载具”(mkv)的国家计划发展新型反导武器——“多重杀伤载具”(m", "answer": "武器", "reading_system_answer": null}]}, {"text": "中国通过改进弹头设计、增加弹头数量并配合使用假弹头", "qa_pairs": [{"question": "中国通过改进弹头设计、增加弹头数量并配合使用假弹头的原因是什么", "answer": "假弹头", "reading_system_answer": null}, {"question": "中国通过改进弹头设计、增加弹头数量是什么", "answer": "弹头数量", "reading_system_answer": null}, {"question": "中国通过改进弹头数量并配合使用假弹头的国家通过改进弹头数量并配合使用假弹头的国", "answer": "中国", "reading_system_answer": null}, {"question": "中国通过改进弹头设计、增加弹头数量并配合使用假弹头的原因是什么", "answer": "弹头", "reading_system_answer": null}]}, {"text": "扰乱美国反导系统的传感器", "qa_pairs": [{"question": "美国反导系统的传感器是什么", "answer": "系统", "reading_system_answer": null}, {"question": "美国反导系统的传感器是什么", "answer": "美国", "reading_system_answer": null}, {"question": "美国反导系统的传感的传统是什么", "answer": "传感器", "reading_system_answer": null}]}, {"text": "从而提高导弹弹头的穿透力", "qa_pairs": [{"question": "从而提高导弹弹头的穿透力是什么", "answer": "穿透力", "reading_system_answer": null}, {"question": "从而提高导弹弹头的穿透力是什么", "answer": "导弹弹头", "reading_system_answer": null}]}, {"text": "五角大楼并不确定这三次试射情报来源的准确性", "qa_pairs": [{"question": "五角大楼并不确定射情报来源的准确性是什么", "answer": "准确性", "reading_system_answer": null}, {"question": "五角大楼并不确定这三次试射情报来源的准确性是什么", "answer": "三次", "reading_system_answer": null}, {"question": "五角大楼并不确定这三次试射情报来源的准确性是什么", "answer": "情报来源", "reading_system_answer": null}, {"question": "五角大楼并不确定这三次试射情报来源的准确性是什么", "answer": "五角大楼", "reading_system_answer": null}]}, {"text": "一位资深防务官员认为试射并没有“拉响警报”", "qa_pairs": [{"question": "“拉响警报”的“拉响警报”是什么", "answer": "一位资深", "reading_system_answer": "试射"}, {"question": "一位资深防务官员认为试射并没有“拉响警报”的警报”是", "answer": "官员", "reading_system_answer": null}, {"question": "一位资深防务官员认为试射并没有“拉响警报”的国家其资深防务官员认为试射并没有“", "answer": "警报", "reading_system_answer": null}]}, {"text": "根本不能证明中国已经掌握了所有必备导弹技术", "qa_pairs": [{"question": "根本不能证备导弹技术的国家已经掌握了所有必备导弹技术的国家已经掌握了所有必备导", "answer": "证明中国", "reading_system_answer": null}, {"question": "中国已经掌握了所有必备导弹技术的国家有什么技术", "answer": "导弹技术", "reading_system_answer": null}]}, {"text": "一位美国官员声称", "qa_pairs": [{"question": "美国官员声称为什么", "answer": "一位美国官员声称", "reading_system_answer": null}]}, {"text": "虽然没有确认这三次试射是否成功", "qa_pairs": [{"question": "试射是否成功的国家其试射是否成功的国家其试射是试射的国家其试射次试这次成功的否", "answer": "三次", "reading_system_answer": null}]}, {"text": "但是根据传感器显示", "qa_pairs": [{"question": "根据传感器显示的传器是什么", "answer": "传感器", "reading_system_answer": null}]}, {"text": "导弹飞行没有失败", "qa_pairs": [{"question": "导弹飞行没有失败的导弹飞行没有失败是什么", "answer": "导弹", "reading_system_answer": null}]}, {"text": "另一位官员认为", "qa_pairs": [{"question": "另一位官员认为另一位官员认为另一位官员认为什么", "answer": "一位官员", "reading_system_answer": null}]}, {"text": "试射表明中国致力于提高首次核打击能力", "qa_pairs": [{"question": "试力于提高首次核打击能力的国家首次核打击能力是什么", "answer": "首次", "reading_system_answer": null}, {"question": "试射表明中国致力于提高首次核打击能力的国家首次核打击能力是什么", "answer": "中国致力于", "reading_system_answer": null}, {"question": "试射表明中国致力于提高首次核打击能力的国家首次核打击能力的首次核打击能力是什么", "answer": "能力", "reading_system_answer": null}]}, {"text": "此前", "qa_pairs": [{"question": "前前此此此此前前此此前此前此前此前此前此前此前此前此前此前此前此前此前此前此前", "answer": "", "reading_system_answer": null}]}, {"text": "中国称其核部队主要是“二次打击”武器", "qa_pairs": [{"question": "中国称其核部队主要是“二次打击”武器的国家主要是“二次打击”武器的国家其国家主", "answer": "二次", "reading_system_answer": null}, {"question": "中国称其核部队主要是“二次打击”武器的国家其国家主要是“二次打击”武器的国家其", "answer": "中国", "reading_system_answer": null}, {"question": "中国称其核部队主要是“二次打击”武器的国家称其核部队“二次打击”武器的国家称为", "answer": "核部队", "reading_system_answer": "中国称其核部队"}, {"question": "中国称其核部队主要是“二次打击”武器的国家主要是“二次打击”武器的国家称为“二", "answer": "武器", "reading_system_answer": "中国称其核部队"}]}, {"text": "用来应对针对中国的核攻击", "qa_pairs": [{"question": "用对针对中国的核攻击中国核攻击中国的攻击中国的攻击中核对中国的攻击中核对攻击中", "answer": "核", "reading_system_answer": null}, {"question": "用来应对针对中国的核攻击中国核攻击中国核攻击中国核对中国的攻击中核对攻击中核对", "answer": "中国", "reading_system_answer": null}]}, {"text": "中国也一再强调中国将不会在冲突中首先使用核武器", "qa_pairs": [{"question": "中国将不会在冲突中首先使用核武器是什么", "answer": "核武器", "reading_system_answer": null}, {"question": "中国将不会在冲突中首先使用核武器的国家在冲突中首先使用核武器是什么", "answer": "中国", "reading_system_answer": null}]}, {"text": "但是", "qa_pairs": [{"question": "但是是是但但但但但但但但但但但但但但但但但但但但但但但但但但但但但但但但但但但", "answer": "", "reading_system_answer": null}]}, {"text": "据传由于中国讨论过使用核武器应对美国远程精确常规巡航导弹打击", "qa_pairs": [{"question": "中国讨论过使用核武器应对美国远程精确常规巡航导弹打击的国家讨论过使用核武器应对", "answer": "核武器", "reading_system_answer": null}, {"question": "中国远程精确常规巡航导弹打击的国家讨论过使用核武器应对美国远程精确常规巡航导弹", "answer": "中国", "reading_system_answer": null}, {"question": "中国讨论过使用核武器应对美国远程精确常规巡航导弹打击的国家核武器应对美国远程精", "answer": "美国远程", "reading_system_answer": null}, {"question": "中国讨论过使用核武器应对美国远程精确常规巡航导弹打击的国家在核武器应对美国远程", "answer": "常规巡航导弹", "reading_system_answer": null}]}, {"text": "而非针对核打击的核反击", "qa_pairs": [{"question": "非针对核打击的核反击的核反击的反击的核打击的反击核打击核打击核对核打击核对核对", "answer": "", "reading_system_answer": null}]}, {"text": "五角大楼一直质疑这一方针", "qa_pairs": [{"question": "五角大楼一直质疑这一方针的五角大楼一直质疑这一方针的直升机针是什么", "answer": "一方针", "reading_system_answer": null}, {"question": "五角大楼一直质疑这一方针的是哪一个", "answer": "五角大楼", "reading_system_answer": null}]}, {"text": "美军认为空军的战略导弹试射相对滞后", "qa_pairs": [{"question": "美军认为空军的战略导弹试射相对滞后的国家的空军的战略导弹试射相对滞后的国家的美", "answer": "空军", "reading_system_answer": null}, {"question": "美军认为空军的战略导弹试射相对滞后的国家的战略导弹试射相对滞后的国家的战略导弹", "answer": "战略导弹", "reading_system_answer": null}]}, {"text": "归咎于奥巴马政府将导弹试射作为政治手段", "qa_pairs": [{"question": "归咎于奥巴马政府将导弹试射作为政治手段的国家将导弹试射作为政治手段的国家将将哪", "answer": "奥巴马政府", "reading_system_answer": null}, {"question": "归咎于奥巴马政府将导弹试射作为政治手段的国家将导弹试射作为政治手段的国家将将导", "answer": "导弹", "reading_system_answer": null}, {"question": "归咎于奥巴马政府将导弹试射作为政治手段的国家将导弹试射作为什么", "answer": "政治手段", "reading_system_answer": null}]}, {"text": "而非技术和战术手段", "qa_pairs": [{"question": "非技术和战术手段的主要武器是什么", "answer": "战术手段", "reading_system_answer": null}, {"question": "非技术和战术手段的手术手段是什么", "answer": "非技术", "reading_system_answer": null}]}, {"text": "今年早些时候", "qa_pairs": [{"question": "今年早些时候时候时早早早早早早早早早早早早早年年时早早早早年候时早年候时早年候", "answer": "", "reading_system_answer": null}]}, {"text": "空军已经在加利福尼亚部署了一枚“民兵-3”型洲际导弹", "qa_pairs": [{"question": "空军已经在加利福尼亚部署了一枚“民兵-3”型洲际导弹的国家在加利福尼亚部署了一", "answer": "空军", "reading_system_answer": null}, {"question": "空军已经在加利福尼亚部署了一枚“民兵-3”型洲际导弹的国家在加利福尼亚部署了一", "answer": "一枚", "reading_system_answer": null}, {"question": "空军已经在加利福尼亚部署了一枚“民兵-3”型际导弹的国家在加利福尼亚部署了一枚", "answer": "洲际导弹", "reading_system_answer": null}, {"question": "空军已经在加利福尼亚部署了一枚“民兵-3”型洲际导弹的国家在加利福尼亚部署了一", "answer": "加利福尼亚部署", "reading_system_answer": null}, {"question": "空军已经在加利福尼亚部署了一枚“民兵-3”型洲际导弹的国家在加利福尼亚部署了一", "answer": "民兵", "reading_system_answer": null}]}, {"text": "但是试验却推迟了三次", "qa_pairs": [{"question": "推迟了三次推迟了哪一次", "answer": "三次", "reading_system_answer": null}]}, {"text": "表面上是出于技术和射程安全的考虑", "qa_pairs": [{"question": "表面考虑的射程安全的考虑是什么", "answer": "表面", "reading_system_answer": null}, {"question": "表面上是出于技术和射程安全的考虑的国家的射程安全的考虑是什么", "answer": "射程", "reading_system_answer": null}, {"question": "表面上是出于技术和射程安全的考虑的射程是", "answer": "技术", "reading_system_answer": null}]}, {"text": "一位军方官员透露", "qa_pairs": [{"question": "一位军方官员透露了什么", "answer": "一位军方官员", "reading_system_answer": null}]}, {"text": "民兵导弹试射推迟", "qa_pairs": [{"question": "民兵导弹试射推迟的导弹试射推迟是什么", "answer": "民兵导弹", "reading_system_answer": null}]}, {"text": "是由于对中国和俄罗斯的政治顾虑", "qa_pairs": [{"question": "中国和俄罗斯的政治顾虑的目的是什么", "answer": "政治", "reading_system_answer": null}, {"question": "俄罗斯的政治顾虑的国家和俄罗斯的政治顾虑是什么", "answer": "中国", "reading_system_answer": null}, {"question": "对中国和俄罗斯的政治顾虑的国家的政治顾虑的国家的政治顾虑是什么", "answer": "俄罗斯", "reading_system_answer": null}]}, {"text": "并不是技术问题", "qa_pairs": [{"question": "并不是技术问题的目的是什么", "answer": "技术问题", "reading_system_answer": null}]}, {"text": "空军全球打击司令部发言人解释说", "qa_pairs": [{"question": "空军全球打击司令部发言人解释说的是什么", "answer": "司令部", "reading_system_answer": null}, {"question": "空军全球打击司令部发言人解释说的是什么", "answer": "空军全球", "reading_system_answer": null}]}, {"text": "推迟试射并非政治原因", "qa_pairs": [{"question": "推迟试射的原因是什么", "answer": "政治原因", "reading_system_answer": null}]}, {"text": "技术和安全问题才是真正的原因", "qa_pairs": [{"question": "技术原因为什么要和安全的原因", "answer": "原因", "reading_system_answer": "技术和安全问题"}, {"question": "技术和安全问题是真正的原因是什么", "answer": "问题", "reading_system_answer": "技术和安全问题"}, {"question": "技术和安全问题才是真正的原因是什么", "answer": "技术", "reading_system_answer": "技术和安全问题"}]}, {"text": "导弹试射定于11月14日进行", "qa_pairs": [{"question": "导弹试射定于11月进行的导弹进行的导弹进行是什么", "answer": "11月14日", "reading_system_answer": null}, {"question": "导弹试射定于11月14日进行的导弹导弹导弹导弹导弹导弹导弹导弹导弹导弹导弹导弹", "answer": "导弹", "reading_system_answer": null}]}, {"text": "俄罗斯也在建设新型远程导弹", "qa_pairs": [{"question": "俄罗斯也在建设新型远程导弹的国家在建设新型远程导弹的国家在建设新型远程导弹的国", "answer": "远程导弹", "reading_system_answer": null}, {"question": "俄罗斯也在建设新型远程导弹的国家在建设新型远程导弹是哪个公司研制的", "answer": "俄罗斯", "reading_system_answer": null}]}, {"text": "计划两次潜射导弹试验", "qa_pairs": [{"question": "计划两次潜射导弹试验的潜射导弹试验中潜射导弹计验的导弹计划导弹计划导弹计验的导", "answer": "导弹", "reading_system_answer": null}, {"question": "计划两次潜射导弹试验的潜弹计验的导弹计验是什么", "answer": "计划两次", "reading_system_answer": null}]}, {"text": "其中一枚设计穿透美国的导弹防御系统", "qa_pairs": [{"question": "美国的导弹防御系统是什么", "answer": "系统", "reading_system_answer": null}, {"question": "美国的导弹防御系统的系统是什么", "answer": "导弹", "reading_system_answer": null}, {"question": "其中一枚设计穿透美国的导弹防御系统的防御系统是什么", "answer": "美国", "reading_system_answer": null}, {"question": "美国的导弹防御系统是什么", "answer": "一枚", "reading_system_answer": null}]}, {"text": "中国本周的导弹试射正值中国人民解放军副总参谋长蔡英挺中将和其他4名将军访问五角大楼", "qa_pairs": [{"question": "中国人民解放军副参谋长蔡英挺中将和其他4名将军访问五角大楼的国家的导弹试射正值", "answer": "导弹", "reading_system_answer": null}, {"question": "中国人民解放军副总参谋长蔡英挺中将和其他4名将军访问五角大楼的国家的导弹试射正", "answer": "4名将军", "reading_system_answer": null}, {"question": "中国人民解放军副总参谋长蔡英挺中将和其他4名将军访问五角大楼的国家和军访问五角", "answer": "五角大楼", "reading_system_answer": "中国本周的导弹试射"}, {"question": "中国人民解放军副总参谋长蔡英挺中将和其他4名将军访问五角大楼的国家的国家的国家", "answer": "中国", "reading_system_answer": "中国本周的导弹试射"}, {"question": "中国人民解放军副总参谋长蔡英挺中将和其他4名将军访问五角大楼的国家将用的哪种型", "answer": "总参谋长蔡英挺中将", "reading_system_answer": "导弹试射"}, {"question": "中国本周的导弹试射正值中国人民解放军副参谋长蔡英挺中将和其他4名将军访问五角大", "answer": "正值中国人民解放军", "reading_system_answer": null}]}, {"text": "没人知道蔡是否被美军高官问及导弹试射一事", "qa_pairs": [{"question": "没人知道蔡是否被美军高官问及导弹试射一事的国家被美军高官问及导弹试射一事是什么", "answer": "导弹", "reading_system_answer": null}, {"question": "没人知道蔡是否被美军高官问及导弹试射的一一事是什么", "answer": "一事", "reading_system_answer": null}, {"question": "人知及导弹试射一事是什么", "answer": "蔡", "reading_system_answer": null}, {"question": "没人知道蔡是否被美军高官问及导弹试射一事的国家被美军高官问及导弹试射一事是什么", "answer": "高官", "reading_system_answer": null}, {"question": "人官问及导弹试射一事道蔡是否被美军高官问及导弹试射的一艘导弹其试被美国的美国高", "answer": "人", "reading_system_answer": null}]}, {"text": "中国军事事务专家理查德-费舍尔(Richard Fisher)认为", "qa_pairs": [{"question": "中国军事事务专家理查德-费舍尔(rifisher)是什么", "answer": "Fisher", "reading_system_answer": null}, {"question": "中国军事事务专家理查德-费舍尔(rifsher)认为什么", "answer": "Richard", "reading_system_answer": null}, {"question": "中国军事事务专专专家理查德-费舍尔(ricsher)认为-认为rifisher", "answer": "中国军事事务专家理查德", "reading_system_answer": null}, {"question": "中国军事事务专家理查德-费舍尔(ricsher)认为riardfsherhar", "answer": "费舍尔", "reading_system_answer": null}]}, {"text": "最近的一次导弹试射意义重大", "qa_pairs": [{"question": "最近的一次导弹试射意义重大次义重是", "answer": "意义", "reading_system_answer": null}, {"question": "最近的一次导弹试射意义重大意义重是什么", "answer": "一次导弹", "reading_system_answer": null}]}, {"text": "“CSS-4(东风5A型)和东风5B型相同", "qa_pairs": [{"question": "“css-4(东风5a型)和东风5b型相同的是什么", "answer": "CSS", "reading_system_answer": null}, {"question": "“css-4(东风5b型相同的是什么型号", "answer": "A型", "reading_system_answer": "CSS-4(东风5A型)"}, {"question": "“css-4(东风5a型)和东风5b型相同的是哪一型号", "answer": "东风", "reading_system_answer": "CSS-4(东风5A型"}, {"question": "“css-4(东风5a型)和东风5b型相同的是什么型号", "answer": "B型", "reading_system_answer": "CSS-4(东风5A型"}]}, {"text": "都是东风系列的多弹头型”", "qa_pairs": [{"question": "东风系列的多弹头型”是什么", "answer": "东风系列", "reading_system_answer": null}, {"question": "东风系列的多弹头型”是什么", "answer": "多弹头", "reading_system_answer": null}]}, {"text": "“一个月时间内解放军试射了2枚多弹头陆基洲际导弹和1枚潜射弹道导弹”", "qa_pairs": [{"question": "“一个月时间内解放军试射了2枚多弹头陆基洲际导弹和1枚潜射弹道导弹”的国家其解", "answer": "1枚", "reading_system_answer": null}, {"question": "“一个月时间内解放军试射了2枚多弹头陆基洲际导弹和1枚潜射弹道导弹”的导弹和1", "answer": "弹道导弹", "reading_system_answer": null}, {"question": "“一个月时间内解放军试射了2枚潜射弹道导弹”的基本", "answer": "2枚多弹头陆基洲际导弹", "reading_system_answer": "多弹头陆基洲际导弹"}, {"question": "“一个月时间内解放头陆基洲际导弹和1枚潜射弹道导弹”的导弹导弹导弹导弹导弹导弹", "answer": "一个月时间内解放军", "reading_system_answer": "2枚"}]}, {"text": "至少是要告诉我们将有更多的核弹头指向美国", "qa_pairs": [{"question": "我国将有更多的核弹头是什么", "answer": "核弹头指向美国", "reading_system_answer": null}, {"question": "我国向美国向美国向美国向美国向美国向核弹头的国家将有更多的核弹头其弹头指向告诉", "answer": "多", "reading_system_answer": null}]}, {"text": "美国原子能科学家联合会主任汉斯-克里斯滕森(Hans M. Kristensen)认为CSS-4试射表明中国计划用固体燃料导弹替代陈旧的液体燃料导弹库", "qa_pairs": [{"question": "美国原子能科学家联合会主任汉斯-克里斯滕森(hansm.kris-4试射的国家", "answer": "Hans", "reading_system_answer": null}, {"question": "美国原子能科学家联合会主任汉斯-克里斯滕森(hanstes-4试射表明中国计划", "answer": "液体燃料导弹库", "reading_system_answer": null}, {"question": "美国原子能科学家联合会主任汉斯-克里斯滕森(hansm.kris-4试射表明中", "answer": "M.", "reading_system_answer": null}, {"question": "美国原子能科学家联合会主表明中国计划用固体燃料导弹库的国家射4试射表明中国计划", "answer": "中国计划", "reading_system_answer": "CSS-4"}, {"question": "csins4krin)4里斯滕森(hanse.4试射表明中国计划用固体燃料导弹", "answer": "导弹替代陈旧", "reading_system_answer": null}, {"question": "美国原子能科学家联合会主任汉斯-克里斯滕森(hansen的国家在a4的国家其斯", "answer": "Kristensen", "reading_system_answer": "CSS-4"}, {"question": "美国原子能科学家联合会主任汉斯-克里斯滕森(hansm.kris-4试射表示的", "answer": "CSS", "reading_system_answer": null}, {"question": "美国原子能固体燃料导弹替代陈旧的液体燃料导弹库的国家原因是", "answer": "美国原子能科学家联合会", "reading_system_answer": null}]}, {"text": "CSS-4是中国未来多弹头导弹的候选型号；美国情报机构已经关注中国的多弹头发展近10年", "qa_pairs": [{"question": "css-4是中国未来多弹头导弹的候选型号的国家其多弹头发展近10年是", "answer": "型号", "reading_system_answer": null}, {"question": "css-4是中国未来多弹头导弹的候选型号；美国情报机构已经关注中国的多弹头发展", "answer": "10年", "reading_system_answer": "CSS-4是中国未来多弹头导弹的候选型号；美国情报机构已经关注中国的多弹头发展"}, {"question": "css-4是中国未来多弹头导弹的候选型号是中国的多弹头发展近10年的国家其情报", "answer": "4", "reading_system_answer": null}, {"question": "css-4是中国未来多弹头导弹的候选型号；美国情报机构已经关注中国的多弹头发展", "answer": "多弹头导弹", "reading_system_answer": "CSS-4是中国未来多弹头导弹的候选型号；美国情报机构已经关注中国的多弹头发展"}, {"question": "css-4的弹头导弹的候选型号；美国情报机构已经关注中国的多弹头发展近10年是", "answer": "多弹头", "reading_system_answer": null}, {"question": "css-4的国家未来多弹头导弹的候选型号是", "answer": "中国", "reading_system_answer": "CSS-4"}, {"question": "css-4是中国未来多弹头导弹的候选型号；美国情报机构是什么", "answer": "美国情报机构", "reading_system_answer": null}, {"question": "中国未来多弹头导弹的候选型号是中国的多弹头发展近10年", "answer": "CSS", "reading_system_answer": "CSS-4"}]}, {"text": "如果中国愿意", "qa_pairs": [{"question": "如果中国愿意愿意中国愿意中国愿果中国愿果中国愿果如何", "answer": "中国", "reading_system_answer": null}]}, {"text": "CSS-4就是多弹头的运载工具", "qa_pairs": [{"question": "css-4就是多弹头的运载工具是什么", "answer": "CSS", "reading_system_answer": null}, {"question": "css-4就是多弹头的运载工具是什么", "answer": "多弹头", "reading_system_answer": null}]}, {"text": "中国公路机动式“东风-31”和“东风-31A”洲际弹道导弹的发展", "qa_pairs": [{"question": "中国公路机动式“东风-31”洲际弹道导弹的发展是什么", "answer": "31A", "reading_system_answer": null}, {"question": "中国公路机动式“东风-31”和“东风-31a”洲际弹道导弹的发展是什么", "answer": "中国公路机动", "reading_system_answer": null}, {"question": "中31a”洲际弹道导弹的发展是什么", "answer": "弹道导弹", "reading_system_answer": null}, {"question": "中国公路机动式“东风-31”洲际弹道导弹的发展是什么", "answer": "31", "reading_system_answer": null}, {"question": "中31”洲际弹道导弹的发展是什么", "answer": "东风", "reading_system_answer": "东风-31A"}]}, {"text": "可能刺激中国产生多弹头导弹的需求", "qa_pairs": [{"question": "可能刺激中国产生多弹头导弹的需求中国产生多弹头导弹的需求中国产生多弹头导弹的需", "answer": "中国产生多弹头导弹", "reading_system_answer": null}]}, {"text": "同样", "qa_pairs": [{"question": "同样的同样数同同样的同任同任样的态度是什么", "answer": "", "reading_system_answer": null}]}, {"text": "生产穿透目标的诱饵弹头也会水到渠成", "qa_pairs": [{"question": "生产穿透目标的诱饵弹头也会水到渠成的诱饵弹头也会水到渠成的目的是什么", "answer": "目标", "reading_system_answer": null}, {"question": "生产穿透目标的诱饵弹头也会水到渠成的诱饵弹头是什么", "answer": "诱饵弹头", "reading_system_answer": null}]}]}