{"passage": "众所周知，日本在二战之后丧失了不少的主权，同韩国一样成为被美国控制的棋子，在国际事务的处理中都不得不与美国保持相同的步伐，也正因为如此，日本不得不硬着头皮与俄作对，牺牲自身利益主动适应美国的全球战略。   因而，随着近年来远东地区军事力量发生巨大变化，美国也默默支持盟友在军事上的崛起，从而保持地区的平衡，不仅带着日自卫队在全球范围内执行任务，还决定向其出售一百架左右的F-35战斗机，使日本迎来了二战以来最佳的军力增长机遇。  但是，当今日本右势力仍有很大力量，也就致使其扩张野心仍未消泯，趁着美国对自己的依赖，更大幅度地增强军事力量，进而决意建立属于自身的空天地理定位系统。据日本媒体报道，他们将会在2023年之前发射七颗卫星，组建导航系统。   而且，日方称之所以会有这一计划，是因为美国的GPS系统存在缺陷，精度不够高，而日方由于只需在本国及周边部分地区使用定位系统，所以在性能上可以更加优越，从其科技水平上来看，这的确不是胡乱吹牛，而是有很大可能的。  据悉，该卫星系统被命名为“准天顶”，目前已经发射四枚卫星，精度已经达到亚厘米级别，暂时作为GPS的辅助系统而存在，但到了2023年，将会独立出来，自成一派，如果未来需要，还可能继续扩建成为全球卫星导航系统。   无疑，作为“狱守”的美国选择放松缰绳，而日本有着浑厚的科学基础，其后续的军事实力不容小觑，很可能会超过欧洲任何单独一个国家，成为二十一世纪的一极，不只是说说而已。", "sentences": [{"text": "众所周知", "qa_pairs": [{"question": "众所周知众所周知众所周知众所知周知周所知周所知周所知周所知周所知周所知周所知周", "answer": "", "reading_system_answer": null}]}, {"text": "日本在二战之后丧失了不少的主权", "qa_pairs": [{"question": "日日日日本本在二战之后丧失了不少的主权是什么", "answer": "日本", "reading_system_answer": null}, {"question": "日本在二战之后丧失了不少的主权是什么", "answer": "主权", "reading_system_answer": null}]}, {"text": "同韩国一样成为被美国控制的棋子", "qa_pairs": [{"question": "同韩国一样成为被美国控制的棋子是什么", "answer": "韩国", "reading_system_answer": null}, {"question": "韩国一样成为被美国控制的棋子是什么", "answer": "棋子", "reading_system_answer": null}, {"question": "韩国一样成为被韩国控制的棋子是什么", "answer": "美国", "reading_system_answer": null}]}, {"text": "在国际事务的处理中都不得不与美国保持相同的步伐", "qa_pairs": [{"question": "在国际事务的处理中都不得不与美国保持相同的步伐的步伐是什么", "answer": "步伐", "reading_system_answer": null}, {"question": "在国际事务的处理中都不得不与美国保持相同的步伐的国家在在国际事务的处理中都不得", "answer": "美国", "reading_system_answer": null}, {"question": "在国际事务的处理中都不得不与美国保持相同的步伐是什么", "answer": "国际事务", "reading_system_answer": null}]}, {"text": "也正因为如此", "qa_pairs": [{"question": "正因为如此有什么正因为如此", "answer": "", "reading_system_answer": null}]}, {"text": "日本不得不硬着头皮与俄作对", "qa_pairs": [{"question": "日日日俄作对俄作对俄作对俄罗斯政府与俄罗斯附立国家与俄罗斯附立国家与俄罗斯附立", "answer": "日本", "reading_system_answer": null}, {"question": "日本不得不硬着头皮与俄作对俄作对俄皮作为何处与俄罗诺作得得硬着头皮对不得硬着头", "answer": "俄", "reading_system_answer": null}]}, {"text": "牺牲自身利益主动适应美国的全球战略", "qa_pairs": [{"question": "牺牲自身利益主动适应美国的全球战略是什么", "answer": "利益", "reading_system_answer": null}, {"question": "牺牲自身利益主动适应美国的全球战略是什么", "answer": "美国", "reading_system_answer": null}, {"question": "牺牲自身利益主动适应美国的全球战略适应美国的全球战略是什么", "answer": "全球战略", "reading_system_answer": null}]}, {"text": "因而", "qa_pairs": [{"question": "因为因而因因因因因因因因因因因因因因因因因因因因因因因因因因因因因因而因因而因", "answer": "", "reading_system_answer": null}]}, {"text": "随着近年来远东地区军事力量发生巨大变化", "qa_pairs": [{"question": "东地区军事力量发生巨大变化的东地区军事力量发生巨大变化是什么", "answer": "远东地区军事力量", "reading_system_answer": null}]}, {"text": "美国也默默支持盟友在军事上的崛起", "qa_pairs": [{"question": "美国也默默支持盟友在军事上的崛起的支持盟友在军事上的崛起是什么", "answer": "盟友", "reading_system_answer": null}, {"question": "美国默默支持盟友在军事上的崛起的支持盟友在军事上的崛起是什么", "answer": "军事", "reading_system_answer": null}, {"question": "美国默默支持盟友在军事上的崛起的国家在军事上的崛起的支持盟友在军事上的崛默支持", "answer": "美国", "reading_system_answer": null}]}, {"text": "从而保持地区的平衡", "qa_pairs": [{"question": "从而保持地区的平衡是什么", "answer": "地区", "reading_system_answer": null}]}, {"text": "不仅带着日自卫队在全球范围内执行任务", "qa_pairs": [{"question": "自卫队围内执行自全球范队围内执行的任卫中球范队围内在执行中球范队全务的任卫中国", "answer": "任务", "reading_system_answer": "自卫队"}, {"question": "自带着日自卫队在全球范围内执行任务的国家自务的全球范围内执行任务是什么", "answer": "日自卫队", "reading_system_answer": null}, {"question": "不仅带着日自卫队在全球范围内执行任务的原因是什么", "answer": "全球范围内", "reading_system_answer": null}]}, {"text": "还决定向其出售一百架左右的F-35战斗机", "qa_pairs": [{"question": "决定向其出售一百架左右的f-35战斗机是哪个", "answer": "F", "reading_system_answer": null}, {"question": "f-35战斗机是哪一款", "answer": "一百架左右", "reading_system_answer": null}, {"question": "f-的是什么", "answer": "35战斗机", "reading_system_answer": "F-35"}]}, {"text": "使日本迎来了二战以来最佳的军力增长机遇", "qa_pairs": [{"question": "二战以来最佳的军力增长机遇的国家迎来了二战以来最佳的军力增长机遇的国家迎来了二", "answer": "日本", "reading_system_answer": "使日本"}, {"question": "二战以来最佳的军力增长机遇的国家迎来了二战以来最佳的军力增长机遇的国家迎来了二", "answer": "军力", "reading_system_answer": "使日本"}, {"question": "二战以来最佳的军力增长机遇划长是什么", "answer": "机遇", "reading_system_answer": null}]}, {"text": "但是", "qa_pairs": [{"question": "但是是是但但但但但但但但但但但但但但但但但但但但但但但但但但但但但但但但但但但", "answer": "", "reading_system_answer": null}]}, {"text": "当今日本右势力仍有很大力量", "qa_pairs": [{"question": "当今日本右势力仍有很大力量的优点是什么", "answer": "势力", "reading_system_answer": null}, {"question": "当今日本右力量的大力量是什么", "answer": "日本", "reading_system_answer": null}, {"question": "当今日本右势力仍有很大力量的优点是什么", "answer": "力量", "reading_system_answer": null}]}, {"text": "也就致使其扩张野心仍未消泯", "qa_pairs": [{"question": "扩张野心仍未消泯的野心是什么", "answer": "野心", "reading_system_answer": null}]}, {"text": "趁着美国对自己的依赖", "qa_pairs": [{"question": "趁着美国对自己的依赖的美国对自己的依赖的美国对美国对美国依赖趁依赖的美国着美国", "answer": "美国", "reading_system_answer": null}]}, {"text": "更大幅度地增强军事力量", "qa_pairs": [{"question": "更大幅度地增强军事力量的是什么", "answer": "军事力量", "reading_system_answer": null}]}, {"text": "进而决意建立属于自身的空天地理定位系统", "qa_pairs": [{"question": "进而决意建立属于自身的空天地理定位系统的理定位系统是什么", "answer": "空天地理", "reading_system_answer": null}]}, {"text": "据日本媒体报道", "qa_pairs": [{"question": "日日本本媒体道报道报体道报体道报体道媒体道日本本媒报日本媒道报日本媒道报日本媒", "answer": "日本媒体报道", "reading_system_answer": null}]}, {"text": "他们将会在2023年之前发射七颗卫星", "qa_pairs": [{"question": "发射七颗卫星是哪一年之前发射七颗卫星", "answer": "2023年", "reading_system_answer": "2023年"}, {"question": "在2023年之前发射的七颗卫星是什么", "answer": "七颗卫星", "reading_system_answer": null}]}, {"text": "组建导航系统", "qa_pairs": [{"question": "组建导航系统组建导航系统系统航航系统系组建导航航组航组航组航导弹系航组航导弹组", "answer": "导航系统", "reading_system_answer": null}]}, {"text": "而且", "qa_pairs": [{"question": "且且而而而而而而而而而而而而而而而而而而而而而而而而而而而而而而且且且且且且且", "answer": "", "reading_system_answer": null}]}, {"text": "日方称之所以会有这一计划", "qa_pairs": [{"question": "日日以会有这一计划的方方称之所以会有这一计划的一艘日之所以会划的一款一运有什么", "answer": "日方", "reading_system_answer": null}, {"question": "日方称之所以会有这一计划的这一计划中中方称之所以会有这一计划的计所以会划是什么", "answer": "一计划", "reading_system_answer": null}]}, {"text": "是因为美国的GPS系统存在缺陷", "qa_pairs": [{"question": "gps系统存在缺陷", "answer": "GPS系统", "reading_system_answer": null}, {"question": "gps系统存在缺陷的国家的gps系统存在缺陷是什么", "answer": "美国", "reading_system_answer": null}]}, {"text": "精度不够高", "qa_pairs": [{"question": "精度不够高的精度不够高是什么", "answer": "精度", "reading_system_answer": null}]}, {"text": "而日方由于只需在本国及周边部分地区使用定位系统", "qa_pairs": [{"question": "日本方使用定需在只需在只需在只位系统的国家由于只位系统的国家由于只位部分地区使", "answer": "日方", "reading_system_answer": null}, {"question": "日方在本国及周边部分地区使用定位系统的国家在本国及周边部分地区使用定位系统的国", "answer": "部分地区", "reading_system_answer": null}]}, {"text": "所以在性能上可以更加优越", "qa_pairs": [{"question": "以在性能上可以更加优越的性优越是什么", "answer": "性能", "reading_system_answer": null}]}, {"text": "从其科技水平上来看", "qa_pairs": [{"question": "从其科技水平上来看的技水平上来看的什么技水平上来看技水平来看其其科科科科科科科", "answer": "科技水平", "reading_system_answer": null}]}, {"text": "这的确不是胡乱吹牛", "qa_pairs": [{"question": "胡乱吹牛的原因是什么", "answer": "胡乱吹牛", "reading_system_answer": null}]}, {"text": "而是有很大可能的", "qa_pairs": [{"question": "大可能的大可能的是有很大可能的是有很大可能的是有很大可能的是有很大可能的可很大", "answer": "", "reading_system_answer": null}]}, {"text": "据悉", "qa_pairs": [{"question": "悉近悉据悉悉悉悉悉悉悉据据据据据据据据据据据据据据据据悉悉悉悉悉悉悉悉悉悉悉悉", "answer": "", "reading_system_answer": null}]}, {"text": "该卫星系统被命名为“准天顶”", "qa_pairs": [{"question": "“准天顶”的顶星系统为“准天顶”的顶星是什么", "answer": "天顶", "reading_system_answer": null}, {"question": "“准天顶”系统被命名为“准天顶”的系统是什么", "answer": "命名", "reading_system_answer": "该卫星系统"}, {"question": "被命名为“准天顶”的卫星系统是“准天顶”的卫星系统是被命名为“准天顶”的卫星系", "answer": "卫星系统", "reading_system_answer": null}]}, {"text": "目前已经发射四枚卫星", "qa_pairs": [{"question": "目前已经发射四枚卫星是哪一个", "answer": "四枚卫星", "reading_system_answer": null}]}, {"text": "精度已经达到亚厘米级别", "qa_pairs": [{"question": "精度已经达到亚厘米级别的亚厘已经达到亚厘米级别的亚国精度已经达到亚厘米级别的亚", "answer": "厘米级别", "reading_system_answer": null}, {"question": "精度已经达到亚厘米级别的精到亚厘米级别是什么", "answer": "精度", "reading_system_answer": null}]}, {"text": "暂时作为GPS的辅助系统而存在", "qa_pairs": [{"question": "gps的辅助系统是什么", "answer": "系统", "reading_system_answer": null}, {"question": "gps的辅助系统是什么", "answer": "GPS", "reading_system_answer": null}]}, {"text": "但到了2023年", "qa_pairs": [{"question": "2月很了2023年", "answer": "2023年", "reading_system_answer": null}]}, {"text": "将会独立出来", "qa_pairs": [{"question": "将会独立出来的会来出独立出来的会独立将出立会立将独将独将独将独将独会立会立出立", "answer": "", "reading_system_answer": null}]}, {"text": "自成一派", "qa_pairs": [{"question": "自成一派是自成一派是什么", "answer": "一派", "reading_system_answer": null}]}, {"text": "如果未来需要", "qa_pairs": [{"question": "如果未来需要要要要要来果未来需要未来未来未来未需要未来未需要如未果要需要如未来", "answer": "", "reading_system_answer": null}]}, {"text": "还可能继续扩建成为全球卫星导航系统", "qa_pairs": [{"question": "全球卫星导航系统是什么", "answer": "导航系统", "reading_system_answer": null}]}, {"text": "无疑", "qa_pairs": [{"question": "无疑疑疑疑疑疑无无无无无无无无无无无无无无无无无无无疑的好处是什么", "answer": "", "reading_system_answer": null}]}, {"text": "作为“狱守”的美国选择放松缰绳", "qa_pairs": [{"question": "“狱守”的美国选择放松缰绳是什么", "answer": "美国", "reading_system_answer": null}, {"question": "“狱守”的美国选择放松缰绳是什么", "answer": "缰绳", "reading_system_answer": null}]}, {"text": "而日本有着浑厚的科学基础", "qa_pairs": [{"question": "日本本有着浑厚的科学基础的国家有什么基本", "answer": "日本", "reading_system_answer": null}, {"question": "日本有着浑厚的科学基础是什么", "answer": "科学基础", "reading_system_answer": null}]}, {"text": "其后续的军事实力不容小觑", "qa_pairs": [{"question": "其后续的军事实力不容小觑是什么", "answer": "军事实力不容", "reading_system_answer": null}]}, {"text": "很可能会超过欧洲任何单独一个国家", "qa_pairs": [{"question": "欧洲任何单独一个国家任可能会超过欧洲任何单独一个国家很可能会超过欧洲任何单独一", "answer": "欧洲", "reading_system_answer": null}, {"question": "欧洲任何单独一个国家任何单过欧洲任何单独", "answer": "一个国家", "reading_system_answer": null}]}, {"text": "成为二十一世纪的一极", "qa_pairs": [{"question": "二十一世纪的一极是", "answer": "二十一世纪", "reading_system_answer": null}]}, {"text": "不只是说说而已", "qa_pairs": [{"question": "不只是说说而已说已说为不只是说说不只是已说不只是已说不只是已说的说闯行的已已说", "answer": "", "reading_system_answer": null}]}]}