{"passage": "根据俄罗斯媒体报道，俄罗斯最新的“伊万·格林”号两栖攻击舰将在2017年12月31日或2018年1月1日披上俄罗斯海军圣安德鲁斯旗，正式加入俄罗斯海军服役。  　　“伊万·格伦”是俄罗斯11711型大型登陆舰首舰，该舰是在上世纪50年代设计的1171型登陆舰（北约代号“鳄鱼”级）基础上进行全面重新设计而来的。排水量6600吨，采用两台DRRA-3700柴油发动机，单台功率3700千瓦，最高航速18节，在16节经济航速下航程3500海里，自持力30天。从排水量上看，这是俄罗斯近年来服役的最大的一艘水面舰艇。   试航中的伊万·格伦号两栖登陆舰  　　该舰计划取代上世纪70年代起服役至今的“蟾蜍”级（775型）登陆舰，设计上除了保留抢滩登陆能力，加强了港口装卸物资的能力。该舰舰员100人，可搭载300名登陆兵和13辆主战坦克，或40辆BTR装甲车。舰艉装有直升机起降平台和机库，可携带一到两架架卡-29突击直升机，具有一定的垂直登陆能力。  　　武器方面，该舰上装有一座AK-630-2型近防炮，该炮特色是并列两门30毫米转管炮，射速达到10000发/分，此外舰上还装有两座较老式的AK-630近防炮和2座14.5毫米KPV高射机枪。   俄罗斯海军陆战队BTR装甲车驶向登陆舰  　　首舰“伊万·格伦”号于2004年开工，2012年下水，经过5年的测试终于在2017年年末即将服役。次舰“彼得·莫格诺夫”号于2015年开工，原定今年内下水，但是由于建造拖延目前下水时间未定。  　　俄罗斯海军目前装备了二十几艘中小型登陆舰，大部分是苏联留下的遗产如775型登陆舰（如北约代号“蟾蜍级”）和1171型（北约代号“鳄鱼”级）登陆舰。   俄罗斯海军陆战队继承于前苏联海军陆战队，佩戴黑色贝雷帽  　　在1171型建造之初，俄罗斯就从法国购买了两艘“西北风”（Mistral）级两栖攻击舰，不过由于俄罗斯介入克里米亚战争和乌克兰内战，而遭到西方的制裁，法国拒绝按照合同向俄罗斯每年交付两艘“西北风”（Mistral）级两栖攻击舰，转而将这些战舰卖给了埃及。自那时起，俄罗斯海军造舰项目主管就公布了建造西北风级的替代舰“雪崩”（Avalanche）级两栖攻击舰的计划，并宣布该舰将于2020年后加入现役。根据此决策，俄罗斯海军排水量为6000吨的“伊万格伦”（Ivan Gren）级登陆舰建造项目可能会在首两艘舰完成后终止。  　　不过近年来俄罗斯经济虽曾有所起色，但面对西方制裁和通货膨胀等因素，俄罗斯海军舰艇建造速度逐步放缓。俄罗斯海军水面战斗舰项目更多的是建造一些近海的多任务战斗舰通过装配现代指挥和探测技术和新型武器。这些作战能力相当强的小型战舰，有望于未来几年时间内加入俄罗斯海军旗下所有舰队服役。由于装配了标准化的巡航导弹模块，这些小型护卫舰将具备一定打击实力，作战能力超越了北约组织的很多舰艇。   前苏联解体后，伊万·格伦就是俄罗斯自主建造的第一艘大型船只  　　俄罗斯目前的新型水面舰艇的开发工作逐步的在放缓，这是由于最近俄罗斯在叙利亚的军事投入过大军费不可避免的向叙利亚倾斜，俄罗斯海军的更新计划就被排到了后面。目前俄罗斯海军现役的主要装备依然是前苏联时期继承下来的苏联海军遗产。目前俄罗斯海军一方面要加紧建设新船，另一方面俄罗斯海军军费大部分都投入了对老舰的升级维护上，毕竟他们有些已经服役了30+年以上了。  　　期待伊万·格伦”正式服役的那一天，也期待俄罗斯海军重振旗鼓更多的投入到大洋之中。", "sentences": [{"text": "根据俄罗斯媒体报道", "qa_pairs": [{"question": "根据俄罗斯媒体报道的是哪些报道", "answer": "俄罗斯媒体报道", "reading_system_answer": null}]}, {"text": "俄罗斯最新的“伊万·格林”号两栖攻击舰将在2017年12月31日或2018年1月1日披上俄罗斯海军圣安德鲁斯旗", "qa_pairs": [{"question": "俄罗斯海军圣安德鲁斯旗的两号两栖攻击舰是哪个公司研制的", "answer": "俄罗斯", "reading_system_answer": null}, {"question": "俄罗斯海军圣安德鲁斯旗的两号两栖攻击舰将在哪一年开始披上披日披上俄罗斯海军圣安", "answer": "2017年12月31日", "reading_system_answer": "2017年12月31日或2018年1月1日"}, {"question": "俄罗斯海军圣安德鲁斯旗的两号两栖攻击舰将在2017年1月1日披上俄罗斯海军圣安", "answer": "格林", "reading_system_answer": null}, {"question": "俄罗斯海军圣安德鲁斯旗的两号两栖攻击舰将在哪一年开始披上披日披上披日俄罗斯海军", "answer": "2018年1月1日", "reading_system_answer": "2017年12月31日或2018年1月1日"}, {"question": "俄罗斯海军圣安德鲁斯旗的两栖攻击舰将在2017年1月1日披上俄罗斯海军圣安德鲁", "answer": "号", "reading_system_answer": null}, {"question": "俄罗斯最新的“伊万·格林”号两栖攻击舰将在2017年1月1日披上俄罗斯海军圣安", "answer": "俄罗斯海军", "reading_system_answer": null}, {"question": "俄罗斯最新的“伊万·格林”号两栖攻击舰将在2017年1月1日披上俄罗斯海军圣安", "answer": "安德鲁斯旗", "reading_system_answer": null}]}, {"text": "正式加入俄罗斯海军服役", "qa_pairs": [{"question": "正式加入俄罗斯海军服役的海军服役是什么", "answer": "俄罗斯海军服役", "reading_system_answer": null}]}, {"text": "“伊万·格伦”是俄罗斯11711型大型登陆舰首舰", "qa_pairs": [{"question": "“伊万·格伦”是俄罗斯11711型大型登陆舰的国家“11型大型登陆舰是哪个型号", "answer": "格伦", "reading_system_answer": "伊万·格伦”是俄罗斯11711型"}, {"question": "“伊万·格伦”是俄罗斯11711型大型登陆舰的国家在“11型大型登陆舰的国家是", "answer": "登陆舰首舰", "reading_system_answer": null}, {"question": "“伊万·格伦”是俄罗斯11711大型登陆舰的国家”1型大型登陆舰是哪一型号", "answer": "俄罗斯11711", "reading_system_answer": "11711型"}]}, {"text": "该舰是在上世纪50年代设计的1171型登陆舰（北约代号“鳄鱼”级）基础上进行全面重新设计而来的", "qa_pairs": [{"question": "（1型登陆舰的所属国在上世纪50鱼”级）1型登陆舰的国家在上世纪50鱼”级）1", "answer": "世纪50", "reading_system_answer": "1171型登陆舰"}, {"question": "上号1型登陆舰的基础上进行全面设计而来的是什么", "answer": "全面", "reading_system_answer": "该舰是在上世纪50年代设计的1171型登陆舰"}, {"question": "在鳄鱼”级）1型登陆舰的基础上进行全面重新设计而来的是什么", "answer": "基础", "reading_system_answer": "该舰是在上世纪50年代设计的1171型登陆舰"}, {"question": "在舰71型登陆舰的所属国在上世纪50年代设计的1171型登陆舰的国家在上世纪5", "answer": "1171", "reading_system_answer": null}, {"question": "（鳄鱼”级型登陆舰的所属国在上世纪50年代设计的1171型登陆舰的国家是在上世", "answer": "级", "reading_system_answer": null}, {"question": "在鳄鱼”级）1型登陆舰的所属国在上世纪50年代设计的1171型登陆舰的国家在上", "answer": "北约代号", "reading_system_answer": null}, {"question": "（北约代号“鳄鱼”级）1型登陆舰（北约代号“鳄鱼”级）基础上进行全面重新设计而", "answer": "登陆舰", "reading_system_answer": "1171型登陆舰"}, {"question": "在舰71型登陆舰的所属国在上世纪50年代设计的1171型登陆舰的国家在上世纪5", "answer": "鳄鱼", "reading_system_answer": null}]}, {"text": "排水量6600吨", "qa_pairs": [{"question": "排水量66000000000666吨的性性性是什么", "answer": "排水量6600吨", "reading_system_answer": null}]}, {"text": "采用两台DRRA-3700柴油发动机", "qa_pairs": [{"question": "drra-3700柴油发动机是什么", "answer": "两台DRRA", "reading_system_answer": null}, {"question": "采用两台drra-30油发动机的原因是什么", "answer": "3700柴油发动机", "reading_system_answer": null}]}, {"text": "单台功率3700千瓦", "qa_pairs": [{"question": "3台功率3700千瓦瓦瓦的原因是什么", "answer": "单台功率3700千瓦", "reading_system_answer": null}]}, {"text": "最高航速18节", "qa_pairs": [{"question": "最高航速18节的航速是多少", "answer": "航速18", "reading_system_answer": null}]}, {"text": "在16节经济航速下航程3500海里", "qa_pairs": [{"question": "在16节经济航速下航程3500海里的国家在16节经济航速下航程3500海里的国", "answer": "经济航速", "reading_system_answer": null}, {"question": "在16节经济航速下航程3500海里的国家在16节经济航速下航程3500海里的国", "answer": "航程3500", "reading_system_answer": null}, {"question": "在16节经济航速下航程3500海里的国家在16节经济航速下航程3500海里的国", "answer": "16", "reading_system_answer": null}]}, {"text": "自持力30天", "qa_pairs": [{"question": "自持力30天持力330天力自持力30天力自持为什么", "answer": "力30天", "reading_system_answer": null}]}, {"text": "从排水量上看", "qa_pairs": [{"question": "从排水量上看的排水量上看中国的排水量上看上看的排水量排水量排水量是什么", "answer": "排水量", "reading_system_answer": null}]}, {"text": "这是俄罗斯近年来服役的最大的一艘水面舰艇", "qa_pairs": [{"question": "俄罗斯近年来服役的最大的一艘水面舰艇是什么", "answer": "服役", "reading_system_answer": null}, {"question": "俄罗斯近年来服役的最大的一艘水面舰艇是什么", "answer": "一艘水面舰艇", "reading_system_answer": null}, {"question": "俄罗斯近年来服役的最大的一艘水面舰艇是哪个", "answer": "俄罗斯", "reading_system_answer": null}]}, {"text": "试航中的伊万·格伦号两栖登陆舰  　　该舰计划取代上世纪70年代起服役至今的“蟾蜍”级（775型）登陆舰", "qa_pairs": [{"question": "世75型）级（775型）登陆舰的所属国在“0栖登陆舰的国家取77代蜍”级（7两", "answer": "服役", "reading_system_answer": "蟾蜍”级"}, {"question": "伊75型）级（级（级陆舰的两栖登陆舰是哪个型号", "answer": "级", "reading_system_answer": "775型"}, {"question": "伊75型）775型）级（7两栖登陆舰的两栖登陆舰是哪个", "answer": "蟾蜍", "reading_system_answer": "伊万·格伦号两栖登陆舰"}, {"question": "试75型）775型陆舰的所属国在伊0栖登陆舰的国家航70栖登陆舰的国家航70栖", "answer": "登陆舰", "reading_system_answer": null}, {"question": "伊0伦级（77型）登陆舰的所属国的两栖登陆舰是哪个", "answer": "世纪70", "reading_system_answer": "伊万·格伦号两栖登陆舰"}, {"question": "世75型）登陆舰的两栖登陆舰是哪艘", "answer": "格伦号", "reading_system_answer": "伊万·格伦号两栖登陆舰"}, {"question": "伊75型）登陆舰的所属国在伊75型）级（775型）级（7两栖登陆舰的国家航70", "answer": "舰计划", "reading_system_answer": "伊万·格伦号两栖登陆舰  　　该舰计划取代上世纪70年代起服役至今的“蟾蜍”级"}, {"question": "伊775型）登陆舰的所属国的伊77号两栖登陆舰的登型（77型）775型伦级（级", "answer": "775", "reading_system_answer": "（"}]}, {"text": "设计上除了保留抢滩登陆能力", "qa_pairs": [{"question": "设计上除了保留抢滩登陆能力的原因是什么", "answer": "抢滩", "reading_system_answer": null}, {"question": "设计上除了保留抢滩登陆能力的保留力滩登陆能力的能计力是什么", "answer": "能力", "reading_system_answer": null}]}, {"text": "加强了港口装卸物资的能力", "qa_pairs": [{"question": "加强了港口装卸物资的能力是什么", "answer": "港口", "reading_system_answer": null}, {"question": "加强了港口装卸物资的能力是什么", "answer": "物资", "reading_system_answer": null}, {"question": "加强了港口装卸物资的能力是什么", "answer": "能力", "reading_system_answer": null}]}, {"text": "该舰舰员100人", "qa_pairs": [{"question": "0000人员员员是什么", "answer": "舰员100人", "reading_system_answer": null}]}, {"text": "可搭载300名登陆兵和13辆主战坦克", "qa_pairs": [{"question": "300名登陆兵和13辆主战坦克的主战坦克是哪一种", "answer": "13辆", "reading_system_answer": null}, {"question": "300名登陆兵和13辆主战坦克的主战坦克是哪一种", "answer": "300名", "reading_system_answer": null}, {"question": "300名登陆兵和13辆主战坦克是哪个", "answer": "坦克", "reading_system_answer": null}, {"question": "330名登陆兵和13辆主战坦克的主要坦战坦克是哪一型号", "answer": "兵", "reading_system_answer": null}]}, {"text": "或40辆BTR装甲车", "qa_pairs": [{"question": "btr装甲车是什么", "answer": "40辆BTR装甲车", "reading_system_answer": "40辆"}]}, {"text": "舰艉装有直升机起降平台和机库", "qa_pairs": [{"question": "舰艉装有直升机起降平台和机库的直升机起降平台和机库的直升机起降平台和机库的直升", "answer": "直升机", "reading_system_answer": null}, {"question": "舰艉装有直升机起降平台和机库的直升机起降平台和机库的机艉装有直升机起降平台和机", "answer": "平台", "reading_system_answer": null}, {"question": "舰艉装有直升机起降平台和机库的直升机起降平台和机库的直升机起降平台和机库的直升", "answer": "机库", "reading_system_answer": null}]}, {"text": "可携带一到两架架卡-29突击直升机", "qa_pairs": [{"question": "带带卡-29突击直升机的所属国在一架架卡-29突击直升机的国家其两架架卡-29", "answer": "一", "reading_system_answer": null}, {"question": "可携带一到两架架9突击直升机的国家携带的两架突击直升机是哪一架", "answer": "两架架卡", "reading_system_answer": "可携带一到两架"}, {"question": "可携带一到两架架卡-29突击直升机的国家携带一到两架架卡-29突击直升机是哪一", "answer": "直升机", "reading_system_answer": null}, {"question": "可携带一到两架架卡-29突击直升机的国家携带一到两架架卡-29突击直升机的国家", "answer": "29", "reading_system_answer": null}]}, {"text": "具有一定的垂直登陆能力", "qa_pairs": [{"question": "具有一定的垂直登陆能力的直升机能能能登陆定力的能力有什么能能直响", "answer": "能力", "reading_system_answer": null}]}, {"text": "武器方面", "qa_pairs": [{"question": "武器方面面武器方面武器方面武器武器是什么", "answer": "武器方面", "reading_system_answer": null}]}, {"text": "该舰上装有一座AK-630-2型近防炮", "qa_pairs": [{"question": "ak-630-2型近防炮的国家在60-2型近防炮的国家在63上装备的ak-6型", "answer": "630", "reading_system_answer": null}, {"question": "装舰型0-2型近防炮是哪一个", "answer": "一座AK", "reading_system_answer": "AK-630-2型"}, {"question": "ak-630-2型近防炮的防炮是哪个", "answer": "2", "reading_system_answer": null}]}, {"text": "该炮特色是并列两门30毫米转管炮", "qa_pairs": [{"question": "并列两门30毫米转管炮的炮特色是哪个", "answer": "炮特色", "reading_system_answer": null}, {"question": "并列炮门30毫米转管炮的转管炮是哪一款", "answer": "两门30毫米", "reading_system_answer": "该炮特色是"}, {"question": "该炮特色是并列两门30毫米转管炮的国家在30门30毫米转管炮的国家是哪个", "answer": "管炮", "reading_system_answer": null}]}, {"text": "射速达到10000发/分", "qa_pairs": [{"question": "射速达到10000发/分为什么", "answer": "射速", "reading_system_answer": null}, {"question": "射速达到100000发/分是什么", "answer": "10000", "reading_system_answer": null}]}, {"text": "此外舰上还装有两座较老式的AK-630近防炮和2座14.5毫米KPV高射机枪", "qa_pairs": [{"question": "ak-630近防炮和2座14.5毫米kpv高射机枪的国家在ak-630近防炮和", "answer": "2座14.5毫米KPV", "reading_system_answer": null}, {"question": "ak-630近防炮和2座14.5毫米kpv高射机枪的国家在ak-630近防炮的", "answer": "老式", "reading_system_answer": null}, {"question": ".50近防炮和2座14.5毫米kpv高射机枪的国家在630近防炮和2座较老式的", "answer": "两座", "reading_system_answer": null}, {"question": ".60近防炮和2座14.5毫米kpv高射机枪的国家在6座较老式的ak-630近", "answer": "630", "reading_system_answer": null}, {"question": "ak-630近防炮和2座14.5毫米kpv高射机枪的国家在ak-630近防炮和", "answer": "机枪", "reading_system_answer": null}, {"question": "ak-630近防炮和2座14.5毫米kpv高射机枪的国家在ak-630近老式的", "answer": "AK", "reading_system_answer": null}]}, {"text": "俄罗斯海军陆战队BTR装甲车驶向登陆舰  　　首舰“伊万·格伦”号于2004年开工", "qa_pairs": [{"question": "俄罗斯海军陆战队btr装甲车驶向登陆舰首舰的国家在2004年开工的国家在200", "answer": "格伦", "reading_system_answer": "伊万·格伦”号"}, {"question": "俄号于2004年开工的国家在“0战队的国家在“0战队的国家在“0战队的国家在“", "answer": "俄罗斯海军陆战队BTR装甲车", "reading_system_answer": "俄罗斯海军陆战队BTR装甲车驶向登陆舰  　　首舰“伊万·格伦”号"}, {"question": "俄罗斯海军陆战队btr装甲车驶向登陆舰首舰“伊万·格伦”号于2004年开工的国", "answer": "登陆舰", "reading_system_answer": null}, {"question": "俄罗斯海军陆战队btr装甲车驶向登陆舰首舰“伊万·格伦”号于2004年开工的国", "answer": "首舰", "reading_system_answer": null}, {"question": "俄伊万·格伦”号于2004年开工的国家装甲车驶向登陆舰首舰“伊万·格伦”号的国", "answer": "号", "reading_system_answer": null}, {"question": "俄罗斯海军陆战队btr装甲车驶向登陆舰首舰“伊万·格伦”号于2004年开工的国", "answer": "2004年", "reading_system_answer": null}]}, {"text": "2012年下水", "qa_pairs": [{"question": "2012年下水的水型是什么", "answer": "2012年", "reading_system_answer": null}]}, {"text": "经过5年的测试终于在2017年年末即将服役", "qa_pairs": [{"question": "5年的测试终于在2017年年末即将服役的目的是什么", "answer": "服役", "reading_system_answer": null}, {"question": "5年的末即将服役的2年的末即将服役是什么时候", "answer": "5年", "reading_system_answer": "2017年年末"}, {"question": "5年的测试终于在哪一年末即将服役", "answer": "2017年", "reading_system_answer": "2017年"}]}, {"text": "次舰“彼得·莫格诺夫”号于2015年开工", "qa_pairs": [{"question": "·““彼诺夫”号于2015年开工的国家”莫格诺夫”号于2015年开工的国家得莫", "answer": "次舰", "reading_system_answer": "次舰“彼得·莫格诺夫”号"}, {"question": "·莫格诺夫”号于2015年开工的国家”莫格诺夫”号于2015年开工的国家“莫格", "answer": "2015年", "reading_system_answer": "次舰“彼得·莫格诺夫”号"}, {"question": "·号于2015年开工的国家”莫格诺夫”号于2015年开工的国家“莫格诺夫号莫格", "answer": "莫格", "reading_system_answer": "次舰“彼得·莫格诺夫”号"}, {"question": "·莫格诺夫”号于2015年开工的国家”莫格诺夫”号于2015年开工的国家“莫格", "answer": "号", "reading_system_answer": "次舰“彼得·莫格诺夫”号"}]}, {"text": "原定今年内下水", "qa_pairs": [{"question": "定今年下水系原因为什么要水水", "answer": "内", "reading_system_answer": null}]}, {"text": "但是由于建造拖延目前下水时间未定", "qa_pairs": [{"question": "目前下于建造建延下水时间未定的水系未定的国家目前下于水时间未定的时间未于目前未", "answer": "时间", "reading_system_answer": "但是由于建造拖延"}]}, {"text": "俄罗斯海军目前装备了二十几艘中小型登陆舰", "qa_pairs": [{"question": "俄罗斯海军目前装备了二十几艘中小型登陆舰的国家目前装备了二十几艘中小型登陆舰的", "answer": "登陆舰", "reading_system_answer": "俄罗斯海军目前装备了二十几艘"}, {"question": "俄罗斯海军目前装备了二十几艘中小型登陆舰的国家目前装备了二十几艘中小型登陆舰的", "answer": "俄罗斯海军", "reading_system_answer": "俄罗斯海军目前装备了二十几艘"}, {"question": "俄罗斯海军目前装备了二十几艘中小型登陆舰的国家目前装备了二十几艘中小型登陆舰的", "answer": "二十几艘", "reading_system_answer": "俄罗斯海军目前装备了二十几艘"}, {"question": "俄罗斯海军目前装备了二十几艘中小型登陆舰的国家装备二十几艘中小型登陆舰的国家目", "answer": "装备", "reading_system_answer": "俄罗斯海军目前装备了二十几艘"}]}, {"text": "大部分是苏联留下的遗产如775型登陆舰（如北约代号“蟾蜍级”）和1171型（北约代号“鳄鱼”级）登陆舰", "qa_pairs": [{"question": "大7鳄鱼”级）登陆舰的国家在7号“蟾蜍级”）和1171型（1型（北约代号的国家", "answer": "1171", "reading_system_answer": "775型登陆舰"}, {"question": "（7鳄鱼”级）登陆舰的国家在777鳄鱼”级）登陆舰的国家在7号“鳄鱼”级型（北", "answer": "苏联", "reading_system_answer": "1171型"}, {"question": "苏）鳄鱼”级）登陆舰的所属国在苏联留下的遗产如775型登陆舰（如北约代号“蟾蜍", "answer": "级", "reading_system_answer": "1171型"}, {"question": "大7型登陆舰的所属国在苏联留下的遗产如775型登陆舰的国家”鳄鱼”级）登陆舰是", "answer": "北约代号", "reading_system_answer": "775型登陆舰"}, {"question": "大75鳄鱼”级）1型登陆舰（如何没775型登陆舰的国家和蟾蜍级”）和1171型", "answer": "登陆舰", "reading_system_answer": "775型登陆舰（如北约代号“蟾蜍级"}, {"question": "大部分是苏联留下的遗产如775型登陆舰的国家在7号“鳄鱼”级）登陆舰的国家在7", "answer": "蟾蜍级", "reading_system_answer": "大部分是苏联留下的遗产如775型登陆舰"}, {"question": "大7“鳄鱼”级）登陆舰的所属国在苏联留下的遗产如775型登陆舰（如北约代号“蟾", "answer": "鳄鱼", "reading_system_answer": "蟾蜍级”）和1171型"}, {"question": "苏75鳄鱼”级）登陆舰的所属国在苏联留下的遗产如775型登陆舰（如北约代号“蟾", "answer": "大部分", "reading_system_answer": "蟾蜍级”）和1171型"}, {"question": "大1型号是什么型号", "answer": "775", "reading_system_answer": "1171型"}]}, {"text": "俄罗斯海军陆战队继承于前苏联海军陆战队", "qa_pairs": [{"question": "俄罗斯海军陆战队继承于前苏联海军陆战队的国家在前承于前苏联海军陆战队的国家在承", "answer": "苏联海军陆战队", "reading_system_answer": null}, {"question": "俄罗斯海军陆战队继承于前苏联海军陆战队的国家在苏斯海军陆战队承于前苏联海军陆战", "answer": "俄罗斯海军陆战队", "reading_system_answer": null}]}, {"text": "佩戴黑色贝雷帽  　　在1171型建造之初", "qa_pairs": [{"question": "佩戴黑色贝雷帽在1171型建造之初建造之初建造之初的佩戴黑色贝雷帽在1171型", "answer": "黑色", "reading_system_answer": null}, {"question": "佩戴黑色贝雷帽在1171型建造之初的建造之初是", "answer": "1171", "reading_system_answer": null}]}, {"text": "俄罗斯就从法国购买了两艘“西北风”（Mistral）级两栖攻击舰", "qa_pairs": [{"question": "俄罗斯就从法国购买了两艘“mistral）级两栖攻击舰的国家其国家就从法国购买", "answer": "两艘", "reading_system_answer": "西北风”"}, {"question": "俄罗斯就从法国购买了两艘“mistral）级两栖攻击舰的国家其俄北风”（mis", "answer": "俄罗斯", "reading_system_answer": null}, {"question": "俄罗斯就从法国购买了两艘“西北风”（mistral）级两栖攻击舰的国家的l）级", "answer": "级", "reading_system_answer": null}, {"question": "俄罗斯就从法国购买了两艘“mistral）级两栖攻击舰的国家其购买了两艘“mi", "answer": "西北风", "reading_system_answer": "西北风”"}, {"question": "俄罗斯就从法国购买了两艘“西北风”（mistral）级两栖攻击舰的国家其就从法", "answer": "Mistral", "reading_system_answer": null}, {"question": "俄罗斯就从法国购买了两艘“mistral）级两栖攻击舰的国家就从法国购买的两艘", "answer": "法国", "reading_system_answer": "西北风”"}]}, {"text": "不过由于俄罗斯介入克里米亚战争和乌克兰内战", "qa_pairs": [{"question": "不过由于俄罗斯介入克里米亚战争和乌克兰内战的国家和乌克兰内战的战争和乌克兰内战", "answer": "战争", "reading_system_answer": null}, {"question": "不过由于俄罗斯介入克里米亚战争和乌克兰内战的国家和乌克兰内战中哪一型号的战争", "answer": "乌克兰内战", "reading_system_answer": null}, {"question": "米亚战争和乌克兰内战的俄罗斯介入克里米亚战争和乌克兰内战的国家由于乌斯介入克里", "answer": "俄罗斯", "reading_system_answer": null}]}, {"text": "而遭到西方的制裁", "qa_pairs": [{"question": "遭到西方的制到西方的制裁西方裁西方裁西方裁到西方的制到的的制裁是什么", "answer": "制裁", "reading_system_answer": null}]}, {"text": "法国拒绝按照合同向俄罗斯每年交付两艘“西北风”（Mistral）级两栖攻击舰", "qa_pairs": [{"question": "法国拒绝按照合同向俄罗斯每年交付两艘“西北风”（mistral）级两栖攻击舰的", "answer": "两艘", "reading_system_answer": null}, {"question": "法国拒绝按照合同向俄罗斯每年交付两艘“mistral）级两栖攻击舰的国家其国家", "answer": "俄罗斯", "reading_system_answer": "西北风”"}, {"question": "“mistral）级两栖攻击舰的国家拒绝按照合同向俄罗斯每年交付两艘“西北风”", "answer": "级", "reading_system_answer": null}, {"question": "法国拒绝按照合同向俄罗斯每年交付两艘“mistral）级两栖攻击舰的国家其每年", "answer": "西北风", "reading_system_answer": "西北风”"}, {"question": "法国拒绝按照合同向俄罗斯每年交付两艘“西北风”（mistral）级两栖攻击舰的", "answer": "Mistral", "reading_system_answer": null}, {"question": "“mistral）级两栖攻击舰是哪个国家每年交付两艘“西北风”（mistral", "answer": "法国", "reading_system_answer": "法国拒绝按照合同向俄罗斯"}]}, {"text": "转而将这些战舰卖给了埃及", "qa_pairs": [{"question": "转而将这些战舰卖给了埃及的国家卖给了什么型号的战斗机", "answer": "埃及", "reading_system_answer": null}, {"question": "卖给了埃及卖给了埃及卖的战舰的国家其卖给了埃及的国家其卖的战舰战舰将用什么战舰", "answer": "战舰", "reading_system_answer": null}]}, {"text": "自那时起", "qa_pairs": [{"question": "自那时起起自那时起起自那时起起自起自起自起自起时时时时时时时时时时时时时时时时", "answer": "", "reading_system_answer": null}]}, {"text": "俄罗斯海军造舰项目主管就公布了建造西北风级的替代舰“雪崩”（Avalanche）级两栖攻击舰的计划", "qa_pairs": [{"question": "俄罗斯海军造舰项目主管就公布了建造西北风级的替代舰“雪崩”（avanche）级", "answer": "计划", "reading_system_answer": "俄罗斯海军造舰项目主管就公布了建造西北风级的替代舰“雪崩”（Avalanche）级"}, {"question": "俄罗斯海军造舰项目主管就公布了建造西北风级的替代舰的国家在a的的国家的哪种型号", "answer": "Avalanche", "reading_system_answer": "“雪崩”（Avalanche）级两栖攻击舰"}, {"question": "俄罗斯海军造舰项目主管就公布了建造西北风级的替划的国家在l级两栖攻击舰的计划是", "answer": "替代", "reading_system_answer": "建造西北风级的替代舰“雪崩”（Avalanche）级两栖攻击舰"}, {"question": "俄罗斯海军造舰项目主管就公布了建造西北风级的替代舰“雪崩”（avanche）级", "answer": "雪崩", "reading_system_answer": "俄罗斯海军造舰项目主管就公布了建造西北风级的替代舰“雪崩”（Avalanche）级"}, {"question": "俄（avalanche）级两级的替代舰的国家造造的替级两栖攻击舰的计划是什么", "answer": "级", "reading_system_answer": null}, {"question": "俄罗斯海军造舰项目主管就公布了建造西北风级的替代舰的国家其造舰项目主管就公布了", "answer": "西北风级", "reading_system_answer": "建造西北风级的替代舰“雪崩”（Avalanche）级两栖攻击舰"}, {"question": "俄（avanc风级的替代舰的国家在le）级两栖攻击舰的计划是什么", "answer": "俄罗斯海军造舰项目主管", "reading_system_answer": "建造西北风级的替代舰“雪崩”（Avalanche）级两栖攻击舰"}]}, {"text": "并宣布该舰将于2020年后加入现役", "qa_pairs": [{"question": "并宣布该舰将于2020年后加入现役的目的是什么", "answer": "现役", "reading_system_answer": null}, {"question": "并宣布该舰将于2020年后加入现役的原因是什么", "answer": "2020", "reading_system_answer": null}]}, {"text": "根据此决策", "qa_pairs": [{"question": "根据此决策是什么", "answer": "决策", "reading_system_answer": null}]}, {"text": "俄罗斯海军排水量为6000吨的“伊万格伦”（Ivan Gren）级登陆舰建造项目可能会在首两艘舰完成后终止", "qa_pairs": [{"question": "俄罗斯海军排水量为6000吨的“伊万格伦”（ivangren）级登陆舰建造项目", "answer": "6000吨", "reading_system_answer": null}, {"question": "俄罗斯海军排水量为6000吨的“伊万格伦”（ivangren）级登陆舰建造项目", "answer": "格伦", "reading_system_answer": null}, {"question": "俄罗斯海军排水量为6000吨的“伊万格伦”（ivangren）级登陆舰建造项目", "answer": "俄罗斯海军排水量", "reading_system_answer": null}, {"question": "俄罗斯海军排水量为6000吨的“伊万格伦”（ivangren）级登陆舰建造项目", "answer": "首两艘", "reading_system_answer": null}, {"question": "俄罗斯海军排水量为6000吨的“伊万格伦”（ivangren）级登陆舰建造项目", "answer": "Ivan", "reading_system_answer": null}, {"question": "俄罗斯海军排水量为6000吨的“伊万格伦”（ivangren）级登陆舰建造项目", "answer": "Gren", "reading_system_answer": null}, {"question": "俄罗斯海军排水量为6000吨的“伊万格伦”（ivangren）级登陆舰建造项目", "answer": "级登陆舰", "reading_system_answer": null}, {"question": "俄罗斯海军排水量为6000吨的“伊万格伦”（ivangre）级登陆舰建造项目的", "answer": "项目", "reading_system_answer": null}]}, {"text": "不过近年来俄罗斯经济虽曾有所起色", "qa_pairs": [{"question": "俄罗斯经济虽曾有什么色", "answer": "有所起色", "reading_system_answer": null}, {"question": "俄罗斯经济虽曾有所起色的国家经济虽曾有所起色是什么", "answer": "俄罗斯经济", "reading_system_answer": null}]}, {"text": "但面对西方制裁和通货膨胀等因素", "qa_pairs": [{"question": "西方制裁和通货膨胀等因素膨胀等因为什么", "answer": "因素", "reading_system_answer": null}, {"question": "西方制货膨胀等因混的胀等因混国和西方制货膨胀等因素是什么", "answer": "制裁", "reading_system_answer": "西方制裁和通货膨胀"}]}, {"text": "俄罗斯海军舰艇建造速度逐步放缓", "qa_pairs": [{"question": "俄罗斯海军舰艇建造速度逐步放缓缓缓缓缓放度逐步放缓建造速度逐步放缓建造的海军舰", "answer": "俄罗斯海军舰艇", "reading_system_answer": null}, {"question": "俄罗斯海军舰艇建造速度逐步放缓的俄罗斯海军舰艇建造速度逐步放缓的舰艇建造速度逐", "answer": "速度", "reading_system_answer": null}]}, {"text": "俄罗斯海军水面战斗舰项目更多的是建造一些近海的多任务战斗舰通过装配现代指挥和探测技术和新型武器", "qa_pairs": [{"question": "俄罗斯海军水面战斗舰项目更多的是建造一些近海的多任务战斗舰通过装配现代指挥和探", "answer": "技术", "reading_system_answer": null}, {"question": "俄罗斯海军水面战斗舰项目更多的是建造一些近海的多任务型武器是什么", "answer": "俄罗斯海军水面战斗舰项目", "reading_system_answer": null}, {"question": "俄罗斯海军水面战斗舰项目更多的是建造一些近海的多任务型武器的国家其水面战斗舰通", "answer": "一些", "reading_system_answer": null}, {"question": "俄罗斯海军水面战斗舰项目更多的是建造一些近海的多任务战斗舰通过装配现代指挥和探", "answer": "多任务战斗舰", "reading_system_answer": null}, {"question": "俄罗斯海军水面战斗舰项目更多的是建造一些近海的多任务战斗舰通过装配现代指挥和探", "answer": "武器", "reading_system_answer": null}]}, {"text": "这些作战能力相当强的小型战舰", "qa_pairs": [{"question": "战能力相当强的小型战舰是什么", "answer": "战舰", "reading_system_answer": null}, {"question": "强的小型战舰是哪一款", "answer": "能力", "reading_system_answer": null}]}, {"text": "有望于未来几年时间内加入俄罗斯海军旗下所有舰队服役", "qa_pairs": [{"question": "有望于未来几年时间内加入俄罗斯海军旗下所有舰队服役的国家其海军旗下所有舰队服役", "answer": "俄罗斯海军旗下", "reading_system_answer": null}, {"question": "俄罗斯海军旗下所有哪些服役", "answer": "舰队服役", "reading_system_answer": null}, {"question": "俄罗斯海军旗下所有舰队服役的舰队服役是什么时候", "answer": "几年时间内", "reading_system_answer": "未来几年"}]}, {"text": "由于装配了标准化的巡航导弹模块", "qa_pairs": [{"question": "由于装配了标准化的巡航导弹模块的导弹模块是什么", "answer": "巡航导弹模块", "reading_system_answer": null}]}, {"text": "这些小型护卫舰将具备一定打击实力", "qa_pairs": [{"question": "小型护卫舰将具备一定打击实力的护卫舰将具备一定打击实力的护卫舰实实是什么", "answer": "实力", "reading_system_answer": null}, {"question": "小型护卫舰将具备一定打击实力的护卫舰将具备一定打击实力的护卫舰将被小型护卫舰具", "answer": "护卫舰", "reading_system_answer": null}]}, {"text": "作战能力超越了北约组织的很多舰艇", "qa_pairs": [{"question": "作为战能力超越了北约组织的很多舰艇的国家作为什么要越义", "answer": "北约组织", "reading_system_answer": null}, {"question": "作为北约组织的很多舰艇是什么", "answer": "很多舰艇", "reading_system_answer": null}, {"question": "作为北约组织的很多舰艇的国家作为什么要越了北约组织的很多舰艇", "answer": "能力", "reading_system_answer": "作战能力"}]}, {"text": "前苏联解体后", "qa_pairs": [{"question": "苏联解体后苏联解体后苏联解体后苏联前苏前解体解体解体解体解前解体解苏前联前联前", "answer": "苏联解体", "reading_system_answer": null}]}, {"text": "伊万·格伦就是俄罗斯自主建造的第一艘大型船只  　　俄罗斯目前的新型水面舰艇的开发工作逐步的在放缓", "qa_pairs": [{"question": "俄罗斯自主建造的第一艘大型船只俄罗斯目前的新型水面舰艇的开发工作逐步的在放缓是", "answer": "格伦", "reading_system_answer": "伊万·格伦"}, {"question": "俄罗斯自主建造的第一艘大型船只俄罗斯目前的新型水面舰艇的开发工作逐步的在放缓是", "answer": "船只", "reading_system_answer": "伊万·格伦"}, {"question": "伊万·格伦就是俄罗斯自主建造的第一艘大型船只俄罗斯目前的新型水面舰艇的开发工作", "answer": "俄罗斯", "reading_system_answer": null}, {"question": "俄罗斯自主建造的第一艘大型船只俄罗斯目前的新型水面舰艇的开发工作逐步的在放缓是", "answer": "水面舰艇", "reading_system_answer": "伊万·格伦"}, {"question": "俄罗斯自主建造的第一艘大型船只俄罗斯目前的新型水面舰艇的第一艘大型船只俄罗斯目", "answer": "第一艘", "reading_system_answer": "伊万·格伦"}]}, {"text": "这是由于最近俄罗斯在叙利亚的军事投入过大军费不可避免的向叙利亚倾斜", "qa_pairs": [{"question": "俄罗斯在叙利亚的军事投入过大军费不可避免的向叙利亚倾斜的国家在叙利亚的军事投入", "answer": "军费", "reading_system_answer": null}, {"question": "由于最近俄罗斯在叙利亚的军事投入过大军费不可避免的向叙利亚倾斜的国家在叙利亚的", "answer": "军事", "reading_system_answer": null}, {"question": "俄罗斯在叙利亚的军事投入过大军费不可避免的向叙利亚倾斜的国家在叙利亚的军事投入", "answer": "叙利亚", "reading_system_answer": null}, {"question": "俄罗斯在叙利亚的军事投入过大军费不可避免的向叙利亚倾斜的国家在叙利亚的军事投入", "answer": "俄罗斯", "reading_system_answer": null}]}, {"text": "俄罗斯海军的更新计划就被排到了后面", "qa_pairs": [{"question": "俄罗斯海军的更新计划就被排到了后面计划的新更新新新新新型号的海军的新计划中的排", "answer": "计划", "reading_system_answer": null}, {"question": "俄罗斯海军的更新计划就被排到了后面的海军的更新计划中的海军的更了什么海斯", "answer": "俄罗斯海军", "reading_system_answer": null}]}, {"text": "目前俄罗斯海军现役的主要装备依然是前苏联时期继承下来的苏联海军遗产", "qa_pairs": [{"question": "目前俄罗斯海军现役的主要装备依然是前苏联时期继承下来的苏联海军遗产的海军遗产的", "answer": "苏联时期", "reading_system_answer": null}, {"question": "俄罗斯海军现役的主要装备依然是前苏联时期继承下来的海军遗产的哪个国家的遗产", "answer": "苏联海军", "reading_system_answer": "苏联"}, {"question": "前苏联时期继承下来的苏联海军遗产的主要装备依然是前苏联时期继承下来的海军遗产的", "answer": "俄罗斯海军现役", "reading_system_answer": null}, {"question": "前俄罗斯海军现役的主要装备是什么", "answer": "装备", "reading_system_answer": null}]}, {"text": "目前俄罗斯海军一方面要加紧建设新船", "qa_pairs": [{"question": "俄罗斯海军一方面要加紧建设新船的海军一方面要加紧建设新船的国家目前俄罗斯海军一", "answer": "俄罗斯海军一方面", "reading_system_answer": null}, {"question": "目前俄罗斯海军一方面要加紧建设新船的新船是什么", "answer": "船", "reading_system_answer": null}]}, {"text": "另一方面俄罗斯海军军费大部分都投入了对老舰的升级维护上", "qa_pairs": [{"question": "俄罗斯海军军费大部分都投入了对老舰的升级维护上的国家在海军军费大部分都投入了对", "answer": "老舰", "reading_system_answer": null}, {"question": "俄罗斯海军军费大部分都投入了对老舰的升级维护上的国家其升级维护上的国家在俄罗斯", "answer": "俄罗斯海军军费大部分", "reading_system_answer": null}]}, {"text": "毕竟他们有些已经服役了30+年以上了", "qa_pairs": [{"question": "3月3日以上了要服役了30+年以上了什么", "answer": "服役", "reading_system_answer": null}, {"question": "3月3日以上了什么", "answer": "30", "reading_system_answer": "他们有些已经服役了30+年以上"}, {"question": "30+年以上了什么时候", "answer": "年", "reading_system_answer": null}]}, {"text": "期待伊万·格伦”正式服役的那一天", "qa_pairs": [{"question": "”正式服役的那一天是什么", "answer": "格伦", "reading_system_answer": null}, {"question": "伊格伦”正式服役的那一天的一天的格伦”正式服役的那一天待伊万·格伦”正式服役的", "answer": "服役", "reading_system_answer": null}, {"question": "伊格伦”正式服役的那一天的一天的一期·格伦”正式服役的那一天的”格伦·格伦·格", "answer": "一天", "reading_system_answer": null}]}, {"text": "也期待俄罗斯海军重振旗鼓更多的投入到大洋之中", "qa_pairs": [{"question": "俄罗斯海军重振旗鼓更多的投入到大洋之中是哪个", "answer": "大洋", "reading_system_answer": "也期待"}, {"question": "俄罗斯海军重振旗鼓更多的投入到大洋之中的重振旗鼓更多的投入到大洋之中是哪个", "answer": "俄罗斯海军", "reading_system_answer": "也期待"}]}]}