{"passage": "印度媒体报道，俄罗斯总统德米特里·梅德韦杰夫计划12月访问印度首都新德里，期间将签署由印度和俄罗斯联合组建的布拉莫斯公司研发超音速巡航导弹的协议。该协议将在同印度总理曼莫汉·辛格的会晤仪式上签署，内容包括研制一种最大飞行速度高达6000千米/小时、最大射程达290千米的导弹，并定于2015～2016年进行试射。  9月5日，印度武装部队在奥利萨邦昌迪普尔综合试验场对1枚“布拉莫斯”II巡航导弹进行了试射。试验期间，导弹进行了快速转向俯冲，并且以超音速进行了大量复杂的机动飞行。此次试验是2001年6月以来进行的第23次飞行试验。  “布拉莫斯”超音速巡航导弹由印度国防研究与发展组织和俄罗斯机器制造科研生产联合体（NPO Mashinostroyenia）于1998年联合创立的布拉莫斯航宇公司研制，设计基于俄罗斯的3M55/“宝石”（北约代号为SS-NX-26）导弹，目前正在印度南部海得拉巴专门建造的工厂进行批量生产。", "sentences": [{"text": "印度媒体报道", "qa_pairs": [{"question": "印度媒体道报道印度媒体道印度印度是什么", "answer": "印度媒体报道", "reading_system_answer": null}]}, {"text": "俄罗斯总统德米特里·梅德韦杰夫计划12月访问印度首都新德里", "qa_pairs": [{"question": "俄罗斯总统德米特里·梅德韦杰夫计划12月访问印度首都新德里的国家计划12月访问", "answer": "印度", "reading_system_answer": null}, {"question": "俄罗斯总统德米特里·梅德韦杰夫计划12月访问印度首都新德里的国家总统德米特里·", "answer": "计划12月", "reading_system_answer": null}, {"question": "俄罗斯总统德米特里·梅德韦杰夫计划12月访问印度首都新德里的国家总统德米特里·", "answer": "梅德韦", "reading_system_answer": null}, {"question": "俄罗斯总统德米特里新德里首都新德里首都新德度首都新德国的哪个公司计划12月访问", "answer": "俄罗斯总统", "reading_system_answer": "俄罗斯总统德米特里·梅德韦杰夫"}]}, {"text": "期间将签署由印度和俄罗斯联合组建的布拉莫斯公司研发超音速巡航导弹的协议", "qa_pairs": [{"question": "俄罗斯联合组建的布拉莫斯公司研发超音速巡航导弹的协议是什么", "answer": "公司", "reading_system_answer": null}, {"question": "俄罗斯联合组建的布拉莫斯公司研发超音速巡航导弹的协议是哪个", "answer": "印度", "reading_system_answer": null}, {"question": "俄罗斯联合组建的布拉莫斯公司研发超音速巡航导弹的协议是哪个", "answer": "俄罗斯", "reading_system_answer": null}, {"question": "俄罗斯联合组建的布拉莫斯公司研发超音速巡航导弹的协议是什么", "answer": "协议", "reading_system_answer": null}, {"question": "俄罗斯联合组建的布拉莫斯公司研发超音速巡导弹的协议是哪个", "answer": "布", "reading_system_answer": null}, {"question": "俄罗斯联合组建的布拉莫斯公司研发超音速巡航导弹的协议是什么", "answer": "超音速巡航导弹", "reading_system_answer": null}]}, {"text": "该协议将在同印度总理曼莫汉·辛格的会晤仪式上签署", "qa_pairs": [{"question": "印度总理曼莫汉·辛格的会晤仪式上签署的协议是什么", "answer": "协议", "reading_system_answer": null}, {"question": "印度总理曼莫汉·辛格的会晤仪式上签署的签署是什么", "answer": "仪式", "reading_system_answer": "该协议"}, {"question": "印度总理曼莫汉·辛格的会晤仪式上签署是什么", "answer": "同印度总理曼莫汉", "reading_system_answer": "该协议"}]}, {"text": "内容包括研制一种最大飞行速度高达6000千米/小时、最大射程达290千米的导弹", "qa_pairs": [{"question": "/小时、最大飞行速度高达60千米的导弹是哪种", "answer": "导弹", "reading_system_answer": null}, {"question": "/小时、最大飞行速度高达60千米的导弹是哪种", "answer": "射程", "reading_system_answer": null}, {"question": "/小时、最大射程达多少千米", "answer": "290千米", "reading_system_answer": "290千米"}, {"question": "/小时、最大飞行速度高达60千米的导弹是哪个", "answer": "内容", "reading_system_answer": null}, {"question": "内小时、最大飞行速度高达60千米的导弹是什么", "answer": "飞行速度高达6000千米小时", "reading_system_answer": null}, {"question": "/小时、最大飞行速度高达60千米的导弹是哪种", "answer": "一种", "reading_system_answer": null}]}, {"text": "并定于2015～2016年进行试射", "qa_pairs": [{"question": "～2016～2016年进行试射的原因是什么", "answer": "2015", "reading_system_answer": null}, {"question": "2月进行试射的原因是什么", "answer": "2016年", "reading_system_answer": null}]}, {"text": "9月5日", "qa_pairs": [{"question": "9月5日对日对日9月5日9月5日9月5日9月5日9月55999月5599999", "answer": "9月5日", "reading_system_answer": null}]}, {"text": "印度武装部队在奥利萨邦昌迪普尔综合试验场对1枚“布拉莫斯”II巡航导弹进行了试射", "qa_pairs": [{"question": "印度武装部队在奥利萨邦昌迪普尔综合试验场对1枚“布拉莫斯”ii巡航导弹进行了试", "answer": "印度武装部队", "reading_system_answer": null}, {"question": "印度武装部队在奥利萨邦昌迪普尔综合试验场对1枚“布拉莫斯”ii巡航导弹的国家的", "answer": "萨邦昌迪普尔", "reading_system_answer": "印度武装部队在奥利萨邦昌迪普尔综合试验场对1枚“布拉莫斯”II巡航导弹"}, {"question": "印度武装部队在奥利萨邦昌迪普尔综合试验场对1枚“布拉莫斯”ii巡航导弹进行了试", "answer": "试验场", "reading_system_answer": null}, {"question": "印度武装部队在奥利萨邦昌迪普尔综合试验场对1枚“布拉莫斯”ii巡航导弹的国家在", "answer": "1枚", "reading_system_answer": null}, {"question": "印度武装部队在奥利萨邦昌迪普尔综合试验场对1枚“布拉莫斯”ii巡航导弹进行了试", "answer": "布", "reading_system_answer": null}, {"question": "印度武装部队在奥利萨邦昌迪普尔综合试验场对1枚“布拉莫斯”ii巡航导弹进行了试", "answer": "II巡航导弹", "reading_system_answer": null}]}, {"text": "试验期间", "qa_pairs": [{"question": "试验期间间试验期间试验期试验期试验期间间间间间间间间期试验试验试验试验的试试验", "answer": "", "reading_system_answer": null}]}, {"text": "导弹进行了快速转向俯冲", "qa_pairs": [{"question": "导弹进行了快速转向俯冲的导弹进行了快速转向俯冲的导弹进行了快速转向俯冲的导弹导", "answer": "导弹", "reading_system_answer": null}]}, {"text": "并且以超音速进行了大量复杂的机动飞行", "qa_pairs": [{"question": "并且以超音速进行了大量复杂的机动飞行中国的超音速进行了大量复杂的机动飞行中速进", "answer": "大量", "reading_system_answer": null}, {"question": "并且以超音速进行了大量复杂的机动飞行中机动飞行中的超音速进行了大量复杂的机动飞", "answer": "超音速", "reading_system_answer": null}, {"question": "并且以超音速进行了大量复杂的机动飞行中速进行了大量复杂的机动飞行中速进行了大量", "answer": "机动", "reading_system_answer": null}]}, {"text": "此次试验是2001年6月以来进行的第23次飞行试验", "qa_pairs": [{"question": "2月以来进行的第23次飞行试验的是什么", "answer": "2001年6月", "reading_system_answer": "此次试验"}, {"question": "2月以来进行的第23次飞行试验的001年6月以来进行的第23次飞行试验的001", "answer": "第23", "reading_system_answer": null}]}, {"text": "“布拉莫斯”超音速巡航导弹由印度国防研究与发展组织和俄罗斯机器制造科研生产联合体（NPO Mashinostroyenia）于1998年联合创立的布拉莫斯航宇公司研制", "qa_pairs": [{"question": "“布拉莫斯航宇公司研制的是哪个型号", "answer": "Mashinostroyenia", "reading_system_answer": "超音速巡航导弹"}, {"question": "“布拉莫斯航宇公司研制的是哪一年联合创立的布拉莫斯航宇公司研制的", "answer": "1998年", "reading_system_answer": "1998年"}, {"question": "“nnia）88年联合创立的布拉莫斯航宇公司研制的是哪个公司研制的", "answer": "莫斯航宇公司", "reading_system_answer": null}, {"question": "“布拉莫斯航宇公司研制的是哪一型号的机器", "answer": "俄罗斯机器", "reading_system_answer": "超音速巡航导弹"}, {"question": "“npom超音速巡航导弹是由哪家公司研制的", "answer": "科研", "reading_system_answer": "布拉莫斯航宇公司"}, {"question": "“npom超音速巡导弹的研制是什么", "answer": "布", "reading_system_answer": "布拉莫斯航宇公司"}, {"question": "“nnia）88年联合创立的布拉莫斯航宇公司研制的是哪种型号的导弹", "answer": "超音速巡航导弹", "reading_system_answer": "布拉莫斯”超音速巡航导弹"}, {"question": "“npom超音速巡航导弹的研制是什么", "answer": "联合体", "reading_system_answer": "布拉莫斯航宇公司"}, {"question": "“布拉莫斯航宇公司研制的是哪一个国家研制的", "answer": "印度国防", "reading_system_answer": "印度国防研究与发展组织和俄罗斯机器制造科研生产联合体（NPO Mashinostroyenia）"}, {"question": "“布拉莫斯航宇公司研制的国家在1998年联合创立的布拉莫斯航宇公司研制的国家其", "answer": "NPO", "reading_system_answer": "布拉莫斯”超音速巡航导弹"}]}, {"text": "设计基于俄罗斯的3M55/“宝石”（北约代号为SS-NX-26）导弹", "qa_pairs": [{"question": "设（宝石”266导弹的所属国在ss-nx-26）“宝石”（北约代号为ss-nx", "answer": "导弹", "reading_system_answer": null}, {"question": "s（宝石”（“56）导弹的国家的n2）导弹是哪个型号", "answer": "俄罗斯", "reading_system_answer": "SS-NX-26"}, {"question": "设计基于俄罗斯的3m55666“宝宝石”26导弹的国家的n2）导弹是哪种型号", "answer": "NX", "reading_system_answer": "SS-NX-26"}, {"question": "s（宝石”（“5）导弹的导型号是ss-nx-26）5宝宝宝北5nnnnnnnn", "answer": "26", "reading_system_answer": null}, {"question": "ss-nx-26）导弹的所属国在ss-nx-26）导弹是哪艘", "answer": "北约代号", "reading_system_answer": "3M55/“宝石”"}, {"question": "设计基于俄罗斯的3m5566）““宝石”26导弹的国家的nx-2）导弹的国家的", "answer": "SS", "reading_system_answer": null}, {"question": "s（宝石”（““““nn约代号为ss-nx-26）导弹的国家的3“宝石”（北约", "answer": "宝石", "reading_system_answer": null}, {"question": "设“宝石”（“5/导弹的导型号是", "answer": "3M55", "reading_system_answer": "SS-NX-26"}]}, {"text": "目前正在印度南部海得拉巴专门建造的工厂进行批量生产", "qa_pairs": [{"question": "目前在印度南部海得拉巴专门建造的工厂进行生产的目的是什么", "answer": "批量生产", "reading_system_answer": null}, {"question": "目前在印度南部海得拉巴专门建造的工厂进行批量生产的海得拉巴专门建造的工厂进行批", "answer": "印度", "reading_system_answer": null}, {"question": "目前在印度南部海得拉巴专门建造的工厂进行批量生产的专门建造的工厂进行批量生产的", "answer": "海得拉巴专门", "reading_system_answer": null}, {"question": "目前在印度南部海得拉巴专门建造的工厂进行批量生产的专产厂进行批量生产的专门建造", "answer": "工厂", "reading_system_answer": null}]}]}