{"passage": "东京审判是二战结束后在东京成立的远东国际军事法庭对日本战犯进行的审判。从1946年5月3日开始到1948年11月12日结束，历时两年半。东京审判共29名被告，这些人在70年前最终是如何判决的呢？   经查，最终判决书长达1212页。29名被告中，1人被免除追诉，1人被捕前夕服毒自尽，2人判决前病死，2人被判有期徒刑，16人终身监禁，7人被判绞刑。   免于起诉的是大川周明，他是日本法西斯文人、种族主义和军国主义的理论家，是九一八事变直接组织者和参与者。受审期间出现“疯狂行为”，经鉴定认为患梅毒性脑炎而引起的精神异常，从而逃脱了正义的审判。但在其死前曾说他当时并没有疯。  两度担任日本首相（1937至1939年、1940至1941年）的近卫文麿在被捕前夕服毒自尽。  曾任日本外务大臣的松冈洋右和海军上将永野修身分别在1946年6月27日和1947年1月2日病死。  曾任日本外务大臣兼大东亚大臣的东乡茂德被判20年有期徒刑，于1949年在狱中病死。  曾任日本驻苏联大使的重光葵被判有期徒刑7年，于1950年假释出狱，假释后于鸠山一郎内阁服务。   被判终身监禁16人中，四个(小矶国昭、白鸟敏夫、梅津美治郎、平沼骐一郎)死于狱中，其他人于1955年假释出狱。  荒木贞夫，陆军大将，日本前文部大臣。  梅津美治郎，陆军大将，日本前陆军参谋总长、前关东军司令。死于狱中。  大岛浩，日本前驻德国大使。  冈敬纯，海军大将，日本前海军省军务局局长、海军次官。  贺屋兴宣，日本前大藏大臣。  木户幸一，侯爵，日本前内大臣、前文部大臣。  小矶国昭，陆军大将，前朝鲜总督，日本前首相。死于狱中。  佐藤贤了，陆军大将，日本前陆军省军务局长。  岛田繁太郎，海军大将，日本前海军大臣、前海军军令部总长。  白鸟敏夫，日本前驻意大利大使、外务省顾问官。死于狱中。  铃木贞一，陆军中将，日本前内阁企划院总裁兼无任所国务大臣。  南次郎，陆军大将，日本前关东军司令、前朝鲜总督。  桥本欣五郎，中日战争的煽动者、日本翼赞政治会(法西斯统治下的议会)总裁。  畑俊六，陆军大将，日本前华中派遣军总司令。  平沼骐一郎，男爵，日本前国务大臣。死于狱中。  星野直树，日本前书记官长兼国务大臣。   被判绞刑的7人都是犯战争罪和违反人道罪的甲级战犯，大部分参与侵华战争，个个罪大恶极，被判极刑罪有应得。据说，对这7人的绞刑判决是参与东京审判的11名各国法官通过无记名投票决定的，最终以6比5的微弱优势作出这项判决。对中国人民来说，这真可谓是一票险胜。因11名法官曾宣过誓，且没有文字、照片、摄影记录，可以肯定中国法官梅汝璈投赞成票外，其他票是如何投的就成为永久的秘密。当然这些都不重要了，重要的是公理和正义得到彰显。现在我们看一看这7名被判绞刑的战犯都是谁。   1.东条英机，陆军大将，日本前关东远征军指挥官、前陆军大臣、前首相。正是在他的批准下，日军对被侵犯国犯下种种兽性。  2.板垣征四郎，陆军大将，日本陆军大臣、前关东军参谋长、前中国派遣军参谋长。与石原莞尔共同策划\"九一八\"事变。七七事变后带兵攻占山西。以中国派遣军参谋长身份主持对华诱降工作。  3.木村兵太郎，陆军大将，前驻缅甸日军总司令。他是日本陆军的\"炮兵专家\"，在缅甸制造了仰光大屠杀，被称为\"缅甸屠夫\"。  4.土肥原贤二，陆军大将，特务、日本陆军参谋本部军官。他长期生活在中国，成为日本陆军特务系统中有名的\"中国通\"。在华长期从事间谍情报工作，是建立伪\"满洲国\"和策划\"华北自治\"的幕后人物。  5.广田弘毅，男爵，日本前首相。东京审判被绞死的唯一文官战犯。臭名昭著的\"广田三原则\"正出自他手。  6.松井石根，陆军大将，日本前华中派遣军总司令，南京大屠杀的始作俑者。  7.武藤章，陆军中将，日本前第十四师团参谋长、前陆军省军务局局长，擅长搜集情报。正是他下令日军在南京市内宿营，酿成了南京大屠杀。  需要指出的是，另一位南京大屠杀的重要参与者日军驻南京第6师团中将师团长谷寿夫也因所犯罪行受到法庭审判。1947年4月，他在被日本战犯之滔天罪行染红的南京城南门被枪决。  可以看出，被判处绞刑的7人中没有出现臭名昭著的731部队军官石井四郎，单以反人类罪足以将其判处绞刑。然而，在美国强烈要求下，石井四郎及其所有副手都未受到远东国际法庭的追究。反倒是他们在审判开始前秘密抵达美国成为知名医生。731部队逃脱惩罚可以说是东京审判的最不公正之处，也是这一审判不完美的一方面。", "sentences": [{"text": "东京审判是二战结束后在东京成立的远东国际军事法庭对日本战犯进行的审判", "qa_pairs": [{"question": "二战结束后在东京成立的远东国际军事法庭对日本战犯进行的审判的国家是二战结束后在", "answer": "东京", "reading_system_answer": "东京审判"}, {"question": "二战结束后在东京成立的远东国际军事法庭对日本战犯进行的审判的国家是二战结束后在", "answer": "远东国际军事法庭", "reading_system_answer": "东京审判"}, {"question": "二战结束后在东京成立的远东国际军事法庭对日本战犯进行的审判的国家对日本审判是二", "answer": "日本战犯", "reading_system_answer": "东京审判"}]}, {"text": "从1946年5月3日开始到1948年11月12日结束", "qa_pairs": [{"question": "从1946年5月3日开始到1946年5月1日开始到1948年11月12日结束", "answer": "1948年11月12日", "reading_system_answer": null}, {"question": "从1946年5月3日开始到1946年11月1日开始到1948年11月结束", "answer": "1946年5月3日", "reading_system_answer": null}]}, {"text": "历时两年半", "qa_pairs": [{"question": "历时两年半半年两年半两年半两年半两历时半两年历时半两年历时半时半两年历历半时半", "answer": "历时两年半", "reading_system_answer": null}]}, {"text": "东京审判共29名被告", "qa_pairs": [{"question": "东京审判共29名被告为什么", "answer": "东京", "reading_system_answer": null}, {"question": "东京审判共29名被告对东京审判的意京是什么", "answer": "共29名被告", "reading_system_answer": null}]}, {"text": "这些人在70年前最终是如何判决的呢？   经查", "qa_pairs": [{"question": "在70年前最终是如何判决的呢", "answer": "70", "reading_system_answer": null}, {"question": "在70年前最终是如何判决的呢", "answer": "人", "reading_system_answer": null}]}, {"text": "最终判决书长达1212页", "qa_pairs": [{"question": "最终判决书长达多少页", "answer": "长达1212页", "reading_system_answer": null}]}, {"text": "29名被告中", "qa_pairs": [{"question": "2月被告中告中被命官的意义是什么", "answer": "29名被告", "reading_system_answer": null}]}, {"text": "1人被免除追诉", "qa_pairs": [{"question": "1人被免除追诉的免除追诉是什么", "answer": "1人", "reading_system_answer": null}]}, {"text": "1人被捕前夕服毒自尽", "qa_pairs": [{"question": "被捕前夕服毒自尽的1人毒自尽捕前夕服毒自尽捕前夕服毒自尽捕人被夕被夕1捕前服毒", "answer": "1人", "reading_system_answer": null}]}, {"text": "2人判决前病死", "qa_pairs": [{"question": "2人判决前病死的2人判决前病死是什么", "answer": "2人", "reading_system_answer": null}]}, {"text": "2人被判有期徒刑", "qa_pairs": [{"question": "2人被判有期徒刑的徒刑是什么", "answer": "2人", "reading_system_answer": null}]}, {"text": "16人终身监禁", "qa_pairs": [{"question": "16人终身监禁的16人终身监禁的16人终身监禁的66人身1611终监禁身161", "answer": "16人", "reading_system_answer": null}]}, {"text": "7人被判绞刑", "qa_pairs": [{"question": "7人被判绞刑的绞刑是什么", "answer": "绞刑", "reading_system_answer": null}, {"question": "7人被判绞刑的7人绞刑是什么", "answer": "7人", "reading_system_answer": null}]}, {"text": "免于起诉的是大川周明", "qa_pairs": [{"question": "大川周明是什么", "answer": "川周明", "reading_system_answer": null}]}, {"text": "他是日本法西斯文人、种族主义和军国主义的理论家", "qa_pairs": [{"question": "日本法西斯文人、种族主义和军国主义的理论家是", "answer": "日本法西斯文人", "reading_system_answer": null}, {"question": "日本法西斯文人、种族主义的理论家是什么", "answer": "军国主义", "reading_system_answer": "军国主义"}, {"question": "日本法西斯文人、种族主义和军国主义的理论家是什么", "answer": "种族主义", "reading_system_answer": null}, {"question": "日本法西斯文人、种族主义和军国主义的理论家是什么", "answer": "理论家", "reading_system_answer": null}]}, {"text": "是九一八事变直接组织者和参与者", "qa_pairs": [{"question": "九一八事变直接组织者和参与者是九一八事变直接组织者和参与者的接织者和参与者是九", "answer": "组织者", "reading_system_answer": null}, {"question": "九一八事变直接组织者和参与参与参事者是什么", "answer": "参与者", "reading_system_answer": null}]}, {"text": "受审期间出现“疯狂行为”", "qa_pairs": [{"question": "“疯狂行为”的“疯狂行为何没审期间出现“疯狂行为”的狂行", "answer": "", "reading_system_answer": "受审期间"}]}, {"text": "经鉴定认为患梅毒性脑炎而引起的精神异常", "qa_pairs": [{"question": "引为定认为毒经炎精精患梅附闯战争中中国鉴点的精点是什么", "answer": "经", "reading_system_answer": null}, {"question": "经鉴定认为患梅毒性脑炎的精神异常是什么", "answer": "梅毒性脑炎", "reading_system_answer": null}]}, {"text": "从而逃脱了正义的审判", "qa_pairs": [{"question": "从而逃脱了正义的审判的国家正逃脱了正义的审判的国家在从而审脱了审判的国家从脱判", "answer": "正义", "reading_system_answer": null}]}, {"text": "但在其死前曾说他当时并没有疯", "qa_pairs": [{"question": "曾说他当时并没有疯的前因为其死前曾说他当时并没有疯的疯点是什么", "answer": "", "reading_system_answer": null}]}, {"text": "两度担任日本首相（1937至1939年、1940至1941年）的近卫文麿在被捕前夕服毒自尽", "qa_pairs": [{"question": "）1937至1939年、1940至1940至1941年）的近卫文麿在被捕前夕服", "answer": "1941年", "reading_system_answer": null}, {"question": "）1937至1930至1940至1940至1年近卫文麿在被捕前夕服毒自尽的原因", "answer": "1937", "reading_system_answer": null}, {"question": "）1937至1930至1940至1940至1年近卫文麿在被捕前夕服毒自尽的原因", "answer": "1940", "reading_system_answer": null}, {"question": "日19至1947年、19至1941年）的近卫文麿在被捕前夕服毒自尽的是哪两个国", "answer": "两度", "reading_system_answer": "两度担任日本首相"}, {"question": "（19至1940至1931年）的近卫文麿在被捕前夕服毒自尽的（19至1930至", "answer": "日本首相", "reading_system_answer": null}, {"question": "）1937至1930至1940至1940至1年近卫文麿在被捕前夕服毒自尽的原因", "answer": "1939年", "reading_system_answer": null}]}, {"text": "曾任日本外务大臣的松冈洋右和海军上将永野修身分别在1946年6月27日和1947年1月2日病死", "qa_pairs": [{"question": "曾任日本本外大臣的松冈洋右和海军上将永野修身分别在1946年6月27日和194", "answer": "日本外务大臣", "reading_system_answer": null}, {"question": "曾任日本外务大臣的松冈洋右和海军上将永野修身分别在哪些国家修死", "answer": "1947年1月2日", "reading_system_answer": "1946年6月27日和1947年1月2日"}, {"question": "曾任日本外务大臣的松冈洋右和海军上将永野修身分别在1946年6月2日病死的国家", "answer": "松冈洋右", "reading_system_answer": null}, {"question": "曾任日本外务大臣的松冈洋右和海军上将永野修身分别在1946年1月2日病死的国家", "answer": "海军上将永野", "reading_system_answer": null}, {"question": "曾任日本外务大臣的松冈洋右和海军上将永野修身分别在哪些国家修死", "answer": "1946年6月27日", "reading_system_answer": "1946年6月27日和1947年1月2日"}]}, {"text": "曾任日本外务大臣兼大东亚大臣的东乡茂德被判20年有期徒刑", "qa_pairs": [{"question": "曾任日本外务大臣兼大东亚大臣的东乡茂德被判20年有期徒刑是什么", "answer": "东乡", "reading_system_answer": null}, {"question": "曾任日本外务大臣兼大东亚大臣的东乡茂德被判20年有期徒刑是什么时候", "answer": "20年", "reading_system_answer": null}, {"question": "东乡茂德被判20年有期徒刑是什么", "answer": "日本外务大臣", "reading_system_answer": null}, {"question": "曾任日本外务大臣兼大东亚大臣的东乡茂德被判20年有期徒刑是什么", "answer": "东亚大臣", "reading_system_answer": null}]}, {"text": "于1949年在狱中病死", "qa_pairs": [{"question": "于1949年在狱中病死的4949年在狱中病死的是什么", "answer": "1949年", "reading_system_answer": null}]}, {"text": "曾任日本驻苏联大使的重光葵被判有期徒刑7年", "qa_pairs": [{"question": "曾任日本驻苏联大使的重光葵被判有期徒刑7年被判有期徒刑7年被判有期徒刑7葵重光", "answer": "7年", "reading_system_answer": null}, {"question": "曾任日任日本本驻苏联大使的重光葵被判有期徒刑7年被判有期徒刑7葵的国家曾判有光", "answer": "日本", "reading_system_answer": null}, {"question": "曾任日本驻苏联大使的重光葵被判有期徒刑7年被判有期徒刑7年被判有期徒刑7年的国", "answer": "重光葵", "reading_system_answer": null}, {"question": "曾任日本驻苏联大使的重光葵被判有期徒刑7年被判有期徒刑7年被判有期徒刑7年的国", "answer": "苏联大使", "reading_system_answer": null}]}, {"text": "于1950年假释出狱", "qa_pairs": [{"question": "于1950年假释出狱的50年假释出狱的50年假释出的是什么时候", "answer": "1950年", "reading_system_answer": "1950年"}]}, {"text": "假释后于鸠山一郎内阁服务", "qa_pairs": [{"question": "假释释后于鸠山一郎内阁服务的原因是什么", "answer": "鸠山一郎内阁", "reading_system_answer": null}]}, {"text": "被判终身监禁16人中", "qa_pairs": [{"question": "被判终身监禁16人中被判终身监禁16人中中判终身监监16人中禁1被禁响了什么", "answer": "16人", "reading_system_answer": null}]}, {"text": "四个(小矶国昭、白鸟敏夫、梅津美治郎、平沼骐一郎)死于狱中", "qa_pairs": [{"question": "四小白鸟敏夫、梅津美治郎、平沼骐一郎)死于狱中的国家)、白矶国昭、、平沼骐一郎", "answer": "平沼", "reading_system_answer": "小矶国昭、白鸟敏夫、梅津美治郎、平沼骐一郎"}, {"question": "四、白鸟敏夫、梅津美治郎、平沼骐一郎)死于狱中的国家)小白鸟敏夫、梅津美治郎、", "answer": "小矶国", "reading_system_answer": null}, {"question": "四骐白鸟敏夫、梅津美治郎、平沼骐一郎)死于狱中的国家(、白矶国昭、白矶国治郎、", "answer": "白鸟", "reading_system_answer": null}, {"question": "四小白鸟敏夫、梅津美治郎、平沼骐一郎)死于狱中的国家)、白鸟敏夫、梅津美治郎、", "answer": "梅津美治郎", "reading_system_answer": "小矶国昭"}, {"question": "四小白鸟敏夫、梅津美治郎、平沼骐一郎)死于狱中的国家敏、白矶国昭、、平沼骐一郎", "answer": "一郎", "reading_system_answer": "小矶国昭、白鸟敏夫、梅津美治郎、平沼骐一郎"}, {"question": "四小白鸟敏夫、梅津美治郎、平沼骐一郎)死于狱中的国家)、白矶国昭、、平沼骐一郎", "answer": "夫", "reading_system_answer": "小矶国昭、白鸟敏夫、梅津美治郎、平沼骐一郎"}, {"question": "(小白鸟敏夫、梅津美治郎、平沼骐一郎)死于狱中的国家敏、白鸟敏夫、梅津美治郎、", "answer": "四个", "reading_system_answer": null}]}, {"text": "其他人于1955年假释出狱", "qa_pairs": [{"question": "其他人于195年假释出狱的原因是什么", "answer": "1955年", "reading_system_answer": null}]}, {"text": "荒木贞夫", "qa_pairs": [{"question": "荒木贞夫是什么", "answer": "木贞夫", "reading_system_answer": null}]}, {"text": "陆军大将", "qa_pairs": [{"question": "陆军大将陆军大将陆军大陆中陆军大陆军陆军陆军陆军陆军陆军陆军陆军陆军陆军陆军陆", "answer": "陆军", "reading_system_answer": null}]}, {"text": "日本前文部大臣", "qa_pairs": [{"question": "日日文本前文部大臣是哪四个部臣", "answer": "日本", "reading_system_answer": null}, {"question": "日本前文部大臣是哪里", "answer": "文部大臣", "reading_system_answer": null}]}, {"text": "梅津美治郎", "qa_pairs": [{"question": "梅津美治郎郎是什么", "answer": "梅津美治郎", "reading_system_answer": null}]}, {"text": "陆军大将", "qa_pairs": [{"question": "陆军大将陆军大将陆军大陆中陆军大陆军陆军陆军陆军陆军陆军陆军陆军陆军陆军陆军陆", "answer": "陆军", "reading_system_answer": null}]}, {"text": "日本前陆军参谋总长、前关东军司令", "qa_pairs": [{"question": "日本前陆军参谋总长、前关东军司令为什么", "answer": "关东军司令", "reading_system_answer": null}, {"question": "日本本前关东军司令的前关东军司令为前日关长、前陆军参谋总长、前陆军参府前军司令", "answer": "日本", "reading_system_answer": null}, {"question": "日本前陆军参谋总长、前关东军司令的是哪个国家的", "answer": "陆军参谋总长", "reading_system_answer": null}]}, {"text": "死于狱中", "qa_pairs": [{"question": "死于狱中死于狱中死于狱中死于狱中死于死于死于死狱狱狱的狱中中中狱狱狱死死中中中", "answer": "", "reading_system_answer": null}]}, {"text": "大岛浩", "qa_pairs": [{"question": "大岛浩浩浩岛大战中期期间浩岛大岛大岛大岛大岛大岛大岛大岛大岛大岛大岛大大浩大浩", "answer": "大岛浩", "reading_system_answer": null}]}, {"text": "日本前驻德国大使", "qa_pairs": [{"question": "日本前驻德国大使使用什么", "answer": "德国大使", "reading_system_answer": null}, {"question": "日日驻德国大使中大使德国大席前大席前大席前大席驻德国大席驻德国使用于什么措吁", "answer": "日本", "reading_system_answer": null}]}, {"text": "冈敬纯", "qa_pairs": [{"question": "冈敬纯纯纯纯冈敬冈敬冈冈敬冈纯冈纯冈纯敬敬冈纯敬敬冈纯敬敬敬敬冈纯敬敬敬冈纯敬", "answer": "冈敬纯", "reading_system_answer": null}]}, {"text": "海军大将", "qa_pairs": [{"question": "海军大将将将这一个海军大将将杜军海军海军海军大海军将杜大", "answer": "海军", "reading_system_answer": null}]}, {"text": "日本前海军省军务局局长、海军次官", "qa_pairs": [{"question": "日本前海军省军务局局长、海军次官的海军省官是哪一次", "answer": "海军次官", "reading_system_answer": null}, {"question": "日本前海军省军务局局长、海军次官的海军次官是什么", "answer": "海军省军务局局长", "reading_system_answer": null}, {"question": "海军省军务局局长、前海军次官海军次海军次海军省海军海军海军海军海军海军海军海军", "answer": "日本", "reading_system_answer": null}]}, {"text": "贺屋兴宣", "qa_pairs": [{"question": "贺屋兴宣是什么", "answer": "贺屋兴宣", "reading_system_answer": null}]}, {"text": "日本前大藏大臣", "qa_pairs": [{"question": "日本前大藏大臣是什么", "answer": "大藏大臣", "reading_system_answer": null}, {"question": "日日大藏大臣大臣大藏大席前大藏大席前大藏本大藏本大臣本大大国家大席大席前大日大", "answer": "日本", "reading_system_answer": null}]}, {"text": "木户幸一", "qa_pairs": [{"question": "木户幸一的木户幸一是什么", "answer": "木户", "reading_system_answer": null}]}, {"text": "侯爵", "qa_pairs": [{"question": "侯爵爵爵侯爵侯爵侯爵侯爵侯爵侯爵侯爵侯侯侯侯侯侯侯侯侯侯侯侯侯侯侯侯侯侯侯侯侯", "answer": "侯爵", "reading_system_answer": null}]}, {"text": "日本前内大臣、前文部大臣", "qa_pairs": [{"question": "日本前内大臣、前文部大臣是哪个", "answer": "大臣", "reading_system_answer": null}, {"question": "日大臣、前文部大臣、前文部大臣、前内大臣、前内部臣本前大国前大国前大国前大国前", "answer": "日本", "reading_system_answer": null}, {"question": "日本前内大臣、前文部大臣是哪个部大臣", "answer": "文部大臣", "reading_system_answer": null}]}, {"text": "小矶国昭", "qa_pairs": [{"question": "小矶国昭昭昭昭国小矶国昭矶矶矶小小小小小小小小", "answer": "小矶国", "reading_system_answer": null}]}, {"text": "陆军大将", "qa_pairs": [{"question": "陆军大将陆军大将陆军大陆中陆军大陆军陆军陆军陆军陆军陆军陆军陆军陆军陆军陆军陆", "answer": "陆军", "reading_system_answer": null}]}, {"text": "前朝鲜总督", "qa_pairs": [{"question": "朝鲜总督督督督府为什么", "answer": "朝鲜总督", "reading_system_answer": null}]}, {"text": "日本前首相", "qa_pairs": [{"question": "日日首相前首相首首相前前首首首首首首首首是相认为何要相前前前前前前日日本相日日", "answer": "日本", "reading_system_answer": null}]}, {"text": "死于狱中", "qa_pairs": [{"question": "死于狱中死于狱中死于狱中死于狱中死于死于死于死狱狱狱的狱中中中狱狱狱死死中中中", "answer": "", "reading_system_answer": null}]}, {"text": "佐藤贤了", "qa_pairs": [{"question": "佐藤贤了什么", "answer": "", "reading_system_answer": null}]}, {"text": "陆军大将", "qa_pairs": [{"question": "陆军大将陆军大将陆军大陆中陆军大陆军陆军陆军陆军陆军陆军陆军陆军陆军陆军陆军陆", "answer": "陆军", "reading_system_answer": null}]}, {"text": "日本前陆军省军务局长", "qa_pairs": [{"question": "日日陆军省军务局长的军务局长是什么", "answer": "日本", "reading_system_answer": null}, {"question": "日本前陆军省军务局长的军事局长是", "answer": "陆军省军务局长", "reading_system_answer": null}]}, {"text": "岛田繁太郎", "qa_pairs": [{"question": "岛田繁太郎的繁太郎是什么", "answer": "岛田", "reading_system_answer": null}, {"question": "岛田繁太郎的太郎是什么", "answer": "太郎", "reading_system_answer": null}]}, {"text": "海军大将", "qa_pairs": [{"question": "海军大将将将这一个海军大将将杜军海军海军海军大海军将杜大", "answer": "海军", "reading_system_answer": null}]}, {"text": "日本前海军大臣、前海军军令部总长", "qa_pairs": [{"question": "海军大臣、令部总长海军军令部总长海军军令海军大臣、前海军大臣、前海军大臣军令长", "answer": "日本", "reading_system_answer": null}, {"question": "日本前海军大臣、前海军军令部总长的总长是什么", "answer": "海军军令部总长", "reading_system_answer": null}, {"question": "日本前海军大臣、前海军军令部总长的总长是", "answer": "海军大臣", "reading_system_answer": null}]}, {"text": "白鸟敏夫", "qa_pairs": [{"question": "白鸟敏夫的敏夫是什么", "answer": "白鸟", "reading_system_answer": null}, {"question": "白鸟敏夫的敏夫是什么", "answer": "夫", "reading_system_answer": null}]}, {"text": "日本前驻意大利大使、外务省顾问官", "qa_pairs": [{"question": "日本前驻意大利大使、外务省顾问官的目的是", "answer": "外务省顾问官", "reading_system_answer": null}, {"question": "日日驻意大利大使、外务省顾问官的、前驻意大利外外务省顾问官的、前大使使用是什么", "answer": "日本", "reading_system_answer": null}, {"question": "日本前驻意大利大使、外务省顾问官的、外务省顾问官是什么", "answer": "意大利大使", "reading_system_answer": null}]}, {"text": "死于狱中", "qa_pairs": [{"question": "死于狱中死于狱中死于狱中死于狱中死于死于死于死狱狱狱的狱中中中狱狱狱死死中中中", "answer": "", "reading_system_answer": null}]}, {"text": "铃木贞一", "qa_pairs": [{"question": "铃木贞一的是什么", "answer": "铃木贞一", "reading_system_answer": null}]}, {"text": "陆军中将", "qa_pairs": [{"question": "陆军中将将中国海军将对于中国海军政府陆军将命达到何", "answer": "陆军中将", "reading_system_answer": null}]}, {"text": "日本前内阁企划院总裁兼无任所国务大臣", "qa_pairs": [{"question": "日本前内阁企划院总裁兼无任所国务大臣是哪个国家兼无任所国务大臣", "answer": "国务大臣", "reading_system_answer": null}, {"question": "日国务大战中日阁企划院总臣兼裁兼无任所国务大臣本内内大臣本总臣务院总臣本前内大", "answer": "日本", "reading_system_answer": null}, {"question": "日本阁企划院总裁兼无任所国务大臣是哪个国家兼无任所国务大臣", "answer": "内阁企划院", "reading_system_answer": null}]}, {"text": "南次郎", "qa_pairs": [{"question": "南次郎郎是什么", "answer": "南次郎", "reading_system_answer": null}]}, {"text": "陆军大将", "qa_pairs": [{"question": "陆军大将陆军大将陆军大陆中陆军大陆军陆军陆军陆军陆军陆军陆军陆军陆军陆军陆军陆", "answer": "陆军", "reading_system_answer": null}]}, {"text": "日本前关东军司令、前朝鲜总督", "qa_pairs": [{"question": "日本前关东军司令、前朝鲜总督的总督是哪个", "answer": "朝鲜总督", "reading_system_answer": null}, {"question": "日本前关东军司令、前朝鲜总督的总督是哪个", "answer": "关东军司令", "reading_system_answer": null}, {"question": "关东军司令、前朝鲜总督的总督是哪国家前关东军司令、前朝鲜总督", "answer": "日本", "reading_system_answer": "日本"}]}, {"text": "桥本欣五郎", "qa_pairs": [{"question": "桥本欣五郎是什么", "answer": "桥本欣五郎", "reading_system_answer": null}]}, {"text": "中日战争的煽动者、日本翼赞政治会(法西斯统治下的议会)总裁", "qa_pairs": [{"question": "中日战争的煽动者、日本翼赞政治会(法西斯统治下的议会)总裁的(日本翼赞政治会(", "answer": "政治", "reading_system_answer": null}, {"question": "中日战争的煽动者、日本翼赞政治会(法西斯统治下的议会)总裁是什么", "answer": "总裁", "reading_system_answer": null}, {"question": "中日战争的煽动者、日本翼赞政治会(总裁的议总裁是什么", "answer": "法西斯", "reading_system_answer": null}, {"question": "中翼裁(总赞政治会(总裁的国家的西斯统治下的议会)总裁的政翼总总赞政治者会(翼", "answer": "日本", "reading_system_answer": null}, {"question": "中总裁的总总裁是什么", "answer": "议会", "reading_system_answer": null}, {"question": "中日战争的煽动者、日本翼赞政治会(法西斯统治下的议会)总裁的煽总动者、日本翼赞", "answer": "煽动者", "reading_system_answer": null}]}, {"text": "畑俊六", "qa_pairs": [{"question": "畑俊六畑俊俊六畑畑俊俊俊畑畑畑畑畑是什么", "answer": "俊六", "reading_system_answer": null}]}, {"text": "陆军大将", "qa_pairs": [{"question": "陆军大将陆军大将陆军大陆中陆军大陆军陆军陆军陆军陆军陆军陆军陆军陆军陆军陆军陆", "answer": "陆军", "reading_system_answer": null}]}, {"text": "日本前华中派遣军总司令", "qa_pairs": [{"question": "日日华中派遣军总司令为什么派遣军总司令遣本前华中派遣军总司令遣本前华中派派华总", "answer": "日本", "reading_system_answer": "日本前华中派遣军"}, {"question": "日本前华中派遣军总司令为什么", "answer": "华中派遣军总司令", "reading_system_answer": null}]}, {"text": "平沼骐一郎", "qa_pairs": [{"question": "平沼骐一郎是什么", "answer": "一郎", "reading_system_answer": null}, {"question": "平沼骐一郎是什么", "answer": "平沼", "reading_system_answer": null}]}, {"text": "男爵", "qa_pairs": [{"question": "男爵男男是什么", "answer": "男爵", "reading_system_answer": null}]}, {"text": "日本前国务大臣", "qa_pairs": [{"question": "日日国务大臣前国务大臣本前国务大臣本前国务大席日国本务臣务臣日务臣日务臣日前前", "answer": "日本", "reading_system_answer": null}, {"question": "日本前国务大臣是什么", "answer": "国务大臣", "reading_system_answer": null}]}, {"text": "死于狱中", "qa_pairs": [{"question": "死于狱中死于狱中死于狱中死于狱中死于死于死于死狱狱狱的狱中中中狱狱狱死死中中中", "answer": "", "reading_system_answer": null}]}, {"text": "星野直树", "qa_pairs": [{"question": "星野直树的直升机直树直升机直升机直升机是什么", "answer": "星野直树", "reading_system_answer": null}]}, {"text": "日本前书记官长兼国务大臣", "qa_pairs": [{"question": "日日日务大臣前务大臣本官长兼国务大长国家兼臣务兼长大战时期长本官国务兼臣务长时", "answer": "日本", "reading_system_answer": null}, {"question": "日本前书记官长兼国务大臣是哪个国家务大臣", "answer": "书记官长", "reading_system_answer": null}, {"question": "日本前书记官长兼国务大臣是哪个", "answer": "国务大臣", "reading_system_answer": null}]}, {"text": "被判绞刑的7人都是犯战争罪和违反人道罪的甲级战犯", "qa_pairs": [{"question": "被判绞刑的7人都是犯战争罪和违反人道罪的甲级战犯中战犯中战争中战争中战争中战争", "answer": "人道罪", "reading_system_answer": null}, {"question": "被判绞刑的7人道罪的甲级战犯是什么", "answer": "绞刑", "reading_system_answer": "被判绞刑的7人都是犯战争罪和违反人道罪"}, {"question": "被判绞刑的7人都是犯反人道罪的甲级战犯是什么", "answer": "战争罪", "reading_system_answer": null}, {"question": "犯战争罪和违反人道罪的甲级战犯是什么", "answer": "7人", "reading_system_answer": null}]}, {"text": "大部分参与侵华战争", "qa_pairs": [{"question": "大部分参与侵华战争中大部分参与侵华战争中大部参华战争中与华国与大国大国大国大国", "answer": "战争", "reading_system_answer": null}, {"question": "大部分参与侵华战争中大部分参与侵华战争中大部参与大争分参与大部参华战争中与华国", "answer": "大部分", "reading_system_answer": null}]}, {"text": "个个罪大恶极", "qa_pairs": [{"question": "个个罪大恶极是什么", "answer": "", "reading_system_answer": null}]}, {"text": "被判极刑罪有应得", "qa_pairs": [{"question": "被判极刑罪有应得得被判极刑罪有应得有应得有什么罪罪", "answer": "极刑", "reading_system_answer": null}]}, {"text": "据说", "qa_pairs": [{"question": "据说为说据说据据说据据说据据说据据说据据说据据据据据据据据据说说说说据据据据据", "answer": "", "reading_system_answer": null}]}, {"text": "对这7人的绞刑判决是参与东京审判的11名各国法官通过无记名投票决定的", "qa_pairs": [{"question": "参与东京审判的11名各国法官通过无记名投票决定的国家参数的11名各国法官通过无", "answer": "11名", "reading_system_answer": "对这7人的绞刑判决"}, {"question": "对于7人的绞刑判决的国家参加的国家通过无记名投票决定的国家官通过无记名投票决定", "answer": "东京", "reading_system_answer": null}, {"question": "参与东京审判的11名各国法官通过无记名投票决定的国家参数的11名各国法官通过无", "answer": "7人", "reading_system_answer": "对这7人的绞刑判决"}, {"question": "参与东京审判的11名各国法官通过无记名投票决定的国家的绞刑判决的国家的绞刑判决", "answer": "绞刑", "reading_system_answer": "对这7人"}, {"question": "对东京审判的11名各国法官通过无记名投票决定的是哪个", "answer": "投票决定", "reading_system_answer": "对这7人的绞刑判决"}, {"question": "对东京审判的11名各国法官通过无记名投票决定的国家是参与东京审判的11名各国法", "answer": "法官", "reading_system_answer": "对这7人的绞刑判决"}]}, {"text": "最终以6比5的微弱优势作出这项判决", "qa_pairs": [{"question": "最终以6比5的微弱优势作出的是什么", "answer": "5", "reading_system_answer": null}, {"question": "最终以6比5的微弱优势作出的是什么", "answer": "6", "reading_system_answer": null}, {"question": "最终以6比5的微弱优势作出的是什么优势", "answer": "优势", "reading_system_answer": null}]}, {"text": "对中国人民来说", "qa_pairs": [{"question": "对中国人民来说的是什么", "answer": "中国人民", "reading_system_answer": null}]}, {"text": "这真可谓是一票险胜", "qa_pairs": [{"question": "真可谓是一票险胜的目的是什么", "answer": "一票险胜", "reading_system_answer": null}]}, {"text": "因11名法官曾宣过誓", "qa_pairs": [{"question": "因为因为因11名法官曾宣过誓的法官宣过誓是什么", "answer": "11名法官", "reading_system_answer": null}, {"question": "因11名法官曾宣过誓中宣过誓的目的是什么", "answer": "宣过誓", "reading_system_answer": null}]}, {"text": "且没有文字、照片、摄影记录", "qa_pairs": [{"question": "、照片、摄影记录的文字是什么", "answer": "摄影记录", "reading_system_answer": null}, {"question": "、照片、摄影记录的文字是什么", "answer": "照片", "reading_system_answer": null}, {"question": "、、照片、摄影记录的文字是什么", "answer": "文字", "reading_system_answer": null}]}, {"text": "可以肯定中国法官梅汝璈投赞成票外", "qa_pairs": [{"question": "可以肯定中国法官梅汝璈投赞成票外的国家以肯定中国法官梅汝璈投赞成票外的璈璈璈璈", "answer": "中国法官梅汝", "reading_system_answer": null}, {"question": "可以肯定中国法官梅汝璈投赞成票成票外外外票票成以中国投赞投赞投赞外票票的国家璈", "answer": "赞成票", "reading_system_answer": null}]}, {"text": "其他票是如何投的就成为永久的秘密", "qa_pairs": [{"question": "其秘密是永久的秘密的国家票的永久的秘密是什么", "answer": "票", "reading_system_answer": null}, {"question": "永久的秘密是什么", "answer": "秘密", "reading_system_answer": "其他票是如何投的"}]}, {"text": "当然这些都不重要了", "qa_pairs": [{"question": "当然这些不重要了重要了重要了什么", "answer": "", "reading_system_answer": null}]}, {"text": "重要的是公理和正义得到彰显", "qa_pairs": [{"question": "重要的义得到彰显是什么", "answer": "正义", "reading_system_answer": "公理和正义"}, {"question": "重要的是公理和正义得到彰显的彰显是什么", "answer": "公理", "reading_system_answer": null}]}, {"text": "现在我们看一看这7名被判绞刑的战犯都是谁", "qa_pairs": [{"question": "现在我们看一看这7名被判绞刑的战犯都是谁", "answer": "绞刑", "reading_system_answer": null}, {"question": "现在我们看一看这7名被判绞刑的战犯都是谁的战犯都是谁", "answer": "战犯", "reading_system_answer": null}, {"question": "现在我们看一看这7名被判绞刑的战犯都是谁的名被判绞刑的战犯都是谁", "answer": "7名", "reading_system_answer": null}]}, {"text": "1.东条英机", "qa_pairs": [{"question": "1月1.东条英条机机是什么", "answer": "1.东条英机", "reading_system_answer": null}]}, {"text": "陆军大将", "qa_pairs": [{"question": "陆军大将陆军大将陆军大陆中陆军大陆军陆军陆军陆军陆军陆军陆军陆军陆军陆军陆军陆", "answer": "陆军", "reading_system_answer": null}]}, {"text": "日本前关东远征军指挥官、前陆军大臣、前首相", "qa_pairs": [{"question": "、前陆军大臣、前首相、前陆军大臣、前首相、前关东远征军指挥官、前陆军大臣、前首", "answer": "关东远征军指挥官", "reading_system_answer": null}, {"question": "日本前关东远征军指挥官、前陆军大臣、前首相的首大臣、前陆军大臣、前陆军大臣、前", "answer": "陆军大臣", "reading_system_answer": null}, {"question": "陆前首相、、前首相、、前首相、前陆军大臣、前首相挥官首前大臣、前关东远征军指挥", "answer": "日本", "reading_system_answer": null}]}, {"text": "正是在他的批准下", "qa_pairs": [{"question": "在他的批准下的准下的准下批准是什么", "answer": "", "reading_system_answer": null}]}, {"text": "日军对被侵犯国犯下种种兽性", "qa_pairs": [{"question": "日日日被侵犯国犯下种种兽性的国家被侵犯国犯下种种兽性的国家对侵犯国犯下种种兽性", "answer": "日军", "reading_system_answer": null}, {"question": "日军对被侵犯被侵犯侵犯侵犯侵犯侵犯侵犯的国家被被犯种种兽性的国家被被犯种种下种", "answer": "国", "reading_system_answer": null}, {"question": "日军对被侵犯国犯下种种兽性是什么", "answer": "种种兽性", "reading_system_answer": null}]}, {"text": "2.板垣征四郎", "qa_pairs": [{"question": "2.板垣征四郎是哪一个", "answer": "四郎", "reading_system_answer": null}, {"question": "2.板垣征四郎是哪一个", "answer": "2.板垣", "reading_system_answer": null}]}, {"text": "陆军大将", "qa_pairs": [{"question": "陆军大将陆军大将陆军大陆中陆军大陆军陆军陆军陆军陆军陆军陆军陆军陆军陆军陆军陆", "answer": "陆军", "reading_system_answer": null}]}, {"text": "日本陆军大臣、前关东军参谋长、前中国派遣军参谋长", "qa_pairs": [{"question": "日本陆军大臣、前关东军参谋长、前中国派遣军参谋长的国家参遣军参谋长、前关东军参", "answer": "日本陆军大臣", "reading_system_answer": null}, {"question": "日本陆军大臣、前关东军参谋长、前中国派遣军参谋长的目的是什么", "answer": "中国派遣军参谋长", "reading_system_answer": null}, {"question": "日本陆军大臣、前关东军参谋长、前中国派遣军参谋长的目的是什么", "answer": "关东军参谋长", "reading_system_answer": null}]}, {"text": "与石原莞尔共同策划\"九一八\"事变", "qa_pairs": [{"question": "与石原莞尔共同策划\"九一八\"事变的国家与莞尔共同策划\"九一八\"事变的国家与莞尔", "answer": "石原", "reading_system_answer": null}, {"question": "与石原莞尔共同策划\"九一八\"事变的国家与莞尔共同策划\"九一八\"事变的国家与莞尔", "answer": "九一八", "reading_system_answer": null}, {"question": "与石原莞尔八\"九一八\"事变的八一同同策划\"九一八\"事变是什么", "answer": "事变", "reading_system_answer": null}, {"question": "与石原莞尔共同策划\"九一八\"事变的国家与莞尔共同策划\"九一八\"事变的国家与莞尔", "answer": "策划", "reading_system_answer": null}]}, {"text": "七七事变后带兵攻占山西", "qa_pairs": [{"question": "七七事变后带兵攻占山西西带兵攻占山西在七七事变后带兵攻占的攻占攻七七事变后占山", "answer": "山西", "reading_system_answer": null}]}, {"text": "以中国派遣军参谋长身份主持对华诱降工作", "qa_pairs": [{"question": "以中国派遣军参谋长身份主持对华诱降工作的是什么", "answer": "中国派遣军参谋长身份", "reading_system_answer": null}]}, {"text": "3.木村兵太郎", "qa_pairs": [{"question": "3月3.木村兵太郎是什么", "answer": "3.木村兵太郎", "reading_system_answer": null}]}, {"text": "陆军大将", "qa_pairs": [{"question": "陆军大将陆军大将陆军大陆中陆军大陆军陆军陆军陆军陆军陆军陆军陆军陆军陆军陆军陆", "answer": "陆军", "reading_system_answer": null}]}, {"text": "前驻缅甸日军总司令", "qa_pairs": [{"question": "前驻缅甸令为何要令驻总司令日军总司令日军总司令缅甸甸军总驻军日令杜甸", "answer": "缅甸日军总司令", "reading_system_answer": null}]}, {"text": "他是日本陆军的\"炮兵专家\"", "qa_pairs": [{"question": "日本陆军的\"炮兵专家\"是什么", "answer": "日本陆军", "reading_system_answer": null}, {"question": "日本陆军的\"炮兵专家\"是什么", "answer": "炮兵专家", "reading_system_answer": null}]}, {"text": "在缅甸制造了仰光大屠杀", "qa_pairs": [{"question": "在缅甸制造了仰光大屠杀的国家在缅甸制造了仰光大屠杀的国家在缅甸制造了仰光大屠杀", "answer": "仰光", "reading_system_answer": null}, {"question": "在缅甸制造了仰光大屠杀的国家在缅甸制造了仰光大屠杀的国家在缅甸制造了仰光大屠杀", "answer": "缅甸", "reading_system_answer": null}]}, {"text": "被称为\"缅甸屠夫\"", "qa_pairs": [{"question": "被称为\"缅甸屠夫\"的屠数是", "answer": "缅甸屠夫", "reading_system_answer": null}]}, {"text": "4.土肥原贤二", "qa_pairs": [{"question": "4月4二是什么", "answer": "4.土肥原贤二", "reading_system_answer": null}]}, {"text": "陆军大将", "qa_pairs": [{"question": "陆军大将陆军大将陆军大陆中陆军大陆军陆军陆军陆军陆军陆军陆军陆军陆军陆军陆军陆", "answer": "陆军", "reading_system_answer": null}]}, {"text": "特务、日本陆军参谋本部军官", "qa_pairs": [{"question": "特务、日本陆军参谋本部军官是哪个", "answer": "军官", "reading_system_answer": null}, {"question": "特务、日本陆军参谋本部军官是哪个", "answer": "日本陆军", "reading_system_answer": null}, {"question": "、、、、部军官是哪个部队", "answer": "特务", "reading_system_answer": "日本陆军参谋本部"}]}, {"text": "他长期生活在中国", "qa_pairs": [{"question": "长期生活在中国长期生活在中国长期生活在中国长期他长中长中国生活的中国生行的中国", "answer": "中国", "reading_system_answer": null}]}, {"text": "成为日本陆军特务系统中有名的\"中国通\"", "qa_pairs": [{"question": "日本\"中国通\"是什么", "answer": "日本陆军特务系统", "reading_system_answer": null}, {"question": "日本陆军特务系统中有名的\"中国通\"是什么", "answer": "中国通", "reading_system_answer": null}]}, {"text": "在华长期从事间谍情报工作", "qa_pairs": [{"question": "在华长期从事间谍情报工作的事间谍情报工作是什么", "answer": "华", "reading_system_answer": null}, {"question": "在华长期从事间谍情报工作的目的是什么", "answer": "间谍情报工作", "reading_system_answer": null}]}, {"text": "是建立伪\"满洲国\"和策划\"华北自治\"的幕后人物", "qa_pairs": [{"question": "\"和策划\"华北自治\"的幕后人物是什么", "answer": "满洲国", "reading_system_answer": "是建立伪\"满洲国\""}, {"question": "\"和策划\"华北自治\"的幕后人物是哪个", "answer": "幕后人物", "reading_system_answer": "是建立伪\"满洲国\""}, {"question": "\"和策划\"华北自治\"的幕后人物是哪个", "answer": "策划", "reading_system_answer": "是建立伪\"满洲国\""}, {"question": "建和策划\"华北自治\"的幕后人物是什么", "answer": "华北", "reading_system_answer": "是建立伪\"满洲国\""}]}, {"text": "5.广田弘毅", "qa_pairs": [{"question": "5.广弘毅弘毅是什么", "answer": "5.广田弘毅", "reading_system_answer": null}]}, {"text": "男爵", "qa_pairs": [{"question": "男爵男男是什么", "answer": "男爵", "reading_system_answer": null}]}, {"text": "日本前首相", "qa_pairs": [{"question": "日日首相前首相首首相前前首首首首首首首首是相认为何要相前前前前前前日日本相日日", "answer": "日本", "reading_system_answer": null}]}, {"text": "东京审判被绞死的唯一文官战犯", "qa_pairs": [{"question": "东京审死的唯一文官战犯是什么", "answer": "东京", "reading_system_answer": null}, {"question": "东京审判被绞死的唯一文官战犯是什么", "answer": "文官战犯", "reading_system_answer": null}]}, {"text": "臭名昭著的\"广田三原则\"正出自他手", "qa_pairs": [{"question": "\"正出自他手的原因是什么", "answer": "广田三原则", "reading_system_answer": "\"广田三原则\""}, {"question": "\"正出自他手的原因是什么", "answer": "手", "reading_system_answer": "\"广田三原则\""}]}, {"text": "6.松井石根", "qa_pairs": [{"question": "6月6.松井石根是什么", "answer": "6.松井石根", "reading_system_answer": null}]}, {"text": "陆军大将", "qa_pairs": [{"question": "陆军大将陆军大将陆军大陆中陆军大陆军陆军陆军陆军陆军陆军陆军陆军陆军陆军陆军陆", "answer": "陆军", "reading_system_answer": null}]}, {"text": "日本前华中派遣军总司令", "qa_pairs": [{"question": "日日华中派遣军总司令为什么派遣军总司令遣本前华中派遣军总司令遣本前华中派派华总", "answer": "日本", "reading_system_answer": "日本前华中派遣军"}, {"question": "日本前华中派遣军总司令为什么", "answer": "华中派遣军总司令", "reading_system_answer": null}]}, {"text": "南京大屠杀的始作俑者", "qa_pairs": [{"question": "南京大屠杀的始作俑者是哪个", "answer": "始作俑者", "reading_system_answer": null}]}, {"text": "7.武藤章", "qa_pairs": [{"question": "7月7.武藤章是什么", "answer": "7.武藤章", "reading_system_answer": null}]}, {"text": "陆军中将", "qa_pairs": [{"question": "陆军中将将中国海军将对于中国海军政府陆军将命达到何", "answer": "陆军中将", "reading_system_answer": null}]}, {"text": "日本前第十四师团参谋长、前陆军省军务局局长", "qa_pairs": [{"question": "第十四师团谋长、前陆军省军务局局长的国家前第十四师团谋长、前陆军省军务局局长是", "answer": "日本", "reading_system_answer": null}, {"question": "日本前第十四师团参谋长、前陆军省军务局局长是", "answer": "第十四师团参谋长", "reading_system_answer": null}, {"question": "日本前第十四师团参谋长、前陆军省军务局局长的目的是什么", "answer": "陆军省军务局局长", "reading_system_answer": null}]}, {"text": "擅长搜集情报", "qa_pairs": [{"question": "擅长搜集情报的情报中擅长搜集情报的情长是", "answer": "", "reading_system_answer": null}]}, {"text": "正是他下令日军在南京市内宿营", "qa_pairs": [{"question": "日他下令日下令日军京市内宿营的南京市内宿营是什么", "answer": "日军", "reading_system_answer": null}, {"question": "正令日军在南京市内宿营的目的是", "answer": "南京市内宿营", "reading_system_answer": null}]}, {"text": "酿成了南京大屠杀", "qa_pairs": [{"question": "酿成了南京大屠杀的南京大屠杀是什么", "answer": "", "reading_system_answer": null}]}, {"text": "需要指出的是", "qa_pairs": [{"question": "需要指出的是需要指出的是需要指出的出的出的出的出的出的出的出的出的出的出要是需", "answer": "", "reading_system_answer": null}]}, {"text": "另一位南京大屠杀的重要参与者日军驻南京第6师团中将师团长谷寿夫也因所犯罪行受到法庭审判", "qa_pairs": [{"question": "南京大屠杀的重要参与者日军驻南京第6师团中将师团长谷寿夫也因所犯罪行受到法庭审", "answer": "南京第6师团中将师团", "reading_system_answer": null}, {"question": "南京大屠杀的重要参与者日军驻南京第6师团中将师团长谷寿夫也因所犯罪行受到法庭审", "answer": "法庭", "reading_system_answer": null}, {"question": "与重要参与者日军驻南京第6师团中将师团长谷寿夫的国家杀的重要参与者杀的重要到法", "answer": "谷寿夫", "reading_system_answer": "南京大屠杀"}, {"question": "南京大屠杀的重要参与者日军驻南京第6师团中将师团长谷寿夫也因所犯罪行受到法庭审", "answer": "一位", "reading_system_answer": null}, {"question": "南京大屠杀的重要参与者日军驻南京第6师团中将师团长谷寿夫也因所犯罪行受到法庭审", "answer": "参与者日军", "reading_system_answer": null}]}, {"text": "1947年4月", "qa_pairs": [{"question": "1月4年7年4月4月7月4年4月4月4月4月4月4月4年494月94月94月9", "answer": "1947年4月", "reading_system_answer": null}]}, {"text": "他在被日本战犯之滔天罪行染红的南京城南门被枪决", "qa_pairs": [{"question": "南京城南门被枪决的南京城南门被枪决是什么", "answer": "染红", "reading_system_answer": null}, {"question": "南京城南门被枪决是什么", "answer": "南京城南门", "reading_system_answer": null}, {"question": "南京城南门被枪决的枪决是什么", "answer": "日本战犯", "reading_system_answer": null}]}, {"text": "可以看出", "qa_pairs": [{"question": "可以看出以看出以看出以看出以出以以出以以出看看可以出以出看可可以出看可可以出看", "answer": "", "reading_system_answer": null}]}, {"text": "被判处绞刑的7人中没有出现臭名昭著的731部队军官石井四郎", "qa_pairs": [{"question": "731部队军官石井四郎的军官石井四郎是什么", "answer": "绞刑", "reading_system_answer": null}, {"question": "被判处绞刑的7人中没有出现臭名昭著的731部队军官石井四郎是什么", "answer": "731部队军官石井四郎", "reading_system_answer": null}, {"question": "7月7著的731部队军官石井四郎的国家有出现臭名昭著的731部队军官石井四郎是", "answer": "7人", "reading_system_answer": "被判处绞刑的7人"}]}, {"text": "单以反人类罪足以将其判处绞刑", "qa_pairs": [{"question": "单以反人类罪足以将其判处绞刑的反人类罪足以将其判处绞刑的反人类反人类罪足将其反", "answer": "人类", "reading_system_answer": null}, {"question": "单以反人类罪足以将其判处绞刑的反人类罪足以将其判处绞刑的反人类罪足将其绞刑单以", "answer": "绞刑", "reading_system_answer": null}]}, {"text": "然而", "qa_pairs": [{"question": "然而而然然而然然然然然然然然然然然然然然然而然而然而然而然而然而然而然而然而然", "answer": "", "reading_system_answer": null}]}, {"text": "在美国强烈要求下", "qa_pairs": [{"question": "在美国强烈要求下的国家在在美国强烈要求下的要求下的要求要强在美国求要要强出的国", "answer": "美国", "reading_system_answer": null}]}, {"text": "石井四郎及其所有副手都未受到远东国际法庭的追究", "qa_pairs": [{"question": "石井四郎及其所有副手都未受到远东国际法庭的追究是什么", "answer": "远东国际法庭", "reading_system_answer": null}, {"question": "石井四郎及其所有副手都未受到远东国际法庭的追究是什么", "answer": "石井四郎", "reading_system_answer": null}, {"question": "石井四郎及其所有副手都未受到远东国际法庭的追究是什么", "answer": "副手", "reading_system_answer": null}]}, {"text": "反倒是他们在审判开始前秘密抵达美国成为知名医生", "qa_pairs": [{"question": "反倒是他们在审判开始前秘密抵达的国家在审判开始前秘密抵达的国家在审判开始前知名", "answer": "秘密", "reading_system_answer": null}, {"question": "反判开始前秘密抵达美国成为知名医生的国家在审判开始前秘密抵达的国家在审判开倒的", "answer": "美国", "reading_system_answer": null}, {"question": "美国成为知名医生的反判开始前秘密抵达美国成为知名医生的目的是什么", "answer": "医生", "reading_system_answer": null}]}, {"text": "731部队逃脱惩罚可以说是东京审判的最不公正之处", "qa_pairs": [{"question": "731部队逃罚可以说是东京审判的最不公正之处是", "answer": "处", "reading_system_answer": "731部队逃脱惩罚"}, {"question": "731部队逃脱惩罚可以说是东京审判的最不公正之处是什么", "answer": "731部队", "reading_system_answer": "731部队逃脱惩罚"}, {"question": "731部队逃脱惩罚可以说是东京审判的最不公正之处是什么", "answer": "东京", "reading_system_answer": "731部队逃脱惩罚"}, {"question": "731部队逃脱惩罚可以说是东京审判的最不公正之处是什么", "answer": "公正", "reading_system_answer": "731部队逃脱惩罚"}]}, {"text": "也是这一审判不完美的一方面", "qa_pairs": [{"question": "美国美国的美国的美国的美国的美国的美国完完面不完完完判判不判面的一方面面面判是", "answer": "一", "reading_system_answer": null}, {"question": "美国美国的一审判不完美的一方面是什么", "answer": "一方面", "reading_system_answer": null}]}]}