{"passage": "在很多人的印象中，手枪都是比较小巧的，隐蔽性非常高。在一些影视剧中，我们也可以看到剧中人物通常都会将手枪藏在后腰或者脚踝处，以免被人发现。但是最近美国厂商推出的一款手枪却大大颠覆人们对手枪的认知。 美国新推出的这款手枪就是M48 NCH（Nosler Custom Handgun）手枪，是基于M48型步枪而演化过来的。这款NCH手枪在外形上主要是将原本的一体式枪托部分改成了手枪式握把，另外还将它改成了无托结构，使它更加符合美国联邦法对手枪的定义。  这款M48 NCH手枪的颜值是非常高的。NCH手枪全长18英寸以上，总重在5.4磅以上。它的枪管部分采用的是不锈钢材料，而护木部分则是采用的航空铝材，看起来非常有档次感。且这款栓动手枪的握把采用的是经典的AR系列步枪握把，以及护木的形状设计和枪口螺纹设计也都非常类似于狩猎用的栓动步枪。所以也可以称NCH手枪为栓动手枪。  还有就是NCH手枪一共拥有6种不同大小的口径。这些口径的大小也决定了这款NCH栓动手枪做不到快速的连发射击，而是只能单发射击，而且射击速度也比较慢。但是这款手枪的射击精度是非常高的，而且人机功效也比较高。这些优点就可以弥补在射击速度上的不足，并借此获得广大射击爱好者的欢迎。  这款NCH手枪的做工是非常精良的，所以它的售价也是比较昂贵的。据NCH手枪的生产家诺斯勒公司透露的消息可知，这款手枪的零售价大约是2495美元。如果要选择升级方案的话，那售价就会更加贵一些。不过即使售价不便宜，估计还是会有蛮多人购买的，毕竟NCH手枪是非常独特的一个产品。", "sentences": [{"text": "在很多人的印象中", "qa_pairs": [{"question": "印象中中印象中印度很多人的印象中中国很多人的多人的多人的多很印在印象在印度的中", "answer": "印象", "reading_system_answer": null}, {"question": "在很多人的印象中中印象中象的印象在很多人的印度是什么", "answer": "很多人", "reading_system_answer": null}]}, {"text": "手枪都是比较小巧的", "qa_pairs": [{"question": "手枪都是比较小巧的是比较小巧的", "answer": "手枪", "reading_system_answer": null}, {"question": "手枪都是比较小巧的的手枪是什么", "answer": "小巧", "reading_system_answer": null}]}, {"text": "隐蔽性非常高", "qa_pairs": [{"question": "隐蔽性非常高是什么", "answer": "隐蔽性", "reading_system_answer": null}]}, {"text": "在一些影视剧中", "qa_pairs": [{"question": "在一些影视剧中在一些影视剧中中一些剧中在影视影视剧中中影些影些一在影视一在影些", "answer": "一些影视剧", "reading_system_answer": null}]}, {"text": "我们也可以看到剧中人物通常都会将手枪藏在后腰或者脚踝处", "qa_pairs": [{"question": "我国在后腰或者脚踝处的国家在后腰或者脚踝处是什么", "answer": "手枪", "reading_system_answer": null}, {"question": "我国手枪藏在后腰或者脚踝处是什么", "answer": "剧中人物", "reading_system_answer": null}, {"question": "我国手枪藏在后腰或者脚踝处的手枪是什么", "answer": "脚踝处", "reading_system_answer": null}, {"question": "我国手枪藏在后腰或者脚踝处的国家在我国的手枪藏腰或者脚踝处是什么", "answer": "后腰", "reading_system_answer": null}]}, {"text": "以免被人发现", "qa_pairs": [{"question": "被人发现以免被人发现以发被人发免现以发免现以发免现发免现发免现发免现发免现发免", "answer": "人", "reading_system_answer": null}]}, {"text": "但是最近美国厂商推出的一款手枪却大大颠覆人们对手枪的认知", "qa_pairs": [{"question": "最近美国厂商推出的一款手枪是哪个", "answer": "手枪", "reading_system_answer": null}, {"question": "最近美国厂商推出的一款手枪是哪个", "answer": "美国厂商", "reading_system_answer": null}, {"question": "最近美国厂商推出的一款手枪是哪一款手枪", "answer": "一款手枪", "reading_system_answer": null}, {"question": "最近美国厂商推出的一款手枪是哪个", "answer": "人们", "reading_system_answer": null}]}, {"text": "美国新推出的这款手枪就是M48 NCH（Nosler Custom Handgun）手枪", "qa_pairs": [{"question": "美国新推出的这款手枪是哪一款", "answer": "NCH", "reading_system_answer": "M48 NCH"}, {"question": "m48nch（ndguetcutomhancguen）手枪的国家在m48nch", "answer": "手枪", "reading_system_answer": null}, {"question": "美国新推出的这款手枪是哪一款", "answer": "M48", "reading_system_answer": "M48 NCH"}, {"question": "m48ndsctomhandguen）手枪是哪个国家手枪的国家出的m48nos", "answer": "美国", "reading_system_answer": null}, {"question": "美国新推出的这款手枪是哪一款", "answer": "Custom", "reading_system_answer": "M48 NCH"}, {"question": "美国新推出的这款手枪是哪一个", "answer": "Nosler", "reading_system_answer": "M48 NCH"}, {"question": "美国新推出的这款手枪是哪一款", "answer": "Handgun", "reading_system_answer": "M48 NCH"}]}, {"text": "是基于M48型步枪而演化过来的", "qa_pairs": [{"question": "m48型步枪的演化过来的是什么型号", "answer": "M48", "reading_system_answer": null}, {"question": "基于m48型步枪而演化过来的步枪演化过来的是基于m48型步枪的国家是848型步", "answer": "步枪", "reading_system_answer": null}]}, {"text": "这款NCH手枪在外形上主要是将原本的一体式枪托部分改成了手枪式握把", "qa_pairs": [{"question": "nch手枪的手枪式部分是什么", "answer": "枪托部分", "reading_system_answer": null}, {"question": "在外形上主要是将原本的一体式枪托部分改成了手枪式握把什么", "answer": "手枪", "reading_system_answer": "这款NCH手枪"}, {"question": "在外形上主要是将原本的一体式枪托部分改成了手枪式握把什么", "answer": "NCH手枪", "reading_system_answer": "这款NCH手枪"}, {"question": "nch手枪的原型枪是哪个", "answer": "原本", "reading_system_answer": null}, {"question": "nch手枪的手枪式握把什么", "answer": "外形", "reading_system_answer": "一体式枪托部分"}]}, {"text": "另外还将它改成了无托结构", "qa_pairs": [{"question": "将它改成了无托结构的结构是什么", "answer": "结构", "reading_system_answer": null}]}, {"text": "使它更加符合美国联邦法对手枪的定义", "qa_pairs": [{"question": "美国联邦法对手枪的定义是什么", "answer": "手枪", "reading_system_answer": null}, {"question": "美国联邦法对手枪的定义是什么", "answer": "定义", "reading_system_answer": null}, {"question": "美国联邦法对手枪的定义是什么", "answer": "美国联邦", "reading_system_answer": null}]}, {"text": "这款M48 NCH手枪的颜值是非常高的", "qa_pairs": [{"question": "m48nch手枪的颜值是什么", "answer": "M48", "reading_system_answer": null}, {"question": "m48nch手枪的颜值是什么", "answer": "颜值", "reading_system_answer": null}, {"question": "m48nch手枪的颜值是什么", "answer": "NCH手枪", "reading_system_answer": null}]}, {"text": "NCH手枪全长18英寸以上", "qa_pairs": [{"question": "nch手枪全长是多少", "answer": "NCH手枪全长18英寸", "reading_system_answer": null}]}, {"text": "总重在5.4磅以上", "qa_pairs": [{"question": "总重在5.4磅以上的原因是什么", "answer": "5.4磅", "reading_system_answer": null}, {"question": "在5.4磅以上在5.4磅以上的总重在5.4磅以上的重要在5.4磅以上的重要在5", "answer": "总重", "reading_system_answer": null}]}, {"text": "它的枪管部分采用的是不锈钢材料", "qa_pairs": [{"question": "它的枪管部分采用的是什么材料", "answer": "不锈钢材料", "reading_system_answer": null}, {"question": "它的枪管部分采用的是不锈钢材料的国家的枪管部分采用的是什么管部分采用的", "answer": "枪管部分", "reading_system_answer": null}]}, {"text": "而护木部分则是采用的航空铝材", "qa_pairs": [{"question": "护木部分则是采用的航空铝材的目的是什么", "answer": "航空铝材", "reading_system_answer": null}, {"question": "护木部分则是采用的航空铝材的部分是什么", "answer": "护木部分", "reading_system_answer": null}]}, {"text": "看起来非常有档次感", "qa_pairs": [{"question": "看起来来非常有档次感非常有档次感非常有档次感非常有档次感非常来来来感档看起感档", "answer": "档次", "reading_system_answer": null}]}, {"text": "且这款栓动手枪的握把采用的是经典的AR系列步枪握把", "qa_pairs": [{"question": "ar系列步枪握把什么握把采用的", "answer": "栓动手枪", "reading_system_answer": "这款栓动手枪的握把"}, {"question": "ar系列步枪握把什么握把采用的", "answer": "AR系列步枪", "reading_system_answer": "这款栓动手枪的握把"}, {"question": "ar系列步枪握把什么", "answer": "经典", "reading_system_answer": null}]}, {"text": "以及护木的形状设计和枪口螺纹设计也都非常类似于狩猎用的栓动步枪", "qa_pairs": [{"question": "以及护木的形状设计和枪口螺纹设计也都非常类似于狩猎用的栓动步枪的国家的栓动步枪", "answer": "栓动步枪", "reading_system_answer": null}, {"question": "以及护木的形状设计和枪口螺纹设计也都非常类似于狩猎用的栓动步枪的国家的护木的形", "answer": "狩猎", "reading_system_answer": null}, {"question": "以及护木的形状设计和枪口螺纹设计也都非常类似于狩猎用的栓动步枪的国家的形状设计", "answer": "枪口螺纹", "reading_system_answer": null}, {"question": "以及护木的形状设计和枪口螺纹设计也都类似于狩猎用的栓动步枪的国家的形状设计和枪", "answer": "形状", "reading_system_answer": null}, {"question": "以及护木的形状设计和枪口螺纹设计也都非常类似于狩猎用的栓动步枪的国家的护木的形", "answer": "护木", "reading_system_answer": null}]}, {"text": "所以也可以称NCH手枪为栓动手枪", "qa_pairs": [{"question": "nch手枪为什么手枪", "answer": "栓动手枪", "reading_system_answer": null}, {"question": "nch手枪为什么手枪", "answer": "NCH手枪", "reading_system_answer": null}]}, {"text": "还有就是NCH手枪一共拥有6种不同大小的口径", "qa_pairs": [{"question": "nch手枪的口径是什么", "answer": "6种", "reading_system_answer": null}, {"question": "nch手枪的口径是什么", "answer": "口径", "reading_system_answer": null}, {"question": "nch手枪是哪一款", "answer": "NCH手枪", "reading_system_answer": "NCH手枪"}]}, {"text": "这些口径的大小也决定了这款NCH栓动手枪做不到快速的连发射击", "qa_pairs": [{"question": "nch栓动手枪的连发射击是哪种", "answer": "口径", "reading_system_answer": null}, {"question": "nch栓动手枪做不到快速的连发射击是什么", "answer": "NCH栓动手枪", "reading_system_answer": "这些口径的大小"}]}, {"text": "而是只能单发射击", "qa_pairs": [{"question": "只能单发射击中发射击中发射击长只能单发射击中发射的单发射的单发击射是发射的发射", "answer": "单发", "reading_system_answer": null}]}, {"text": "而且射击速度也比较慢", "qa_pairs": [{"question": "射击速度也比较慢的射击速度也比较慢的射击速度也比较慢的速度也比且而且而且也而而", "answer": "速度", "reading_system_answer": null}]}, {"text": "但是这款手枪的射击精度是非常高的", "qa_pairs": [{"question": "这款手枪的射击精度是什么", "answer": "精度", "reading_system_answer": "非常高"}, {"question": "这款手枪的射击精度是非常高的手枪的射击精度是非常高的", "answer": "款手枪", "reading_system_answer": null}]}, {"text": "而且人机功效也比较高", "qa_pairs": [{"question": "人机功效也比较高的人机功效也比较高是什么", "answer": "人机功效", "reading_system_answer": null}]}, {"text": "这些优点就可以弥补在射击速度上的不足", "qa_pairs": [{"question": "这些优点就可以弥补在射击速度上的不足的优点是什么", "answer": "优点", "reading_system_answer": null}, {"question": "弥补在射击速度上的不足的射击速度上的不足是什么", "answer": "速度", "reading_system_answer": null}]}, {"text": "并借此获得广大射击爱好者的欢迎", "qa_pairs": [{"question": "并借此获得广大射击爱好者的欢迎是什么", "answer": "爱好者", "reading_system_answer": null}]}, {"text": "这款NCH手枪的做工是非常精良的", "qa_pairs": [{"question": "nch手枪的做工是非常精良的是什么", "answer": "NCH手枪", "reading_system_answer": null}]}, {"text": "所以它的售价也是比较昂贵的", "qa_pairs": [{"question": "比较昂贵的战斗机预价也是比较昂贵的战斗机其售价也是比较昂贵的", "answer": "售价", "reading_system_answer": "所以"}]}, {"text": "据NCH手枪的生产家诺斯勒公司透露的消息可知", "qa_pairs": [{"question": "诺ch手枪的生产家诺斯勒公司透露的消息可知是什么", "answer": "消息", "reading_system_answer": null}, {"question": "nch手枪的生产家诺斯勒公司透露的消息可知消息可知消息可知的透露的消息的透露的", "answer": "公司", "reading_system_answer": null}, {"question": "诺斯勒公司透露的消息可知的手枪的生产家诺斯勒公司透露的消息可知的手枪的生产家诺", "answer": "NCH手枪", "reading_system_answer": "NCH手枪"}, {"question": "nch手枪的生产家诺斯勒公司透露的消息可知的公司的消息可知的公司的消枪的生产家", "answer": "家", "reading_system_answer": null}]}, {"text": "这款手枪的零售价大约是2495美元", "qa_pairs": [{"question": "美国的手枪的零售价大约是多少", "answer": "2495美元", "reading_system_answer": null}, {"question": "2月零售价大约是2495美元的手枪的零售价大约是2495美元的手枪的零售价大约", "answer": "款手枪", "reading_system_answer": null}, {"question": "2月2日大约是2495美元的国家售价大约是2495美元的国家售价大约是2495", "answer": "零售价", "reading_system_answer": null}]}, {"text": "如果要选择升级方案的话", "qa_pairs": [{"question": "如果要选择升级方案的话话的话话的方案的方案择升级方案择果要选择升级方案的方话的", "answer": "方案", "reading_system_answer": null}]}, {"text": "那售价就会更加贵一些", "qa_pairs": [{"question": "售贵价就会更加贵一些的售贵一点是什么", "answer": "售价", "reading_system_answer": null}, {"question": "售价就会更加贵一些的一十是", "answer": "一些", "reading_system_answer": null}]}, {"text": "不过即使售价不便宜", "qa_pairs": [{"question": "不过即使售价不便宜为不过使售价不便宜的售价不便宜为什么要不过即售价不便宜", "answer": "售价", "reading_system_answer": null}]}, {"text": "估计还是会有蛮多人购买的", "qa_pairs": [{"question": "估计还是会有蛮多人购买的买的蛮多人购买的蛮多人购买的蛮多人购还是会有蛮多人购还", "answer": "多人", "reading_system_answer": null}]}, {"text": "毕竟NCH手枪是非常独特的一个产品", "qa_pairs": [{"question": "非常独特的一个产品是什么", "answer": "NCH手枪", "reading_system_answer": "NCH手枪"}, {"question": "毕竟nch手枪是非常独特的一个产品是什么", "answer": "一个产品", "reading_system_answer": null}]}]}