{"passage": "美国空军的第64、65“入侵者中队”是美军的假想敌部队，以擅长全方位模仿潜在对手而闻名，他们用F—16等战机模拟各国新型战机，与美国空军及其盟国空中力量的飞行员进行实战对抗演练，训练出了很多的飞行员。是该国空军的“专业陪练”，这种对抗演练对于飞行员战斗力的提升发挥了一定的作用。   第64入侵者中队驻扎在美国阿拉斯加艾尔森空军基地，该连队配备24架F—16C战斗机，第65中队曾在上世纪的1986年被由于经费紧张而撤编，2006年又恢复重建，驻扎在内华达州内利斯空军基地，装备16架F—16战斗机。   入侵者中队由技术顶尖的飞行员组成，由于扮演潜在对手的需要，他们的飞机涂装一直紧跟世界潮流，涂装模拟各国新型战斗机的迷彩颜色，经常进行特殊的训练，为了让参演部队得到最真实的体验，采用假想敌的飞行战术，驾驶的战斗机除了喷涂对方军机的颜色和迷彩外，就连机徽、飞行服，飞行员头盔等这些小的细节也进行了复制，为了尽可能做到逼真模拟，美军方可谓煞费苦心，当然，由于搞不到真的战斗机，也只能将自己的战机涂装成对手飞机的样子进行模拟训练。   入侵者中队模拟潜在对手战机由来已久，近年来，随着苏—57、歼—20等先进隐身战机的出现，拉近了与美军先进战斗机的技术差距，战力在仲伯之间，美空军的优势在逐渐缩小，因此，该国正积极研究未来的空战，而模拟各国新型战机并与之对抗是必不可少的课目，这种做法或许是军事大国的超前意识，至于效果怎么样就不得而知了。   第64入侵者中队的指挥官不久前公布过一张独特的照片，一架F—16与一架黑色涂装的F—35战斗机齐飞，而这架F—35模拟的是我国2014年珠海航展上首次亮相的FC—31“鹘鹰”第五代隐形战斗机，但这并不是美国军机第一次模仿FC—31，早在2017年7月31日，一架在阿拉斯加州艾尔森空军基地参加红旗军演的F—16战斗机就被拍摄到采用了类似FC—31的黑色涂装。   对于F—16而言，模拟与之存在代差的先进隐形战斗机难度很高，后来基地为此事出面解释称，这只是一架没有完成涂装的F—16，后来该机也涂上黑、灰、白三色割裂色彩，如今F—35已开始大批量生产，用同为五代机的F—35来模拟我国的FC—31相似度会大一些，配色方案也随之出现，尽管我国这款战机的战力尚不为外界所知道，不过我们从该国空军的数次模拟中可看出美军对我国战斗机的“忌惮”。   无独有偶，不久前该中队又在社交媒体上公布了新的F—16战斗机配色方案，这个配色方案中的美式战斗机涂上了与俄罗斯苏—57同样的涂装，用来模拟俄罗斯第五代隐形战斗机，去年第64侵略者中队指挥官，还在网络上发起了为新假想敌机征求配色方案的投票活动，所以这些配色方案有些是基于现有的涂装设计，有的也采纳了一些战斗机爱好者的设计，经过几个月的筛选后，定下了假想敌苏—57的涂装方案，随后第64侵略者中队的F—16将换上选定的新涂装，亮相2019年11月内利斯空军基地的航空展。   有人说，为什么只模拟涂装，直接山寨不就行了吗，说得轻巧，战斗机是高技术的产物，各国都有自己的独门绝技，是不可能山寨得出来的，何况这还是个烧钱的玩意，不过，用F—16来模拟FC—31、苏—57这些新型隐身战斗机，性能上千差万别，会装得像吗？你一个三代机来冒充五代机，也太高看自己了。   （本文资料来自网络，欢迎大家阅读讨论，若有侵权，请联系编者删除）", "sentences": [{"text": "美国空军的第64、65“入侵者中队”是美军的假想敌部队", "qa_pairs": [{"question": "美国空军的第64、65“65“6、656、入”4、是4者是4者是4者44第44", "answer": "第64", "reading_system_answer": "入侵者中队"}, {"question": "美军的假想敌部队是哪个国家", "answer": "美国空军", "reading_system_answer": "美国空军的第64、65“入侵者中队”"}, {"question": "美国空军的第64、65“入侵者中队”是美军的假想敌部队是", "answer": "部队", "reading_system_answer": "美国空军的第64、65“入侵者中队”"}, {"question": "美国空军的第64、65“5“入侵者中队”是美军的假想敌部队是什么", "answer": "入侵者中队", "reading_system_answer": "美国空军的第64、65“入侵者中队”"}, {"question": "美国空军的第64、65“入侵者中队”是美军的假想敌部队的国家的第64、65“入", "answer": "65", "reading_system_answer": null}]}, {"text": "以擅长全方位模仿潜在对手而闻名", "qa_pairs": [{"question": "以擅长全方位模仿潜在对手而闻名的国家仿造的手而闻名是什么", "answer": "全方位", "reading_system_answer": "以擅长全方位模仿潜在对手"}]}, {"text": "他们用F—16等战机模拟各国新型战机", "qa_pairs": [{"question": "f—16等战机模拟各国新型战机是哪个型号", "answer": "F", "reading_system_answer": null}, {"question": "f—16等战机模拟各国新型战机模拟各国新型战机是哪一个", "answer": "战机", "reading_system_answer": "他们用F—16等战机"}, {"question": "f—16等战机模拟各国新型战机模拟各国新型战机是哪一个", "answer": "16", "reading_system_answer": "他们用F—16等战机"}]}, {"text": "与美国空军及其盟国空中力量的飞行员进行实战对抗演练", "qa_pairs": [{"question": "与美国空军及其盟国空中力量的飞行员进行实战对抗演练的国家与美国空军及其盟国空中", "answer": "飞行员", "reading_system_answer": null}, {"question": "与美国空军及其盟国空中力量的飞行员进行实战对抗演练的国家其空中力量的飞行员进行", "answer": "力量", "reading_system_answer": null}, {"question": "与美国空军及其盟国空中力量的飞行员进行实战对抗演练的国家与美国空军及其盟国空中", "answer": "美国空军", "reading_system_answer": null}, {"question": "与美国空军及其盟国空中力量的飞行员进行实战对抗演练的国家与美国空军及其盟国空中", "answer": "盟国", "reading_system_answer": null}]}, {"text": "训练出了很多的飞行员", "qa_pairs": [{"question": "训练出了很多的飞行员是什么", "answer": "飞行员", "reading_system_answer": null}, {"question": "训练出了什么飞行员的飞行员", "answer": "很多", "reading_system_answer": null}]}, {"text": "是该国空军的“专业陪练”", "qa_pairs": [{"question": "“专业陪练”的专业陪练”是什么", "answer": "空军", "reading_system_answer": null}, {"question": "该的专练”是什么", "answer": "专业", "reading_system_answer": null}]}, {"text": "这种对抗演练对于飞行员战斗力的提升发挥了一定的作用", "qa_pairs": [{"question": "抗演练对于飞行员战斗力的提升发挥了一定的作用的是什么", "answer": "飞行员战斗力", "reading_system_answer": null}]}, {"text": "第64入侵者中队驻扎在美国阿拉斯加艾尔森空军基地", "qa_pairs": [{"question": "第64入侵者中队驻扎森空军基地的第拉斯加艾尔森空军基地是", "answer": "第64入侵者中队", "reading_system_answer": null}, {"question": "第64入侵者中队驻扎森空军基地的国家在美国阿拉斯加艾尔森空军基地的国家在阿64", "answer": "美国", "reading_system_answer": null}, {"question": "第64入侵者中队驻扎在美国阿拉斯加艾尔森空军基地的国家在美国阿拉斯加艾尔森空军", "answer": "艾尔森空军基地", "reading_system_answer": null}]}, {"text": "该连队配备24架F—16C战斗机", "qa_pairs": [{"question": "f—的是什么", "answer": "16C战斗机", "reading_system_answer": null}, {"question": "24架f—16c战斗机是哪个", "answer": "连队", "reading_system_answer": null}, {"question": "2架f—16c战斗机是哪一个", "answer": "24架F", "reading_system_answer": null}]}, {"text": "第65中队曾在上世纪的1986年被由于经费紧张而撤编", "qa_pairs": [{"question": "第65中队曾在上世纪的1986年被由于经费紧张而撤编的国家曾在上世纪的1986", "answer": "世纪", "reading_system_answer": null}, {"question": "第656年被由于经费紧张而撤编的896年被由于经费紧张而撤编的国家其第65中队", "answer": "第65中队", "reading_system_answer": null}, {"question": "第65中队曾在上世纪的1986年被由于经费紧张而撤编的是哪一年被由于经费紧张而", "answer": "1986年", "reading_system_answer": "1986年"}]}, {"text": "2006年又恢复重建", "qa_pairs": [{"question": "2006年又恢复重建的原因是什么", "answer": "2006年", "reading_system_answer": null}]}, {"text": "驻扎在内华达州内利斯空军基地", "qa_pairs": [{"question": "驻扎在内华达州内利斯空军基地的国家在驻扎在内华达州内利斯空军基地的国家在驻扎华", "answer": "内华达州内利斯空军基地", "reading_system_answer": null}]}, {"text": "装备16架F—16战斗机", "qa_pairs": [{"question": "装备16架f—16战斗机使用的是什么型号", "answer": "装备16架F", "reading_system_answer": null}, {"question": "装备16架f—16战斗机的国家装备的1架战斗机是什么", "answer": "16战斗机", "reading_system_answer": null}]}, {"text": "入侵者中队由技术顶尖的飞行员组成", "qa_pairs": [{"question": "入侵者中队由技术顶尖的飞行员组成的目的是什么", "answer": "飞行员", "reading_system_answer": null}, {"question": "中入侵者中队由技术顶尖的飞行员组成的是什么", "answer": "入侵者中队", "reading_system_answer": null}, {"question": "入侵者中队由技术顶尖的飞行员组成的是什么", "answer": "技术顶尖", "reading_system_answer": null}]}, {"text": "由于扮演潜在对手的需要", "qa_pairs": [{"question": "由于扮演潜在对手的需要的手的手对手对演演潜在对手的需要的手的手事演习中国手运枪", "answer": "", "reading_system_answer": null}]}, {"text": "他们的飞机涂装一直紧跟世界潮流", "qa_pairs": [{"question": "他们的飞机涂装一直紧跟世界潮流的国家涂装一直紧跟世界潮流的国家涂装一直紧跟世界", "answer": "世界潮流", "reading_system_answer": null}, {"question": "涂装一直紧跟世界潮流的飞机涂装一直紧跟世界潮流的国家的飞机涂装一直紧跟世界潮流", "answer": "飞机", "reading_system_answer": null}]}, {"text": "涂装模拟各国新型战斗机的迷彩颜色", "qa_pairs": [{"question": "涂装模拟各国新型战斗机的迷彩颜色是什么", "answer": "颜色", "reading_system_answer": null}, {"question": "涂装模拟各国新型战斗机的迷彩颜色的战斗机的迷彩颜色是什么", "answer": "战斗机", "reading_system_answer": null}]}, {"text": "经常进行特殊的训练", "qa_pairs": [{"question": "经常进行特殊的训练的训练中训练的训练中训练者常的训练中训经特殊的殊特殊的殊点是", "answer": "", "reading_system_answer": null}]}, {"text": "为了让参演部队得到最真实的体验", "qa_pairs": [{"question": "为了让参演部队得到最真实的体验是什么", "answer": "体验", "reading_system_answer": null}, {"question": "为了让参演部队得到最真实的体验的国家最真实的体验的国家最真最真实到了什么实到体", "answer": "部队", "reading_system_answer": null}]}, {"text": "采用假想敌的飞行战术", "qa_pairs": [{"question": "采用假想敌的飞行战术的飞行战术中的飞行战术中的战术中的国家的飞行战敌中采用战术", "answer": "战术", "reading_system_answer": null}]}, {"text": "驾驶的战斗机除了喷涂对方军机的颜色和迷彩外", "qa_pairs": [{"question": "驾驶的战斗机除了喷涂对方军机的颜色和迷彩外的国家驾驶的战斗机喷涂对方军机的颜色", "answer": "颜色", "reading_system_answer": null}, {"question": "驾驶的战斗机驾驶的战斗机是什么", "answer": "战斗机", "reading_system_answer": null}, {"question": "驾驶的战斗机除了喷涂对方军机和迷彩外的国家驾驶的战斗机除了喷涂对方军机的颜色是", "answer": "对方军机", "reading_system_answer": null}]}, {"text": "就连机徽、飞行服", "qa_pairs": [{"question": "就连机徽、飞行服服中飞行服中飞行连机徽、徽、徽就连机就飞行服行就飞行就飞行就、", "answer": "机徽", "reading_system_answer": null}, {"question": "就连机徽、飞行服服中就服行的飞行服服是什么", "answer": "飞行服", "reading_system_answer": null}]}, {"text": "飞行员头盔等这些小的细节也进行了复制", "qa_pairs": [{"question": "飞行员头盔等这些小的细节也进行了复制的什么头节", "answer": "飞行员头盔", "reading_system_answer": null}, {"question": "飞行员头盔等这些小的细节是什么", "answer": "细节", "reading_system_answer": null}]}, {"text": "为了尽可能做到逼真模拟", "qa_pairs": [{"question": "为什么说为了尽可能做到到到逼真模拟的模真模拟拟的模真模真模是什么", "answer": "", "reading_system_answer": null}]}, {"text": "美军方可谓煞费苦心", "qa_pairs": [{"question": "美军方可谓煞费苦心的军方是什么", "answer": "美军方", "reading_system_answer": null}]}, {"text": "当然", "qa_pairs": [{"question": "当然为当然然然当当然然然然然然然然然然然然然然然然然然当当当当当当当当当当当当", "answer": "", "reading_system_answer": null}]}, {"text": "由于搞不到真的战斗机", "qa_pairs": [{"question": "由于搞不到真的战斗机是什么", "answer": "战斗机", "reading_system_answer": null}]}, {"text": "也只能将自己的战机涂装成对手飞机的样子进行模拟训练", "qa_pairs": [{"question": "涂装成对手飞机的样子进行模拟训练的手飞机的样子进行模拟训练的手飞机的样的战机涂", "answer": "样子", "reading_system_answer": null}, {"question": "涂装成对手飞机的样子进行模拟训练的目的是什么", "answer": "模拟训练", "reading_system_answer": null}, {"question": "手机对战争中的涂成手机拟模的拟模是什么", "answer": "成", "reading_system_answer": null}, {"question": "涂装成对手飞机的样子进行模拟训练的战机涂装成对手飞机的样子进行模拟训练的战机涂", "answer": "战机", "reading_system_answer": null}, {"question": "涂装成对手飞机的样子进行模拟训练的战机涂装成对手飞机的样子进行模拟训练的战机涂", "answer": "飞机", "reading_system_answer": null}]}, {"text": "入侵者中队模拟潜在对手战机由来已久", "qa_pairs": [{"question": "中入潜在对手战机由来已久的手机拟潜在对手战机由来已久的手入中队者中队模拟潜在对", "answer": "入侵者中队", "reading_system_answer": null}, {"question": "入侵者中队模拟潜在对手战机由来已久的战机入侵者手机已来已已来由哪个战机入侵者中", "answer": "战机", "reading_system_answer": null}]}, {"text": "近年来", "qa_pairs": [{"question": "近年来来来来来来来来来来来年近年近年近年近年近年近年近年近年近年近年近年近年近", "answer": "", "reading_system_answer": null}]}, {"text": "随着苏—57、歼—20等先进隐身战机的出现", "qa_pairs": [{"question": "随着苏—57、歼—20等先进隐身战机的出现是什么", "answer": "20", "reading_system_answer": null}, {"question": "、7、歼—20等先进隐身战机的出现是", "answer": "57", "reading_system_answer": null}, {"question": "随着苏—57、歼—20等先进隐身战机的出现是什么", "answer": "战机", "reading_system_answer": null}]}, {"text": "拉近了与美军先进战斗机的技术差距", "qa_pairs": [{"question": "拉近了与美军先进战斗机的技术差距是什么", "answer": "战斗机", "reading_system_answer": null}, {"question": "拉近了与美军先进战斗机的技术差距是什么", "answer": "技术差距", "reading_system_answer": null}]}, {"text": "战力在仲伯之间", "qa_pairs": [{"question": "战力在仲伯之间在仲伯之间在仲伯之间在仲伯之间的战力战力战力战力仲在在仲在在仲仲", "answer": "战力", "reading_system_answer": null}, {"question": "战力在仲伯之间的国家在仲伯之间的仲伯之间是", "answer": "仲伯", "reading_system_answer": null}]}, {"text": "美空军的优势在逐渐缩小", "qa_pairs": [{"question": "美空军的优势在逐渐缩小的优势在逐渐缩小的优势在逐渐缩小的优势是什么", "answer": "优势", "reading_system_answer": null}, {"question": "美空军的优势在逐渐缩小的优势在逐渐缩小的优势是什么", "answer": "美空军", "reading_system_answer": null}]}, {"text": "因此", "qa_pairs": [{"question": "因为因此因因因因因因因因因因因因因因因因因因因因因因因因因因因此此此此此此此此", "answer": "", "reading_system_answer": null}]}, {"text": "该国正积极研究未来的空战", "qa_pairs": [{"question": "积极研究未来的战研究未来的战空中正积极研究未来的战争中正积极研制的战机是哪一个", "answer": "空战", "reading_system_answer": null}]}, {"text": "而模拟各国新型战机并与之对抗是必不可少的课目", "qa_pairs": [{"question": "模拟各国新型战机并与之对抗是必不可少的课目的战机其战机目的是什么", "answer": "战机", "reading_system_answer": null}, {"question": "新型战机并与之对抗是必不可少的课目的国家与新型战机并与之对抗是必不可少的课目的", "answer": "课目", "reading_system_answer": "而"}]}, {"text": "这种做法或许是军事大国的超前意识", "qa_pairs": [{"question": "军事大国的超前意识是什么", "answer": "军事大国", "reading_system_answer": "这种做法"}]}, {"text": "至于效果怎么样就不得而知了", "qa_pairs": [{"question": "至于效果怎么样的效得而知了不得而知了不得而知了不得而至于效果怎么样的效果不么样", "answer": "效果", "reading_system_answer": "效果怎么样"}]}, {"text": "第64入侵者中队的指挥官不久前公布过一张独特的照片", "qa_pairs": [{"question": "第64入侵者中队的指挥官不久前公布过一张独特的照片是", "answer": "第64入侵者中队", "reading_system_answer": null}, {"question": "第64入侵者中队的指挥官不久前公布过一张独特的照片是什么", "answer": "指挥官", "reading_system_answer": null}, {"question": "第64入侵者中队的指挥官不久前公布过一张独特的照片是什么", "answer": "照片", "reading_system_answer": null}, {"question": "第64入侵者中队的指挥官不久前公布过一张独特的照片是", "answer": "一张", "reading_system_answer": null}]}, {"text": "一架F—16与一架黑色涂装的F—35战斗机齐飞", "qa_pairs": [{"question": "f—15战斗机齐飞的f—36与一架黑色涂装的f—35战斗机齐飞的是哪一架", "answer": "一架", "reading_system_answer": null}, {"question": "一架f—16战斗机齐飞的一架黑色涂装的f—35战斗机齐飞的一架黑色涂装的f—3", "answer": "F", "reading_system_answer": null}, {"question": "f—16战斗机齐飞的f—35战斗机齐飞的一架黑色涂装的f—35与一架黑色涂装的", "answer": "16", "reading_system_answer": null}, {"question": "f—16与一架黑色涂装的f—是什么", "answer": "35战斗机齐飞", "reading_system_answer": "F—35战斗机"}, {"question": "f—35战斗机齐飞的是哪一架", "answer": "一架黑色", "reading_system_answer": "一架F—16"}]}, {"text": "而这架F—35模拟的是我国2014年珠海航展上首次亮相的FC—31“鹘鹰”第五代隐形战斗机", "qa_pairs": [{"question": "我国2014年珠海航展上首次亮相的fc—31“鹘鹰”3战斗机是哪一款", "answer": "35", "reading_system_answer": "F—35模拟"}, {"question": "我国2014年珠海航展上首次亮相的fc—31“鹘鹰”第五代隐形战斗机是哪一次", "answer": "首次亮相", "reading_system_answer": "这架F—35"}, {"question": "我国2014年珠海航展上首次亮相的fc—31“鹘鹰”第五代隐形战斗机是哪个", "answer": "鹰", "reading_system_answer": "F—35"}, {"question": "我国2014年珠海航展上首次亮相的fc—31“鹘鹰”第五代隐形战斗机是哪个", "answer": "架F", "reading_system_answer": "F—35"}, {"question": "我国2014年珠海航展上首次亮相的fc—31“31“3战斗机是哪一年珠海航机", "answer": "2014年", "reading_system_answer": "2014年"}, {"question": "我国2014年珠海航展上首次亮相的fc—35模拟的fc—35“鹘鹰”第五代隐形", "answer": "31", "reading_system_answer": null}, {"question": "我国2014年珠海航展上首次亮相的fc—31“鹘鹰”第五代隐形战斗机是哪个", "answer": "FC", "reading_system_answer": "F—35"}, {"question": "我国2014年31“31“鹘鹰”第五代隐形战斗机是哪一型", "answer": "第五代隐形战斗机", "reading_system_answer": "F—35"}]}, {"text": "但这并不是美国军机第一次模仿FC—31", "qa_pairs": [{"question": "美国军机第一次模仿fc—311331—3仿制造国军机第一次模仿fc—31美国第", "answer": "FC", "reading_system_answer": null}, {"question": "fc—31战斗机的第一次模仿fc—31是", "answer": "美国军机第一次", "reading_system_answer": null}, {"question": "美国军机第一次模仿fc—311型号是什么", "answer": "31", "reading_system_answer": "但这并不是"}]}, {"text": "早在2017年7月31日", "qa_pairs": [{"question": "早在2017年7月31日3017年7月31日在2017年7月31日30很在21", "answer": "2017年7月31日", "reading_system_answer": null}]}, {"text": "一架在阿拉斯加州艾尔森空军基地参加红旗军演的F—16战斗机就被拍摄到采用了类似FC—31的黑色涂装", "qa_pairs": [{"question": "在阿拉斯加州艾尔森空军基地参加红旗军演的f—16战斗机就被拍摄到采用了类似fc", "answer": "一架", "reading_system_answer": "采用了类似FC—31"}, {"question": "f—16战斗机的f—11的黑旗军演的f—11的黑旗军演的参加红旗军演习是", "answer": "阿拉斯加州艾尔森空军基地", "reading_system_answer": "在阿拉斯加州艾尔森空军基地"}, {"question": "一架在阿拉斯加州艾尔森空军基地参加红旗军演的f—16战斗机的国家在阿拉斯加州艾", "answer": "F", "reading_system_answer": null}, {"question": "在阿拉斯加州艾尔森空军基地参加红旗军演的f—16战斗机就被拍摄到采用了类似fc", "answer": "黑色", "reading_system_answer": "采用了类似FC—31"}, {"question": "在阿拉斯加州艾尔森空军基地参加红旗军演的f—16战斗机就被拍摄到采用了类似fc", "answer": "16战斗机", "reading_system_answer": "采用了类似FC—31"}, {"question": "f—16战斗机是阿拉斯加州艾尔森空军基地的国家在阿拉斯加州艾尔森空军基地的国家", "answer": "红旗军演", "reading_system_answer": null}, {"question": "在阿拉斯加州艾尔森空军基地参加红旗军演的f—16战斗机就被拍摄到采用了类似fc", "answer": "31", "reading_system_answer": "采用了类似FC—31"}, {"question": "一架在阿拉斯加州艾尔森空军基地参加红旗军演的f—16战斗机的国家在阿拉斯加州艾", "answer": "FC", "reading_system_answer": null}]}, {"text": "对于F—16而言", "qa_pairs": [{"question": "对于f—16而言的f—16而言的是什么", "answer": "16", "reading_system_answer": null}]}, {"text": "模拟与之存在代差的先进隐形战斗机难度很高", "qa_pairs": [{"question": "模拟与之存在代差的先进隐形战斗机难度很高的战斗机难度很高的战斗机是什么", "answer": "隐形战斗机", "reading_system_answer": null}, {"question": "模拟与之存在代差的先进隐形战斗机难度很高的战斗机是什么", "answer": "代差", "reading_system_answer": null}]}, {"text": "后来基地为此事出面解释称", "qa_pairs": [{"question": "后来来出出出出出释事面解面解面解释称的国家出得的解释解面解释解称是什么", "answer": "出面", "reading_system_answer": null}, {"question": "后来来基地为此事出面解释称的基地是什么", "answer": "基地", "reading_system_answer": null}]}, {"text": "这只是一架没有完成涂装的F—16", "qa_pairs": [{"question": "f—16战斗机是什么", "answer": "一架", "reading_system_answer": null}, {"question": "一架没有完成涂装的f—16666一架没有完成涂装的f—1涂是一架没有完成涂装的", "answer": "F", "reading_system_answer": null}, {"question": "f—的是什么", "answer": "16", "reading_system_answer": null}]}, {"text": "后来该机也涂上黑、灰、白三色割裂色彩", "qa_pairs": [{"question": "黑、灰、白三色割裂色彩是哪个", "answer": "色彩", "reading_system_answer": null}, {"question": "黑、灰、白三色割裂色彩是哪个色料", "answer": "白三色", "reading_system_answer": null}, {"question": "黑、灰、白三色割裂色彩是哪个", "answer": "灰", "reading_system_answer": null}]}, {"text": "如今F—35已开始大批量生产", "qa_pairs": [{"question": "f—35已开始大批量生产的是哪一款量生产", "answer": "35", "reading_system_answer": null}]}, {"text": "用同为五代机的F—35来模拟我国的FC—31相似度会大一些", "qa_pairs": [{"question": "f—35来模拟我国的fc—31相似度会大一些是", "answer": "35", "reading_system_answer": null}, {"question": "f—35来模拟我国的fc—31相似度会大一些国家的f—3的f—3的fc—31相", "answer": "F", "reading_system_answer": null}, {"question": "f—35来模拟我国的fc—31相似度会大一些是", "answer": "31", "reading_system_answer": null}, {"question": "f—31相似度会大一些是哪一个", "answer": "一些", "reading_system_answer": null}, {"question": "fc机的3代—3相似度会我国的fc—31相似度会我国的3代机的一一些大点是什么", "answer": "度", "reading_system_answer": null}, {"question": "f—35来模拟我国的fc—31相似度会大一些是什么", "answer": "FC", "reading_system_answer": null}]}, {"text": "配色方案也随之出现", "qa_pairs": [{"question": "配色方案也随之出现出现出现出色配色配案之案案中随也随也随也随也案案之色方色方配", "answer": "配色方案", "reading_system_answer": null}]}, {"text": "尽管我国这款战机的战力尚不为外界所知道", "qa_pairs": [{"question": "尽管我国这款战机的战力尚不为外界所知道的国家的战机的外战力尚不为外界所知道的战", "answer": "外界", "reading_system_answer": null}, {"question": "尽管我国这款战机的战力尚不为外界所知道的战机的战力尚不为外界所知道的战机的战力", "answer": "款战机", "reading_system_answer": null}, {"question": "尽管我国这款战机的战力尚不为外界所知道的战力尚不为外界所知道的战机的战力战力是", "answer": "战力", "reading_system_answer": null}]}, {"text": "不过我们从该国空军的数次模拟中可看出美军对我国战斗机的“忌惮”", "qa_pairs": [{"question": "我国战斗机的“忌惮”是什么", "answer": "空军", "reading_system_answer": null}, {"question": "我国空军的数次模拟中可看出美军对我国战斗机的“忌惮”的忌惮”的忌惮”的忌惮次模", "answer": "战斗机", "reading_system_answer": "不过"}, {"question": "我国战斗机的“忌惮”是什么", "answer": "数次", "reading_system_answer": null}]}, {"text": "无独有偶", "qa_pairs": [{"question": "无独有偶无偶无偶有偶无独有偶无独有什么无独", "answer": "", "reading_system_answer": null}]}, {"text": "不久前该中队又在社交媒体上公布了新的F—16战斗机配色方案", "qa_pairs": [{"question": "不久前该中队又在社交媒体上公布了新的f—16战斗机配色方案的国家配色方案的战斗", "answer": "社交媒体", "reading_system_answer": null}, {"question": "不久前该中队又在社交媒体上公布了新的f—16战斗机配色方案的国家在社交媒体上公", "answer": "F", "reading_system_answer": null}, {"question": "f—16战斗机配色方案的战斗机是哪个", "answer": "中队", "reading_system_answer": null}, {"question": "不久前该中队又在社交媒体上公布了新的f—16战斗机配色方案的目的是什么", "answer": "16战斗机配色方案", "reading_system_answer": null}]}, {"text": "这个配色方案中的美式战斗机涂上了与俄罗斯苏—57同样的涂装", "qa_pairs": [{"question": "美式战斗机涂上了与俄罗斯苏—57同样的涂装是什么", "answer": "美式战斗机", "reading_system_answer": "这"}, {"question": "美式战斗机涂上了与俄罗斯苏—57同样的涂装的国家配色方案中的美式战斗机涂上了与", "answer": "57", "reading_system_answer": null}, {"question": "美式战斗机涂上了与俄罗斯苏—57同样的涂装", "answer": "配色方案", "reading_system_answer": null}, {"question": "美式战斗机涂上了与俄罗斯苏—57同样的涂装是什么", "answer": "俄罗斯", "reading_system_answer": "这"}]}, {"text": "用来模拟俄罗斯第五代隐形战斗机", "qa_pairs": [{"question": "用来模拟俄罗斯第五代隐形战斗机是哪一型号", "answer": "俄罗斯第五代隐形战斗机", "reading_system_answer": null}]}, {"text": "去年第64侵略者中队指挥官", "qa_pairs": [{"question": "去年第64侵略者中队指挥官的目的是", "answer": "第64侵略者中队指挥官", "reading_system_answer": null}]}, {"text": "还在网络上发起了为新假想敌机征求配色方案的投票活动", "qa_pairs": [{"question": "在网络上发起了为新假想敌机征求配色方案的投票的投动是什么", "answer": "配色方案", "reading_system_answer": null}, {"question": "新敌机征求配色方案的投票活动中中国发票活动的新敌机投票的活色方案起了为网络上发", "answer": "投票", "reading_system_answer": "在网络上发起了为新假想敌机"}, {"question": "在网络上发起了为新假想敌机征求配色方案的投票活动的国家在网络上发起了为新假想敌", "answer": "网络", "reading_system_answer": null}, {"question": "在网络上发起了为新假想敌机征求配色方案的投动的国家在网络上发起了为新假想敌机征", "answer": "机", "reading_system_answer": null}]}, {"text": "所以这些配色方案有些是基于现有的涂装设计", "qa_pairs": [{"question": "基于现有的涂装设计的的案择是什么", "answer": "配色方案", "reading_system_answer": null}]}, {"text": "有的也采纳了一些战斗机爱好者的设计", "qa_pairs": [{"question": "有的也采纳了一些战斗机爱好者的设计的原因是什么", "answer": "一些战斗机爱好者", "reading_system_answer": null}]}, {"text": "经过几个月的筛选后", "qa_pairs": [{"question": "经过几个月的筛选后的筛选后的筛选后的筛选后的筛选月几个月的月几个月筛选经过筛经", "answer": "几个月", "reading_system_answer": null}]}, {"text": "定下了假想敌苏—57的涂装方案", "qa_pairs": [{"question": "定下了假想敌苏—57的涂装方案的国家定下了假想敌苏—57的涂装方案的国家定下涂", "answer": "57", "reading_system_answer": null}, {"question": "定下了假想敌苏—57的涂装方案的涂装方案是", "answer": "方案", "reading_system_answer": null}]}, {"text": "随后第64侵略者中队的F—16将换上选定的新涂装", "qa_pairs": [{"question": "第6466666661第十队侵略的新的新的涂定中国换换的新中队的新中队的新者涂", "answer": "新", "reading_system_answer": "第64侵略者中队的F—16"}, {"question": "随后第64侵略者中队的f—16将换上选定的新涂装是什么", "answer": "F", "reading_system_answer": null}, {"question": "f—16略者中队的f—16将换上选定的新涂装是什么", "answer": "第64侵略者中队", "reading_system_answer": null}, {"question": "f—16将换上选定的新涂装是什么", "answer": "16", "reading_system_answer": null}]}, {"text": "亮相2019年11月内利斯空军基地的航空展", "qa_pairs": [{"question": "亮相2019年11月内利斯空军基地的航空展是什么", "answer": "航空展", "reading_system_answer": null}, {"question": "亮相2019年11月内利斯空军基地的航空展是什么", "answer": "亮相2019年11月内利斯空军基地", "reading_system_answer": null}]}, {"text": "有人说", "qa_pairs": [{"question": "有人说人说有人说中有说人有人有人有什么有有说", "answer": "", "reading_system_answer": null}]}, {"text": "为什么只模拟涂装", "qa_pairs": [{"question": "什么模拟涂装", "answer": "", "reading_system_answer": null}]}, {"text": "直接山寨不就行了吗", "qa_pairs": [{"question": "直接山寨不就行了吗", "answer": "山寨", "reading_system_answer": null}]}, {"text": "说得轻巧", "qa_pairs": [{"question": "得轻巧得轻巧得轻巧得轻轻轻轻轻轻轻轻轻轻轻轻轻轻得巧的得巧的得巧的得巧的得巧的", "answer": "", "reading_system_answer": null}]}, {"text": "战斗机是高技术的产物", "qa_pairs": [{"question": "战斗机是高技术的产物的高技术的产物是", "answer": "战斗机", "reading_system_answer": null}, {"question": "战斗机是高技术的产物的产物是", "answer": "高技术", "reading_system_answer": null}, {"question": "战斗机是高技术的产物的产物是", "answer": "产物", "reading_system_answer": null}]}, {"text": "各国都有自己的独门绝技", "qa_pairs": [{"question": "各国都有自己的独门绝技是什么", "answer": "独门绝技", "reading_system_answer": null}]}, {"text": "是不可能山寨得出来的", "qa_pairs": [{"question": "不可能山寨得出来的得来的得来的得来得可能山寨得出来的得来得可能能出来的得来得可", "answer": "山寨", "reading_system_answer": null}]}, {"text": "何况这还是个烧钱的玩意", "qa_pairs": [{"question": "个烧钱的玩意是什么", "answer": "个", "reading_system_answer": null}, {"question": "何况是个烧钱的玩意", "answer": "玩意", "reading_system_answer": null}]}, {"text": "不过", "qa_pairs": [{"question": "不过不过不过新过不过新过不过不不过不不过不不过不不过不不过不不过不不过不不不过", "answer": "", "reading_system_answer": null}]}, {"text": "用F—16来模拟FC—31、苏—57这些新型隐身战斗机", "qa_pairs": [{"question": "用f—16来模拟fc—31、31、苏—57这些新型隐身战斗机的国家其f—16来", "answer": "F", "reading_system_answer": null}, {"question": "用f—16来模拟fc—31、苏—57这些新型隐身战斗机的国家其f—31、31、", "answer": "31", "reading_system_answer": null}, {"question": "f—16来模拟fc—31、苏—57这些新型隐身战斗机是哪一型号", "answer": "16", "reading_system_answer": null}, {"question": "fc11、31、苏—57这些新型隐身战斗机是哪一型号", "answer": "战斗机", "reading_system_answer": "F—16"}, {"question": "用f—16来模拟fc—31、苏—57这些新型隐身战斗机的国家在51、36来模拟", "answer": "57", "reading_system_answer": null}, {"question": "用f—16来模拟fc—31、31、苏—57这些新型隐身战斗机是哪个", "answer": "FC", "reading_system_answer": null}]}, {"text": "性能上千差万别", "qa_pairs": [{"question": "性差万别的能万别是什么", "answer": "性能", "reading_system_answer": null}]}, {"text": "会装得像吗？你一个三代机来冒充五代机", "qa_pairs": [{"question": "？你一个三代机来冒充五代机来冒充五代机是什么", "answer": "机", "reading_system_answer": null}, {"question": "？机来冒充五代机来冒充五代机来冒充得像吗的三代机来冒装得像吗的", "answer": "一个", "reading_system_answer": null}]}, {"text": "也太高看自己了", "qa_pairs": [{"question": "太高看自己了什么", "answer": "", "reading_system_answer": null}]}, {"text": "（本文资料来自网络", "qa_pairs": [{"question": "（本文资料来自网络的自网络是什么", "answer": "资料", "reading_system_answer": null}, {"question": "（本文资料来自网络的自行自网络是什么", "answer": "网络", "reading_system_answer": null}]}, {"text": "欢迎大家阅读讨论", "qa_pairs": [{"question": "欢迎大家阅读讨论的阅读讨论是什么", "answer": "大家", "reading_system_answer": null}]}, {"text": "若有侵权", "qa_pairs": [{"question": "若有侵权侵权的侵权中若有侵权的侵权的侵权是什么", "answer": "", "reading_system_answer": null}]}, {"text": "请联系编者删除）", "qa_pairs": [{"question": "请联系编者删除）除联系编者删除）请什么编择", "answer": "联系编者", "reading_system_answer": null}]}]}