{"passage": "现如今大家对于战争的视线开始转移到海洋上，很少会再发生陆地上的大范围交战，而海洋方面则成为保卫国家的前线，尤其对于海岸线绵长的我国来说更要注重这一点。要知道，一直以来我国在这一方面十分偏科，除了陆军之外，空海军的发展都十分落后，建国后大力发展，一直到最近有了十足的起色，除了兵力的发展，更加重视其武器装备精良度的提升。    这些年来我国在海洋军事这一方面有了十足的进步，不仅拥有了辽宁舰这艘我国第一航母，更是主动研发下水了002航母，不仅仅是航母，驱逐舰、护航舰等方面不甘落后的积极进行研发创新和购买配置。    我国现在的驱逐舰队其中055型驱逐舰位就经常出现在国外媒体报道中，在他们口中成为了世界四大驱逐舰排名在前两名之列的战舰，由此可见其性能之高以及实力之强，在作战方面更是大幅度提高了我国海洋作战能力，甲午海战的惨烈屈辱情形将不再发生。    世界前四驱逐舰除了我国拥有一艘之外，其他的分别在英国和韩国，英国长久以来都是海洋大国，更是曾经的海洋霸主，所以它拥有先进的海洋武器装备并不让人感觉意外，而韩国国域狭小竟然拥有东亚最大的导弹驱逐舰，在这一方面，我国还是要向其学习多多努力。    各国不约而同将其排在第一名的世界级驱逐舰则当属美国的新世代主力水面舰艇，不仅在性能和战力方面十分优越，其外形更是科幻的要命，简直就像是在拍美国大片。要知道现如今的驱逐舰都将其外形伪装得十分低调，只有这样才能减少敌方对其的注意力，而美国却偏偏反其道而行，丝毫不在意战场隐蔽性，这也是对其实力的绝对信心所致。", "sentences": [{"text": "现如今大家对于战争的视线开始转移到海洋上", "qa_pairs": [{"question": "现如今大家对于战争的视线开始转移到海洋上视移到海洋上视移始转移到海洋的战争中中", "answer": "战争", "reading_system_answer": null}, {"question": "现如今大家对于战争的视线开始转移到海洋上的国家在现开始转移到海洋上的国家在现开", "answer": "大家", "reading_system_answer": null}, {"question": "现如今大家对于战争的视线开始转移到海洋上是什么", "answer": "海洋", "reading_system_answer": null}, {"question": "现如于战争的视移始转移到海洋上视移到海洋上对于战家对于战家上的战争中现开始开始", "answer": "视线", "reading_system_answer": null}]}, {"text": "很少会再发生陆地上的大范围交战", "qa_pairs": [{"question": "很少会再发生陆地上的大范围交战中大范围交战中大范围交战中大范围交战中大范的围交", "answer": "大范围", "reading_system_answer": null}, {"question": "大范围交战中大范围交中的大范围交是什么", "answer": "很少", "reading_system_answer": null}, {"question": "大范围交战中大范围交战中大范围交战中大范围交上的围交上的围交陆地上的围生战的大", "answer": "陆地", "reading_system_answer": null}]}, {"text": "而海洋方面则成为保卫国家的前线", "qa_pairs": [{"question": "海洋方面则成为保卫国家的前线为保卫国家的前线是", "answer": "海洋方面", "reading_system_answer": null}, {"question": "保卫洋中家的前的前成为保卫中家线成为保卫队的国家的前海洋方面则成为保卫中国家线", "answer": "前线", "reading_system_answer": null}, {"question": "海洋方面则成为保卫国家的前线成为保卫国家的前线成为保卫国家的前线是什么", "answer": "保卫国家", "reading_system_answer": null}]}, {"text": "尤其对于海岸线绵长的我国来说更要注重这一点", "qa_pairs": [{"question": "尤其对于海岸线绵长的我国来说更要注重这一点是什么", "answer": "海岸线绵长", "reading_system_answer": null}, {"question": "尤其对于海岸线绵长的我国来说更要注重的重要注重是什么", "answer": "一点", "reading_system_answer": null}]}, {"text": "要知道", "qa_pairs": [{"question": "要知道知道知道要知道要要知知知道要要知知要道要要要要道知知知知道道道要道知知要", "answer": "", "reading_system_answer": null}]}, {"text": "一直以来我国在这一方面十分偏科", "qa_pairs": [{"question": "我国在这一方面十分偏科在这一方面十分偏科", "answer": "一方面十分偏科", "reading_system_answer": null}]}, {"text": "除了陆军之外", "qa_pairs": [{"question": "除了陆军之外的陆军之外是什么", "answer": "陆军", "reading_system_answer": null}]}, {"text": "空海军的发展都十分落后", "qa_pairs": [{"question": "空海军的发展都十分落后空海军的发展都十分落后发展都十分落后发展都分落后空海军的", "answer": "十分", "reading_system_answer": null}, {"question": "空海军的发展都十分落后的十分落后是什么", "answer": "空海军", "reading_system_answer": null}]}, {"text": "建国后大力发展", "qa_pairs": [{"question": "建国后大力发展中建展建展中建展中国大力发展的发展是什么", "answer": "建国", "reading_system_answer": null}]}, {"text": "一直到最近有了十足的起色", "qa_pairs": [{"question": "一直到最近有了十足的起色的起最近有了十足的起色是", "answer": "起色", "reading_system_answer": null}]}, {"text": "除了兵力的发展", "qa_pairs": [{"question": "除了兵力的发展的兵力的发展是什么", "answer": "兵力", "reading_system_answer": null}]}, {"text": "更加重视其武器装备精良度的提升", "qa_pairs": [{"question": "加良升机的提升机的提点是什么", "answer": "度", "reading_system_answer": "更加重视其武器装备精良度"}, {"question": "装备精良度的提升的武器装备精良度的提升是什么", "answer": "武器", "reading_system_answer": null}]}, {"text": "这些年来我国在海洋军事这一方面有了十足的进步", "qa_pairs": [{"question": "我国在海洋军事这一方面有了十足的进步中国在海洋军事这一方面有了十足的进步中国在", "answer": "一方面", "reading_system_answer": null}, {"question": "我国在海洋军事这一方面有了十足的进步是什么", "answer": "海洋军事", "reading_system_answer": null}]}, {"text": "不仅拥有了辽宁舰这艘我国第一航母", "qa_pairs": [{"question": "我国第一航母是哪艘航母", "answer": "艘", "reading_system_answer": "辽宁舰"}, {"question": "不仅拥有了辽宁舰的航母其航母是什么", "answer": "第一航母", "reading_system_answer": null}, {"question": "我国第一航母是", "answer": "辽宁", "reading_system_answer": "辽宁舰"}]}, {"text": "更是主动研发下水了002航母", "qa_pairs": [{"question": "主动研发下水了什么型号的航母", "answer": "002航母", "reading_system_answer": "002"}]}, {"text": "不仅仅是航母", "qa_pairs": [{"question": "不仅仅是航母的航母是什么", "answer": "航母", "reading_system_answer": null}]}, {"text": "驱逐舰、护航舰等方面不甘落后的积极进行研发创新和购买配置", "qa_pairs": [{"question": "驱逐舰、护航舰等方面不甘落后的积极进行研发创新和购买配置的驱逐舰配置的驱逐舰配", "answer": "方面", "reading_system_answer": null}, {"question": "驱逐舰、护航舰等方面不甘落后的积极进行研发创新和购买配置的护航舰等方面不甘落后", "answer": "护航舰", "reading_system_answer": null}, {"question": "驱逐舰、护航舰等方面不甘落后的积极进行研发创新和购买配置的护航舰等方面不甘落后", "answer": "驱逐舰", "reading_system_answer": null}]}, {"text": "我国现在的驱逐舰队其中055型驱逐舰位就经常出现在国外媒体报道中", "qa_pairs": [{"question": "我国现在的驱逐舰队其中055型驱逐舰位就经常出现中国现在的驱逐舰队其中055型", "answer": "驱逐舰队", "reading_system_answer": null}, {"question": "我国现在的驱逐舰队其中055型驱逐舰位就经常出现中国现在的驱逐舰队其中055型", "answer": "驱逐舰位", "reading_system_answer": null}, {"question": "我国现在的驱逐舰队其中055型驱逐舰位就经常出现中国外媒体报道中国现在的驱逐舰", "answer": "055", "reading_system_answer": null}, {"question": "我国现在055型驱逐舰队其道经常出现在国外媒体报中05舰队其道经常出现驱逐舰队", "answer": "媒体报道", "reading_system_answer": "055型驱逐舰位"}]}, {"text": "在他们口中成为了世界四大驱逐舰排名在前两名之列的战舰", "qa_pairs": [{"question": "在他们口中成为了世界四大驱逐舰排名在前两名之列的战舰是哪一型号", "answer": "两名之列", "reading_system_answer": null}, {"question": "在前两名之列的战舰是哪个", "answer": "世界", "reading_system_answer": "世界四大驱逐舰"}, {"question": "在他们口中成为了世界四大驱逐舰排名在前两名之列的战舰是哪一个", "answer": "驱逐舰", "reading_system_answer": null}, {"question": "在他们口中成为了世界四大驱逐舰排名在前两名之列的战舰是哪一型号", "answer": "战舰", "reading_system_answer": null}]}, {"text": "由此可见其性能之高以及实力之强", "qa_pairs": [{"question": "由此可见其性能之高以及实力之强的实力之强是什么", "answer": "实力", "reading_system_answer": null}, {"question": "由此可见其性能之实力之强的实力之强的实力之强是什么", "answer": "性能", "reading_system_answer": null}]}, {"text": "在作战方面更是大幅度提高了我国海洋作战能力", "qa_pairs": [{"question": "在作战方面更是大幅度提高了我国海洋作战能力的国家其海洋作战能力的国家在作战方面", "answer": "海洋", "reading_system_answer": null}, {"question": "在作战方面更是大幅度提高了我国海洋作战能力的国家作战能力的国家作战幅度更是大幅", "answer": "方面", "reading_system_answer": null}, {"question": "大幅度提高了我国海洋作战能力的国家作为什么要提方面更是大幅度提高了我国海洋作战", "answer": "能力", "reading_system_answer": "在作战方面"}]}, {"text": "甲午海战的惨烈屈辱情形将不再发生", "qa_pairs": [{"question": "甲午海战的惨烈屈辱情形将不再发生的甲午海战的惨烈屈辱情形将不再发生的甲午海战的", "answer": "情形", "reading_system_answer": null}]}, {"text": "世界前四驱逐舰除了我国拥有一艘之外", "qa_pairs": [{"question": "世界前四驱逐舰除了我国拥有一艘之外的国家拥有一艘之外的国家拥有一艘之外的国家拥", "answer": "一艘", "reading_system_answer": null}, {"question": "世界前四驱逐舰除了我国拥有一艘之外的国家拥有什么之外", "answer": "世界", "reading_system_answer": "世界前四驱逐舰除了我国拥有一艘"}, {"question": "世界前四驱逐舰除了我国拥有一艘之外的国家拥有一艘之外的驱逐舰驱逐舰驱逐舰驱逐舰", "answer": "驱逐舰", "reading_system_answer": null}]}, {"text": "其他的分别在英国和韩国", "qa_pairs": [{"question": "其他的分别在英国和韩国和韩国和韩国和韩国在英国和韩国的分别在英国和韩国的分别和", "answer": "韩国", "reading_system_answer": null}, {"question": "英国和韩国和韩国和韩国和韩国在英国和韩国的分别在英国和韩国的分别在英国和在英国", "answer": "英国", "reading_system_answer": null}]}, {"text": "英国长久以来都是海洋大国", "qa_pairs": [{"question": "英国长久以来都是海洋大国的国家以来都是海洋大国的国家以来以英国长久以来都是英国", "answer": "海洋大国", "reading_system_answer": null}, {"question": "英国长久以来都是海洋大国的国家大国海洋大国的国家是哪两国家", "answer": "英国", "reading_system_answer": null}]}, {"text": "更是曾经的海洋霸主", "qa_pairs": [{"question": "曾经的海洋霸主要的主要的是什么", "answer": "海洋霸主", "reading_system_answer": null}]}, {"text": "所以它拥有先进的海洋武器装备并不让人感觉意外", "qa_pairs": [{"question": "以它拥有先进的海洋武器装备并不让人感觉意外的武器是什么", "answer": "海洋", "reading_system_answer": null}, {"question": "海洋武器装备的海洋武器装备的意拥有先进的海洋武器装备并不让人感觉意外的武器是什", "answer": "人感觉", "reading_system_answer": null}]}, {"text": "而韩国国域狭小竟然拥有东亚最大的导弹驱逐舰", "qa_pairs": [{"question": "韩国国域狭小竟然拥有东亚最大的导弹驱逐舰是哪个", "answer": "东亚", "reading_system_answer": null}, {"question": "韩国国域狭小竟然拥有东亚最大的导弹驱逐舰是哪艘", "answer": "导弹驱逐舰", "reading_system_answer": null}, {"question": "拥有东亚最大的导弹驱逐舰的国家拥有东亚最大的导弹驱逐舰是哪个国家", "answer": "韩国国域", "reading_system_answer": "韩国"}]}, {"text": "在这一方面", "qa_pairs": [{"question": "在这一方面这一方面这一方面这一在在这一方面这一在在这一一届在面方这方这方这方这", "answer": "一方面", "reading_system_answer": null}]}, {"text": "我国还是要向其学习多多努力", "qa_pairs": [{"question": "我国还是要向其学习多多多多多多努力的国家其学习努力的多多多多多多努力", "answer": "多多", "reading_system_answer": null}]}, {"text": "各国不约而同将其排在第一名的世界级驱逐舰则当属美国的新世代主力水面舰艇", "qa_pairs": [{"question": "美国的新世界级驱逐舰则当属美国的新世代主力水面舰艇是哪艘", "answer": "世界级驱逐舰", "reading_system_answer": "世界级驱逐舰"}, {"question": "美国的新世界级驱逐舰则当属美国的新世代主力水面舰艇是哪艘", "answer": "主力水面舰艇", "reading_system_answer": "世界级驱逐舰"}, {"question": "世界第一名的世界级驱逐舰的主要水面舰艇是什么", "answer": "新", "reading_system_answer": null}, {"question": "世界级驱逐舰的新世代主力水面舰艇是哪个国家的新世界级驱逐舰则当属美国的新世界主", "answer": "美国", "reading_system_answer": "当属美国"}, {"question": "美国的新世界级驱逐舰的第一名的世界主力水面舰艇是哪个", "answer": "第一名", "reading_system_answer": "世界级驱逐舰"}]}, {"text": "不仅在性能和战力方面十分优越", "qa_pairs": [{"question": "不仅在性能和战力方面十分优越的国家在性能和战力方面十分优越", "answer": "战力方面十分", "reading_system_answer": null}, {"question": "不仅在性能和战力方面十分优越的国家在性能和战力方面十分优越的国家在性能和战力方", "answer": "性能", "reading_system_answer": null}]}, {"text": "其外形更是科幻的要命", "qa_pairs": [{"question": "科幻的要命是什么", "answer": "外形", "reading_system_answer": "其外形"}, {"question": "科幻的要命是什么", "answer": "科幻", "reading_system_answer": "其外形"}]}, {"text": "简直就像是在拍美国大片", "qa_pairs": [{"question": "简直就像是在拍美国大片的什么直响", "answer": "美国大片", "reading_system_answer": null}]}, {"text": "要知道现如今的驱逐舰都将其外形伪装得十分低调", "qa_pairs": [{"question": "现如今的驱逐舰都将其外形伪装得十分低调的国家其驱逐舰都将其外形伪装得十分低调的", "answer": "十分", "reading_system_answer": null}, {"question": "现今的驱逐舰都将其外形伪装得十分低调的国家其驱逐舰都将其外形伪装得十分低调是什", "answer": "外形", "reading_system_answer": null}, {"question": "现如今的驱逐舰都将其外形伪装得十分低调的国家其驱逐舰都将其外形伪装得十分低调的", "answer": "驱逐舰", "reading_system_answer": null}]}, {"text": "只有这样才能减少敌方对其的注意力", "qa_pairs": [{"question": "只有这样才能减少敌方对其的注意力是什么", "answer": "注意力", "reading_system_answer": null}, {"question": "只有这样注意力的减少敌方对其的注意力是什么", "answer": "敌方", "reading_system_answer": null}]}, {"text": "而美国却偏偏反其道而行", "qa_pairs": [{"question": "美国却偏偏反其道而行中国反偏反偏偏偏偏偏偏偏偏偏偏而而行的国家却而其反偏偏偏偏", "answer": "行", "reading_system_answer": null}, {"question": "美国却偏偏反其道而行的国家其国却偏偏反其道而行的国家其国却偏偏反偏美国反偏美国", "answer": "美国", "reading_system_answer": null}]}, {"text": "丝毫不在意战场隐蔽性", "qa_pairs": [{"question": "丝毫性的意战场隐蔽性的意战场隐蔽性是什么", "answer": "丝", "reading_system_answer": null}, {"question": "丝毫不在意战场隐蔽性的隐蔽性是什么", "answer": "战场隐蔽性", "reading_system_answer": null}]}, {"text": "这也是对其实力的绝对信心所致", "qa_pairs": [{"question": "对其实力的绝对信心所致是什么", "answer": "实力", "reading_system_answer": null}, {"question": "对于对信心对信致力的绝对信心所致的信致是什么", "answer": "信心", "reading_system_answer": null}]}]}