{"passage": "在成功完成一系列集成、飞行测试、建模仿真等工作后，洛克希德·马丁公司交付给美国空军第一批远程反舰导弹（LRASM），标志着LRASM已经获得“初始作战能力”（EOC）认证。  洛克希德·马丁公司12月18日宣布，美国空军第七轰炸机群联队B-1B“枪骑兵”超音速轰炸机，已接收第一批LRASM（代号AGM-158C）远程反舰导弹，并已实现早期作战能力。   美国空军B-1B“枪骑兵”超音速轰炸机正在投射LRASM远程反舰导弹 本文图均为 美国洛克希德·马丁公司官网 图  “LRASM项目是与美国空军、海军和国防高级研究计划局（DARPA）成功合作的结果。”洛克希德·马丁导弹和火控中心LRASM主任David Helsel表示。  LRASM（AGM-158C）远程反舰导弹由美军隐形对陆精确攻击导弹JASSM-ER（AGM-158B）改进而来。根据洛克希德·马丁公司的说法，这种导弹可携带重454.5千克（1000磅）的穿透式爆破杀伤战斗部。根据其原型联合空对地防区外导弹增程型（JASSM-ER）的打击范围，LRASM被认为是一款射程大于500公里的导弹，其远程能力可以使B-1B能够在敌方防空武器防御范围之外，攻击潜在的海上目标。此前有美国海军官员曾提出降低该导弹战斗部重量，使其射程提高到1100公里。  LRASM反舰导弹是为了满足美国海军ASUW项目需求（反水面战武器性能提升Ⅰ计划），设计载机为美国空军B-1B“枪骑兵”轰炸机和海军F/A-18E/F“超级大黄蜂”战斗机。该导弹主要用于攻击敌方舰队中包括航空母舰、导弹巡洋舰等高优先级别目标，配备了多模式传感器，并且能够在没有外界引导的情况下检测和选择预编程的敌舰。  2017年7月，洛克希德·马丁公赢得了一份价值8650万美元的合同，生产第一批23枚LRASM弹药。该合同是美国海军和空军的反舰导弹空中发射改型计划的第一份生产合同。  上个月，洛克希德·马丁公司赢得了第二批价值1.721亿美元的合同，用于建造50枚LRASM远程反舰导弹。12月14日，美国空军又追加了第二批另外3枚LRASM的订单，价值1030万美金。  5月22日，LRASM成功地进行了实弹射击试验，包括在复杂情景下双导弹试验。洛克希德·马丁公司预计2019年，LRASM也将会和美国海军的F/A-18E/F“ 超级大黄蜂”战斗机达到EOC的标准。   LRASM远程反舰导弹外形采用隐身设计  LRASM远程反舰导弹的发展是为了应对2008年美国海军提出的反舰导弹技术差距问题。按计划，未来LRASM反舰导弹将取代从1977年开始装备的AGM-84“鱼叉”亚音速反舰导弹。而AGM-84“鱼叉”导弹射程不到200公里，远程反舰能力远逊于LRASM。  未来LRASM还将装备于F-35“闪电Ⅱ”联合攻击战斗机。根据美国反水面战武器性能提升Ⅱ计划，LRASM项目还有可能研发海军MK-41舰载垂直发射系统以及潜射版本。  虽然LRASM导弹获得了美国军队的合同，但随着高超声速武器的发展，其前景并没有非常乐观。当前速度超过5倍音速的高超音速导弹已成为五角大楼的首要任务之一，这有可能限制整体LRASM生产数量。", "sentences": [{"text": "在成功完成一系列集成、飞行测试、建模仿真等工作后", "qa_pairs": [{"question": "在成功完成一系列集成、飞行测试、建模仿真等工作后的国家仿制的、集真等列集成功的", "answer": "一系列", "reading_system_answer": null}, {"question": "在成功完成一系列集成、飞行测试、建模仿真等工作后的国家仿制的、集成功试、建模仿", "answer": "建模", "reading_system_answer": null}]}, {"text": "洛克希德·马丁公司交付给美国空军第一批远程反舰导弹（LRASM）", "qa_pairs": [{"question": "洛克希德·马丁公司交付给美国空军第一批远程反舰导弹的国家alrsm）是哪一个批", "answer": "美国空军第一批远程", "reading_system_answer": "洛克希德·马丁公司交付给美国空军第一批远程反舰导弹"}, {"question": "洛克希德·马丁公司交付给美国空军第一批远程反舰导弹的国家在第）lm）的国家第一", "answer": "马丁公司", "reading_system_answer": null}, {"question": "洛克希德·马丁公司交付给美国空军第一批远程反舰导弹的国家第一批远程反舰导弹是哪", "answer": "LRASM", "reading_system_answer": "LRASM"}]}, {"text": "标志着LRASM已经获得“初始作战能力”（EOC）认证", "qa_pairs": [{"question": "“eoc）认证是什么", "answer": "标志", "reading_system_answer": "初始作战能力"}, {"question": "“eoc）认证是什么", "answer": "EOC", "reading_system_answer": "初始作战能力"}, {"question": "“eoc）认证是什么", "answer": "LRASM", "reading_system_answer": "初始作战能力"}, {"question": "“eoc）认证为战初始作战能力”（eoc）认证的国家获得得“初始作战能力”（e", "answer": "能力", "reading_system_answer": "LRASM"}]}, {"text": "洛克希德·马丁公司12月18日宣布", "qa_pairs": [{"question": "洛克希德·马丁公司12月18日宣布的1月18日宣布是什么", "answer": "马丁公司12月18日", "reading_system_answer": null}]}, {"text": "美国空军第七轰炸机群联队B-1B“枪骑兵”超音速轰炸机", "qa_pairs": [{"question": "美国空军第七轰炸机群联队b-1b“枪骑兵”超音速轰炸机是哪个", "answer": "超音速轰炸机", "reading_system_answer": "B-1B"}, {"question": "美国空军第七轰炸机群联队b-1b“枪骑兵”超音速轰炸机的国家轰炸机群联队b-1", "answer": "枪骑兵", "reading_system_answer": null}, {"question": "美国空军第七轰炸机群音速轰炸机是哪个", "answer": "美国空军第七轰炸机群联队", "reading_system_answer": "B-1B"}, {"question": "美国空军第七轰炸机群联队b-1骑兵”超音速轰炸机的枪骑兵”超音速轰炸机是哪个", "answer": "1B", "reading_system_answer": "B-1B"}]}, {"text": "已接收第一批LRASM（代号AGM-158C）远程反舰导弹", "qa_pairs": [{"question": "已接收第一批lrasm（158代号的国家其第一批lrasm（158代号的国家在", "answer": "代号AGM", "reading_system_answer": "已接收第一批LRASM（代号AGM-158C"}, {"question": "lrasm（158c）远程反舰导弹的导弹是哪个", "answer": "远程", "reading_system_answer": "LRASM"}, {"question": "已接收第一批lr158代号agm-158c）远程反舰导弹的国家其第一批lras", "answer": "第一批LRASM", "reading_system_answer": "LRASM"}, {"question": "已接收第一批lrasm（代号的国家在asm-158c）远程反舰导弹的国家其第一", "answer": "158C", "reading_system_answer": null}]}, {"text": "并已实现早期作战能力", "qa_pairs": [{"question": "现早期作战能力的战锋枪是什么", "answer": "能力", "reading_system_answer": null}]}, {"text": "美国空军B-1B“枪骑兵”超音速轰炸机正在投射LRASM远程反舰导弹 本文图均为 美国洛克希德·马丁公司官网 图  “LRASM项目是与美国空军、海军和国防高级研究计划局（DARPA）成功合作的结果", "qa_pairs": [{"question": "美国空军b-1b“枪骑兵”超音速轰炸机正在投射lrasm远程反舰导弹的国家其空", "answer": "DARPA", "reading_system_answer": null}, {"question": "美国空军b-1b“枪骑兵”超音速轰炸机正在投射lrasmaspaspasm远程", "answer": "结果", "reading_system_answer": null}, {"question": "美国空军b-1b“枪骑兵”超音速轰炸机正在投射lrasm远程反舰导弹的国家其空", "answer": "1B", "reading_system_answer": null}, {"question": "美国空军b-1b“枪骑兵”超音速轰炸机是哪个公司项目", "answer": "LRASM远程", "reading_system_answer": "美国洛克希德·马丁公司"}, {"question": "“1b“枪骑兵”超音速轰炸机正在投射lrasm远程反舰导弹的国家正lrasm远", "answer": "美国空军", "reading_system_answer": "B-1B"}, {"question": "“1b“枪骑兵”超音速轰炸机的国家在投射高级研究计划局为美国空军、马丁公司官网", "answer": "美国", "reading_system_answer": null}, {"question": "美国空军b-1b“枪骑兵”超音速轰炸机正在投射lrasm远程反舰导弹的国家其空", "answer": "超音速轰炸机", "reading_system_answer": null}, {"question": "美国空军b-1b“枪骑兵”超音速轰炸机的国家在投射lrasm远程反舰导弹的国家", "answer": "图", "reading_system_answer": null}, {"question": "美国空军b-1b“枪骑兵”超音速轰炸机的国家在投射lra）成功合作的结果是什么", "answer": "计划局", "reading_system_answer": "LRASM项目"}, {"question": "美国空军b-1b“枪骑兵”超音速轰炸机正在投射lrasm远程反舰导弹的国家在投", "answer": "LRASM项目", "reading_system_answer": null}, {"question": "美国空军b-1b“枪骑兵”超音速轰炸机正在投射lrasm远程反舰导弹的国家其空", "answer": "枪骑兵", "reading_system_answer": null}, {"question": "美国空军b-1b“枪骑兵”超音速轰炸机正在投射lrasm远程反舰导弹的国家其空", "answer": "海军", "reading_system_answer": null}, {"question": "美国空军b-1b“枪骑兵”超音速轰炸机的国家在投射lrasm远程反舰导弹的国家", "answer": "马丁公司官网", "reading_system_answer": null}, {"question": "“1b“枪骑兵”超音速轰炸机的国家在投射lrasm远程反舰导弹的国家空军、海军", "answer": "国防", "reading_system_answer": "B-1B"}]}, {"text": "”洛克希德·马丁导弹和火控中心LRASM主任David Helsel表示", "qa_pairs": [{"question": "”洛克希德·马丁导弹和火控中心lrasm主任davidhelselelele的", "answer": "中心LRASM", "reading_system_answer": null}, {"question": "”洛克希德·马丁导弹的lrselelelelelelelelelelelela", "answer": "Helsel", "reading_system_answer": null}, {"question": "”洛克希德·马丁导弹和火控中心lrasm主任davlselehelsheilh", "answer": "马丁导弹", "reading_system_answer": null}, {"question": "”洛克希德·马丁导弹和火控中心lrasm主任daviselelelelelel", "answer": "David", "reading_system_answer": null}]}, {"text": "LRASM（AGM-158C）远程反舰导弹由美军隐形对陆精确攻击导弹JASSM-ER（AGM-158B）改进而来", "qa_pairs": [{"question": "lsm1158c）远程反舰导弹的国家在agm1158b）远158b）远158b", "answer": "远程", "reading_system_answer": null}, {"question": "l）远程反舰导弹的所属国在assmagm-158c）的国家其攻击导弹的国家在a", "answer": "158B", "reading_system_answer": "LRASM（AGM-158C）远程反舰导弹"}, {"question": "由美军隐形对陆精确攻击导弹的国家的l）8c）远程反舰导弹是什么型号", "answer": "导弹JASSM", "reading_system_answer": "LRASM（AGM-158C）远程反舰导弹"}, {"question": "lr远程反舰导弹的所属国在assme158b）的国家其攻击导弹jassmagm", "answer": "158C", "reading_system_answer": null}, {"question": "由美军隐形对陆精确攻击导弹的国家的l）8c）远程反舰导弹是哪个公司研制", "answer": "LRASM", "reading_system_answer": null}, {"question": "ls8c）远程反舰导弹的国家在ag58c）的国家其攻击导弹jass（158b）", "answer": "隐形", "reading_system_answer": null}, {"question": "由美军隐形对陆精确攻击导弹的国家的ls-158c）改进而来的是哪种型号", "answer": "ER", "reading_system_answer": "LRASM（AGM-158C）远程反舰导弹"}, {"question": "lr远15815815815815815815811581mg1远1对陆精确攻", "answer": "陆", "reading_system_answer": null}, {"question": "l）8c）远程反舰导弹的所属国在as）8c）改进而来的是哪种型号的", "answer": "AGM", "reading_system_answer": "LRASM（AGM-158C）远程反舰导弹"}]}, {"text": "根据洛克希德·马丁公司的说法", "qa_pairs": [{"question": "根据洛克希德·马丁公司的说法国的·马丁公司的说法是", "answer": "马丁公司", "reading_system_answer": null}]}, {"text": "这种导弹可携带重454.5千克（1000磅）的穿透式爆破杀伤战斗部", "qa_pairs": [{"question": "）的穿透式爆破杀伤战斗部的穿透式爆破杀伤）的穿透式0磅）的爆破杀伤战斗部是哪种", "answer": "1000磅", "reading_system_answer": "这种导弹"}, {"question": "）100磅）的穿透式爆破杀伤战斗部的爆破杀伤战斗部的爆破杀伤战有什么武器", "answer": "导弹", "reading_system_answer": null}, {"question": "）1000磅）的穿透式爆破杀伤战机的爆破部是哪个", "answer": "战斗部", "reading_system_answer": null}, {"question": "）100磅）的穿透式爆破杀伤战斗部分别是什么", "answer": "重454.5千克", "reading_system_answer": null}]}, {"text": "根据其原型联合空对地防区外导弹增程型（JASSM-ER）的打击范围", "qa_pairs": [{"question": "根据其原型联合空对地防区外导弹增程型（jassm-er）的打击范围的国家其打击", "answer": "空对地防区", "reading_system_answer": null}, {"question": "根据其原型联合空对地防区外导弹增程型（jassm-er）的打击范围是什么", "answer": "导弹增程", "reading_system_answer": null}, {"question": "根据其原型联合空对地防区外导弹增程型（jassm-er）的打击范围是什么", "answer": "范围", "reading_system_answer": null}, {"question": "根据其原型联合空对地防区外导弹增程型（jassm-er）的打击范围的国家其原型", "answer": "原型", "reading_system_answer": null}, {"question": "根据其原型联合空对地防区外导弹增程型（jsm-的打击范围是什么", "answer": "ER", "reading_system_answer": null}, {"question": "根据其原型联合空对地防区外导弹增程型（js）的打击范围是什么", "answer": "JASSM", "reading_system_answer": null}]}, {"text": "LRASM被认为是一款射程大于500公里的导弹", "qa_pairs": [{"question": "lrasm被认为是一款射程大于500公里的导弹是什么", "answer": "导弹", "reading_system_answer": null}, {"question": "lrasm被认为是一款射程大于500公里的导弹是什么", "answer": "一款射程", "reading_system_answer": null}, {"question": "lrasm被认为是一款射程大于500公里的导弹是什么", "answer": "500公里", "reading_system_answer": null}, {"question": "被认为是一款射程大于500公里的导弹是哪个", "answer": "LRASM", "reading_system_answer": "LRASM"}]}, {"text": "其远程能力可以使B-1B能够在敌方防空武器防御范围之外", "qa_pairs": [{"question": "b-1b能够在敌方防空武器防御范围之外的国家其b-1b能够在敌方防空武器防御范", "answer": "1B", "reading_system_answer": null}, {"question": "b-1b能够在敌方防空武器防御范围之外的国家b-1b能够在敌方防空武器防御范围", "answer": "范围", "reading_system_answer": null}, {"question": "b-1b能够在敌方防空武器防御范围之外的国家在b-1b能够在敌方防空武器防御范", "answer": "敌方", "reading_system_answer": null}, {"question": "b-1b能够在敌方防空武器防御范围之外的国家在敌方防空武器防御范围之外的国家其", "answer": "B", "reading_system_answer": null}, {"question": "b-1b能够在敌方防空武器防御范围之外的武器能力是以使b-1b能够在敌方防空武", "answer": "远程能力", "reading_system_answer": "其远程能力"}, {"question": "b-1b能够在敌方防空武器防御范围之外的国家b-1b能够在敌方防空武器防御范围", "answer": "武器", "reading_system_answer": null}]}, {"text": "攻击潜在的海上目标", "qa_pairs": [{"question": "攻击潜在的海上目标是什么", "answer": "目标", "reading_system_answer": null}]}, {"text": "此前有美国海军官员曾提出降低该导弹战斗部重量", "qa_pairs": [{"question": "曾提出降低该导弹战斗部重量的国家曾提出降低该导弹战斗部重量是什么", "answer": "美国海军官员", "reading_system_answer": null}, {"question": "美国海军官员曾提出降低该导弹战斗部重量是什么", "answer": "导弹战斗部重量", "reading_system_answer": null}]}, {"text": "使其射程提高到1100公里", "qa_pairs": [{"question": "使用其射程提高到1100公里的国家的射程提高到1100公里的国家其射程提高到1", "answer": "射程", "reading_system_answer": null}, {"question": "使用其射程提高到了什么公里", "answer": "1100公里", "reading_system_answer": null}]}, {"text": "LRASM反舰导弹是为了满足美国海军ASUW项目需求（反水面战武器性能提升Ⅰ计划）", "qa_pairs": [{"question": "lrasm反舰导弹是哪一年项划）", "answer": "美国海军ASUW项目", "reading_system_answer": "为了满足美国海军ASUW项目需求"}, {"question": "lrasm反舰导弹的计划）是什么", "answer": "计划", "reading_system_answer": "为了满足美国海军ASUW项目需求"}, {"question": "lrasm反舰导弹是为了满足美国海军asuw项目需求（反水面战武器性能提升ⅰ计", "answer": "水面战武器性能", "reading_system_answer": null}, {"question": "lrasuw项目需求（反水面战武器性能提升ⅰ计划）的国家其lsw项目需求（反水", "answer": "LRASM", "reading_system_answer": "LRASM反舰导弹"}]}, {"text": "设计载机为美国空军B-1B“枪骑兵”轰炸机和海军F/A-18E/F“超级大黄蜂”战斗机", "qa_pairs": [{"question": "美国空军b-1b“枪骑兵”轰炸机和海军f/a-18e“超级大黄蜂”战斗机的国家", "answer": "1B", "reading_system_answer": null}, {"question": "和18e“超级大黄蜂”战斗机是哪个", "answer": "美国空军", "reading_system_answer": "B-1B“枪骑兵”轰炸机"}, {"question": "美国空军b-1b“枪骑兵”轰炸机和海军f/a-18e“超级大黄蜂”战斗机的国家", "answer": "18E", "reading_system_answer": null}, {"question": "美国空军b-1b“枪骑兵”轰炸机和海军f/a-18e“超级大黄蜂”战斗机的国家", "answer": "轰炸机", "reading_system_answer": null}, {"question": "设计载机为美国空军b-1b“枪骑兵”轰炸机的国家其空军f/f“超级大黄蜂”战斗", "answer": "大黄蜂", "reading_system_answer": null}, {"question": "美国空军b-1b“枪骑兵”轰炸机和海军f/a-18e“超级大黄蜂”战斗机的国家", "answer": "枪骑兵", "reading_system_answer": null}, {"question": "设计载机为美国空军b-枪骑兵”轰炸机和海军f/a-18e“枪骑兵”战斗机的国家", "answer": "海军", "reading_system_answer": null}, {"question": "设计载机为美国空军b-1b“枪骑兵”轰炸机的国家b18e“超级大黄蜂”战斗机是", "answer": "载机", "reading_system_answer": "F/A-18E/F"}, {"question": "美国空军b-1b“枪骑兵”轰炸机和海军f/a-18e“超级大黄蜂”战斗机的国家", "answer": "战斗机", "reading_system_answer": null}]}, {"text": "该导弹主要用于攻击敌方舰队中包括航空母舰、导弹巡洋舰等高优先级别目标", "qa_pairs": [{"question": "、导弹主要用于攻击敌方舰队中包括航空母舰、导弹巡洋舰等高优先级别目标是什么", "answer": "导弹", "reading_system_answer": null}, {"question": "、导弹主要用于攻击敌方舰队中包括航空母舰、导弹巡洋舰等高优先级别目标是什么", "answer": "导弹巡洋舰", "reading_system_answer": null}, {"question": "、导弹的目的是什么", "answer": "级别目标", "reading_system_answer": null}, {"question": "、导弹主要用于攻击敌方舰队中包括航空母舰、导弹巡洋舰等高优先级别目标是什么", "answer": "航空母舰", "reading_system_answer": null}, {"question": "、导弹主要用于攻击敌方舰队中包括航空母舰、导弹巡洋舰等高优先级别目标是什么", "answer": "敌方舰队", "reading_system_answer": null}]}, {"text": "配备了多模式传感器", "qa_pairs": [{"question": "配备了多模式传感器的传感的是什么", "answer": "多模式传感器", "reading_system_answer": null}]}, {"text": "并且能够在没有外界引导的情况下检测和选择预编程的敌舰", "qa_pairs": [{"question": "并且能够在没有外界引导的情况下检测和选择预编程的敌舰是什么", "answer": "编程", "reading_system_answer": null}, {"question": "并且能够在没有外界引导的情况下检测和选择预编程的敌舰是什么", "answer": "敌舰", "reading_system_answer": null}, {"question": "并且能够在没有外检测和选择预编程的敌舰是什么", "answer": "外界", "reading_system_answer": null}, {"question": "并且能够在没有外有外界引导的情况下选择预编程的敌舰是什么", "answer": "情况", "reading_system_answer": null}]}, {"text": "2017年7月", "qa_pairs": [{"question": "20177年7月701017年7月7年7年7月20010177年7月02222", "answer": "2017年7月", "reading_system_answer": null}]}, {"text": "洛克希德·马丁公赢得了一份价值8650万美元的合同", "qa_pairs": [{"question": "洛克希德·马丁公赢得了什么合同", "answer": "一份价值8650万美元", "reading_system_answer": "一份价值8650万美元"}, {"question": "洛克希德·马丁公赢得了一份价值8650万美元的合同的国家赢得了一份价值8650", "answer": "马丁公", "reading_system_answer": null}]}, {"text": "生产第一批23枚LRASM弹药", "qa_pairs": [{"question": "生产第一批23枚lrasm弹药", "answer": "第一批23枚LRASM弹药", "reading_system_answer": null}]}, {"text": "该合同是美国海军和空军的反舰导弹空中发射改型计划的第一份生产合同", "qa_pairs": [{"question": "美国海军和空军的反舰导弹空中发射改型计划的第一份生产合同的第一份生产合同的第一", "answer": "空军", "reading_system_answer": null}, {"question": "美国海军和空军的反舰导弹空中发射改型计划的第一份生产合同的第一份生产合同的第一", "answer": "美国海军", "reading_system_answer": null}, {"question": "美国海军和空军的反舰导弹空中发射改型计划的第一份生产合同的导弹空中发射改型计划", "answer": "计划", "reading_system_answer": null}, {"question": "美国海军和空军的反舰导弹空中发射改型计划的第一份生产合同的第一份生产合同的第一", "answer": "第一份", "reading_system_answer": null}]}, {"text": "上个月", "qa_pairs": [{"question": "上个月个月个月个上个月个上个上月个上月月月月月月月月月月月月上上月个上个上月个", "answer": "", "reading_system_answer": null}]}, {"text": "洛克希德·马丁公司赢得了第二批价值1.721亿美元的合同", "qa_pairs": [{"question": "洛克希德·马丁公司赢得了第二批价值1.721亿美元的合同的国家赢得了第二批价值", "answer": "第二批价值1.721亿美元", "reading_system_answer": null}, {"question": "洛克希德·马丁公司赢得了第二批价值1.721亿美元的合同的国家赢得了第二批价值", "answer": "马丁公司", "reading_system_answer": null}]}, {"text": "用于建造50枚LRASM远程反舰导弹", "qa_pairs": [{"question": "用于建造50枚lr远程反舰导弹的国家其lrsm远程反舰导弹是什么型号", "answer": "50枚LRASM远程", "reading_system_answer": null}]}, {"text": "12月14日", "qa_pairs": [{"question": "12月14月14日14月14日12月1日12月1日11111111111111", "answer": "12月14日", "reading_system_answer": null}]}, {"text": "美国空军又追加了第二批另外3枚LRASM的订单", "qa_pairs": [{"question": "美国空军又追加了第二批另外3枚lrasm的订单的国家的第二批另一枚第二批另一型", "answer": "第二批", "reading_system_answer": null}, {"question": "美国空军又追加了第二批另外3枚lrasm的订单的国家的第二批另外3枚lrasm", "answer": "美国空军", "reading_system_answer": null}, {"question": "美国空军又追加了第二批另外3枚lrasm的订单的第二批另一型号是", "answer": "订单", "reading_system_answer": null}, {"question": "美国空军又追加了第二批另外3枚lrasm的订单是什么", "answer": "3枚LRASM", "reading_system_answer": null}]}, {"text": "价值1030万美金", "qa_pairs": [{"question": "价值1030万美金是什么", "answer": "价值1030万美金", "reading_system_answer": null}]}, {"text": "5月22日", "qa_pairs": [{"question": "5月22日5月22日5月22日5月2255月255555月2255525月22", "answer": "5月22日", "reading_system_answer": null}]}, {"text": "LRASM成功地进行了实弹射击试验", "qa_pairs": [{"question": "lrasm成功地进行了实弹射击试验的原型导弹射击试验的原型是什么", "answer": "实弹射击", "reading_system_answer": null}, {"question": "lrasmsm成功地进行了实弹射击试验的战锋枪是哪个", "answer": "LRASM", "reading_system_answer": null}]}, {"text": "包括在复杂情景下双导弹试验", "qa_pairs": [{"question": "包括在复杂情景下双导弹试验的导弹试验的导弹是什么", "answer": "双导弹", "reading_system_answer": null}, {"question": "包括在复杂情景下双导弹试验的原因是什么", "answer": "情景", "reading_system_answer": null}]}, {"text": "洛克希德·马丁公司预计2019年", "qa_pairs": [{"question": "洛克希德·马丁公司预计的是哪一年", "answer": "2019年", "reading_system_answer": null}, {"question": "洛克希德·马丁公司预计2019年年9年预计20199年预计201公司预计20丁", "answer": "马丁公司", "reading_system_answer": null}]}, {"text": "LRASM也将会和美国海军的F/A-18E/F“ 超级大黄蜂”战斗机达到EOC的标准", "qa_pairs": [{"question": "l/超级大黄蜂”战斗机达到eoc的标准是什么", "answer": "美国海军", "reading_system_answer": null}, {"question": "l“超级大黄蜂”战斗机的标准是什么", "answer": "F", "reading_system_answer": "EOC"}, {"question": "l“超级大黄蜂”战斗机达到了哪种型号的国家的标准", "answer": "EOC", "reading_system_answer": "EOC"}, {"question": "l“超级大黄蜂”战斗机达到eoc的标准是什么", "answer": "18E", "reading_system_answer": null}, {"question": "l/a-18e“超级大黄蜂”战斗机达到eoc的标准是什么", "answer": "标准", "reading_system_answer": null}, {"question": "l“超级大黄蜂”战斗机达到eoc的标准是什么", "answer": "LRASM", "reading_system_answer": null}, {"question": "l/超级大黄蜂”战斗机达到eoc的标准是什么", "answer": "大黄蜂", "reading_system_answer": null}, {"question": "l/超级大黄蜂”战斗机达到eoc的标准是什么", "answer": "战斗机", "reading_system_answer": null}]}, {"text": "LRASM远程反舰导弹外形采用隐身设计  LRASM远程反舰导弹的发展是为了应对2008年美国海军提出的反舰导弹技术差距问题", "qa_pairs": [{"question": "lrasm远程反舰导弹的发展是为了应对2008年美国海军提出的反舰导弹的国家其", "answer": "LRASM远程", "reading_system_answer": "LRASM远程反舰导弹外形采用隐身设计"}, {"question": "lrasm远程反舰导弹的发展是为了应对2008年美国海军提出的反舰导弹的国家提", "answer": "技术差距问题", "reading_system_answer": "LRASM远程反舰导弹外形采用隐身设计"}, {"question": "lrasm远程反舰导弹的形采用隐身设题的导弹是什么", "answer": "外形", "reading_system_answer": "LRASM远程反舰导弹"}, {"question": "lrasm远程反舰导弹的发展是为了应对什么型号的导弹技术差距问题", "answer": "2008年美国海军", "reading_system_answer": "2008年美国海军提出"}]}, {"text": "按计划", "qa_pairs": [{"question": "按划计划鹰雷厄雷厄雷迪迪迪迪迪迪迪迪迪迪迪迪迪迪迪迪迪迪迪迪迪迪迪迪迪迪迪迪迪", "answer": "按计划", "reading_system_answer": null}]}, {"text": "未来LRASM反舰导弹将取代从1977年开始装备的AGM-84“鱼叉”亚音速反舰导弹", "qa_pairs": [{"question": "ag777年开始装备的agm-8导弹的导弹是哪一型号", "answer": "84", "reading_system_answer": "AGM-84"}, {"question": "ag78导弹的导弹是什么型号", "answer": "亚音速", "reading_system_answer": "AGM-84"}, {"question": "ag78导弹的鱼叉”亚音速反舰导弹是哪个", "answer": "鱼叉", "reading_system_answer": "LRASM反舰导弹将取代从1977年开始装备的AGM-84"}, {"question": "lrasm反舰导弹将取代从哪两年开始装备的", "answer": "1977年", "reading_system_answer": "1977年"}, {"question": "将取代从1977年开始装备的asm反舰导弹的国家其lrsm鱼叉”亚音速反舰导弹", "answer": "LRASM", "reading_system_answer": "LRASM反舰导弹将取代从1977年开始装备的AGM-84"}, {"question": "agm8导弹采用的是什么导弹", "answer": "装备", "reading_system_answer": "AGM-84"}, {"question": "将取代从1977年开始装备的asm反舰导弹的国家其lrsm反舰导弹是哪个型号", "answer": "AGM", "reading_system_answer": "LRASM反舰导弹将取代从1977年开始装备的AGM-84"}]}, {"text": "而AGM-84“鱼叉”导弹射程不到200公里", "qa_pairs": [{"question": "agm84“鱼叉”导弹射程是多少", "answer": "200公里", "reading_system_answer": null}, {"question": "agm84“鱼叉”导弹射程是多少", "answer": "84", "reading_system_answer": null}, {"question": "agm84“鱼叉”导弹射程是多少", "answer": "导弹射程", "reading_system_answer": null}, {"question": "agm84“鱼叉”导弹射程是多少", "answer": "鱼叉", "reading_system_answer": null}, {"question": "agm鱼叉”导弹的射程是多少", "answer": "AGM", "reading_system_answer": null}]}, {"text": "远程反舰能力远逊于LRASM", "qa_pairs": [{"question": "远程反舰能力远逊于lrasmmsssasssamrm反舰能力远逊于lras能力", "answer": "远程反舰能力", "reading_system_answer": null}, {"question": "远程反舰能力远逊于lrasm的国家远程反舰能力远逊于lrasm的国家远程反舰能", "answer": "LRASM", "reading_system_answer": null}]}, {"text": "未来LRASM还将装备于F-35“闪电Ⅱ”联合攻击战斗机", "qa_pairs": [{"question": "未来lrasm还将装备于f-35“闪合攻击战斗机的国家其联合攻击战斗机是哪个型", "answer": "35", "reading_system_answer": "F-35“闪电Ⅱ"}, {"question": "未来lrasm闪合攻击战斗机是哪个型号", "answer": "F", "reading_system_answer": "F-35“闪电Ⅱ"}, {"question": "未来l-35“闪合攻击战斗机是哪个型号", "answer": "LRASM", "reading_system_answer": "F-35“闪电Ⅱ"}, {"question": "l-35“闪电ⅱ”联合攻击战斗机是哪个", "answer": "装备", "reading_system_answer": "LRASM"}, {"question": "未来lrasm还将装备于f-35“闪电ⅱ”联合攻击战斗机的国家在3”闪电ⅱ”联", "answer": "战斗机", "reading_system_answer": null}]}, {"text": "根据美国反水面战武器性能提升Ⅱ计划", "qa_pairs": [{"question": "根据美国反水面战武器性能提升ⅱ计划的ⅱ计能提升ⅱ计划的ⅱ计能ⅱ计划的ⅱ战武器性", "answer": "计划", "reading_system_answer": null}, {"question": "根据美国反水面战武器性能提升ⅱ计划的ⅱ计划是什么", "answer": "水面战武器性能", "reading_system_answer": null}, {"question": "根据美国反水面战武器性能提升ⅱ计划的国家计划的ⅱ计划是什么", "answer": "美国", "reading_system_answer": null}]}, {"text": "LRASM项目还有可能研发海军MK-41舰载垂直发射系统以及潜射版本", "qa_pairs": [{"question": "lrasm41舰载垂直发射系统以及潜射什么型号的版本", "answer": "版本", "reading_system_answer": "MK-41"}, {"question": "lras-41舰载垂直发射系统以及潜射版本是在哪里", "answer": "LRASM项目", "reading_system_answer": null}, {"question": "lrasm项目还有可能研发海军mk-41舰载垂直发射系统的国家其研发的lras", "answer": "41", "reading_system_answer": null}, {"question": "lrasm项目还有可能研发海军mk-41舰载垂直发射系统以及潜射版本的国家其研", "answer": "海军MK", "reading_system_answer": null}]}, {"text": "虽然LRASM导弹获得了美国军队的合同", "qa_pairs": [{"question": "lrasm导弹的合同是什么", "answer": "美国军队", "reading_system_answer": "美国军队"}, {"question": "lrasm导弹是哪个导弹", "answer": "LRASM导弹", "reading_system_answer": "LRASM导弹"}]}, {"text": "但随着高超声速武器的发展", "qa_pairs": [{"question": "高超声速武器的发展是什么", "answer": "超声速武器", "reading_system_answer": null}]}, {"text": "其前景并没有非常乐观", "qa_pairs": [{"question": "其前景并没有非常乐观的前景是什么", "answer": "前景", "reading_system_answer": null}]}, {"text": "当前速度超过5倍音速的高超音速导弹已成为五角大楼的首要任务之一", "qa_pairs": [{"question": "已成为五角大楼的首要任务之一是哪种", "answer": "高超音速导弹", "reading_system_answer": "速度超过5倍音速的高超音速导弹"}, {"question": "当前速度超过5倍音速的高超音速导弹的国家的五角大楼的首要任务之一是多少", "answer": "速度", "reading_system_answer": "当前速度超过5倍音速的高超音速导弹"}, {"question": "当前速度超过5倍音速的高超音速导弹的国家已成为五角大楼的首要任务是什么", "answer": "首要任务", "reading_system_answer": null}, {"question": "当前速度超过5倍音速的高超音速导弹是哪个", "answer": "5倍音速", "reading_system_answer": "当前速度超过5倍音速的高超音速导弹"}, {"question": "当前速度超过5倍音速的高超音速导弹的国家首要任务之一是多少", "answer": "五角大楼", "reading_system_answer": "当前速度超过5倍音速的高超音速导弹"}]}, {"text": "这有可能限制整体LRASM生产数量", "qa_pairs": [{"question": "lrasm生产的数量的数量是什么", "answer": "数量", "reading_system_answer": null}, {"question": "lrasm生产数量是什么", "answer": "整体LRASM", "reading_system_answer": null}]}]}