{"passage": "在据辽宁海事局在本月1号发布的航行警告的第二天，山东、山西、河南、宁夏、甘肃等多地网友发现天空出现异象，并有人拍摄到疑似UFO高速飞行的不明物体。有军事专家据此认为，这是一次巨浪-3新型潜射洲际导弹试射。不过，中国军方和新华社并没有对这一消息进行任何说明。但是，有官方微博暗示：你相信有UFO？那么，巨浪-3到底试射了没有呢？作为大国重器，巨浪-3导弹究竟有何本事呢？   我国作为当今的世界大国，除了重视“东风”系列弹道导弹外，还特别重视海基战略核力量的建设和发展。这是因为海基核力量不仅是核大国的标志，更是维护国家安全的重要基石。一般而言，一个国家的核力量按照发射平台可分为三种：陆基核力量，空基核力量以及海基核力量。核武器诞生之初，目标仅局限于打击敌国的大城市，大型军事基地，通过大杀伤力去摧毁敌国的抵抗意志。但随着科技的进步，陆基核力量往往就成为敌方重点而且最容易打击和摧毁的目标。而海基核力量具有最好的隐蔽性和生存能力，并成为核大国“二次核反击”的中坚力量。  五年一贯制大专的四大优点，你必须知道 广告 五年一贯制大专的四大优点，你必须知道   早在1958年，我国就已经决定建造可携带潜射导弹的核潜艇。但由于起步较晚，工业基础和技术能力薄弱，直到1981年，我们才自行建造第一艘堪用的核潜艇，随后成功进行了“巨浪”-1潜射弹道导弹的试射。1988年，092型核潜艇搭载“巨浪”-1进行成功试射，这使我国成为全球第五个拥有水下核打击力量的国家。不过，“巨浪”-1的射程仅有1800千米，难以形成有效战略威慑。但“巨浪”-1的出现不仅解决了潜射导弹的有无问题，也为发展“巨浪”-2潜射导弹奠定了很好的基础。    自2002年以来，中国已经建造各种类型的核潜艇，其中094型核潜艇可搭载12枚“巨浪”-2潜射导弹。“巨浪”-2是一种三级固体潜射弹道导弹，射程可达8000千米，并采用了分导式多弹头技术。理论上，巨浪”-2可携带3-4枚核弹头，其改进型“巨浪”-2A潜射导弹不仅射程增加到了11000千米，其弹头数量也增加到了6枚，这使得094型核潜艇不用前出第一岛链就可以威慑到美国的本土。不过，美国不断加强在亚太地区的海基反导系统部署，并强化在亚太水域的反潜力量的建设，这对我国二次核反击能力提出了更高的要求。有专家认为，这次网友拍摄的UFO画面极有可能就是“巨浪”-3导弹进行的一次试射，该导弹不仅具备12000千米以上洲际打击能力，而且还携带了10枚的分导式核弹头，一枚导弹就可以打击数座大中型城市，从而有效确保了中国海基核威慑力量的可靠性。    其实，中国自拥有核武器的第一天就郑重声明，在任何时候，任何情况下都不首先使用核武器。有军事专家指出，中国保持精干有效的核反击力量，是为了遏制他国可能的核攻击，任何此种行为都将导致中国的报复性核反击。中国不惹事，但决不怕事，中国不欺负任何人，但也决不任人欺负。在事关国家主权和领土统一等核心利益问题上，中国不会屈服于任何强权和武力讹诈。而巨浪-3导弹足以让任何一个军事和战略躁动的国家立刻冷静下来！", "sentences": [{"text": "在据辽宁海事局在本月1号发布的航行警告的第二天", "qa_pairs": [{"question": "在据辽宁海事局在本月1号发布的航行警告的第二天的第二天的第二天的航行警告的第二", "answer": "辽宁海事局", "reading_system_answer": null}, {"question": "在据辽宁海事局在本月1号发布的航行警告的第二天的第二天的航行警告的第二天的发布", "answer": "1号", "reading_system_answer": null}, {"question": "在据辽宁海事局在本月1号发布的航行警告的第二天的第二天的航行警告的第二天的航行", "answer": "航行警告", "reading_system_answer": null}, {"question": "在据辽宁海事局在本月1号发布的航行警告的第二天的第二天的第1号发布的航行警告在", "answer": "第二天", "reading_system_answer": null}]}, {"text": "山东、山西、河南、宁夏、甘肃等多地网友发现天空出现异象", "qa_pairs": [{"question": "山东、山西、河夏、甘肃等多地网友发现天空出现异象的国家、宁南、宁夏、甘肃等多地", "answer": "甘肃", "reading_system_answer": null}, {"question": "山东、山西、河南、宁夏、甘肃等多地网友发现天空出现异象是什么", "answer": "天空", "reading_system_answer": null}, {"question": "山东、山西、河夏、甘肃等多地网友发现天空出现异象是什么", "answer": "多地网友", "reading_system_answer": null}, {"question": "山东、山西、河南、宁夏、甘肃等多地网友发现天空出现异象的国家、宁南、宁夏、甘肃", "answer": "宁夏", "reading_system_answer": null}, {"question": "山东、山西、河夏、甘肃等多地网友发现天空出现异象是什么", "answer": "河南", "reading_system_answer": null}, {"question": "山东、山西、河夏、甘肃等多地网友发现天空出现异象的国家、宁南、宁夏、甘肃等多地", "answer": "山西", "reading_system_answer": null}, {"question": "山东、山西、河夏、甘肃等多地网友发现天空出现异象的国家、宁南、宁夏、甘肃等多地", "answer": "山东", "reading_system_answer": null}, {"question": "山东、山西、河南、宁夏、甘肃等多地网友发现天空出现异象是什么", "answer": "异象", "reading_system_answer": null}]}, {"text": "并有人拍摄到疑似UFO高速飞行的不明物体", "qa_pairs": [{"question": "ufo高速飞行的不明物体是什么", "answer": "物体", "reading_system_answer": null}, {"question": "ufo高速飞行的不明物体是什么", "answer": "UFO", "reading_system_answer": null}]}, {"text": "有军事专家据此认为", "qa_pairs": [{"question": "有军事专家据此认为此认为有军事专家据此认为有军事专家据此认为有军事专家据此专为", "answer": "军事专家", "reading_system_answer": null}]}, {"text": "这是一次巨浪-3新型潜射洲际导弹试射", "qa_pairs": [{"question": "一次巨浪-3新型潜射洲际导弹试射的潜弹试射是哪个", "answer": "洲际导弹", "reading_system_answer": null}, {"question": "巨浪-3新型潜射洲际导弹试射的潜弹试射是什么", "answer": "一次", "reading_system_answer": null}]}, {"text": "不过", "qa_pairs": [{"question": "不过不过不过新过不过新过不过不不过不不过不不过不不过不不过不不过不不过不不不过", "answer": "", "reading_system_answer": null}]}, {"text": "中国军方和新华社并没有对这一消息进行任何说明", "qa_pairs": [{"question": "中国军方和新华社并没有对这一消息进行任何说明的新华社并没有对这一消息进行任何说", "answer": "新华社", "reading_system_answer": null}, {"question": "中国军方和新华社并没有对这一消息进行任何说明的国家其军社并没有对这一消息进行任", "answer": "一消息", "reading_system_answer": null}, {"question": "中国军方和新华社并没有对这一消息进行任何说明的国家有什么任何", "answer": "中国军方", "reading_system_answer": null}]}, {"text": "但是", "qa_pairs": [{"question": "但是是是但但但但但但但但但但但但但但但但但但但但但但但但但但但但但但但但但但但", "answer": "", "reading_system_answer": null}]}, {"text": "有官方微博暗示：你相信有UFO？那么", "qa_pairs": [{"question": "有ufo？那是什么", "answer": "官方", "reading_system_answer": null}, {"question": "有官方微博暗示：你相信有ufo？那么", "answer": "博", "reading_system_answer": null}, {"question": "有官方微博暗示：你相信有ufo？那是什么", "answer": "UFO", "reading_system_answer": null}]}, {"text": "巨浪-3到底试射了没有呢？作为大国重器", "qa_pairs": [{"question": "巨浪-3到底试射了没有呢？作为大国重器", "answer": "大国重器", "reading_system_answer": null}]}, {"text": "巨浪-3导弹究竟有何本事呢？   我国作为当今的世界大国", "qa_pairs": [{"question": "？3导弹究竟有何本事呢", "answer": "导弹", "reading_system_answer": "巨浪-3导弹究竟有何本事呢？"}, {"question": "巨浪-3导弹究竟有何本事呢", "answer": "世界大国", "reading_system_answer": null}]}, {"text": "除了重视“东风”系列弹道导弹外", "qa_pairs": [{"question": "“弹道导弹外列弹道导弹外列弹道导弹外列东风”系列弹道导弹导弹导弹的外系列是什么", "answer": "东风", "reading_system_answer": null}, {"question": "除了重视“东风”系列弹道导弹外的国家除了重视“东风”系列弹道导弹外的国家除了“", "answer": "系列弹道导弹", "reading_system_answer": null}]}, {"text": "还特别重视海基战略核力量的建设和发展", "qa_pairs": [{"question": "还特别重视海基战略核力量的建设和发展的核力量的建设和发展的核力量是什么", "answer": "战略核力量", "reading_system_answer": null}]}, {"text": "这是因为海基核力量不仅是核大国的标志", "qa_pairs": [{"question": "海基核力量不仅是核大国的标志是", "answer": "海基核力量", "reading_system_answer": null}, {"question": "海基核力量不仅是核大国的标志是什么", "answer": "标志", "reading_system_answer": null}, {"question": "海基核力量不仅是核大国的标志是什么", "answer": "核大国", "reading_system_answer": null}]}, {"text": "更是维护国家安全的重要基石", "qa_pairs": [{"question": "维护国家安全的重要基石是什么", "answer": "国家", "reading_system_answer": null}, {"question": "维护国家安全的重要基石是", "answer": "基石", "reading_system_answer": null}]}, {"text": "一般而言", "qa_pairs": [{"question": "一般而言是什么", "answer": "", "reading_system_answer": null}]}, {"text": "一个国家的核力量按照发射平台可分为三种：陆基核力量", "qa_pairs": [{"question": "台核力量按照发射平台可分为三种：陆基核力量的国家的核力量按照发射平台是什么", "answer": "三种", "reading_system_answer": null}, {"question": "一个国家的核力量按照发射平台可分为三种：陆基核力量的国家在一个国家的核力量按照", "answer": "陆基核力量", "reading_system_answer": null}, {"question": "台核力量按照发射平台可分为三种：陆基核力量的国家的核力量发射平台是什么", "answer": "核力量", "reading_system_answer": null}, {"question": "台核力量按照发射平台可分为三种：陆基核力量的国家的核力量按照发射平台是什么", "answer": "一个国家", "reading_system_answer": null}, {"question": "一个国家的核力量按照发射平台是什么", "answer": "平台", "reading_system_answer": null}]}, {"text": "空基核力量以及海基核力量", "qa_pairs": [{"question": "空基核力量以及海基核力量是什么", "answer": "海基核力量", "reading_system_answer": null}, {"question": "空基核力量以及海基核力量是什么", "answer": "空基核力量", "reading_system_answer": null}]}, {"text": "核武器诞生之初", "qa_pairs": [{"question": "核武器诞生之初诞之初诞之初诞之初诞之诞了什么", "answer": "核武器", "reading_system_answer": null}]}, {"text": "目标仅局限于打击敌国的大城市", "qa_pairs": [{"question": "打仅局限于打击城打击城打击城打击城的国家其标城限于什么", "answer": "局限于", "reading_system_answer": null}, {"question": "目限于打击敌国的大城市的国家目大城市是", "answer": "目标", "reading_system_answer": null}, {"question": "目目标仅局限于打击敌国的大城市是什么", "answer": "敌国", "reading_system_answer": null}, {"question": "目目标仅局限于打击敌国的大城市是什么", "answer": "大城市", "reading_system_answer": null}]}, {"text": "大型军事基地", "qa_pairs": [{"question": "大型军事基地的基地是", "answer": "军事基地", "reading_system_answer": null}]}, {"text": "通过大杀伤力去摧毁敌国的抵抗意志", "qa_pairs": [{"question": "通过大杀伤力去摧毁敌国的抵抗意志是什么", "answer": "杀伤力", "reading_system_answer": null}, {"question": "通抗国的抵抗意志是什么", "answer": "意志", "reading_system_answer": null}, {"question": "通过大杀伤力去摧毁敌国的抵抗意志是什么", "answer": "敌国", "reading_system_answer": null}]}, {"text": "但随着科技的进步", "qa_pairs": [{"question": "科技步进步的科技的进步是什么", "answer": "科技", "reading_system_answer": null}]}, {"text": "陆基核力量往往就成为敌方重点而且最容易打击和摧毁的目标", "qa_pairs": [{"question": "陆基核力量往往就成为敌方重点而且最容易打击和摧毁的目的是什么", "answer": "目标", "reading_system_answer": null}, {"question": "陆基核力量往往就成为敌方重点的目的是什么", "answer": "敌方重点", "reading_system_answer": null}, {"question": "陆基核力量往往就成为敌方重点的核力量的国家其核力量的目的是什么", "answer": "陆基核力量", "reading_system_answer": null}]}, {"text": "而海基核力量具有最好的隐蔽性和生存能力", "qa_pairs": [{"question": "海基核力量具有什么能力", "answer": "海基核力量", "reading_system_answer": null}, {"question": "海基核力量具有最好的隐蔽性和生存能力的隐蔽性和生存能力的隐蔽性和生存能力的核力", "answer": "隐蔽性", "reading_system_answer": null}]}, {"text": "并成为核大国“二次核反击”的中坚力量", "qa_pairs": [{"question": "核反击”的中坚力量是哪一次核反击”的中坚力量", "answer": "二次", "reading_system_answer": "核大国“二次核反击”"}, {"question": "核反击”的中坚力量是什么", "answer": "中坚力量", "reading_system_answer": null}, {"question": "核反击”的中坚力量是什么", "answer": "核大国", "reading_system_answer": null}]}, {"text": "五年一贯制大专的四大优点", "qa_pairs": [{"question": "五年一贯制大专的四大优点是什么", "answer": "优点", "reading_system_answer": null}, {"question": "五年一贯制大专的四大优点是什么", "answer": "大专", "reading_system_answer": null}]}, {"text": "你必须知道 广告 五年一贯制大专的四大优点", "qa_pairs": [{"question": "你四年一贯制大专的四大优点是什么", "answer": "优点", "reading_system_answer": null}, {"question": "你一贯制大专的四大优点是什么", "answer": "广告", "reading_system_answer": null}, {"question": "你四年一贯制大专的四大优点是什么", "answer": "大专", "reading_system_answer": null}]}, {"text": "你必须知道   早在1958年", "qa_pairs": [{"question": "你必须知道早在195年8年8年8年5958年必知道早在1958年必知道早在19", "answer": "1958年", "reading_system_answer": null}]}, {"text": "我国就已经决定建造可携带潜射导弹的核潜艇", "qa_pairs": [{"question": "我国就已经决定建造可携带潜射导弹的核潜艇是什么", "answer": "导弹", "reading_system_answer": null}, {"question": "我国就已经决定建造可携带潜射导弹的核潜艇是什么", "answer": "核潜艇", "reading_system_answer": null}]}, {"text": "但由于起步较晚", "qa_pairs": [{"question": "步较晚的起步较晚的步枪是什么", "answer": "", "reading_system_answer": null}]}, {"text": "工业基础和技术能力薄弱", "qa_pairs": [{"question": "工业基础和技术能力薄弱是什么", "answer": "技术能力", "reading_system_answer": null}, {"question": "工业基础和技术能力薄弱的基础和技术能力薄弱是什么", "answer": "工业基础", "reading_system_answer": null}]}, {"text": "直到1981年", "qa_pairs": [{"question": "直到198年1年1年8年8年直到19直到19直升机直升机直升机直升机直升机直升", "answer": "1981年", "reading_system_answer": null}]}, {"text": "我们才自行建造第一艘堪用的核潜艇", "qa_pairs": [{"question": "我们才自行建造第一艘堪用的核潜艇是哪一艘", "answer": "第一艘", "reading_system_answer": null}, {"question": "我们才自行建造第一艘堪用的核潜艇是哪一艘", "answer": "核潜艇", "reading_system_answer": null}]}, {"text": "随后成功进行了“巨浪”-1潜射弹道导弹的试射", "qa_pairs": [{"question": "“1潜射弹道导弹的试射是哪种", "answer": "弹道导弹", "reading_system_answer": "巨浪”-1潜射弹道导弹"}, {"question": "“1潜射弹道导弹的试射是哪种型号", "answer": "1", "reading_system_answer": "巨浪”-1"}]}, {"text": "1988年", "qa_pairs": [{"question": "1月8年8年8年8年88888888888888888888888888888", "answer": "1988年", "reading_system_answer": null}]}, {"text": "092型核潜艇搭载“巨浪”-1进行成功试射", "qa_pairs": [{"question": "092型核潜艇搭载“巨浪”-1进行成功试射的0浪”-1进行成功试射的092型核", "answer": "092", "reading_system_answer": null}, {"question": "092型核潜艇搭载“巨浪”-1进行成功试射的核潜艇搭载“巨浪”-1进行成功试射", "answer": "核潜艇", "reading_system_answer": null}]}, {"text": "这使我国成为全球第五个拥有水下核打击力量的国家", "qa_pairs": [{"question": "全球第五个拥有水下核打击力量的国家是", "answer": "国家", "reading_system_answer": "我国"}, {"question": "全球第五个拥有水下核打击力量的国家是", "answer": "力量", "reading_system_answer": "我国"}, {"question": "我国成为全球第五个拥有水下核打击力量的国家是", "answer": "全球第五个", "reading_system_answer": null}]}, {"text": "不过", "qa_pairs": [{"question": "不过不过不过新过不过新过不过不不过不不过不不过不不过不不过不不过不不过不不不过", "answer": "", "reading_system_answer": null}]}, {"text": "“巨浪”-1的射程仅有1800千米", "qa_pairs": [{"question": "“巨浪”-1的射程是多少", "answer": "1800千米", "reading_system_answer": null}, {"question": "“1的射程是多少", "answer": "1", "reading_system_answer": null}, {"question": "“巨浪”-1的射程是多少", "answer": "射程", "reading_system_answer": null}]}, {"text": "难以形成有效战略威慑", "qa_pairs": [{"question": "难以形成有效战略威慑的国家以形成有效战略威慑是什么", "answer": "战略", "reading_system_answer": null}]}, {"text": "但“巨浪”-1的出现不仅解决了潜射导弹的有无问题", "qa_pairs": [{"question": "“巨浪”-1的出现不仅解决了潜射导弹的有无问题是什么", "answer": "导弹", "reading_system_answer": null}, {"question": "“巨浪”-1的出现不仅解决了潜射导弹的有无问题是什么", "answer": "1", "reading_system_answer": null}, {"question": "“的潜弹有什么作用", "answer": "问题", "reading_system_answer": null}]}, {"text": "也为发展“巨浪”-2潜射导弹奠定了很好的基础", "qa_pairs": [{"question": "“2潜射导弹奠定了很好的基础是什么", "answer": "2", "reading_system_answer": "“巨浪”-2潜射导弹"}, {"question": "“2潜射导弹奠定了很好的基础是什么", "answer": "导弹", "reading_system_answer": "“巨浪”-2潜射导弹"}, {"question": "“2潜射导弹的基础是什么", "answer": "基础", "reading_system_answer": "为发展“巨浪”-2潜射导弹"}]}, {"text": "自2002年以来", "qa_pairs": [{"question": "自2002年以来以来以0002年以来的是什么", "answer": "2002年", "reading_system_answer": null}]}, {"text": "中国已经建造各种类型的核潜艇", "qa_pairs": [{"question": "中国已经建造各种类型的核潜艇是哪个国家", "answer": "中国", "reading_system_answer": null}, {"question": "中国已经建造各种类型的核潜艇是什么", "answer": "核潜艇", "reading_system_answer": null}]}, {"text": "其中094型核潜艇可搭载12枚“巨浪”-2潜射导弹", "qa_pairs": [{"question": "094型核潜艇可搭载12枚“巨浪”-2潜射导弹的国家的0型核潜艇搭载12枚“巨", "answer": "2", "reading_system_answer": "094型核潜艇可搭载12枚"}, {"question": "094型核潜艇可搭载12枚“巨浪”-2潜射导弹的国家其核潜艇可搭载12枚“巨浪", "answer": "导弹", "reading_system_answer": "094型核潜艇可搭载12枚"}, {"question": "094型核潜艇可搭载12枚“巨浪”-2潜射导弹的国家其核潜艇可搭载12枚“巨浪", "answer": "核潜艇", "reading_system_answer": "094型核潜艇可搭载12枚"}, {"question": "094型核潜艇可搭载12枚“巨浪”-2潜射导弹的国家的094型核潜艇可搭载12", "answer": "094", "reading_system_answer": "094型核潜艇可搭载12枚"}, {"question": "094型核潜艇可搭载多少枚“巨浪”-2潜射导弹", "answer": "12枚", "reading_system_answer": "12枚"}]}, {"text": "“巨浪”-2是一种三级固体潜射弹道导弹", "qa_pairs": [{"question": "“2是一种三级固体潜射弹道导弹的国家固2是一种三级固体潜射弹道导弹的国家”2是", "answer": "2", "reading_system_answer": "巨浪”-2"}, {"question": "“2是一种三级固体潜射弹道导弹是什么", "answer": "弹道导弹", "reading_system_answer": "“巨浪”-2"}, {"question": "“巨浪”-2是一种三级固体潜射弹道导弹的国家是2是一种三级固体潜射弹道导弹的国", "answer": "一种", "reading_system_answer": "“巨浪”-2"}]}, {"text": "射程可达8000千米", "qa_pairs": [{"question": "射程可达8000千米的射射射射射射射射射射射射射射米0000000000000", "answer": "射程", "reading_system_answer": null}, {"question": "射程可达多少千米", "answer": "8000千米", "reading_system_answer": null}]}, {"text": "并采用了分导式多弹头技术", "qa_pairs": [{"question": "采用了分导式多弹头技术的优点是什么", "answer": "分导式多弹头技术", "reading_system_answer": null}]}, {"text": "理论上", "qa_pairs": [{"question": "理论上上理论上上上上上上论理理理理理理理理理理理理理理理理理理理理理理理理理理", "answer": "理论", "reading_system_answer": null}]}, {"text": "巨浪”-2可携带3-4枚核弹头", "qa_pairs": [{"question": "巨浪”-2可携带3-4枚核弹头的核弹头是什么", "answer": "2", "reading_system_answer": null}, {"question": "巨浪”-2可携带3-4枚核弹头的原因是什么", "answer": "4枚核弹头", "reading_system_answer": null}]}, {"text": "其改进型“巨浪”-2A潜射导弹不仅射程增加到了11000千米", "qa_pairs": [{"question": "改2a潜射导弹的改进型“巨浪”-2a潜射导弹的改进型00千米是什么", "answer": "改进型", "reading_system_answer": null}, {"question": "“2a潜射导弹的射程是多少", "answer": "导弹", "reading_system_answer": null}, {"question": "“2a潜射导弹的射程是多少", "answer": "2A", "reading_system_answer": null}, {"question": "“2a潜射导弹的射程是多少", "answer": "射程", "reading_system_answer": null}, {"question": "“2a潜射导弹不仅射程增加到了什么", "answer": "11000千米", "reading_system_answer": null}]}, {"text": "其弹头数量也增加到了6枚", "qa_pairs": [{"question": "其弹头数量也增加到了6枚什么", "answer": "弹头数量", "reading_system_answer": null}, {"question": "其弹头数量也增加到了什么", "answer": "6枚", "reading_system_answer": null}]}, {"text": "这使得094型核潜艇不用前出第一岛链就可以威慑到美国的本土", "qa_pairs": [{"question": "094型核潜艇的第一岛链就可以威慑到美国的本土是", "answer": "本土", "reading_system_answer": null}, {"question": "094型核潜艇的国家的国家的第一岛链就可以威慑到美国的本土是", "answer": "美国", "reading_system_answer": null}, {"question": "不用前出第一岛链就可以威慑到美国的本土的核潜艇是哪一款", "answer": "核潜艇", "reading_system_answer": "094型核潜艇"}, {"question": "094型核潜艇的核潜艇是哪一个", "answer": "094", "reading_system_answer": "094型核潜艇"}, {"question": "094型核潜艇的第一岛链是什么", "answer": "第一岛链", "reading_system_answer": null}]}, {"text": "不过", "qa_pairs": [{"question": "不过不过不过新过不过新过不过不不过不不过不不过不不过不不过不不过不不过不不不过", "answer": "", "reading_system_answer": null}]}, {"text": "美国不断加强在亚太地区的海基反导系统部署", "qa_pairs": [{"question": "美国不断加强在亚太地区的海基反导系统部署是什么", "answer": "亚太地区", "reading_system_answer": null}, {"question": "美国海基反导系统部署的亚太地区的海基反导系统部署是什么", "answer": "美国", "reading_system_answer": null}, {"question": "美国不断加强在亚太地区的海基反导系统部署的反导系统部署是什么", "answer": "系统部署", "reading_system_answer": null}]}, {"text": "并强化在亚太水域的反潜力量的建设", "qa_pairs": [{"question": "并强化在亚太水域的反潜力量的建设的是什么", "answer": "力量", "reading_system_answer": null}, {"question": "并强化在亚太水域的反潜力量的建设的是什么", "answer": "亚太水域", "reading_system_answer": null}]}, {"text": "这对我国二次核反击能力提出了更高的要求", "qa_pairs": [{"question": "我国二次核反击能力提出了更高的要求的核反击能力提出了更高的要求的国家对二次核反", "answer": "二次", "reading_system_answer": null}, {"question": "我国二次核反击能了更高的要求的能了什么要求", "answer": "能力", "reading_system_answer": "我国二次核反击能力"}]}, {"text": "有专家认为", "qa_pairs": [{"question": "有专家认为有专家认为有专家认为有专家认为有专家认为有专家认为有专专专专专为什么", "answer": "专家", "reading_system_answer": null}]}, {"text": "这次网友拍摄的UFO画面极有可能就是“巨浪”-3导弹进行的一次试射", "qa_pairs": [{"question": "u3导弹进行的一次试射是哪个", "answer": "网友", "reading_system_answer": "UFO画面极有可能就是“巨浪”-3导弹"}, {"question": "ufo画面极有可能就是“巨浪”-3导弹进行的一次试射的导3导弹进行的一次试射是", "answer": "导弹", "reading_system_answer": null}, {"question": "“巨浪”-3导弹进行的一次试射是什么", "answer": "UFO画面", "reading_system_answer": "UFO画面极有可能"}, {"question": "ufo画面极有可能就是“巨浪”-3导弹进行的一次试射的“3导弹进行的一次试射是", "answer": "一次", "reading_system_answer": null}]}, {"text": "该导弹不仅具备12000千米以上洲际打击能力", "qa_pairs": [{"question": "00千米以上洲际打击能力的导弹不仅具备1200千米以上洲际打击能力的导弹不仅具", "answer": "导弹", "reading_system_answer": null}, {"question": "以上洲际打击能力的洲际打击能力是什么型号", "answer": "12000千米", "reading_system_answer": "该导弹"}, {"question": "000千米以上洲际打击能力的洲际打击能力是什么", "answer": "能力", "reading_system_answer": null}]}, {"text": "而且还携带了10枚的分导式核弹头", "qa_pairs": [{"question": "携带了10枚的分导式核弹头的原因是什么", "answer": "分导式核弹头", "reading_system_answer": null}, {"question": "1月10枚的分导式核弹头的核弹头是什么", "answer": "10枚", "reading_system_answer": null}]}, {"text": "一枚导弹就可以打击数座大中型城市", "qa_pairs": [{"question": "一枚导弹就可以打击数座大中型城市的国家其一枚导弹是什么", "answer": "一枚导弹", "reading_system_answer": null}, {"question": "一枚导弹就可以打击数座大中型城市的国家就可以打击数座大中型城市的国家就可以打击", "answer": "数座", "reading_system_answer": null}, {"question": "一枚导弹就可以打击数座大中型城市的国家以打击数座大中型城市是", "answer": "城市", "reading_system_answer": null}]}, {"text": "从而有效确保了中国海基核威慑力量的可靠性", "qa_pairs": [{"question": "从而有效确保了中国海基核威慑力量的可靠性是什么", "answer": "中国海基核威慑力量", "reading_system_answer": null}, {"question": "中国海基核威慑力量的可靠靠靠中国海基核威慑力量的可靠性了中国海基核威慑力量的可", "answer": "可靠性", "reading_system_answer": "从而"}]}, {"text": "其实", "qa_pairs": [{"question": "其其其其其其其实实是什么", "answer": "", "reading_system_answer": null}]}, {"text": "中国自拥有核武器的第一天就郑重声明", "qa_pairs": [{"question": "中国自拥有核武器的第一天就郑重声明的第一天就郑重声明的第一天就郑重声明是什么", "answer": "核武器", "reading_system_answer": null}, {"question": "中国自拥有核武器的第一天就郑重声明是什么", "answer": "中国", "reading_system_answer": null}, {"question": "中国自拥有核武器的第一天就郑重声明是哪一个", "answer": "第一天", "reading_system_answer": null}, {"question": "中国自拥有核武器的第一天就郑重声明是", "answer": "郑重声明", "reading_system_answer": null}]}, {"text": "在任何时候", "qa_pairs": [{"question": "在在在任何时任何时候时任何时候时候在在在在在在在任何候任何候时候任时候任时候任", "answer": "时候", "reading_system_answer": null}]}, {"text": "任何情况下都不首先使用核武器", "qa_pairs": [{"question": "任何情况下都不首先使用核武器是什么", "answer": "核武器", "reading_system_answer": null}, {"question": "任何情况下都不首先使用核武器的核武器是什么", "answer": "情况", "reading_system_answer": null}]}, {"text": "有军事专家指出", "qa_pairs": [{"question": "有军事专家指出什么有出专家指出专出有军事专家指出专出有专家军事军事军事军事军事", "answer": "军事专家", "reading_system_answer": null}]}, {"text": "中国保持精干有效的核反击力量", "qa_pairs": [{"question": "中国保持精干有效的核反击力量的反击力量是什么", "answer": "力量", "reading_system_answer": null}, {"question": "中国保持精干有效的核反击力量的国家保持精干有效的核反击力量是什么", "answer": "中国", "reading_system_answer": null}, {"question": "中国保持精干有效的核反击力量的国家持精干有效的核反击力量是什么", "answer": "精干", "reading_system_answer": null}]}, {"text": "是为了遏制他国可能的核攻击", "qa_pairs": [{"question": "为了遏制他国可能的核攻击中国能能攻制攻击中国能攻制攻击核攻车核核核核核核核核核", "answer": "国", "reading_system_answer": null}, {"question": "为了遏制他国可能的核攻击中国核攻击中国核攻击中国攻制的攻击中攻击中攻击中攻击中", "answer": "核", "reading_system_answer": null}]}, {"text": "任何此种行为都将导致中国的报复性核反击", "qa_pairs": [{"question": "任何此种行为都将导致中国的报复性核反击", "answer": "中国", "reading_system_answer": null}, {"question": "任何此种行为都将导致中国的报复性核反击", "answer": "报复性", "reading_system_answer": null}]}, {"text": "中国不惹事", "qa_pairs": [{"question": "中国不惹事中国惹事中国惹事中国惹事中不惹事中不惹中不惹中不中国惹中事事事事事事", "answer": "中国", "reading_system_answer": null}]}, {"text": "但决不怕事", "qa_pairs": [{"question": "决不怕事中决不怕事的怕事事是什么", "answer": "", "reading_system_answer": null}]}, {"text": "中国不欺负任何人", "qa_pairs": [{"question": "中国不欺负任何人", "answer": "中国", "reading_system_answer": null}]}, {"text": "但也决不任人欺负", "qa_pairs": [{"question": "也决不任人欺负负任人欺负负任人欺决不任人决不欺任负负任负任负任负不任负任负不任", "answer": "人", "reading_system_answer": null}]}, {"text": "在事关国家主权和领土统一等核心利益问题上", "qa_pairs": [{"question": "在事关国家主权和领土统一等核心利益问题上的国家在在事关国家主权和领土统一等核心", "answer": "事关国家主权", "reading_system_answer": null}, {"question": "在事关国家主权和领土统一等核心利益问题上的国家在事关国家主权和领土统一等核心利", "answer": "领土", "reading_system_answer": null}, {"question": "在事关国家主权和领土统一等核心利益问题上的目的是什么", "answer": "核心利益问题", "reading_system_answer": null}]}, {"text": "中国不会屈服于任何强权和武力讹诈", "qa_pairs": [{"question": "中国不会屈服于武力讹诈的国家在中国和屈服于武力讹诈的国家的国家和屈服于和何处实", "answer": "屈服于", "reading_system_answer": null}, {"question": "中国不会屈服于任何强权和武力讹诈的国家诈于任何讹不会屈服于任何强权和武力讹诈", "answer": "中国", "reading_system_answer": null}, {"question": "中国不会屈服于任何强权和武力讹诈的国家其武力讹诈是什么", "answer": "武力", "reading_system_answer": null}, {"question": "中国不会屈服于任何强权和武力讹诈的国家在中国不会屈服于任何强权和武力讹诈的国家", "answer": "强权", "reading_system_answer": null}]}, {"text": "而巨浪-3导弹足以让任何一个军事和战略躁动的国家立刻冷静下来！", "qa_pairs": [{"question": "巨浪-3导弹足以让任何一个军事和战略躁动的国家立刻冷静下来！的导弹足以让任何一", "answer": "国家", "reading_system_answer": "巨浪-3导弹足以让任何一"}, {"question": "巨浪-3导弹足以让任何一个军事和战略躁动的国家立刻冷静下来！的导弹足以让任何一", "answer": "导弹", "reading_system_answer": "巨浪-3导弹足以让任何一"}, {"question": "巨浪-3导弹足以让任何一个军事和战略躁动的国家立刻冷静下来！的导弹足以让任何一", "answer": "战略", "reading_system_answer": "巨浪-3导弹足以让任何一"}, {"question": "巨浪-3导弹足以让任何一个军事和战略躁动的国家立刻冷静下来！的导弹足以让任何一", "answer": "一个军事", "reading_system_answer": "巨浪-3导弹足以让任何一"}]}]}