{"passage": "中央纪委副书记、国家监委副主任李书磊12月27日在北京会见波兰最高监察院院长克维亚特科夫斯基。  李书磊表示，在以习近平同志为核心的党中央坚强领导下，反腐败斗争取得压倒性胜利，全面从严治党取得重大成果。中方愿与波方共同努力，加强双边交流机制化建设，深化在“一带一路”、“16+1合作”等框架下的监察与反腐败合作，不断充实中波全面战略伙伴关系内涵。  克维亚特科夫斯基积极评价中国反腐败取得的成就和波中双边关系，表示愿与中方深化在监察和反腐败领域的务实合作。", "sentences": [{"text": "中央纪委副书记、国家监委副主任李书磊12月27日在北京会见波兰最高监察院院长克维亚特科夫斯基", "qa_pairs": [{"question": "中央纪委副书记、国家监委副主任李书磊12月27日在北京会见波兰最高监察院院长克", "answer": "李书磊12月27日", "reading_system_answer": null}, {"question": "中央纪委副书记、国家监委副主任李书磊12月27日在北京会见波兰最高监察院院长克", "answer": "监察院院长克维亚", "reading_system_answer": null}, {"question": "中国长克维亚特科夫斯基的长克院院长克维亚特科夫斯基的国家最高监察院院长克纪日在", "answer": "中央纪委", "reading_system_answer": null}, {"question": "中国家监委副主任李国家监委副主任李书磊12月27日在北京会见波兰最高监察院院长", "answer": "国家监委", "reading_system_answer": null}, {"question": "中央纪委副书记、国家监委副主任李书磊12月27日在北京会见波兰最高监察院院长克", "answer": "北京会见波兰", "reading_system_answer": null}, {"question": "2月2日会见波兰高任副长波科院长1月特科夫斯夫特点是什么", "answer": "书记", "reading_system_answer": null}]}, {"text": "李书磊表示", "qa_pairs": [{"question": "李书磊表示李书示示示表示李书磊李李表表表示表示表示磊示李书书书表表表表磊示李示", "answer": "李书磊", "reading_system_answer": null}]}, {"text": "在以习近平同志为核心的党中央坚强领导下", "qa_pairs": [{"question": "在以习近平同志为核心的党中央坚强领导下的国家在以习近平同志为核心的党中央坚强领", "answer": "核心", "reading_system_answer": null}, {"question": "在以习近平同志为核心的党中央坚强领导下的国家在以习近平同志为核心的党中央坚强领", "answer": "党中央", "reading_system_answer": null}, {"question": "在以习近平同强领导下的国家在在以习近平同强领导下的国家在在以习导下的核心的党坚", "answer": "同志", "reading_system_answer": "在以习近平同志为核心的党中央"}, {"question": "在以习近平同志为核心的党中央坚强领导下的国家强下的强领导下导弹其强领导弹在强领", "answer": "领导", "reading_system_answer": null}]}, {"text": "反腐败斗争取得压倒性胜利", "qa_pairs": [{"question": "反腐败斗争取得压倒性胜利利反倒性胜利的反腐败斗争取得压倒性胜利是什么", "answer": "压倒性", "reading_system_answer": null}]}, {"text": "全面从严治党取得重大成果", "qa_pairs": [{"question": "全面从严治党取得重大成果的原因是什么", "answer": "全面从严治党", "reading_system_answer": null}]}, {"text": "中方愿与波方共同努力", "qa_pairs": [{"question": "中方愿与波方共同努力的共同努力是什么", "answer": "波方", "reading_system_answer": null}]}, {"text": "加强双边交流机制化建设", "qa_pairs": [{"question": "加强双边交流机制化建设的意义是什么", "answer": "双边交流机制化", "reading_system_answer": null}]}, {"text": "深化在“一带一路”、“16+1合作”等框架下的监察与反腐败合作", "qa_pairs": [{"question": "深、16+16+1合作”等框架下的监察与反腐败合作的是哪一型号的一路”、1合作", "answer": "1", "reading_system_answer": "一带一路"}, {"question": "深、16+1合作”等框架下的监察与反腐败合作的是什么", "answer": "一带一路", "reading_system_answer": "“一带一路"}, {"question": "深、16+1合作”等框架下的监察与反腐败合作的一、“16+1合作”等框架下的监", "answer": "框架", "reading_system_answer": "“一带一路"}, {"question": "深16+16+16+16架1与反腐败合作的是哪一型号的一路”、“1下的监察与反", "answer": "16", "reading_system_answer": "一带一路"}]}, {"text": "不断充实中波全面战略伙伴关系内涵", "qa_pairs": [{"question": "不断充实中波全面战略伙伴关系内涵的目的是什么", "answer": "中波全面战略伙伴关系内涵", "reading_system_answer": null}]}, {"text": "克维亚特科夫斯基积极评价中国反腐败取得的成就和波中双边关系", "qa_pairs": [{"question": "克维亚特科夫斯基积极评价中国反腐败取得的成就和波中双边关系的国家其克维亚特科夫", "answer": "克维亚", "reading_system_answer": null}, {"question": "克维亚特科夫斯基积极评价中国反腐败取得的成就和波中双边关系是什么", "answer": "波中双边关系", "reading_system_answer": null}, {"question": "克维亚特科夫斯基积极评价中国反腐败取得的成就和波中双边关系是什么", "answer": "评价中国", "reading_system_answer": null}, {"question": "克维亚双战中特科夫的中国成波双边的双边关系是什么", "answer": "成就", "reading_system_answer": null}]}, {"text": "表示愿与中方深化在监察和反腐败领域的务实合作", "qa_pairs": [{"question": "与中方深化在监察和反腐败领域的务实合作的反腐败领域的务实合作是什么", "answer": "领域", "reading_system_answer": null}]}]}