{"passage": "原来，台湾省媒体围绕“雷霆-2000”多管火箭炮传出的“大料”不只“可以搭载神经毒气弹”一个。  在省内媒体炒作这条“台军作死”的新闻时，环球网记者发现，省内“独媒”《自由时报》5月31日还报道另一个与“雷霆-2000”有关的消息：台军说，要把这种火箭包部署在金门、马祖，能打到大陆。   在篇幅并不长的报道中，《自由时报》引述台军“相关官员”的话说，台军打算把射程为15至45公里的“雷霆-2000”多管火箭系统布置在金门、马祖，还扬言其火力“已可涵盖到邻近的中国沿海城市”，“具有相当大的吓阻(威慑)能力”。   今天上午，中国防长魏凤和上将在香格里拉对话会上的警告振聋发聩：如果有人胆敢把台湾从中国分裂出去，中国军队别无选择，必将不惜一战，必将不惜一切代价，坚决维护祖国统一。“我要正告民进党当局和外部干涉势力:第一，任何分裂中国的企图都不可能得逞。第二，任何干涉台湾问题的行径都注定失败。第三，任何对中国军队决心意志的低估都极其危险。我们愿以最大诚意、最大努力争取和平统一前景，但决不承诺放弃使用武力。维护国家统一是军队的神圣职责。如果中国人民解放军不能维护祖国统一，那还要解放军干什么？!”  在如此强大的决心面前，别说是“雷霆-2000”多管火箭炮，就算是戳2000管“雷霆”牌火箭炮在金门马祖，能吓阻大陆吗？  别说环环不信，台湾网友也不信。  连日来，岛内网络上网友对“雷霆-2000”的真实水平已有不少吐槽：“早就被淘汰了”“威力少又射不准”“一点用都没有”。   更有不少岛内网友“密集用梗”，对台军在金门、马祖部署“雷霆-2000”的传闻开启嘲讽模式。其中提到的台军糗事包括但不限于：“投诚方便面”↓   “雄三”误射↓   苏贞昌“扫帚论”↓   还有人批评：挑拨两岸、制造祸害，不是民众的期待。  “雷霆-2000多管火箭系统”是台军自行研制的多管火箭炮，早在20多年前就研发完成，但在2010年底才开始按计划执行量产，在2012年交付台陆军司令部。在2013年，岛内就曾有“雷霆-2000”被部署在马祖的传闻，但当时台“国防部”并未进行证实。   近日，岛内围绕“雷霆-2000”爆出惊人消息，媒体人马西屏今年5月31日在电视节目上声称“雷霆-2000”火箭炮有一个“绝密”的功能，就是可以搭载“神经毒气弹”。   他的言论也引起巨大争议，有人点出，制作、使用“大规模杀伤性”不符合联合国的规定。   由于爆料内容太过夸张，马西屏的说法还被一些人认为是造谣：如果是“绝密”，“你如何能得知？”   今天，环球网记者与两岸关系和平发展协同创新中心主任、厦门大学台研院教授刘国深聊起“雷霆-2000”部署到金门马祖的事，刘国深表示，两岸军力根本不在同一个量级，台媒所报道的“多管火箭前进部署”，基本上是“暗夜里走路吹哨子”，给自己壮胆而已。   与被网友讽刺“没威力又打不准”的“雷霆-2000”不同，解放军目前装备的PHL-03型300毫米远程火箭炮堪称是世界最强火箭炮之一，能够在数十乃至上百公里射程内以及高精度打击目标，所使用的300毫米口径弹药威力巨大，弹种包括杀伤爆破弹、杀伤破甲双用途子母弹、反坦克子母弹、末敏弹和云爆弹。该型火箭炮采用轮式底盘作为运载平台，每辆发射车配备12根发射管，一次齐射时间38秒，多车齐射可以在瞬间对敌方阵地形成大面积火力覆盖。相比之下，台湾的“雷霆-2000”火箭炮最大弹药口径只有230毫米，最大射程45公里，在射程、威力上都远不及解放军的PHL-03远程火箭炮。   台媒一年前刊登的一篇军事分析文章还形容PHL-03型300毫米远程火箭炮“多发齐射的壮观景象另人瞋目结舌”“展示出高精确的打击与巨大威力”，更援引军事作家科罗廖夫的话表示称“其射击精度已远超过现役最准的狙击步枪。”", "sentences": [{"text": "原来", "qa_pairs": [{"question": "原来原来原因为什么原因原", "answer": "", "reading_system_answer": null}]}, {"text": "台湾省媒体围绕“雷霆-2000”多管火箭炮传出的“大料”不只“可以搭载神经毒气弹”一个", "qa_pairs": [{"question": "台湾省媒体围绕“雷霆-的000”多管火箭炮传出的“大料”不只“可以搭载神经毒气", "answer": "2000", "reading_system_answer": null}, {"question": "台湾省媒体围绕“雷霆-2000”多管火箭炮的国家的台湾省媒体围绕“雷霆-200", "answer": "雷霆", "reading_system_answer": null}, {"question": "台200”多管火箭炮的一个弹雷霆-200”多管火箭炮传出的-雷霆绕出的-79”0", "answer": "多", "reading_system_answer": null}, {"question": "台湾省媒体围绕“雷霆-2000”多管火箭炮的国家在-2000”多管火箭炮的国家", "answer": "火箭炮", "reading_system_answer": null}, {"question": "台湾省媒体围绕“雷霆-2000”多管火箭炮的国家搭2000”多管火箭炮的一个弹", "answer": "一个", "reading_system_answer": "可以搭载神经毒气弹"}, {"question": "台湾省媒体围绕“雷霆-2000”多管火箭炮传出的“大料”不只“可以搭载神经毒气", "answer": "神经毒气弹", "reading_system_answer": null}, {"question": "台湾省媒体围绕“雷霆-2000”多管火箭炮传出的“大料”不只“可以搭载神经毒气", "answer": "台湾省媒体", "reading_system_answer": null}]}, {"text": "在省内媒体炒作这条“台军作死”的新闻时", "qa_pairs": [{"question": "在省内媒体炒作这条“作死”的新军作死”的是什么", "answer": "新闻时", "reading_system_answer": null}, {"question": "在省内媒体炒作这条“台军作死”的新闻时是什么", "answer": "台军", "reading_system_answer": null}, {"question": "“的新体炒作是什么", "answer": "条", "reading_system_answer": "“台军作死”"}, {"question": "在省内媒体炒作这条“的军作死”的新闻时是什么", "answer": "媒体", "reading_system_answer": null}]}, {"text": "环球网记者发现", "qa_pairs": [{"question": "环球网记者发现的环球网记者发现是什么", "answer": "环球网记者", "reading_system_answer": null}]}, {"text": "省内“独媒”《自由时报》5月31日还报道另一个与“雷霆-2000”有关的消息：台军说", "qa_pairs": [{"question": "”《的000”2000”有哪两个军队", "answer": "2000", "reading_system_answer": "台军"}, {"question": "》《的关2000”2000”有关的消息：台军说是什么", "answer": "雷霆", "reading_system_answer": null}, {"question": "》《的关雷霆-2000”有关的消息：台军说是什么", "answer": "消息", "reading_system_answer": null}, {"question": "”《的“雷霆-2000”有关的消息：台军说的是哪一个与“雷霆-2000”有关的", "answer": "一个", "reading_system_answer": "《自由时报》5月31日"}, {"question": "-10000”0台台台台台台台台台台台台台”””《《《《52222222222", "answer": "媒", "reading_system_answer": "雷霆-2000"}, {"question": "》《000”2000”2000200”2”0-2”独媒”《自5月独媒消15月独", "answer": "台军", "reading_system_answer": "雷霆-2000"}, {"question": "”1000个-””道111日日日日日台台台台台台台台台台台日日日日日日日日日日", "answer": "时报", "reading_system_answer": "雷霆-2000"}, {"question": "”《的军雷霆-2000”有关的消息：台军说的是哪一次", "answer": "5月31日", "reading_system_answer": null}]}, {"text": "要把这种火箭包部署在金门、马祖", "qa_pairs": [{"question": "要把这种火箭包部署在金门、马祖的国家包部署在金门、马祖的国家其火箭包部署在金门", "answer": "金门", "reading_system_answer": null}, {"question": "要把这种火箭包部署在金门、马祖的国家其火箭包部署在金门、马祖的国家在金门、马祖", "answer": "火箭", "reading_system_answer": null}, {"question": "要把这种火箭包部署在金门、马祖的国家在金门、马祖的国家在金门、马祖的国家在金门", "answer": "马祖", "reading_system_answer": null}, {"question": "要把这种火箭包部署在金门、马祖的国家其火箭包部署在金门、马祖的国家其火箭署在金", "answer": "部署", "reading_system_answer": null}]}, {"text": "能打到大陆", "qa_pairs": [{"question": "能打到大陆的能打到大陆是能打到大陆的态度是什么", "answer": "大陆", "reading_system_answer": null}]}, {"text": "在篇幅并不长的报道中", "qa_pairs": [{"question": "在在在在在在在在在在在在在在在在在在在在在在在在在在在在中国道篇篇道报报道报道", "answer": "篇幅", "reading_system_answer": null}]}, {"text": "《自由时报》引述台军“相关官员”的话说", "qa_pairs": [{"question": "《引“相关官员”的话说是什么", "answer": "官员", "reading_system_answer": null}, {"question": "《“》“““““““的的的员报员官是什么", "answer": "时报", "reading_system_answer": null}, {"question": "《”相的话说是什么", "answer": "台军", "reading_system_answer": null}]}, {"text": "台军打算把射程为15至45公里的“雷霆-2000”多管火箭系统布置在金门、马祖", "qa_pairs": [{"question": "台军打算把射程为15至45公里的“雷霆-2000”多管火箭系统布置的国家在金门", "answer": "2000", "reading_system_answer": null}, {"question": "台军打算把射程为15公里的“雷霆-2000”多管火箭系统布置的国家其“2000", "answer": "雷霆", "reading_system_answer": null}, {"question": "台军打算把射程为15至45公里的“雷霆-2000”多管火箭系统布置在金门、马祖", "answer": "45公里", "reading_system_answer": null}, {"question": "台军打算把射程为15、马祖的国家在金门、马祖的国家在金门、马祖的国家在金20里", "answer": "射程", "reading_system_answer": "雷霆-2000"}, {"question": "台“雷霆-2000”多管火箭系统布置在金门、马祖的国家打算把射程为15至45公", "answer": "多", "reading_system_answer": "台军打算把射程为15至45公里"}, {"question": "台军打算把射程为15公里的“雷霆-2000”多管火箭系统布置在金门、马祖的国家", "answer": "火箭系统布置", "reading_system_answer": null}, {"question": "台军打算把射程为15至45公里的“雷霆-2000”多管火箭系统布置在金门、马祖", "answer": "金门", "reading_system_answer": null}, {"question": "台军打算把射程为15公里的“雷霆-2000”多管火箭系统布置在金门、马祖的国家", "answer": "台军", "reading_system_answer": null}, {"question": "台军打算把射程为15、马祖的国家在金门、马祖的国家在金门、马祖的国家在金门、2", "answer": "15", "reading_system_answer": "雷霆-2000"}, {"question": "台军打算把射程为15至45至45公里的“雷霆-2000”多管火箭系统布置在金门", "answer": "马祖", "reading_system_answer": null}]}, {"text": "还扬言其火力“已可涵盖到邻近的中国沿海城市”", "qa_pairs": [{"question": "近到邻近的中国沿海城市”的火力“已可涵盖到邻近的中国沿海城市”是", "answer": "火力", "reading_system_answer": null}, {"question": "中国沿海城市”中国沿海城市”的国家的国家的火力“已可涵盖到邻近的火力“市”是什", "answer": "中国", "reading_system_answer": null}, {"question": "近”的中国沿海城市”是什么", "answer": "扬言", "reading_system_answer": null}, {"question": "“”的中国沿海城市”是什么", "answer": "城市", "reading_system_answer": null}]}, {"text": "“具有相当大的吓阻(威慑)能力”", "qa_pairs": [{"question": "“具有相当大的吓阻(威慑)能力”的)项力”是什么", "answer": "能力", "reading_system_answer": null}]}, {"text": "今天上午", "qa_pairs": [{"question": "今天上午午上上上上上上上上天今今上上天今今上天今上上上上上上上上上上天今今午今", "answer": "今天上午", "reading_system_answer": null}]}, {"text": "中国防长魏凤和上将在香格里拉对话会上的警告振聋发聩：如果有人胆敢把台湾从中国分裂出去", "qa_pairs": [{"question": "中国防长魏凤和上将在香格里拉对话会上的警告振聋发聩：如果湾从中国分裂出去的国家", "answer": "魏凤", "reading_system_answer": "如果有人胆敢把台湾"}, {"question": "中国香对魏对拉凤晋辅访果里拉对魏对中国香长国家在拉凤晋辅星的国家在拉凤凤象辅击", "answer": "对话", "reading_system_answer": null}, {"question": "中国防长魏凤和上将在香格里拉对话会上的警告振聋发聩：如果有人胆敢把台湾从中国分", "answer": "台湾", "reading_system_answer": null}, {"question": "中国防长魏凤和上将在香格里拉对话会上的警告振聋发聩：如果有人胆敢把台湾从中国分", "answer": "警告", "reading_system_answer": null}, {"question": "中国香对魏对话会裂长拉凤因为香长拉附订中国上里拉凤晋辅会和警长国家格对中国对中", "answer": "上将", "reading_system_answer": null}, {"question": "中国防长魏凤和上将在香格里拉对话会上的警告振聋发聩：如果有人胆敢把台湾从中国分", "answer": "中国", "reading_system_answer": null}, {"question": "中国防长魏凤和上将在香格里拉对话会上的警告振聋发聩：如果有人胆敢把台湾从中国分", "answer": "国防", "reading_system_answer": null}]}, {"text": "中国军队别无选择", "qa_pairs": [{"question": "中国军队别无选择是什么", "answer": "中国军队", "reading_system_answer": null}]}, {"text": "必将不惜一战", "qa_pairs": [{"question": "不惜一战中必将不惜一战中战争中战争中战争中战争中战争中战争中战争中战争中战争中", "answer": "", "reading_system_answer": null}]}, {"text": "必将不惜一切代价", "qa_pairs": [{"question": "必将不惜一切代价将不惜一切代价将不惜将价将价将价代价是什么", "answer": "代价", "reading_system_answer": null}]}, {"text": "坚决维护祖国统一", "qa_pairs": [{"question": "坚决维护祖国统一一代国统一的国家坚维护祖国统一决决维护祖统坚维坚一统坚祖坚祖坚", "answer": "", "reading_system_answer": null}]}, {"text": "“我要正告民进党当局和外部干涉势力:第一", "qa_pairs": [{"question": "“我要正告民进党当局和外部干涉势力:第一的国家在“我要正告民进党当局和外部干涉", "answer": "正告民进党当局", "reading_system_answer": null}, {"question": "“当局和外告民进党当局和外部干涉势力:第一的国家其第一正局和外部干涉势力:第一", "answer": "第一", "reading_system_answer": null}, {"question": "“第一的第一艘外部干涉势力:第一的国家要正告民进党当局和外部干涉势力:第一的:", "answer": "势力", "reading_system_answer": null}]}, {"text": "任何分裂中国的企图都不可能得逞", "qa_pairs": [{"question": "任何分裂中国的企图都不可能得逞任何分裂中国的企图都不可能得逞任何分裂中国的企图", "answer": "企图", "reading_system_answer": null}, {"question": "任何分裂中国的企图都不可能得逞逞图都不可能得逞的国家企图都不可能得逞的中国的企", "answer": "中国", "reading_system_answer": null}]}, {"text": "第二", "qa_pairs": [{"question": "第二第二第二第二任上二战上上二上二战上二战上二战上二", "answer": "第二", "reading_system_answer": null}]}, {"text": "任何干涉台湾问题的行径都注定失败", "qa_pairs": [{"question": "任何干涉台湾问题的行径都注定失败的湾问题的行径都定失败的定台湾问题的行径都定失", "answer": "行径", "reading_system_answer": null}, {"question": "任何干涉台湾问题的行径都注定失败的任何干涉台湾问题的行径都注定失败", "answer": "台湾问题", "reading_system_answer": null}]}, {"text": "第三", "qa_pairs": [{"question": "第三第三第三第三第三第三第三第三第三第三第三第三第三第三第三第三第三第三第三第", "answer": "第三", "reading_system_answer": null}]}, {"text": "任何对中国军队决心意志的低估都极其危险", "qa_pairs": [{"question": "任何对中国军队决心意志的低估都极其危险", "answer": "意志", "reading_system_answer": null}, {"question": "任何对中国军队决心意志的低估都极其危险", "answer": "中国军队", "reading_system_answer": null}]}, {"text": "我们愿以最大诚意、最大努力争取和平统一前景", "qa_pairs": [{"question": "我们愿以最大诚意、最大努力争取和平统一前景的国家最大努力争取和平统一前景的国家", "answer": "前景", "reading_system_answer": null}, {"question": "我们愿以最大诚意、最大努力争取和平统一前景景是什么", "answer": "努力争取", "reading_system_answer": null}]}, {"text": "但决不承诺放弃使用武力", "qa_pairs": [{"question": "诺放弃使用武力的国家用什么", "answer": "武力", "reading_system_answer": null}]}, {"text": "维护国家统一是军队的神圣职责", "qa_pairs": [{"question": "维护国家统一是军队的神圣职责的国家职责是什么", "answer": "国家", "reading_system_answer": null}, {"question": "维护国家统一是军队的神圣职责的神圣职责是什么", "answer": "军队", "reading_system_answer": null}]}, {"text": "如果中国人民解放军不能维护祖国统一", "qa_pairs": [{"question": "如果中国人民解放军不能维护祖国统一的国家解放军不能维护祖国统一的维护祖民解放军", "answer": "中国人民解放军", "reading_system_answer": null}]}, {"text": "那还要解放军干什么？!”  在如此强大的决心面前", "qa_pairs": [{"question": "？!”在”在!!!!么么么么么么么么强强强强强强强强强强强强强强强强强强强决决", "answer": "解放军", "reading_system_answer": null}]}, {"text": "别说是“雷霆-2000”多管火箭炮", "qa_pairs": [{"question": "“雷霆-2000”多管火箭炮的”型号是什么", "answer": "2000", "reading_system_answer": null}, {"question": "“2000”多管火箭炮的“型号是", "answer": "雷霆", "reading_system_answer": "雷霆-2000"}, {"question": "“雷霆-2000”多管火箭炮是什么", "answer": "火箭炮", "reading_system_answer": null}, {"question": "“2000”多管火箭炮的“多管火箭炮是哪一款", "answer": "多", "reading_system_answer": "雷霆-2000"}]}, {"text": "就算是戳2000管“雷霆”牌火箭炮在金门马祖", "qa_pairs": [{"question": "戳2000管“雷霆”牌火箭炮在金门马祖的是哪一型号", "answer": "2000", "reading_system_answer": null}, {"question": "戳2000管“雷霆”牌火箭炮在金门马祖的国家在金门马祖的国家在金门马祖的国家在", "answer": "雷霆", "reading_system_answer": null}, {"question": "戳2000管“雷霆”牌火箭炮在金门马祖的国家在金门马祖的国家在金门马祖的国家在", "answer": "牌火箭炮", "reading_system_answer": null}, {"question": "戳2000管“雷霆”牌火箭炮在金门马祖的国家在金门马祖的国家在金门000管“雷", "answer": "金门马祖", "reading_system_answer": null}]}, {"text": "能吓阻大陆吗？  别说环环不信", "qa_pairs": [{"question": "能吓阻大陆吗？别说环环不信的国家吓阻大陆吗", "answer": "环环", "reading_system_answer": null}, {"question": "能吓阻大陆吗？别说环环不信的阻阻大陆吗", "answer": "大陆", "reading_system_answer": null}, {"question": "？大战中？环环吗", "answer": "信", "reading_system_answer": null}]}, {"text": "台湾网友也不信", "qa_pairs": [{"question": "台湾网友也不信不信的台湾网友是什么", "answer": "台湾网友", "reading_system_answer": null}]}, {"text": "连日来", "qa_pairs": [{"question": "连日来连连连连连连连连主战时期日来日来的来的来的来的来的来是什么", "answer": "", "reading_system_answer": null}]}, {"text": "岛内网络上网友对“雷霆-2000”的真实水平已有不少吐槽：“早就被淘汰了”“威力少又射不准”“一点用都没有”", "qa_pairs": [{"question": "”“的真实水平已有不少吐槽：“的国家对2000”的真实水平已有不少吐槽：“的国", "answer": "2000", "reading_system_answer": "岛内网络上网友对“雷霆-2000”的真实水平已有不少吐槽：“早就被淘汰了”“威力少又射不准”“一点用都没有"}, {"question": "岛2000”2000”的真实水平已有不少吐槽：“的国家其真实水平已有不少吐槽：", "answer": "雷霆", "reading_system_answer": "岛内网络上网友对“雷霆-2000”的真实水平已有不少吐槽：“早就被淘汰了”“威力少又射不准”“一点用都没有"}, {"question": "“2000”的真实水平已有不少吐槽：“早就被淘汰了”雷霆-2000”的真实水平", "answer": "水平", "reading_system_answer": "威力少又射不准"}, {"question": "对“000”的真实水平已有不少吐槽：“早就被淘汰了”雷霆-2000”的真实水平", "answer": "网友", "reading_system_answer": "威力少又射不准"}, {"question": "：“000”的真实水平：的真实水平已有不少吐槽：“早就被淘汰了”雷霆-2000", "answer": "网络", "reading_system_answer": "威力少又射不准"}, {"question": "岛2000”的真实水平已有不少吐槽：“早就被淘汰了”雷霆-2000”的真实水平", "answer": "一点", "reading_system_answer": "威力少又射不准"}, {"question": "：2000”的真实水平已有不少吐槽：“早就被淘汰了”雷霆-2000”的真实水平", "answer": "威力", "reading_system_answer": "威力少又射不准"}]}, {"text": "更有不少岛内网友“密集用梗”", "qa_pairs": [{"question": "“”的梗密集用梗”是什么", "answer": "网友", "reading_system_answer": null}, {"question": "“”的梗密集用梗”是什么", "answer": "密集", "reading_system_answer": null}]}, {"text": "对台军在金门、马祖部署“雷霆-2000”的传闻开启嘲讽模式", "qa_pairs": [{"question": "对台军在金门、马祖部署“雷霆-2000”的传闻开启嘲讽模式的国家在金门、马祖部", "answer": "2000", "reading_system_answer": null}, {"question": "对台军在金门、马祖部署“雷霆-2000”的传闻开启嘲讽模式的国家在金门、马祖部", "answer": "雷霆", "reading_system_answer": null}, {"question": "对台雷霆-2000祖”的国家在金门、雷霆-2的国家在金门部的国家在金祖部署“0", "answer": "传闻", "reading_system_answer": "对台军在金门、马祖"}, {"question": "对2000”的传闻开启嘲讽模式是哪个", "answer": "金门", "reading_system_answer": "雷霆-2000"}, {"question": "对台军在金门、马祖部署“雷霆-2000”的传闻开启嘲讽模式的国家在金门、马祖部", "answer": "马祖部署", "reading_system_answer": null}, {"question": "对台军在金门、马祖部署“雷霆-2000”的传闻开启嘲讽模式的国家在金门、马祖部", "answer": "台军", "reading_system_answer": null}, {"question": "对台军在金门、马祖部署“雷霆-2000”的传闻开启嘲讽模式", "answer": "模式", "reading_system_answer": null}]}, {"text": "其中提到的台军糗事包括但不限于：“投诚方便面”↓   “雄三”误射↓   苏贞昌“扫帚论”↓   还有人批评：挑拨两岸、制造祸害", "qa_pairs": [{"question": "苏↓“雄三”误射↓苏贞昌“扫帚论”↓的国家有“雄“雄雄雄投挑挑挑挑挑挑挑挑挑挑", "answer": "方便面", "reading_system_answer": null}, {"question": "”↓“雄三”误射↓苏贞昌“扫帚论”↓还有人批评：挑拨两岸、制造祸害的国家误““", "answer": "苏贞昌", "reading_system_answer": null}, {"question": "”↓“雄三”误射的苏糗事包包包：：：：：：：：：：挑挑挑挑挑挑挑挑挑挑挑挑挑昌", "answer": "事", "reading_system_answer": "苏贞昌"}, {"question": "苏↓“雄三”误射↓苏贞昌“扫帚论”↓还有人批评：挑拨两岸、制造祸害的国家其军糗", "answer": "雄三", "reading_system_answer": "其中提到的台军糗事包括但不限于：“投诚方便面”↓   “雄三”误射↓   "}, {"question": "”↓军事包括但不限于：“投诚方便面”↓“雄三”误射↓苏贞昌“扫帚论”↓的国家的", "answer": "扫帚", "reading_system_answer": "台军糗事"}, {"question": "”↓“雄三”误射↓苏贞昌“扫帚论”↓还有人批评：挑拨两岸、制造祸害的国家其军糗", "answer": "台军", "reading_system_answer": "其中提到的台军糗事包括但不限于：“投诚方便面”↓   “雄三”误射↓   "}, {"question": "”↓“雄三”误射↓苏贞昌“扫帚论”↓还有人批评：挑拨两岸、制造祸害的国家昌雄“", "answer": "人", "reading_system_answer": null}, {"question": "苏↓“雄三”误射↓苏贞昌“扫帚论”↓还有人批评：挑拨两岸、制造祸害的国家”““", "answer": "祸害", "reading_system_answer": null}]}, {"text": "不是民众的期待", "qa_pairs": [{"question": "民众的期待的民众的期待的民众民众民众民众众众是什么", "answer": "民众", "reading_system_answer": null}]}, {"text": "“雷霆-2000多管火箭系统”是台军自行研制的多管火箭炮", "qa_pairs": [{"question": "台2000多管火箭系统的系统是台多管火箭炮的国家自行研制的多管火箭炮是台军自行", "answer": "雷霆", "reading_system_answer": "雷霆-2000多管火箭系统"}, {"question": "“2000多管火箭系统”是台军自行研制的多管火箭炮的国家自行研制的多管火箭系统", "answer": "火箭炮", "reading_system_answer": "雷霆-2000多管火箭系统"}, {"question": "台雷霆-是什么型号的", "answer": "2000多", "reading_system_answer": "雷霆-2000多管火箭系统"}, {"question": "“200多管火箭系统”是台军自行研制的多管火箭炮的国家自行研制的多管火箭系统是", "answer": "台军", "reading_system_answer": "雷霆-2000多管火箭系统"}, {"question": "台2000多管火箭系统是台军自行研制的多管火箭炮的国家自行研制的多管火箭系统是", "answer": "火箭系统", "reading_system_answer": "雷霆-2000多管火箭系统"}]}, {"text": "早在20多年前就研发完成", "qa_pairs": [{"question": "早在20多年前就研发完成的是什么时候", "answer": "20多年", "reading_system_answer": null}]}, {"text": "但在2010年底才开始按计划执行量产", "qa_pairs": [{"question": "在2010年底才开始按计划执行量产的计划执行量产的计划执行量是什么", "answer": "量产", "reading_system_answer": null}, {"question": "2年底才开始按计计划执行量产的010101年底才开始按执行量产的原因是什么", "answer": "按计划", "reading_system_answer": null}, {"question": "在2010年底才开始按计划执行量产的是什么", "answer": "2010", "reading_system_answer": null}]}, {"text": "在2012年交付台陆军司令部", "qa_pairs": [{"question": "在2012年交付台陆军司令部在2年令部的军司令部在2年令部在哪一年交付台陆军司", "answer": "2012年", "reading_system_answer": "2012年"}, {"question": "在2012年交付台陆军司令部在2年交付台陆军司令部的目的是什么", "answer": "台陆军司令部", "reading_system_answer": null}]}, {"text": "在2013年", "qa_pairs": [{"question": "在2013年3年3年3年1年很30很30很00很31很312222222222", "answer": "2013年", "reading_system_answer": null}]}, {"text": "岛内就曾有“雷霆-2000”被部署在马祖的传闻", "qa_pairs": [{"question": "”2000”被部署在马祖的传闻的000”被部署在马祖的传闻的-雷霆-2000”", "answer": "2000", "reading_system_answer": null}, {"question": "岛2000”2000”2000”200-200-2传雷霆署在马祖的传闻的-雷霆", "answer": "雷霆", "reading_system_answer": null}, {"question": "”000祖0祖0祖0祖0祖0祖0祖0祖0祖0运输了什么", "answer": "传闻", "reading_system_answer": "雷霆-2000"}, {"question": "“2000”被部署在马祖的传闻的“雷霆-2000”被部署在马祖的传闻的“雷霆-", "answer": "部署", "reading_system_answer": null}, {"question": "“2000”2000”20000”200-2传0祖0祖的传闻是什么", "answer": "马祖", "reading_system_answer": "岛内就曾有“雷霆-2000”被部署在马祖"}]}, {"text": "但当时台“国防部”并未进行证实", "qa_pairs": [{"question": "台国防部”并未进行证实””未并并并未未未”””””””””””””””””””", "answer": "证实", "reading_system_answer": null}, {"question": "台“国防部”并未进行证实的”并未进行证实的”并并“““““““““未未未未未未", "answer": "台", "reading_system_answer": null}, {"question": "台“国防部”并未进行证实的”并未进行证实的”并未进行证实的”并防部进行台“防并", "answer": "国防部", "reading_system_answer": null}]}, {"text": "近日", "qa_pairs": [{"question": "近日近日近日近日近近日近近近日日日日日日近近近近近近近近近近近近近近近近近近近", "answer": "", "reading_system_answer": null}]}, {"text": "岛内围绕“雷霆-2000”爆出惊人消息", "qa_pairs": [{"question": "岛2000”爆出惊人消息的国家-2000”爆出惊人消息的国家-2000”爆出惊", "answer": "2000", "reading_system_answer": "岛内围绕“雷霆-2000"}, {"question": "岛2000”爆出惊人消息的国家在“2000”爆出惊人消息的国家绕绕“雷霆-20", "answer": "雷霆", "reading_system_answer": null}, {"question": "岛2000”爆出惊人消息的爆出惊人消息是什么", "answer": "消息", "reading_system_answer": null}]}, {"text": "媒体人马西屏今年5月31日在电视节目上声称“雷霆-2000”火箭炮有一个“绝密”的功能", "qa_pairs": [{"question": "“2000”火箭炮有一个“绝密”的功能的是什么型号", "answer": "2000", "reading_system_answer": "雷霆-2000"}, {"question": "“2000”火箭炮有什么武器", "answer": "雷霆", "reading_system_answer": null}, {"question": "马2000”火箭炮有什么的功点", "answer": "声称", "reading_system_answer": null}, {"question": "“2000”火箭炮有哪两个“绝密”的功能", "answer": "火箭炮", "reading_system_answer": null}, {"question": "“2000”火箭炮有什么功点", "answer": "媒体人马西屏", "reading_system_answer": null}, {"question": "“2000”火箭炮有什么的绝密”的功能", "answer": "一个", "reading_system_answer": null}, {"question": "目10炮”””0炮炮有什么能功", "answer": "功能", "reading_system_answer": null}, {"question": "“2000”火箭炮有什么的目的", "answer": "电视节目", "reading_system_answer": null}, {"question": "“2000”火箭炮有一个“绝密”的功能的国家在电视节称“雷霆-2000”火箭炮", "answer": "5月31日", "reading_system_answer": null}]}, {"text": "就是可以搭载“神经毒气弹”", "qa_pairs": [{"question": "“神经毒气弹”的作用是什么", "answer": "神经毒气弹", "reading_system_answer": null}]}, {"text": "他的言论也引起巨大争议", "qa_pairs": [{"question": "引起巨大争议的大点是什么", "answer": "言论", "reading_system_answer": "他的言论"}, {"question": "他的言论也引起巨大争议的引起巨大争议是什么", "answer": "争议", "reading_system_answer": null}]}, {"text": "有人点出", "qa_pairs": [{"question": "人点人点为什么出人响船有出出出人人", "answer": "点", "reading_system_answer": null}]}, {"text": "制作、使用“大规模杀伤性”不符合联合国的规定", "qa_pairs": [{"question": "“大规模杀伤性”不符合联合国的规定是什么", "answer": "规定", "reading_system_answer": "制作、使用"}, {"question": "制大规模杀伤性”不符合联合国的规定的国家合使用“大规模杀伤性”不符合联合国的规", "answer": "联合国", "reading_system_answer": null}, {"question": "、大规模杀伤性”不符合联合国的规定的国家杀伤性”不符合联合国的规定的国家杀伤性", "answer": "杀伤性", "reading_system_answer": "制作、使用"}]}, {"text": "由于爆料内容太过夸张", "qa_pairs": [{"question": "由于爆料内容太过夸张的作用是什么", "answer": "爆料内容", "reading_system_answer": null}]}, {"text": "马西屏的说法还被一些人认为是造谣：如果是“绝密”", "qa_pairs": [{"question": "马西屏的说法国被称为一些人认为是造谣：如果绝密”的国家其马绝密”的造谣：绝密”", "answer": "马西", "reading_system_answer": null}, {"question": "马西屏的说法国被称为什么", "answer": "一些人", "reading_system_answer": "造谣："}]}, {"text": "“你如何能得知？”   今天", "qa_pairs": [{"question": "“”今天的？”””是什么", "answer": "", "reading_system_answer": null}]}, {"text": "环球网记者与两岸关系和平发展协同创新中心主任、厦门大学台研院教授刘国深聊起“雷霆-2000”部署到金门马祖的事", "qa_pairs": [{"question": "“2000”部署到金门马祖的事事中心与两岸关系的国家-2000”部署到金门马祖", "answer": "2000", "reading_system_answer": "雷霆-2000"}, {"question": "台2000”部署到金门马祖的事是什么", "answer": "雷霆", "reading_system_answer": null}, {"question": "“2000”部祖的事因是什么", "answer": "环球网记者", "reading_system_answer": "部署到金门马祖"}, {"question": "-雷霆门的20系和金门马祖的20系事事件中国与金0门大学台研制的国家其深聊创聊", "answer": "事", "reading_system_answer": null}, {"question": "“2000”部祖的事是什么", "answer": "厦门大学台研院教授刘国深", "reading_system_answer": "部署到金门马祖"}, {"question": "“2000”部祖的事是什么", "answer": "两岸关系", "reading_system_answer": "部署到金门马祖"}, {"question": "“2000”部祖的事事是什么", "answer": "部署", "reading_system_answer": "部署到金门马祖"}, {"question": "“2000”部祖的事件是什么", "answer": "协同", "reading_system_answer": "部署到金门马祖"}, {"question": "研000”部祖的2岸门的0门马祖是哪个", "answer": "中心", "reading_system_answer": "雷霆-2000"}, {"question": "“2000”部署到金门马祖的事是什么", "answer": "金门马祖", "reading_system_answer": null}]}, {"text": "刘国深表示", "qa_pairs": [{"question": "刘国深表示刘国深表示在刘国刘国刘表示深刘刘国表示的深黄刘刘刘示表示是什么", "answer": "刘国深", "reading_system_answer": null}]}, {"text": "两岸军力根本不在同一个量级", "qa_pairs": [{"question": "两岸军力根本不在同一个量级的军力根本不在同一个量级的军力根本是什么", "answer": "军力", "reading_system_answer": null}, {"question": "两岸军力根本不在同一个量级在同一个量级在两岸军力根本不在同一个量级的军力根本是", "answer": "量级", "reading_system_answer": null}]}, {"text": "台媒所报道的“多管火箭前进部署”", "qa_pairs": [{"question": "台“多管火箭前进部署”的前进部署”是什么", "answer": "部署", "reading_system_answer": null}, {"question": "台媒所道的“多管火箭前进部署”的前进部署”的前进部署是", "answer": "台媒所", "reading_system_answer": null}, {"question": "台“多管火箭前进部署”的前进部署”的前进部火箭前台“多管火箭前进部署”的前报道", "answer": "火箭", "reading_system_answer": null}, {"question": "台“多管火箭前进部署”的前进行管火箭前部多管火箭前进行的火署署署署是什么", "answer": "多", "reading_system_answer": null}]}, {"text": "基本上是“暗夜里走路吹哨子”", "qa_pairs": [{"question": "“暗夜里走路吹哨子”是哪个子里", "answer": "基本上", "reading_system_answer": null}, {"question": "“暗夜里走路吹哨子”是哪个", "answer": "走路吹哨子", "reading_system_answer": null}]}, {"text": "给自己壮胆而已", "qa_pairs": [{"question": "壮胆而已己壮胆而已己壮胆而已己壮胆而给壮己自己已自自己壮胆已给胆己的己壮是什么", "answer": "", "reading_system_answer": null}]}, {"text": "与被网友讽刺“没威力又打不准”的“雷霆-2000”不同", "qa_pairs": [{"question": "”2000”不同是什么", "answer": "网友", "reading_system_answer": null}, {"question": "”2000”不同的是什么", "answer": "雷霆", "reading_system_answer": null}, {"question": "”的“雷霆-2000”不同的是什么", "answer": "2000", "reading_system_answer": null}, {"question": "”2000”不同的是什么", "answer": "威力", "reading_system_answer": null}]}, {"text": "解放军目前装备的PHL-03型300毫米远程火箭炮堪称是世界最强火箭炮之一", "qa_pairs": [{"question": "世界最强火箭炮之一的火箭炮是哪个", "answer": "火箭炮", "reading_system_answer": "PHL-03型300毫米远程火箭炮"}, {"question": "世界最强火箭炮之一的火箭炮是哪一型号", "answer": "03", "reading_system_answer": "PHL-03型300毫米远程火箭炮"}, {"question": "世界最强火箭炮之一的火箭炮是哪个型号", "answer": "PHL", "reading_system_answer": "PHL-03型300毫米远程火箭炮"}, {"question": "解放备的phl-03型300毫米远程火箭炮堪称是世界最强火箭炮的国家最强火箭炮", "answer": "世界", "reading_system_answer": null}, {"question": "世界最强火箭炮之一的火箭炮是哪一款", "answer": "300毫米远程火箭炮", "reading_system_answer": "PHL-03型300毫米远程火箭炮"}, {"question": "世界最强火箭炮之一的火箭炮是哪个型号", "answer": "装备", "reading_system_answer": "PHL-03型300毫米远程火箭炮"}, {"question": "phl-03型300毫米远程火箭炮是世界最强火箭炮的国家装备的phl-03型3", "answer": "解放军", "reading_system_answer": null}]}, {"text": "能够在数十乃至上百公里射程内以及高精度打击目标", "qa_pairs": [{"question": "百公里射程内以及高精度打击目标是什么", "answer": "高精度", "reading_system_answer": null}, {"question": "百公里射程内以及高精度打击目标的国家在数十乃至上百公里射程内以及高精度打击目标", "answer": "数十", "reading_system_answer": null}, {"question": "百公里射程内以及高精度打击目标的国家的百公里射程内以及高精度打击目标是什么", "answer": "百公里射程内", "reading_system_answer": null}]}, {"text": "所使用的300毫米口径弹药威力巨大", "qa_pairs": [{"question": "3月00毫米口径弹药的是什么", "answer": "300毫米口径弹药威力", "reading_system_answer": null}]}, {"text": "弹种包括杀伤爆破弹、杀伤破甲双用途子母弹、反坦克子母弹、末敏弹和云爆弹", "qa_pairs": [{"question": "、反坦克子母弹的弹母弹是什么", "answer": "末敏弹", "reading_system_answer": "末敏弹"}, {"question": "、反坦克子母弹的弹母弹是什么", "answer": "甲双用途子母弹", "reading_system_answer": "末敏弹"}, {"question": "、反坦克子母弹的爆破弹是什么", "answer": "云爆弹", "reading_system_answer": "末敏弹"}, {"question": "、反坦克子母弹的弹母弹、末敏弹和云爆弹的原型是什么", "answer": "子母弹", "reading_system_answer": "杀伤爆破弹"}, {"question": "、反坦克子母弹的弹母弹、反坦克子母弹和末敏弹和云爆弹的国家的弹母弹、反坦克子母", "answer": "弹种", "reading_system_answer": null}]}, {"text": "该型火箭炮采用轮式底盘作为运载平台", "qa_pairs": [{"question": "采用轮式底盘作为运载平台的火箭炮采用轮式底盘作为运载平台的火箭炮采用轮式底盘作", "answer": "火箭炮", "reading_system_answer": null}, {"question": "采用轮式底盘作为运载平台的火箭炮采用轮式底盘作为运载平台的国家采用轮式底盘作为", "answer": "平台", "reading_system_answer": null}, {"question": "采用轮式底盘作为运载平台的火箭炮采用轮式底盘作为运载平台的国家采用的是什么样的", "answer": "轮式底盘", "reading_system_answer": "该型火箭炮"}]}, {"text": "每辆发射车配备12根发射管", "qa_pairs": [{"question": "每辆发射车配备12根发射管配备的是什么", "answer": "发射管", "reading_system_answer": null}, {"question": "每辆发射车配备的是什么型号的根发射管", "answer": "12", "reading_system_answer": "12根"}, {"question": "每辆发射车配备12根发射管是什么", "answer": "每辆", "reading_system_answer": null}]}, {"text": "一次齐射时间38秒", "qa_pairs": [{"question": "一次齐射时间38秒的射役是", "answer": "时间38秒", "reading_system_answer": null}, {"question": "齐射时间38秒的齐射时间38秒的射次齐射时间齐射时间齐83次秒88次秒8次射时", "answer": "一次", "reading_system_answer": null}]}, {"text": "多车齐射可以在瞬间对敌方阵地形成大面积火力覆盖", "qa_pairs": [{"question": "多车齐射可以在瞬间对敌方阵地形成大面积火力覆盖的原因是什么", "answer": "大面积火力", "reading_system_answer": null}, {"question": "多车齐射可以在瞬间对敌方阵地形成大面积火力覆盖的国家在瞬间对敌方阵地形成大面积", "answer": "敌方阵地", "reading_system_answer": null}, {"question": "多车齐射可以在瞬间对敌方阵地形成大面积火力覆盖的国家在瞬方阵地形成大面积火力覆", "answer": "多车", "reading_system_answer": null}]}, {"text": "相比之下", "qa_pairs": [{"question": "相比之下之下之下之比之下相比比比之下相相相相相相相下下下比比比比之相相相下下相", "answer": "", "reading_system_answer": null}]}, {"text": "台湾的“雷霆-2000”火箭炮最大弹药口径只有230毫米", "qa_pairs": [{"question": "台湾的“雷霆-2000”火箭炮最大弹药口径只有230毫米的国家-2000”火箭", "answer": "2000", "reading_system_answer": null}, {"question": "台湾的“雷霆-2000”火箭炮最大弹药口径只有230毫米的国家-2000”火箭", "answer": "雷霆", "reading_system_answer": null}, {"question": "台湾的“雷霆-2000”火箭炮最大弹药口径只有230毫米的火箭炮最大弹药口径只", "answer": "弹药口径", "reading_system_answer": null}, {"question": "台湾的“雷霆-2000”火箭炮最大弹药口径是多少", "answer": "230毫米", "reading_system_answer": null}, {"question": "台湾的“雷霆-2000”火箭炮最大弹药口径只有230毫米的国家最大弹药口径只有", "answer": "火箭炮", "reading_system_answer": null}, {"question": "台湾的“雷霆-2000”火箭炮的最大弹药口径是", "answer": "台湾", "reading_system_answer": null}]}, {"text": "最大射程45公里", "qa_pairs": [{"question": "最大射程45公里的射程是多少", "answer": "射程45公里", "reading_system_answer": null}]}, {"text": "在射程、威力上都远不及解放军的PHL-03远程火箭炮", "qa_pairs": [{"question": "在射程、威力上都远不及解放军的phl-03远程火箭炮其射程火箭炮其射程、称为什", "answer": "射程", "reading_system_answer": null}, {"question": "在射程、威力上都远不及解放军的phl-03远程火箭炮的国家在射程、威力上都远不", "answer": "PHL", "reading_system_answer": null}, {"question": "在射程、威力上都远不及解放军的phl-03远程火箭炮是什么型号", "answer": "03远程火箭炮", "reading_system_answer": null}, {"question": "在射程、威力上都远不及解放军的phl-03远程火箭炮其解放军的phl-03远程", "answer": "解放军", "reading_system_answer": null}, {"question": "在射程、威力上都远不及解放军的phl-03远程火箭炮其射箭炮其射箭炮是什么型号", "answer": "威力", "reading_system_answer": null}]}, {"text": "台媒一年前刊登的一篇军事分析文章还形容PHL-03型300毫米远程火箭炮“多发齐射的壮观景象另人瞋目结舌”“展示出高精确的打击与巨大威力”", "qa_pairs": [{"question": "台媒一年前刊登的一篇军事分析文章还出高精确的打击与巨大威力”的国家在p-03型", "answer": "文章", "reading_system_answer": "PHL-03型300毫米远程火箭炮"}, {"question": "台媒一年前刊登的一篇军事分析文章还出高精确的打击与巨大威力”的国家在p-03型", "answer": "形容PHL", "reading_system_answer": "PHL-03型300毫米远程火箭炮"}, {"question": "台媒一年前刊登的一篇军事分析文章还出高精确的打击与巨大威力”的国家的03型30", "answer": "多发", "reading_system_answer": "PHL-03型300毫米远程火箭炮"}, {"question": "台媒一年前刊登的一篇军事分析文章还出高精确的打击与巨大威力”的国家与03型30", "answer": "景象", "reading_system_answer": "PHL-03型300毫米远程火箭炮"}, {"question": "台媒一年前刊登的一篇军事分析文章还出高精确的打击与巨大威力”的国家与台“03型", "answer": "台媒一年", "reading_system_answer": "PHL-03型300毫米远程火箭炮"}, {"question": "台媒一年前刊登的一篇军事分析文章还出高精确的打击与巨大威力”的国家p-03型3", "answer": "03", "reading_system_answer": "PHL-03型300毫米远程火箭炮"}, {"question": "瞋“03型300毫米远程火箭炮的所属国家打击与巨大威力”的国家在p03型3毫米", "answer": "一篇军事", "reading_system_answer": "PHL-03型300毫米远程火箭炮"}, {"question": "台03型300毫米远程火箭炮”的所属国的l-03型300毫米远程齐射的壮观景象", "answer": "人", "reading_system_answer": null}, {"question": "台媒一年前刊登的一篇军事分析文章还出高精确的打击与巨大威力”的原因是什么", "answer": "300毫米远程火箭炮", "reading_system_answer": "PHL-03型300毫米远程火箭炮“多发齐射的壮观景象另人瞋目结舌"}, {"question": "台媒一年前刊登的一篇军事分析文章还出高精确的打击与巨大威力”的国家的l-03型", "answer": "结舌", "reading_system_answer": "PHL-03型300毫米远程火箭炮"}, {"question": "台媒一年前刊登的一篇军事分析文章还出高精确的打击与巨大威力”的国家与03型30", "answer": "威力", "reading_system_answer": "PHL-03型300毫米远程火箭炮"}]}, {"text": "更援引军事作家科罗廖夫的话表示称“其射击精度已远超过现役最准的狙击步枪", "qa_pairs": [{"question": "“其射击精度已远超过现役最准的狙击步枪的话表示称“其射击精度已远超过现役最准的", "answer": "军事作家科罗廖夫", "reading_system_answer": null}, {"question": "“其射击精度已远超过现役最准的狙击步枪是什么", "answer": "狙击步枪", "reading_system_answer": null}, {"question": "“其射击精度已远超过现役最准的狙击步枪的国家的射击精度是什么", "answer": "精度", "reading_system_answer": null}, {"question": "“其射击精度已远超过现役最准的狙击步枪的国家的现役科罗廖夫的话表示称“其射击精", "answer": "远超过现役", "reading_system_answer": "更援引军事作家科罗廖夫的话表示称“"}]}, {"text": "”", "qa_pairs": [{"question": "””的意义是", "answer": "", "reading_system_answer": null}]}]}