{"passage": "2003年7月，美国海军新型船坞登陆舰圣安东尼奥号下水，这种排水量高达22600吨的大型战舰可以携带大量士兵、气垫登陆艇、两栖突击车、直升机、倾转旋翼机等进行两栖登陆作战。旨在取代老式的船坞运输舰，满足未来美国海军快速应付区域冲突、将两栖陆战队运送上岸的任务。   美军计划建造12艘圣安东尼奥级船坞登陆舰，阿灵顿号（LPD-24）是该级第8艘。   阿灵顿号2008年动工，2011年下水，2013年服役。长208米，宽32米，排水量22600吨，吃水7米，最高航速24节。可以携带两艘LCAC气垫登陆艇，一艘LCU登陆艇，14辆两栖突击车，700名海军陆战队员。   舰艉有一个直升机甲板，可以同时起降4架直升机或两架MV-22B“鱼鹰”倾转旋翼机。   这艘两栖登陆舰非常巨大，全体舰员多达350名。而建造这样一艘战舰，成本高达16亿美元。   这是该舰的船坞，压载水仓注水后，海水会流进这里，LCAC气垫登陆艇可以直接开出去。   这里只停了一艘LCAC。   舰艉的跳板。   LCAC气垫登陆艇驶入阿灵顿号的船坞。   一艘登陆艇与阿灵顿号接驳。   船坞返水后，AAV-7两栖突击车可以直接驶入。   巨大的船坞可以装载两艘LCAC气垫登陆艇。   车辆甲板，可以存放大量装甲车。   车辆甲板的升降机。   船上的小卖部。   这里通向舰艉的飞行甲板。   阿灵顿号的飞行甲板非常大。   上面有直升机起降标线，能够同时起降四架中型直升机。这是开放日，阿灵顿号甲板展示的AH-1“眼镜蛇”武装直升机。   舰上空间非常大，随便哪里都可以打篮球。   LCU登陆艇直接驶入船坞。   船上的厨师非常忙碌，最多时要为上千人提供饮食。   RQ-21A无人机准备弹射。   阿灵顿号上的消防演习。   夜间从阿灵顿号起飞的MV-22B“鱼鹰”倾转旋翼机。   舰上的牧师正在做宗教活动。   阿灵顿号的舰桥。   在舰体布置有机枪，用来对付靠近的可疑小艇。   正在飞行甲板起飞的MV-22B“鱼鹰”倾转旋翼机。   飞行甲板经常充当舰员的射击场。", "sentences": [{"text": "2003年7月", "qa_pairs": [{"question": "2003377月7月00000000000000000000000000000", "answer": "2003年7月", "reading_system_answer": null}]}, {"text": "美国海军新型船坞登陆舰圣安东尼奥号下水", "qa_pairs": [{"question": "美国海军新型船坞登陆舰圣安东尼奥号下水是什么", "answer": "船坞登陆舰圣安东尼奥号", "reading_system_answer": null}, {"question": "美国海军新型船坞登陆舰圣安东尼奥号下水的国家在新型船坞登陆舰圣安东尼奥号下水的", "answer": "美国海军", "reading_system_answer": null}]}, {"text": "这种排水量高达22600吨的大型战舰可以携带大量士兵、气垫登陆艇、两栖突击车、直升机、倾转旋翼机等进行两栖登陆作战", "qa_pairs": [{"question": "、直升机、两栖突击车、两栖突击车的国家的大型战舰是哪一款", "answer": "直升机", "reading_system_answer": "这种排水量高达22600吨的大型战舰"}, {"question": "、直升机、倾转旋翼机等进行两栖登作战的战舰是哪一个", "answer": "战舰", "reading_system_answer": "这种排水量高达22600吨的大型战舰"}, {"question": "、直升机、两栖突击车、两栖突击车的国家的大型战舰是哪一款", "answer": "旋翼机", "reading_system_answer": "这种排水量高达22600吨的大型战舰"}, {"question": "6直升机、倾转旋翼机等进行两栖登陆作战的战舰是哪一款", "answer": "两栖登陆", "reading_system_answer": "这种排水量高达22600吨的大型战舰"}, {"question": "大直升机的排水量是什么", "answer": "排水量高达22600吨", "reading_system_answer": "22600吨"}, {"question": "、直升机、倾转旋翼机的大型战舰是哪一款", "answer": "大量士兵", "reading_system_answer": null}, {"question": "、直升机、倾转旋翼机等进行两栖登陆作战的战舰是哪一款", "answer": "气垫登陆艇", "reading_system_answer": "这种排水量高达22600吨的大型战舰"}]}, {"text": "旨在取代老式的船坞运输舰", "qa_pairs": [{"question": "旨在取代老式的船坞运输舰旨在取代老式的船坞运输舰是什么", "answer": "老式", "reading_system_answer": null}, {"question": "旨在取代老式的船坞运输舰是什么", "answer": "船坞运输舰", "reading_system_answer": null}]}, {"text": "满足未来美国海军快速应付区域冲突、将两栖陆战队运送上岸的任务", "qa_pairs": [{"question": "美国海军快速应付区域冲突、将两栖陆战队运送上岸的任务是什么", "answer": "区域", "reading_system_answer": null}, {"question": "满足未来美国海军快速应付区域冲突、将两栖陆战队运送上岸的任务是什么", "answer": "美国海军", "reading_system_answer": null}, {"question": "满足未来美国海军快速应付区域冲突、将两栖陆战队运送上岸的任务是什么", "answer": "陆战队", "reading_system_answer": null}, {"question": "满足未来美国海军快应付区域冲突、将两战队运送上岸的任任参数是", "answer": "任务", "reading_system_answer": null}]}, {"text": "美军计划建造12艘圣安东尼奥级船坞登陆舰", "qa_pairs": [{"question": "美军计划建造的是哪一艘", "answer": "12艘圣安东尼奥级船坞登陆舰", "reading_system_answer": "12艘"}, {"question": "美军计划建造12艘圣安东尼奥级船坞登陆舰的登陆舰是哪个", "answer": "计划", "reading_system_answer": null}]}, {"text": "阿灵顿号（LPD-24）是该级第8艘", "qa_pairs": [{"question": "（lpd-24）是该级第8艘的第8艘是", "answer": "阿灵顿号", "reading_system_answer": "阿灵顿号（LPD-24）"}, {"question": "阿灵顿号（lpd-24）是该级第8艘的国家是", "answer": "第8艘", "reading_system_answer": null}, {"question": "阿灵顿号（lpd-24）是该级第8艘的国家第8艘的第8艘是", "answer": "LPD", "reading_system_answer": "阿灵顿号（LPD-24）"}, {"question": "阿灵顿号（lpd-24）4第8艘第8艘第8艘是", "answer": "24", "reading_system_answer": "阿灵顿号（LPD-24）"}]}, {"text": "阿灵顿号2008年动工", "qa_pairs": [{"question": "阿灵顿号20082000000000000000000000000000000", "answer": "阿灵顿号2008年动工", "reading_system_answer": null}]}, {"text": "2011年下水", "qa_pairs": [{"question": "2011年下水的水型是什么", "answer": "2011年", "reading_system_answer": null}]}, {"text": "2013年服役", "qa_pairs": [{"question": "2013年服役的意义是", "answer": "2013年服役", "reading_system_answer": null}]}, {"text": "长208米", "qa_pairs": [{"question": "长208米的参数是多少", "answer": "长208米", "reading_system_answer": null}]}, {"text": "宽32米", "qa_pairs": [{"question": "宽32米的是什么", "answer": "32米", "reading_system_answer": null}]}, {"text": "排水量22600吨", "qa_pairs": [{"question": "排水量22600000000002吨是什么", "answer": "排水量22600吨", "reading_system_answer": null}]}, {"text": "吃水7米", "qa_pairs": [{"question": "吃水7米的吃水是什么", "answer": "7米", "reading_system_answer": null}]}, {"text": "最高航速24节", "qa_pairs": [{"question": "最高航速24节的航速是多少", "answer": "航速24", "reading_system_answer": null}]}, {"text": "可以携带两艘LCAC气垫登陆艇", "qa_pairs": [{"question": "lcac气垫登陆艇是什么", "answer": "两艘LCAC气垫登陆艇", "reading_system_answer": null}]}, {"text": "一艘LCU登陆艇", "qa_pairs": [{"question": "lcu登陆艇是什么", "answer": "一艘LCU登陆艇", "reading_system_answer": null}]}, {"text": "14辆两栖突击车", "qa_pairs": [{"question": "14辆两栖突击车是哪一个", "answer": "14辆", "reading_system_answer": null}]}, {"text": "700名海军陆战队员", "qa_pairs": [{"question": "700名海军陆战队员员员是哪个战队员", "answer": "700名海军陆战队", "reading_system_answer": null}]}, {"text": "舰艉有一个直升机甲板", "qa_pairs": [{"question": "舰艉有什么甲板", "answer": "一个直升机甲板", "reading_system_answer": null}]}, {"text": "可以同时起降4架直升机或两架MV-22B“鱼鹰”倾转旋翼机", "qa_pairs": [{"question": "m2直升机或两架mv-鱼鹰”倾转旋翼机是哪个", "answer": "鱼鹰", "reading_system_answer": "MV-22B"}, {"question": "b“鱼鹰”倾转旋翼机是哪个", "answer": "旋翼机", "reading_system_answer": "MV-22"}, {"question": "可以同时起降4架直升机或两架mv-22b“鱼鹰”倾转旋翼机的国家其鱼鹰”倾转旋", "answer": "22B", "reading_system_answer": null}, {"question": "b“鱼鹰”倾转旋翼机是哪一架", "answer": "4架直升机", "reading_system_answer": "可以同时起降4架直升机或两架MV-22"}, {"question": "b“鱼鹰”倾转旋翼机是哪个", "answer": "两架MV", "reading_system_answer": "MV-22"}]}, {"text": "这艘两栖登陆舰非常巨大", "qa_pairs": [{"question": "这艘两栖登陆舰非常巨大的两栖登陆舰非常巨大是哪艘", "answer": "艘", "reading_system_answer": null}, {"question": "这艘两栖登陆舰非常巨大是什么", "answer": "登陆舰", "reading_system_answer": null}]}, {"text": "全体舰员多达350名", "qa_pairs": [{"question": "全体舰员多达350名的原型是什么", "answer": "350名", "reading_system_answer": null}, {"question": "全体舰员多达350名的原因是什么", "answer": "全体舰员", "reading_system_answer": null}]}, {"text": "而建造这样一艘战舰", "qa_pairs": [{"question": "建造这样的战舰是什么", "answer": "一艘战舰", "reading_system_answer": null}]}, {"text": "成本高达16亿美元", "qa_pairs": [{"question": "成本高达亿66亿美元是什么", "answer": "成本高达16亿美元", "reading_system_answer": null}]}, {"text": "这是该舰的船坞", "qa_pairs": [{"question": "该舰的船坞是什么", "answer": "船坞", "reading_system_answer": null}]}, {"text": "压载水仓注水后", "qa_pairs": [{"question": "压载水仓注水的压仓注水的仓载水仓注水后注水的仓载水水水水水水水水水水水水水水水", "answer": "水仓", "reading_system_answer": null}]}, {"text": "海水会流进这里", "qa_pairs": [{"question": "海水会流进这里里的流进这流进这流进海水会流进行是什么", "answer": "海水会流", "reading_system_answer": null}]}, {"text": "LCAC气垫登陆艇可以直接开出去", "qa_pairs": [{"question": "lcac气垫登陆艇可以直接开出去的是什么类型的", "answer": "LCAC气垫登陆艇", "reading_system_answer": null}]}, {"text": "这里只停了一艘LCAC", "qa_pairs": [{"question": "lcac型号是什么", "answer": "一艘LCAC", "reading_system_answer": null}]}, {"text": "舰艉的跳板", "qa_pairs": [{"question": "舰艉的跳板的跳板是什么", "answer": "跳板", "reading_system_answer": null}]}, {"text": "LCAC气垫登陆艇驶入阿灵顿号的船坞", "qa_pairs": [{"question": "lcac气垫登陆艇驶入阿灵顿号的船坞是什么", "answer": "LCAC气垫登陆艇", "reading_system_answer": null}, {"question": "lcac气垫登陆艇驶入阿灵顿号的船坞是什么", "answer": "阿灵顿号", "reading_system_answer": null}, {"question": "lcac气垫登陆艇驶入阿灵顿号的船坞是什么", "answer": "船坞", "reading_system_answer": null}]}, {"text": "一艘登陆艇与阿灵顿号接驳", "qa_pairs": [{"question": "一艘登陆艇与阿灵顿号接驳的国家与阿灵顿号接驳的是哪一艘", "answer": "阿灵顿号", "reading_system_answer": null}, {"question": "与阿灵顿号接驳的登陆艇与阿灵顿号接驳的登陆艇与阿灵顿号接驳的登陆艇是哪艘", "answer": "一艘登陆艇", "reading_system_answer": "一艘登陆艇"}]}, {"text": "船坞返水后", "qa_pairs": [{"question": "船坞返水后返水后返水后返水后返水的船坞船船船船船船船船船船船船船船船船船船船船", "answer": "船坞", "reading_system_answer": null}]}, {"text": "AAV-7两栖突击车可以直接驶入", "qa_pairs": [{"question": "aav-7两栖突击车是哪个", "answer": "AAV", "reading_system_answer": null}]}, {"text": "巨大的船坞可以装载两艘LCAC气垫登陆艇", "qa_pairs": [{"question": "lcac气垫登陆艇的lcac气垫登陆艇装载两艘lcac气垫登陆艇的装载两艘lc", "answer": "船坞", "reading_system_answer": null}, {"question": "巨大的船坞可以装载哪两艘", "answer": "两艘LCAC气垫登陆艇", "reading_system_answer": null}]}, {"text": "车辆甲板", "qa_pairs": [{"question": "车辆甲板车车甲板的甲板是什么", "answer": "车辆甲板", "reading_system_answer": null}]}, {"text": "可以存放大量装甲车", "qa_pairs": [{"question": "可以存放大量装甲车可以存放大量装甲车的优点是什么", "answer": "大量装甲车", "reading_system_answer": null}]}, {"text": "车辆甲板的升降机", "qa_pairs": [{"question": "车辆甲板的升降机是什么", "answer": "升降机", "reading_system_answer": null}, {"question": "车辆甲板的升降机是什么", "answer": "车辆甲板", "reading_system_answer": null}]}, {"text": "船上的小卖部", "qa_pairs": [{"question": "船上的小卖部是什么", "answer": "小卖部", "reading_system_answer": null}]}, {"text": "这里通向舰艉的飞行甲板", "qa_pairs": [{"question": "里里通向舰艉的飞行甲板的飞行甲板是什么", "answer": "甲板", "reading_system_answer": null}, {"question": "通向飞行向艉通甲飞时期期间这一艘通向舰飞机通向舰飞机通向向舰飞机通向向舰甲运枪", "answer": "通向", "reading_system_answer": null}]}, {"text": "阿灵顿号的飞行甲板非常大", "qa_pairs": [{"question": "阿灵顿号的飞行甲板非常大行甲板非常大行甲板非常大行甲板的飞机是", "answer": "阿灵顿号", "reading_system_answer": null}, {"question": "阿灵顿号的飞行甲板非常大常大常大板非常大常大板非常非的飞行甲板的飞行甲板的非常", "answer": "甲板", "reading_system_answer": null}]}, {"text": "上面有直升机起降标线", "qa_pairs": [{"question": "上面有直升机起降标线起降标线起降标线起降直升机直升机直升机直升直升机直升机直升", "answer": "直升机", "reading_system_answer": null}, {"question": "上面有直升机起降标线起降标线起降标线起降标机是什么", "answer": "标线", "reading_system_answer": null}]}, {"text": "能够同时起降四架中型直升机", "qa_pairs": [{"question": "能够同时降四架中型直升机的国家起降四架中型直升机能够同时起降四架中型直升机是什", "answer": "直升机", "reading_system_answer": null}, {"question": "降四架中型直升机的直升机是哪一个", "answer": "四架", "reading_system_answer": null}]}, {"text": "这是开放日", "qa_pairs": [{"question": "开放日开放日开放日开放的开发的放要日本是什么", "answer": "", "reading_system_answer": null}]}, {"text": "阿灵顿号甲板展示的AH-1“眼镜蛇”武装直升机", "qa_pairs": [{"question": "阿灵顿号甲板展示的ah1“眼镜蛇”武装直升机是什么", "answer": "武装直升机", "reading_system_answer": null}, {"question": "阿灵顿号甲板展示的a-1“眼镜蛇”武装直升机是哪个型号", "answer": "AH", "reading_system_answer": "AH-1"}, {"question": "阿灵顿号甲板展示的ah1“眼镜蛇”武装直升机是哪个", "answer": "眼镜蛇", "reading_system_answer": null}, {"question": "阿灵顿号眼镜蛇”武装直升机的甲板展示的ah1“眼镜蛇”武装直升机是什么", "answer": "阿灵顿号甲板", "reading_system_answer": null}]}, {"text": "舰上空间非常大", "qa_pairs": [{"question": "舰上空间非常大空间非常大战时期舰上大间非常大空间空间非常大战中非空空吉号是什么", "answer": "空间", "reading_system_answer": null}]}, {"text": "随便哪里都可以打篮球", "qa_pairs": [{"question": "随便哪些可以打篮球", "answer": "打篮球", "reading_system_answer": null}]}, {"text": "LCU登陆艇直接驶入船坞", "qa_pairs": [{"question": "lcu登陆艇直接驶入船坞的直升机是什么", "answer": "LCU登陆艇", "reading_system_answer": null}, {"question": "lcu登陆艇直接驶入船坞的直接驶入船坞是什么", "answer": "船坞", "reading_system_answer": null}]}, {"text": "船上的厨师非常忙碌", "qa_pairs": [{"question": "船上的厨师非常忙碌是什么", "answer": "厨师", "reading_system_answer": null}]}, {"text": "最多时要为上千人提供饮食", "qa_pairs": [{"question": "最多时要为上千人提供饮食的提供饮食是什么", "answer": "饮食", "reading_system_answer": null}]}, {"text": "RQ-21A无人机准备弹射", "qa_pairs": [{"question": "rq-21a无人机准备弹射的准备弹射是什么", "answer": "21A", "reading_system_answer": null}, {"question": "rq-21a无人机准备弹射的准备弹射是什么", "answer": "RQ", "reading_system_answer": null}]}, {"text": "阿灵顿号上的消防演习", "qa_pairs": [{"question": "阿灵顿号上的消防演习的是哪一艘", "answer": "阿灵顿号", "reading_system_answer": null}, {"question": "阿灵顿号上的消防演习是什么", "answer": "消防演习", "reading_system_answer": null}]}, {"text": "夜间从阿灵顿号起飞的MV-22B“鱼鹰”倾转旋翼机", "qa_pairs": [{"question": "夜间从阿灵顿号起飞的mv-22b“鱼鹰”倾转旋翼机是哪个", "answer": "鱼鹰", "reading_system_answer": null}, {"question": "mv-鱼鹰”倾转旋翼机是哪一艘", "answer": "阿灵顿号", "reading_system_answer": "阿灵顿号"}, {"question": "夜间从阿灵顿号起飞的mv-22b“鱼鹰”倾转旋翼机是哪个", "answer": "MV", "reading_system_answer": null}, {"question": "夜间从阿灵顿号起飞的mv-22b“鱼鹰”倾转旋翼机是什么", "answer": "旋翼机", "reading_system_answer": null}, {"question": "夜间从阿灵顿号起飞的mv-22b“鱼鹰”倾转旋翼机是哪个", "answer": "22B", "reading_system_answer": null}]}, {"text": "舰上的牧师正在做宗教活动", "qa_pairs": [{"question": "舰上的牧师正在做宗教活动的国家在做什么教上的牧师活动", "answer": "宗教", "reading_system_answer": null}, {"question": "舰上的牧师正在做宗教活动的国家在做宗教活动的国家在做为什么要正在做得牧师做宗上", "answer": "牧师", "reading_system_answer": null}]}, {"text": "阿灵顿号的舰桥", "qa_pairs": [{"question": "阿灵顿号的舰桥是什么", "answer": "阿灵顿号", "reading_system_answer": null}, {"question": "阿灵顿号的舰桥是什么", "answer": "舰桥", "reading_system_answer": null}]}, {"text": "在舰体布置有机枪", "qa_pairs": [{"question": "在舰体布置有机枪的机体布置有哪些", "answer": "舰体布置", "reading_system_answer": null}, {"question": "在舰体布置有机枪的机枪是什么", "answer": "机枪", "reading_system_answer": null}]}, {"text": "用来对付靠近的可疑小艇", "qa_pairs": [{"question": "用来对付靠近的可疑小艇的优点是什么", "answer": "小艇", "reading_system_answer": null}]}, {"text": "正在飞行甲板起飞的MV-22B“鱼鹰”倾转旋翼机", "qa_pairs": [{"question": "m2b“鱼鹰”倾转旋翼机是哪个", "answer": "鱼鹰", "reading_system_answer": "MV-22B"}, {"question": "m2b“鱼鹰”倾转旋翼机是哪个型号", "answer": "MV", "reading_system_answer": "MV-22"}, {"question": "mv-鱼鹰”倾转旋翼机是哪个", "answer": "旋翼机", "reading_system_answer": "MV-22B"}, {"question": "m2b“鱼鹰”倾转旋翼机是哪一型号", "answer": "22B", "reading_system_answer": "MV-22"}, {"question": "mv-鱼鹰”倾转旋翼机是哪个", "answer": "甲板", "reading_system_answer": "MV-22B"}]}, {"text": "飞行甲板经常充当舰员的射击场", "qa_pairs": [{"question": "飞行甲板经常充当舰员的射击场是什么", "answer": "甲板", "reading_system_answer": null}, {"question": "飞行甲板经常充当舰员的射击场是什么", "answer": "射击场", "reading_system_answer": null}, {"question": "飞行甲板经常充当舰员的射击场是什么", "answer": "舰员", "reading_system_answer": null}]}]}