{"passage": "在世界军事史上，有这样一句话说的非常在理，叫做“小国出重器”，在欧洲很不少名不见经传的小国，却也设计生产出了许许多多先进的军事武器装备，奥地利就是这样的一个国家，奥地利曾经所生产的格洛克手枪就是一款在世界上都非常著名的手枪，接下来就跟着兵哥一起来看一看。  格洛克手枪是奥地利格洛克有限公司所研制生产的一系列自动手枪的统称，最初的一款型号是格洛克17，这款格洛克17自动手枪是这家公司在1983年的时候，按照奥地利陆军的要求所研制的。   这款格洛克17自动手枪的枪身长度为118毫米，其中枪管的长度为114毫米，它拥有六条右旋膛线，在不装填子弹的情况下，枪身重量为675克，使用的是9毫米的帕拉贝鲁姆手枪弹，枪口初速为350米每秒，有效射程为80米。  这款格洛克17自动手枪为格洛克手枪系列的开山之作，在刚生产被推出的时候，就受到了全世界人的一致欢迎，这主要就是由于这款格洛克17自动手枪那些及其优良的性能。   首先这款格洛克17自动手枪的设计理念和设计思想就是非常独特，在此之前，人们完全不能想到手枪还能够这样设计，而且这款手枪生产所选取的材料也是非常新颖的，结构也非常简单，操作起来非常容易，很多第一次使用这款手枪的士兵，只需要经过简单的训练，就能够非常熟练的使用这款手枪。  其次这款手枪的各种作战性能都非常突出，例如非常高的射击精准度，八十米的有效射程在手枪中也是出列拔萃的存在，另外这款手枪十七发的容弹量在那个时代也是绝无仅有的，与此同时这款手枪的生产成本也并不高，所以生产出来成品的售价也十分适宜，而且后期维护起来也非常简单。   以这款格洛克17自动手枪为代表的格洛克手枪在世界范围内都有着不错的口碑和风评，之前格洛克公司曾经宣称他们在超过一百个国家中销售了两百五十万把以上的格洛克手枪，而且美国队这款手枪非常喜爱，美国的司法执行单位普遍装备的都是这款手枪。  总体而言，这款格洛克手枪可是称得上是世界上最成功的一款手枪之一，这绝不仅仅是因为它拥有着众多的支持者，而是因为它那独特的设计理念，为世界手枪的发展做出了突出的贡献！", "sentences": [{"text": "在世界军事史上", "qa_pairs": [{"question": "在世界军事史上史上史事史上世界军事史上世界军事史在在世界军事史在在世界世界在在", "answer": "世界军事史", "reading_system_answer": null}]}, {"text": "有这样一句话说的非常在理", "qa_pairs": [{"question": "有这样一句话说的非常在理的一句是什么", "answer": "一句话", "reading_system_answer": null}, {"question": "有这样一句话说的非常在理在理的一款在非常在理话说的理话说的理因是什么", "answer": "理", "reading_system_answer": null}]}, {"text": "叫做“小国出重器”", "qa_pairs": [{"question": "“小国出重器”是什么", "answer": "重器", "reading_system_answer": null}, {"question": "“小国出重器”是什么", "answer": "小国", "reading_system_answer": null}]}, {"text": "在欧洲很不少名不见经传的小国", "qa_pairs": [{"question": "在欧洲很不少名不见经传的小国是什么", "answer": "欧洲", "reading_system_answer": null}, {"question": "在欧洲很不少名不见经传的小国是什么", "answer": "小国", "reading_system_answer": null}]}, {"text": "却也设计生产出了许许多多先进的军事武器装备", "qa_pairs": [{"question": "设计生产多先进的军事武器装备的国家在许许多多先进的军事武器是什么", "answer": "军事", "reading_system_answer": null}, {"question": "设计生产出了许许多多多多先进的军事武器装备", "answer": "许许多多", "reading_system_answer": null}]}, {"text": "奥地利就是这样的一个国家", "qa_pairs": [{"question": "奥地利就是这样的一个国家是", "answer": "奥地利", "reading_system_answer": null}, {"question": "奥地利就是这样的一个国家是", "answer": "一个国家", "reading_system_answer": null}]}, {"text": "奥地利曾经所生产的格洛克手枪就是一款在世界上都非常著名的手枪", "qa_pairs": [{"question": "奥地利曾经所生产的格洛克手枪的国家在世界上都非常著名的手枪是哪一款", "answer": "一款", "reading_system_answer": "格洛克手枪"}, {"question": "奥地利曾经所生产的格洛克手枪是哪个手枪", "answer": "格洛克手枪", "reading_system_answer": "格洛克手枪"}, {"question": "奥地利曾经所生产的格洛克手枪的国家在世界上都非常著名的手枪是哪个", "answer": "奥地利", "reading_system_answer": "格洛克手枪"}, {"question": "奥地利曾经所生产的格洛克手枪是哪个", "answer": "手枪", "reading_system_answer": null}]}, {"text": "接下来就跟着兵哥一起来看一看", "qa_pairs": [{"question": "接下来就跟着兵哥一起来看一看的起兵哥一起来看一看的起兵哥一点是", "answer": "兵哥一", "reading_system_answer": null}]}, {"text": "格洛克手枪是奥地利格洛克有限公司所研制生产的一系列自动手枪的统称", "qa_pairs": [{"question": "奥地利格洛克有限公司所研制生产的一系列自动手枪的统称是什么", "answer": "手枪", "reading_system_answer": "格洛克手枪"}, {"question": "奥地利格洛克有限公司所研制生产的一系列自动手枪的统称是什么", "answer": "格洛克手枪", "reading_system_answer": "格洛克手枪"}, {"question": "奥地利格洛克手枪的一系列自动手枪的统称是", "answer": "一系列", "reading_system_answer": null}, {"question": "奥地利格洛克有限公司所研制生产的一系列自动手枪的统称是什么", "answer": "奥地利格洛克有限公司", "reading_system_answer": "格洛克手枪"}]}, {"text": "最初的一款型号是格洛克17", "qa_pairs": [{"question": "最初的一款型号是", "answer": "格洛克17", "reading_system_answer": null}, {"question": "格洛克1777号是格洛克177号的国家的最初的一款型号是格洛克1格号是格洛克1", "answer": "一款型号", "reading_system_answer": null}]}, {"text": "这款格洛克17自动手枪是这家公司在1983年的时候", "qa_pairs": [{"question": "这款格洛克17自动手枪是这家公司在1983年的时候是", "answer": "公司", "reading_system_answer": null}, {"question": "这款格洛克17自动手枪是这家公司在1983年的时候是", "answer": "手枪", "reading_system_answer": null}, {"question": "格洛克17自动手枪是哪一年的时候", "answer": "1983年", "reading_system_answer": "1983年"}, {"question": "1月89月1日本公司1月89年自动手枪的自动手枪是哪个", "answer": "时候", "reading_system_answer": "格洛克17自动手枪"}, {"question": "自动手枪是这家公司在1983年的时候的自动手枪是哪一款", "answer": "款格洛克17", "reading_system_answer": "格洛克17自动手枪"}]}, {"text": "按照奥地利陆军的要求所研制的", "qa_pairs": [{"question": "奥地利陆军的要求所研制的军的要求所研制的军的要求所研制的军的要照奥地利陆军的要", "answer": "奥地利陆军", "reading_system_answer": null}]}, {"text": "这款格洛克17自动手枪的枪身长度为118毫米", "qa_pairs": [{"question": "格洛克17自动手枪的枪身长度为多少", "answer": "手枪", "reading_system_answer": null}, {"question": "7月1日自动手枪的枪身长度为多少", "answer": "款格洛克17", "reading_system_answer": null}, {"question": "格洛克17自动手枪的枪身长度为多少", "answer": "枪身长度", "reading_system_answer": null}, {"question": "格洛克17自动手枪的枪身长度是多少", "answer": "118毫米", "reading_system_answer": null}]}, {"text": "其中枪管的长度为114毫米", "qa_pairs": [{"question": "其中枪管的长度为什么", "answer": "114毫米", "reading_system_answer": null}, {"question": "枪管的长度为114毫米的长度为114毫米的长度为114毫米的长度的长度", "answer": "长度", "reading_system_answer": null}, {"question": "其中枪管的长度为114毫米的长度为114毫米的长度为114毫米的长度管的长度为", "answer": "枪管", "reading_system_answer": null}]}, {"text": "它拥有六条右旋膛线", "qa_pairs": [{"question": "它拥有六条右旋膛线的国家在它拥有什么", "answer": "六条右旋膛线", "reading_system_answer": null}]}, {"text": "在不装填子弹的情况下", "qa_pairs": [{"question": "在不装填子弹的情况下的情况下的情况下的情况的情装是什么", "answer": "情况", "reading_system_answer": null}, {"question": "在不装填子弹的情况下的子弹的情况下的子弹装填子弹的情况下情装填子装装在不填填子", "answer": "装填子弹", "reading_system_answer": null}]}, {"text": "枪身重量为675克", "qa_pairs": [{"question": "675克克75量为675量为675量重量为675克克枪的重量重量的重量是什么", "answer": "枪身重量", "reading_system_answer": null}, {"question": "枪身重量为何", "answer": "675克", "reading_system_answer": null}]}, {"text": "使用的是9毫米的帕拉贝鲁姆手枪弹", "qa_pairs": [{"question": "9毫米的帕姆贝鲁姆手枪弹的手枪弹是什么", "answer": "贝鲁姆手枪弹", "reading_system_answer": null}, {"question": "帕拉贝鲁姆手枪弹的手枪是哪一年服役", "answer": "9毫米", "reading_system_answer": null}]}, {"text": "枪口初速为350米每秒", "qa_pairs": [{"question": "枪口初速为350米每秒的原型是", "answer": "350米", "reading_system_answer": null}, {"question": "枪口初速为350米每秒的0米枪枪口为350米每秒的国家枪口初速为350米每秒的", "answer": "枪口", "reading_system_answer": null}]}, {"text": "有效射程为80米", "qa_pairs": [{"question": "8月80米射射有效射程为多少", "answer": "有效射程", "reading_system_answer": null}, {"question": "有效射程为80米的原因是什么", "answer": "80米", "reading_system_answer": null}]}, {"text": "这款格洛克17自动手枪为格洛克手枪系列的开山之作", "qa_pairs": [{"question": "格洛克17自动手枪为格洛克手枪系列的开山之作是什么", "answer": "手枪", "reading_system_answer": "这款格洛克17自动手枪"}, {"question": "格洛克手枪系列的开山之作是什么", "answer": "格洛克手枪系列", "reading_system_answer": "格洛克17自动手枪"}, {"question": "格洛克17自动手枪为格洛克手枪系列的开山之作是什么", "answer": "开山", "reading_system_answer": "这款格洛克17自动手枪"}, {"question": "格克克克克格级驱逐舰驱逐舰采用的是什么作列的", "answer": "作", "reading_system_answer": "格洛克17自动手枪为格洛克手枪系列"}, {"question": "格洛克手枪系列的开山之作是什么", "answer": "款格洛克17", "reading_system_answer": "格洛克17自动手枪"}]}, {"text": "在刚生产被推出的时候", "qa_pairs": [{"question": "在刚生产被推出的时候被推出的时候被推出的推出的推价是", "answer": "时候", "reading_system_answer": null}]}, {"text": "就受到了全世界人的一致欢迎", "qa_pairs": [{"question": "全世界人的一致欢迎是什么", "answer": "全世界人", "reading_system_answer": null}]}, {"text": "这主要就是由于这款格洛克17自动手枪那些及其优良的性能", "qa_pairs": [{"question": "格洛克17自动手枪的性能是什么", "answer": "手枪", "reading_system_answer": null}, {"question": "格洛克17自动手枪的性能是什么", "answer": "性能", "reading_system_answer": null}, {"question": "格洛克17自动手枪的自动手枪的性能是什么", "answer": "款格洛克17", "reading_system_answer": null}]}, {"text": "首先这款格洛克17自动手枪的设计理念和设计思想就是非常独特", "qa_pairs": [{"question": "首先这款格洛克17自动手枪的设计理念和设计思想就是非常独特的手枪的设计理念和设", "answer": "手枪", "reading_system_answer": null}, {"question": "首先这款格洛克17自动手枪的设计理念和设计思想是什么", "answer": "思想", "reading_system_answer": null}, {"question": "首先这款格洛克17自动手枪的设计理念和设计思想就是非常独特的什么型号的自动手枪", "answer": "款格洛克17", "reading_system_answer": null}, {"question": "首先这款格洛克17自动手枪的设计理念和设计思想就是非常独特的什么理念", "answer": "理念", "reading_system_answer": null}]}, {"text": "在此之前", "qa_pairs": [{"question": "在此之前之前之前在此之前在此之此此之前在在在在在在在在在在在在在在在在在在在在", "answer": "", "reading_system_answer": null}]}, {"text": "人们完全不能想到手枪还能够这样设计", "qa_pairs": [{"question": "人们完全不能想到手枪还能够这样设计的手枪是什么", "answer": "手枪", "reading_system_answer": null}, {"question": "人们完全不能想到手枪还能够这样设计的手枪是什么", "answer": "人们", "reading_system_answer": null}]}, {"text": "而且这款手枪生产所选取的材料也是非常新颖的", "qa_pairs": [{"question": "手枪生产所选取的材料也是非常新颖的原因是什么", "answer": "材料", "reading_system_answer": null}, {"question": "生产所选取的材料也是非常新颖的手枪生产所选取的材料也是非常新颖的手枪生产所选取", "answer": "款手枪", "reading_system_answer": null}]}, {"text": "结构也非常简单", "qa_pairs": [{"question": "结构也非常简单的结构是什么", "answer": "结构", "reading_system_answer": null}]}, {"text": "操作起来非常容易", "qa_pairs": [{"question": "操作起来非常容易为容易的非常容易是什么", "answer": "", "reading_system_answer": null}]}, {"text": "很多第一次使用这款手枪的士兵", "qa_pairs": [{"question": "很多第一次使用这款手枪的士兵是什么", "answer": "款手枪", "reading_system_answer": null}, {"question": "第一次使用这款手枪的士兵是哪一次", "answer": "很多第一次", "reading_system_answer": null}, {"question": "第一次使用这款手枪的士兵是什么", "answer": "士兵", "reading_system_answer": null}]}, {"text": "只需要经过简单的训练", "qa_pairs": [{"question": "简单的训练中过简单的训练中过简单的训练中过的简要经过简单的简训练行单训练行单训", "answer": "", "reading_system_answer": null}]}, {"text": "就能够非常熟练的使用这款手枪", "qa_pairs": [{"question": "就能够非常熟练的使用的是什么样的", "answer": "款手枪", "reading_system_answer": null}]}, {"text": "其次这款手枪的各种作战性能都非常突出", "qa_pairs": [{"question": "其次手枪的各种作战性能都非常突出的是什么", "answer": "性能", "reading_system_answer": null}, {"question": "其作战性能都非常突出的手枪的各种作战性能都非常突出的手枪的各种作战性能都非常突", "answer": "款手枪", "reading_system_answer": null}]}, {"text": "例如非常高的射击精准度", "qa_pairs": [{"question": "高的射击精准度是什么", "answer": "精准度", "reading_system_answer": null}]}, {"text": "八十米的有效射程在手枪中也是出列拔萃的存在", "qa_pairs": [{"question": "八十米的有效射程是", "answer": "有效射程", "reading_system_answer": null}, {"question": "八十米的有效射程是", "answer": "八十米", "reading_system_answer": null}, {"question": "八十米的有效射程在手枪中也是出列拔萃的存在手枪中也是出列拔萃的存在手枪是什么", "answer": "手枪", "reading_system_answer": null}]}, {"text": "另外这款手枪十七发的容弹量在那个时代也是绝无仅有的", "qa_pairs": [{"question": "手枪十七发的容弹量在那个时代也是绝无仅有的手枪的手枪是哪一款飞机", "answer": "时代", "reading_system_answer": null}, {"question": "在那些时代也是绝无仅有的十七发的容弹量", "answer": "款手枪十七", "reading_system_answer": "十七发的容弹量在那个时代"}, {"question": "手枪十七发的容弹量是什么", "answer": "容弹量", "reading_system_answer": null}]}, {"text": "与此同时这款手枪的生产成本也并不高", "qa_pairs": [{"question": "与此同时不高的手枪的生产成本也并不高的手枪的生产成本也并不高的手枪的生产成本也", "answer": "款手枪", "reading_system_answer": null}]}, {"text": "所以生产出来成品的售价也十分适宜", "qa_pairs": [{"question": "以生产出来成品的售价也十分适宜的适宜是什么", "answer": "十分", "reading_system_answer": null}, {"question": "售价来成以生产出来成以生产出来成适宜的适宜是什么", "answer": "成品", "reading_system_answer": null}, {"question": "售产出来成品的售价也十分适宜的适宜是什么", "answer": "售价", "reading_system_answer": null}]}, {"text": "而且后期维护起来也非常简单", "qa_pairs": [{"question": "维护起来也非常简单的简点是什么", "answer": "", "reading_system_answer": null}]}, {"text": "以这款格洛克17自动手枪为代表的格洛克手枪在世界范围内都有着不错的口碑和风评", "qa_pairs": [{"question": "以这款格洛克17自动手枪为代表的格洛克手枪的国家在世界范围内都有着不错的口碑和", "answer": "世界范围", "reading_system_answer": null}, {"question": "以这款格洛克17自动手枪为代表的格洛克手枪的国家在世界范围内都有着不错的口碑和", "answer": "代表", "reading_system_answer": null}, {"question": "以这款格洛克17自动手枪为代表的格洛克手枪的国家其格洛克17自动手枪的手枪是哪", "answer": "格洛克17", "reading_system_answer": null}, {"question": "以这款格洛克17自动手枪为代表的格洛克手枪的国家在世界范围内都有着不错的口碑和", "answer": "手枪", "reading_system_answer": null}, {"question": "以这款格洛克17自动手枪为代表的格洛克手枪的国家在世界范围内都有着不错的口碑和", "answer": "格洛克手枪", "reading_system_answer": null}, {"question": "格洛克17自动手枪的口碑和风评是什么", "answer": "口碑", "reading_system_answer": null}, {"question": "以这款格洛克17自动手枪为代表的格洛克手枪的国家在世界范围内都有着不错的口碑和", "answer": "风评", "reading_system_answer": null}]}, {"text": "之前格洛克公司曾经宣称他们在超过一百个国家中销售了两百五十万把以上的格洛克手枪", "qa_pairs": [{"question": "格洛克公司曾经宣称他们在超过一百个国家中销售了两百五十万把以上的格洛克手枪的国", "answer": "格洛克手枪", "reading_system_answer": null}, {"question": "曾经宣称他们在超过一百个国家中销售了两百五十万把以上的格洛克手枪的国家在超过一", "answer": "格洛克公司", "reading_system_answer": null}, {"question": "格洛克公司曾经宣称他们在超过一百个国家中销售了两百五十万把以上的格洛克手枪的国", "answer": "一百个国家", "reading_system_answer": null}, {"question": "格洛克公司曾经宣称他们在超过一百个国家中销售了两百五十万把以上的格洛克手枪的国", "answer": "两百五十万", "reading_system_answer": null}]}, {"text": "而且美国队这款手枪非常喜爱", "qa_pairs": [{"question": "美国队手枪非常喜爱的手枪队这款手枪喜爱是哪个国家队", "answer": "美国队", "reading_system_answer": "美国队"}, {"question": "美国队这款手枪非常喜爱是哪一款", "answer": "款手枪", "reading_system_answer": null}]}, {"text": "美国的司法执行单位普遍装备的都是这款手枪", "qa_pairs": [{"question": "美国的司法执行单位普遍装备的都是这款手枪的国家的司法执行单位普遍装备的都是这款", "answer": "司法", "reading_system_answer": null}, {"question": "美国的司法执行单位普遍装备的都是这款手枪的国家的司法执行单位普遍装备的都是这款", "answer": "手枪", "reading_system_answer": null}, {"question": "美国的司法执行单位普遍装备的都是这款手枪的国家的司法执行单位普遍装备的都是这款", "answer": "单位", "reading_system_answer": null}, {"question": "美国的司法执行单位普遍装备的都是这款手枪的国家的司法执行单位普遍装备的都是这款", "answer": "美国", "reading_system_answer": null}, {"question": "美国的司法执行单位普遍装备的都是这款手枪的国家的司法执行单位普遍装备的都是这款", "answer": "装备", "reading_system_answer": null}]}, {"text": "总体而言", "qa_pairs": [{"question": "总体而言的总体而言是什么", "answer": "", "reading_system_answer": null}]}, {"text": "这款格洛克手枪可是称得上是世界上最成功的一款手枪之一", "qa_pairs": [{"question": "世界上最成功的一款手枪之一是世界上最成功的一款手枪之一是世界上最成功的手枪是哪", "answer": "款格洛克手枪", "reading_system_answer": "格洛克手枪"}, {"question": "世界上最成功的一款手枪之一是世界上最成功的手枪是哪一款", "answer": "一款手枪", "reading_system_answer": "格洛克手枪"}, {"question": "世界上最成功的一款手枪之一是哪个国家", "answer": "世界", "reading_system_answer": "这款格洛克手枪"}]}, {"text": "这绝不仅仅是因为它拥有着众多的支持者", "qa_pairs": [{"question": "因为它拥有着众多的支持者的支持者是什么", "answer": "众多", "reading_system_answer": null}, {"question": "仅仅仅是因为它拥有着众多的支持者是什么", "answer": "支持者", "reading_system_answer": null}]}, {"text": "而是因为它那独特的设计理念", "qa_pairs": [{"question": "因为它那独特的设计理念是什么", "answer": "理念", "reading_system_answer": null}]}, {"text": "为世界手枪的发展做出了突出的贡献！", "qa_pairs": [{"question": "为世界手枪的发展做出了突出的贡献！是什么", "answer": "贡献", "reading_system_answer": null}, {"question": "为什么为世界手枪的发展做出了突出的贡献！的手枪的发展做出了突出的贡献！是", "answer": "世界手枪", "reading_system_answer": null}]}]}