{"passage": "在历时近9个月的改革推动后，以总统吴登盛为核心的缅甸新政府获得了来自国内反对派和西方社会的一致肯定。  　　面对缅甸相继“解禁”西方媒体和视频网站、释放政治犯、为缅甸“民主代言人”昂山素季铺平参政道路等措施，虽然仍有美国官员表示要谨慎观望，但在战略利益和缅甸“示好”的双重驱动下，美国国务卿希拉里11月30日首访内比都，已经为缅甸与西方关系的改善掀开了里程碑式的新篇章。至于缅甸内外腾挪能走多远，西方又能带给缅甸多少利好，答案似要让时间来回答  这里的一切都在改变  　　——一个中国记者眼中的“新缅甸”  　　从总统破例接受西方媒体采访，到昂山素季“解禁”，缅甸的变化速度之快、涉及领域之广，令人目不暇接  　　《国际先驱导报》记者张云飞发自仰光世界在变，亚洲在变，缅甸也在变。  　　缅甸联邦议会人民院议长吴瑞曼公开声言，缅甸“方方面面都在变化”；而缅甸宣传部长吴觉山则对媒体强调，这种变化“不可逆转”。  　　看上去，缅甸真的变了，而其动因却由于常年披着的神秘面纱令外界莫衷一是。尽管自去年11月缅甸大选之时，军政府踏上转型之路已向外传达出了改革信号。  　　“总统的破例”  　　在日前举行的东盟系列峰会上，缅甸获得2014年东盟轮值主席国资格。这对缅甸来讲，是一个期待已久的好消息。  　　东盟成员国担任东盟轮值主席，本来是一种权利和义务。但缅甸曾经因为国内政治原因和西方压力，放弃过一次担任轮值主席国的机会。这次东盟峰会同意缅甸担任2014年东盟轮值主席，表明了东盟和其他方面对缅甸变化的一种肯定和鼓励。  　　缅甸总统吴登盛11月19日在印尼巴厘岛破例接受了记者的采访。参与采访的不仅有缅甸官方和私营媒体记者，而且还有部分担任外国媒体记者的缅甸人，这些人代表的外国媒体单位包括一贯支持缅甸民主派的美国之音、英国广播公司、自由亚洲之声等。  　　据缅甸私营媒体报道，吴登盛总统在这次媒体见面会上轻松愉快地对缅甸记者列举了四个好消息：奥巴马总统在峰会讲话中肯定了缅甸的改革；美方正式宣布国务卿希拉里·克林顿即将访问缅甸（11月30日至12月2日）；第三，昂山素季和民盟同意依法重新进行政党注册登记；还有缅甸在东南亚运动会上取得了不少金牌。  　　此间有人评论说，总统的破例可喜，这反映了他当下的心情以及缅甸的期待。  　　“议会吵架”  　　虽然去年大选时，还有西方媒体嗤之以鼻：“缅甸将军们不可能放弃手中的权力。”但缅甸议会中的变化，仍在悄然进行着。  　　缅甸联邦议会由人民院（相当于众议院）和民族院（相当于参议院）两院组成。根据《缅甸联邦共和国宪法》，人民院和民族院权力相等，民族院议长、人民院议长先后各兼任两年半的联邦议会议长。  　　10月28日，民族院议长兼联邦议会议长吴钦貌敏在联邦议会全体会议上提出两院的法案通过之后，在提交总统签署之前，先送联邦宪法法院审查是否符合宪法的动议。吴钦貌敏议长当场询问议员是否赞成此动议，有议员回答赞成，议长没有再追问有无反对，便宣布该动议记录在案。  　　事后，议长吴瑞曼领导的人民院在议员们普遍反对上述动议的情况下，通过一项要求推翻该动议的决议案。推翻的理由是，吴钦貌敏议长提出该动议时，既没有议员发言附议赞成，也没有给议员提出反对的机会，因而认为程序不合法，动议不能生效。  　　观察家评论说，表面看来，这是个程序问题。实际上，人民院与民族院在把通过的法案提交总统颁布实施前，是否需要送交联邦宪法法院审议的问题上存在严重分歧。人民院议员坚持认为法律上没有这样的明确规定，不赞成多一道程序，多一道闸门。  　　缅甸官方媒体详细报道了这次双方争执的过程和理由，对攻的味道跃然纸上。普通大众真真切切听到了“议会吵架”的消息。过了数日，联邦议会全体会议最后撤消了这个动议，也算圆满收场。", "sentences": [{"text": "在历时近9个月的改革推动后", "qa_pairs": [{"question": "在历时近9个月的改革推动后的改革推动后的改革推动后的改动中的月改动在9月的9个", "answer": "9个月", "reading_system_answer": null}, {"question": "在历时近9个月的改革推动后的近9个月的改革推动后中历革在在在在在在在在在在在在", "answer": "历时", "reading_system_answer": null}]}, {"text": "以总统吴登盛为核心的缅甸新政府获得了来自国内反对派和西方社会的一致肯定", "qa_pairs": [{"question": "以总统吴登盛为核心的缅甸新政府获得了来自总统社会的一致肯定是什么", "answer": "总统吴登盛", "reading_system_answer": null}, {"question": "以总统吴登盛为核心的缅甸新政府获得了来来自总统社会的一致肯定是什么", "answer": "社会", "reading_system_answer": null}, {"question": "以吴登盛为核心的缅甸新政府获得了来自国内反对派和西方社会的一致肯定是什么", "answer": "反对派", "reading_system_answer": null}, {"question": "以总统吴登盛为核心的缅甸新政府获得了来自总统社会的一致肯定是什么", "answer": "缅甸新政府", "reading_system_answer": null}, {"question": "缅甸新政府获得了来自总统吴登盛为核心的缅甸新政府的国家肯和西方社会的一致肯定是", "answer": "核心", "reading_system_answer": "以总统吴登盛为核心的缅甸新政府获得了来自国内反对派"}]}, {"text": "面对缅甸相继“解禁”西方媒体和视频网站、释放政治犯、为缅甸“民主代言人”昂山素季铺平参政道路等措施", "qa_pairs": [{"question": "缅为缅甸相继“解禁”西方媒体和视频网站、释放政治犯、为缅甸相继“解禁”昂山素季", "answer": "视频网站", "reading_system_answer": null}, {"question": "缅为缅甸相继“解禁”西方媒体和视频网站、释放政治犯、为缅甸相继“解禁”西方媒体", "answer": "昂山素季铺平参政道路", "reading_system_answer": "面对缅甸相继“解禁”西方媒体和视频网站、释放政治犯、"}, {"question": "缅为缅甸“民主代言人”昂山素季铺平参政道路等措施的国家“民主代言人”西方媒体和", "answer": "民主代言人", "reading_system_answer": "解禁”西方媒体和视频网站、释放政治犯"}, {"question": "缅为缅甸相继“解禁”西方媒体和视频网站、释放政治犯、为缅甸相继“解禁”昂山素季", "answer": "政治犯", "reading_system_answer": null}, {"question": "缅解禁”西方媒体和视频网站、释放政治犯、为缅甸相继“解禁”昂山素季铺平参政道路", "answer": "缅甸", "reading_system_answer": null}, {"question": "缅治和昂山素季铺平参政道路等措施的政府是哪个", "answer": "媒体", "reading_system_answer": "面对缅甸相继“解禁”西方媒体和视频网站、释放政治犯"}, {"question": "缅为缅甸素民主代言人”昂山素季铺平参政道路等措施的国家“民主代言人”西方媒体和", "answer": "措施", "reading_system_answer": "解禁”西方媒体和视频网站、释放政治犯"}]}, {"text": "虽然仍有美国官员表示要谨慎观望", "qa_pairs": [{"question": "美国官员表示要谨慎观望的美国官员表示要谨慎观望的美国官员表示然仍然仍然仍有美国", "answer": "美国官员", "reading_system_answer": null}]}, {"text": "但在战略利益和缅甸“示好”的双重驱动下", "qa_pairs": [{"question": "缅甸“示好”的双重驱动下缅甸“示好”的双重驱动下是", "answer": "战略利益", "reading_system_answer": "战略利益"}, {"question": "缅甸“示好”的双重驱动下缅甸“示好”的双重驱动下缅益和缅甸“示好”的双重驱动下", "answer": "双重", "reading_system_answer": null}, {"question": "缅甸“示好”的双重驱动下是", "answer": "缅甸", "reading_system_answer": "在战略利益"}]}, {"text": "美国国务卿希拉里11月30日首访内比都", "qa_pairs": [{"question": "美国国务卿希拉里11月30日首访内比都有哪些", "answer": "11月30日", "reading_system_answer": null}, {"question": "美国国务卿希拉里11月30日首访内比都有什么", "answer": "美国国务卿", "reading_system_answer": null}]}, {"text": "已经为缅甸与西方关系的改善掀开了里程碑式的新篇章", "qa_pairs": [{"question": "缅甸与西方关系的改善掀开了里程碑式的新篇章篇式的新篇章是什么", "answer": "新篇章", "reading_system_answer": null}, {"question": "缅甸与西方关系的改善掀开了里程碑式的新篇章的新篇章是什么", "answer": "关系", "reading_system_answer": null}, {"question": "缅甸与西方关系的改善掀开了里程碑式的新篇章是", "answer": "缅甸", "reading_system_answer": null}]}, {"text": "至于缅甸内外腾挪能走多远", "qa_pairs": [{"question": "至于缅甸内外腾挪能走多远的国家内腾挪能走多远缅甸内外腾挪能走多远缅甸内外腾挪的", "answer": "缅甸", "reading_system_answer": null}, {"question": "缅甸内外腾挪能走多远缅甸内外腾挪能走多远缅甸内外腾挪能走走缅甸内外远远至远至于", "answer": "多", "reading_system_answer": null}]}, {"text": "西方又能带给缅甸多少利好", "qa_pairs": [{"question": "西方又能带给缅甸多少利好的意义是什么", "answer": "缅甸多少", "reading_system_answer": null}]}, {"text": "答案似要让时间来回答  这里的一切都在改变  　　——一个中国记者眼中的“新缅甸”  　　从总统破例接受西方媒体采访", "qa_pairs": [{"question": "缅中的体体采访是什么", "answer": "时间", "reading_system_answer": "一个中国记者眼中的“新缅甸"}, {"question": "缅—一个中国记者眼中的“新缅甸”从总统破例接受西方破例的国家在改变——一个都在", "answer": "一个中国记者", "reading_system_answer": null}, {"question": "缅—一个中国记者眼中的“新缅甸”从总统媒体采访的目的是什么", "answer": "总统破例", "reading_system_answer": null}, {"question": "中—一个中国记者眼中的“新缅甸”从总统破例接受西方媒体采访的国家在改变——一个", "answer": "缅甸", "reading_system_answer": null}, {"question": "缅—一个中国记者眼中的“新缅甸”从总统破例接受西方媒体采访的西甸”从总统媒体采", "answer": "媒体", "reading_system_answer": null}, {"question": "缅—一个中国记者眼中的“新缅甸”从总统破例接受西方媒体采访的总统媒体采访的总统", "answer": "答案", "reading_system_answer": null}]}, {"text": "到昂山素季“解禁”", "qa_pairs": [{"question": "到昂山素季“解禁”的素季是什么", "answer": "昂山素季", "reading_system_answer": null}]}, {"text": "缅甸的变化速度之快、涉及领域之广", "qa_pairs": [{"question": "缅甸的变化速度之快、涉及领域之广的国家的缅甸的变化速度之快、涉及领域之广的国家", "answer": "缅甸", "reading_system_answer": null}, {"question": "缅甸的变化速度之快、涉及领域之广的领域之广的目的是什么", "answer": "领域", "reading_system_answer": null}, {"question": "缅甸的变化速度之快、涉及领域之广的国家的缅甸的变化速度之快、涉及领域之广的领域", "answer": "速度", "reading_system_answer": null}]}, {"text": "令人目不暇接  　　《国际先驱导报》记者张云飞发自仰光世界在变", "qa_pairs": [{"question": "》记者张云飞发自仰光世界在变张云飞发自仰光世界在变张云飞发自仰光世界在变张》记", "answer": "仰光世界", "reading_system_answer": "《国际先驱导报"}, {"question": "世界在变接《国际先驱导报》记者张云飞发自仰光世界在变接《国际先驱导报》记者张云", "answer": "记者张云飞", "reading_system_answer": null}, {"question": "》记者张云飞发自仰光世界在变张云飞发自仰光世界在变张云飞发自仰光世界在变张》记", "answer": "国际先驱导报", "reading_system_answer": "《国际先驱导报"}]}, {"text": "亚洲在变", "qa_pairs": [{"question": "亚洲在变变变亚洲在变变亚洲洲洲洲洲洲洲洲洲洲洲洲洲在亚亚变变在在在亚变变变变的", "answer": "亚洲", "reading_system_answer": null}]}, {"text": "缅甸也在变", "qa_pairs": [{"question": "缅甸也在变缅甸也在变缅甸变缅变缅在缅甸变缅国变在缅甸变缅国变在缅甸变缅国变变的", "answer": "缅甸", "reading_system_answer": null}]}, {"text": "缅甸联邦议会人民院议长吴瑞曼公开声言", "qa_pairs": [{"question": "缅甸联邦议会人民院议长吴瑞曼公开声言的议言是什么", "answer": "声言", "reading_system_answer": null}, {"question": "缅甸联邦议会人民院议长吴瑞曼公开声言的目的是什么", "answer": "缅甸联邦议会人民院议长吴瑞曼", "reading_system_answer": null}]}, {"text": "缅甸“方方面面都在变化”；而缅甸宣传部长吴觉山则对媒体强调", "qa_pairs": [{"question": "缅甸“方方面面在变化”；而缅甸宣传部长吴觉山的宣传部长吴觉山是什么", "answer": "缅甸宣传部长吴觉山", "reading_system_answer": null}, {"question": "缅甸“方方面面都在变化”；而缅甸宣传部长吴觉山的国家在变”；；而对媒体强调的国", "answer": "缅甸", "reading_system_answer": "缅甸“方方面面都在变化”；而"}, {"question": "缅甸“方方面面在变化”；而缅甸宣传部长吴觉山则对媒体强调的国家在”；；而而对媒", "answer": "方方面面", "reading_system_answer": null}, {"question": "缅甸宣传部长吴觉山则对媒体强调的国家在”；而缅甸宣传部长吴觉山则对媒体强调的国", "answer": "媒体", "reading_system_answer": "缅甸“方方面面都在变化”"}]}, {"text": "这种变化“不可逆转”", "qa_pairs": [{"question": "““不可逆转”的逆转”逆转”不可逆转”的种型号是什么", "answer": "", "reading_system_answer": null}]}, {"text": "看上去", "qa_pairs": [{"question": "看上去上看上看上看去上去看上上去看看去看上上上上上上上上上上上上上上上上上上上", "answer": "", "reading_system_answer": null}]}, {"text": "缅甸真的变了", "qa_pairs": [{"question": "缅甸真的变了什么", "answer": "缅甸", "reading_system_answer": null}]}, {"text": "而其动因却由于常年披着的神秘面纱令外界莫衷一是", "qa_pairs": [{"question": "由于常年披着的神秘面纱令外界莫衷一是的国家由于常一是的神秘面纱令外界莫衷一是什", "answer": "外界", "reading_system_answer": null}, {"question": "由于常年披着的神秘面纱令外界莫衷一是的神秘面纱令却由于常年披着的神秘面纱令外界", "answer": "面纱", "reading_system_answer": null}, {"question": "由界秘面纱令外界莫衷一是的神秘面纱令外界莫衷一是的神秘面动中是由哪两家公司合年", "answer": "动因", "reading_system_answer": null}]}, {"text": "尽管自去年11月缅甸大选之时", "qa_pairs": [{"question": "缅甸大选之时的大选之时是什么", "answer": "11月缅甸", "reading_system_answer": "去年11月"}, {"question": "缅甸大战中缅甸大战时期大席1月1月大战中缅甸之时大席1月1月大战中大战中大战中", "answer": "时", "reading_system_answer": null}]}, {"text": "军政府踏上转型之路已向外传达出了改革信号", "qa_pairs": [{"question": "军政府踏上转型之路已向外传达出了改革信号的国家其军政府踏上转型之路向外传达出了", "answer": "军政府", "reading_system_answer": null}, {"question": "军政府踏上转型之路已向外传达出了改革信号的国家改型之路已向外传达出了改革信号的", "answer": "信号", "reading_system_answer": null}, {"question": "军政府踏上转型之路已向外传达出了改革信号的国家改革信号的转型之路已向外传达出了", "answer": "转型", "reading_system_answer": null}, {"question": "军政府向外外革信号的改了改革信号的原因是什么", "answer": "外", "reading_system_answer": "军政府踏上转型之路"}]}, {"text": "“总统的破例”  　　在日前举行的东盟系列峰会上", "qa_pairs": [{"question": "“总统的破例”在日前举行的东盟系列峰会上是什么", "answer": "系列峰会", "reading_system_answer": null}, {"question": "“总统的破例”在日前举行的东盟系列峰会上是什么", "answer": "总统", "reading_system_answer": null}, {"question": "“总统的破例”在日前举行的东盟系列峰会上是什么", "answer": "破例", "reading_system_answer": null}]}, {"text": "缅甸获得2014年东盟轮值主席国资格", "qa_pairs": [{"question": "缅甸获得过2年东盟轮值主席国资格的国家获得了什么型号的国家获得主席国资格", "answer": "2014年", "reading_system_answer": null}, {"question": "缅甸获得2014年东盟轮值主席国资格的国家获得2014年东盟轮值主席国资格是哪", "answer": "缅甸", "reading_system_answer": null}, {"question": "缅甸获得2014年东盟轮值主席国资格的目的是什么", "answer": "轮值主席国资格", "reading_system_answer": null}]}, {"text": "这对缅甸来讲", "qa_pairs": [{"question": "对于缅甸来讲的缅甸来讲的缅甸来讲来来来来来对缅甸对对对缅甸缅讲的来来来来来来来", "answer": "缅甸", "reading_system_answer": null}]}, {"text": "是一个期待已久的好消息", "qa_pairs": [{"question": "一个期待已久的好消息的已久的好消息是", "answer": "好消息", "reading_system_answer": null}, {"question": "一个期待已久的好消息的已久的好消息是", "answer": "一个", "reading_system_answer": null}]}, {"text": "东盟成员国担任东盟轮值主席", "qa_pairs": [{"question": "东盟成员国担任东盟轮值主席是什么", "answer": "轮值主席", "reading_system_answer": null}, {"question": "东盟成员国担任东盟轮值主席是哪个", "answer": "成员国", "reading_system_answer": null}]}, {"text": "本来是一种权利和义务", "qa_pairs": [{"question": "一种权利和义务是什么", "answer": "一种权利", "reading_system_answer": null}, {"question": "一种权利和义务是什么", "answer": "义务", "reading_system_answer": null}]}, {"text": "但缅甸曾经因为国内政治原因和西方压力", "qa_pairs": [{"question": "缅甸曾经因为国内政治原因和西方压力的国家曾经因为国内政治原因和西方压力是什么", "answer": "政治原因", "reading_system_answer": null}, {"question": "缅甸曾经因为国内政治原因和西方压力的国家因为缅甸曾经因为缅甸曾经和西方压力的国", "answer": "压力", "reading_system_answer": null}, {"question": "缅甸曾经因为国内政治原因和西方压力的国家曾经因为国内政治原因和西方压力的国家曾", "answer": "缅甸", "reading_system_answer": null}]}, {"text": "放弃过一次担任轮值主席国的机会", "qa_pairs": [{"question": "放弃过一次担任轮值主席国的机会是什么", "answer": "轮值主席国", "reading_system_answer": null}, {"question": "放弃过一次担任轮值主席国的机会是什么", "answer": "机会", "reading_system_answer": null}, {"question": "放弃过一次担任轮值主席国的机会的国家担任轮值主席国的机会是什么", "answer": "一次", "reading_system_answer": null}]}, {"text": "这次东盟峰会同意缅甸担任2014年东盟轮值主席", "qa_pairs": [{"question": "东盟峰会同意缅甸担任2014年东盟轮值主席是哪个", "answer": "轮值主席", "reading_system_answer": null}, {"question": "东盟峰会同意缅甸担任2014年东盟轮值主席是哪一年", "answer": "2014年", "reading_system_answer": "2014年"}, {"question": "意缅甸担任2014年东盟轮值主席是哪个", "answer": "峰会", "reading_system_answer": null}, {"question": "东盟峰会同意缅甸担任2014年东盟轮值主席的国家担任2年4年东盟轮值主席是", "answer": "缅甸", "reading_system_answer": null}]}, {"text": "表明了东盟和其他方面对缅甸变化的一种肯定和鼓励", "qa_pairs": [{"question": "表明了东盟和其他方面对缅甸变化的一种肯定和鼓励的国家和东盟和其他方面对缅甸变化", "answer": "一种", "reading_system_answer": null}, {"question": "表明了东盟和其他方面对缅甸变化的一种肯定和鼓励的国家和缅甸变化的一种肯定和鼓励", "answer": "缅甸", "reading_system_answer": null}, {"question": "东盟和其他方面对缅甸变化的一种肯定和鼓励是什么", "answer": "方面", "reading_system_answer": null}]}, {"text": "缅甸总统吴登盛11月19日在印尼巴厘岛破例接受了记者的采访", "qa_pairs": [{"question": "缅甸总统11月19日在印尼巴厘岛破例接受了记记的国家破例的国家破统11月19日", "answer": "记者", "reading_system_answer": null}, {"question": "缅甸总统吴登盛11月19日在印尼巴厘岛破例接受了记者的采访的是哪一款破例", "answer": "印尼巴厘岛破例", "reading_system_answer": null}, {"question": "缅甸总统吴登盛11月19日在印尼巴厘岛破例接受了记者的采访的总统吴登盛11月1", "answer": "缅甸总统吴登盛11月19日", "reading_system_answer": null}]}, {"text": "参与采访的不仅有缅甸官方和私营媒体记者", "qa_pairs": [{"question": "缅甸官方和私营与采访的不仅有缅甸官方和私营媒体记者的缅旨营有什么", "answer": "媒体记者", "reading_system_answer": null}, {"question": "参与采访的不仅有缅甸官方和私营媒体记者的缅甸官方和私营媒体记者的缅甸官方和私营", "answer": "缅甸官方", "reading_system_answer": null}]}, {"text": "而且还有部分担任外国媒体记者的缅甸人", "qa_pairs": [{"question": "缅甸人的缅甸人的国家的缅甸人有什么任者的缅甸人", "answer": "部分", "reading_system_answer": "部分担任外国媒体记者"}, {"question": "缅甸人为什么的体记者的体记者的体记缅甸人", "answer": "外国媒体记者", "reading_system_answer": "担任外国媒体记者"}]}, {"text": "这些人代表的外国媒体单位包括一贯支持缅甸民主派的美国之音、英国广播公司、自由亚洲之声等", "qa_pairs": [{"question": "美国之音、英国广播公司、自由亚洲之声等的国家由亚洲之声等是哪个国家的国家的国家", "answer": "亚洲", "reading_system_answer": null}, {"question": "美国之音、英国广播公司、自由亚洲之声等的国家由亚洲之声等的国家由亚洲之声等的国", "answer": "一贯", "reading_system_answer": null}, {"question": "美国之音、英国广播公司、自由亚洲之声等的国家由亚洲之声等的国家由哪家公司、自由", "answer": "英国广播公司", "reading_system_answer": "英国广播公司"}, {"question": "美国之音、英国广播公司、自由亚洲之声等的国家由亚洲之声等的国家由亚洲之声等是什", "answer": "外国媒体单位", "reading_system_answer": null}, {"question": "美国之音、英国广播公司、自由亚洲之声等的国家自由亚洲之声等的国家自由亚洲之声等", "answer": "人代表", "reading_system_answer": null}, {"question": "美国之音、英国广播公司、自由亚洲之声等的国家自由亚洲之声等的国家自由亚甸民主派", "answer": "声", "reading_system_answer": null}, {"question": "美国之音、英国广播公司、自由亚洲之声等的国家由亚洲之声等的国家由亚洲之声等的国", "answer": "缅甸民主派", "reading_system_answer": null}]}, {"text": "据缅甸私营媒体报道", "qa_pairs": [{"question": "据缅甸私营缅甸私营体报道体报道私营据缅甸缅斯缅夫会议问伊甸缅诺认为何回营体", "answer": "媒体报道", "reading_system_answer": null}, {"question": "据缅甸私营媒体报道私营媒体报道私营媒体的私营媒道私营据缅甸缅甸缅甸缅甸缅甸缅甸", "answer": "缅甸", "reading_system_answer": null}]}, {"text": "吴登盛总统在这次媒体见面会上轻松愉快地对缅甸记者列举了四个好消息：奥巴马总统在峰会讲话中肯定了缅甸的改革；美方正式宣布国务卿希拉里·克林顿即将访问缅甸（11月30日至12月2日）；第三", "qa_pairs": [{"question": "吴；11月30日至12月2日）；第三的改革；的第三个总统在峰会讲话中肯定了缅甸", "answer": "12月2日", "reading_system_answer": "奥巴马总统在峰会讲话中肯定了缅甸的改革；美方正式宣布国务卿希拉里·克林顿即将访问缅甸"}, {"question": "吴；第三个总统在峰会讲12月2日）；第三的改革；美方正式宣布国务卿希拉里·克林", "answer": "四个好消息", "reading_system_answer": null}, {"question": "吴2月2日）；第四总统在峰会讲话中肯定了峰会讲话问革；美方体见缅甸（11月改革", "answer": "媒体见面会", "reading_system_answer": null}, {"question": "吴；1林顿即将访问缅甸布国务卿希拉里·克林顿即将访问缅甸的改革；第三的国家其第", "answer": "11月30日", "reading_system_answer": null}, {"question": "吴登盛改革；美方见面会上的国家即将访列举了四个好消息了缅甸的改革；的国家其第四", "answer": "第三", "reading_system_answer": null}, {"question": "吴11月3日）；第三的国家在）2月2日）；第三的国家在峰1月30日至12月3日", "answer": "美方", "reading_system_answer": null}, {"question": "吴1第三的第三个总统在峰会讲12月2日）；第三的国家其第四个好消息：奥巴马总统", "answer": "克林顿", "reading_system_answer": "奥巴马总统在峰会讲话中肯定了缅甸的改革"}, {"question": "吴11月3日）；第三的改革；是哪个国家", "answer": "峰会讲话", "reading_system_answer": "缅甸的改革"}, {"question": "吴11月30日至12月2日）；第三的国家在峰快了四个好消息：奥巴马总统的国家其", "answer": "缅甸", "reading_system_answer": "奥巴马总统在峰会讲话中肯定了缅甸的改革"}, {"question": "吴11月3日）；第三的改革；是哪个公司在峰会讲12月2日至12月30日至12月", "answer": "吴登盛总统", "reading_system_answer": "美方正式宣布国务卿希拉里·克林顿即将访问缅甸"}, {"question": "吴登盛总统在峰会讲话中肯定了缅甸记者列举了四个好消息：奥巴马总统的国家其第三次", "answer": "奥巴马总统", "reading_system_answer": null}, {"question": "吴11月3日）；第三的第三次务卿希拉里·克林顿即将访问缅甸布国务卿希拉里·克林", "answer": "缅甸记者", "reading_system_answer": null}, {"question": "吴11月3日）；第三个改消；美方正式宣布国务卿希拉里·克林顿即将访问缅甸的改革", "answer": "国务卿", "reading_system_answer": null}]}, {"text": "昂山素季和民盟同意依法重新进行政党注册登记；还有缅甸在东南亚运动会上取得了不少金牌", "qa_pairs": [{"question": "在昂甸在昂甸政府运锋枪的国家在昂甸在不行上册册登响的国家在昂甸亚亚南甸亚亚国家", "answer": "依法", "reading_system_answer": null}, {"question": "昂山素季和民盟同意依法重新进行政党注册取得了不少金牌的国家在东南亚运动会上取得", "answer": "政党", "reading_system_answer": "缅甸"}, {"question": "昂山素季和民盟同意依法重新进行政党注册登记；还有缅甸在东南亚运动会上取得了不少", "answer": "东南亚运动会", "reading_system_answer": null}, {"question": "昂山素季和民盟同意依法重新进行政党注册取得了不少金牌的国家在东南亚运动会上取得", "answer": "昂山素季", "reading_system_answer": "缅甸"}, {"question": "昂山素季和民盟同意依法重新进行政党注册登记；还有缅甸在东南亚运动会上取得了不少", "answer": "金牌", "reading_system_answer": null}, {"question": "昂山素季和民盟同意依法重新进行政党注册登记；还有缅甸在东南亚运动会上取得了不少", "answer": "缅甸", "reading_system_answer": null}, {"question": "昂山素季和民盟同意依法重新进行政党注册登记；还有缅甸在东南亚运动会上取得了不少", "answer": "民盟", "reading_system_answer": null}]}, {"text": "此间有人评论说", "qa_pairs": [{"question": "此间有人评论说中人评论说中国人评论说中国人事方面评论评论评论评论评论说是什么", "answer": "评论", "reading_system_answer": null}]}, {"text": "总统的破例可喜", "qa_pairs": [{"question": "总统的破例可喜的总统的破例可喜是什么", "answer": "总统", "reading_system_answer": null}, {"question": "总统的破例可喜的破例可喜是什么", "answer": "破例", "reading_system_answer": null}]}, {"text": "这反映了他当下的心情以及缅甸的期待", "qa_pairs": [{"question": "缅甸的期待的及缅甸的期待的及缅甸的期待下的心情以及缅甸的期的反映了他当下的心情", "answer": "缅甸", "reading_system_answer": null}, {"question": "缅甸的期待的及缅甸的期待的及缅甸的期心情情了他当下的心情映了他当下的反映了他当", "answer": "心情", "reading_system_answer": null}]}, {"text": "“议会吵架”  　　虽然去年大选时", "qa_pairs": [{"question": "“”大战时期间去年大战中虽”大战中虽大战中虽大战中牺选架大战中牺选架大战中牺选", "answer": "时", "reading_system_answer": null}, {"question": "“大会然去年大选时中国吵架”虽然去年大选时选架“”会吵架大“会选架“大战中大战", "answer": "议会", "reading_system_answer": null}]}, {"text": "还有西方媒体嗤之以鼻：“缅甸将军们不可能放弃手中的权力", "qa_pairs": [{"question": "““““缅甸将军们不可能放弃手中的权力是什么", "answer": "缅甸将军", "reading_system_answer": null}, {"question": "““““““缅甸将军们不可能放弃手中的权力是什么", "answer": "权力", "reading_system_answer": null}, {"question": "““的体力是什么", "answer": "媒体", "reading_system_answer": null}]}, {"text": "”但缅甸议会中的变化", "qa_pairs": [{"question": "”但缅甸议会中的变化是", "answer": "缅甸议会", "reading_system_answer": null}]}, {"text": "仍在悄然进行着", "qa_pairs": [{"question": "悄然进行着什么", "answer": "", "reading_system_answer": null}]}, {"text": "缅甸联邦议会由人民院（相当于众议院）和民族院（相当于参议院）两院组成", "qa_pairs": [{"question": "缅甸联邦议会由人民院（相当于参议院）和民族院（相当于参议院）两院组成的国家其参", "answer": "人民院", "reading_system_answer": null}, {"question": "缅甸联邦议会由人民院（相当于众议院）和民族院（相当于众议院）两院组成的是什么", "answer": "参议院", "reading_system_answer": null}, {"question": "缅甸联邦议会由人民院（相当于参议院）和民族院（相当于参议院）和民族院（相当于众", "answer": "众议院", "reading_system_answer": "缅甸联邦议会由人民院（相当于众议院）和民族院（相当于参议院）"}, {"question": "缅甸联邦议会由人民院（相当于参议院）和民族院（相当于参议院）两院组成的是哪个国", "answer": "缅甸联邦议会", "reading_system_answer": null}, {"question": "缅甸联邦议会由人民院（相当于参议院）和民族院（相当于参议院）和民族院（相当于众", "answer": "民族院", "reading_system_answer": "缅甸联邦议会由人民院（相当于众议院）和民族院（相当于参议院）"}]}, {"text": "根据《缅甸联邦共和国宪法》", "qa_pairs": [{"question": "根据《缅甸联邦共和国宪法》的是哪两个国家", "answer": "缅甸联邦共和国宪法", "reading_system_answer": null}]}, {"text": "人民院和民族院权力相等", "qa_pairs": [{"question": "人民院和民族院权力相等是什么", "answer": "民族院权力", "reading_system_answer": null}, {"question": "人民院权力相等是什么", "answer": "人民院", "reading_system_answer": "人民院和民族院"}]}, {"text": "民族院议长、人民院议长先后各兼任两年半的联邦议会议长", "qa_pairs": [{"question": "民族院议长、人民院议长先后各兼任两年半的联邦议会议长是什么", "answer": "人民院议长", "reading_system_answer": null}, {"question": "民族院议长、人民院议长先后各兼任两年半的联邦议会议长是什么", "answer": "联邦议会议长", "reading_system_answer": null}, {"question": "民族院议长、人民院议长先后各兼任两年半的联邦议会议长是什么", "answer": "民族院议长", "reading_system_answer": null}, {"question": "民族院议长、人院议长先后各兼任两年半会议长是什么", "answer": "两年半", "reading_system_answer": null}]}, {"text": "10月28日", "qa_pairs": [{"question": "1月28月28日0000000001月2日0过什么机构", "answer": "10月28日", "reading_system_answer": null}]}, {"text": "民族院议长兼联邦议会议长吴钦貌敏在联邦议会全体会议上提出两院的法案通过之后", "qa_pairs": [{"question": "民族院议长兼联邦议会议长吴钦貌敏在联邦议会全体会议上提出两院的法案通过之后的国", "answer": "联邦议会议长吴钦貌敏", "reading_system_answer": null}, {"question": "民族院议长兼联邦议会议长吴钦貌敏在联邦议会全体会议上提出两院的法案通过之后的国", "answer": "法案", "reading_system_answer": null}, {"question": "民族院议长兼联邦议会议长吴钦貌敏在联邦议会全体会议上提出两院的法案通过之后的国", "answer": "联邦议会全体会议", "reading_system_answer": null}, {"question": "民族院议长兼联邦议会议长吴钦貌敏在联邦议会全体会议上提出两院的法案通过之后的联", "answer": "民族院议长", "reading_system_answer": null}]}, {"text": "在提交总统签署之前", "qa_pairs": [{"question": "在提交总统签署之前在提交总统签署之前在提交总统之前在提交总统在签署之前在签署提", "answer": "总统", "reading_system_answer": null}]}, {"text": "先送联邦宪法法院审查是否符合宪法的动议", "qa_pairs": [{"question": "先送联邦宪法法院审议的宪法的动查是什么", "answer": "联邦宪法法院", "reading_system_answer": null}, {"question": "先送联邦宪法法院审议的宪法的动议是什么", "answer": "宪法", "reading_system_answer": null}, {"question": "先送联邦宪法法院审查是否符合宪法的动议是什么", "answer": "动议", "reading_system_answer": null}]}, {"text": "吴钦貌敏议长当场询问议员是否赞成此动议", "qa_pairs": [{"question": "吴钦貌敏议长当场询问议员是否赞成此动议的原因是什么", "answer": "吴钦貌敏议长", "reading_system_answer": null}, {"question": "吴钦貌敏议长当场询问议员是否赞成此动议的敏议长当场询问议员是否赞成此动议的敏议", "answer": "议员", "reading_system_answer": null}, {"question": "吴钦貌敏议长当场询问议员是否赞成此动议的目的是什么", "answer": "动议", "reading_system_answer": null}]}, {"text": "有议员回答赞成", "qa_pairs": [{"question": "有议员回答赞成成成议员回答赞成的议员员员员员有什么", "answer": "议员", "reading_system_answer": null}]}, {"text": "议长没有再追问有无反对", "qa_pairs": [{"question": "议长没有再追问有无反对有再追问有无反对没反问有无反对没有再追问有再反问没有再追", "answer": "议长", "reading_system_answer": null}]}, {"text": "便宣布该动议记录在案", "qa_pairs": [{"question": "便宣布该动议记录在案议记录在便宣布的布布动议记录在在什么案", "answer": "动议记录在案", "reading_system_answer": null}]}, {"text": "事后", "qa_pairs": [{"question": "事后后后后后后后后后后后后后后后后后事事事事事事事事事事事事事事事事事事事事事", "answer": "", "reading_system_answer": null}]}, {"text": "议长吴瑞曼领导的人民院在议员们普遍反对上述动议的情况下", "qa_pairs": [{"question": "议长吴瑞曼领导的人对上述动议的情况下在议员们普遍反对上述动议的情况下的领导的人", "answer": "情况", "reading_system_answer": "议长吴瑞曼领导的人民院"}, {"question": "议长吴瑞曼领导的人民院在议员们普遍反对上述动议的情况下的领导的人民院议员们普遍", "answer": "人民院", "reading_system_answer": null}, {"question": "议长吴瑞曼领导的人民院在议员们普遍反对上述动议的情况下的领长是", "answer": "议长吴瑞曼领导", "reading_system_answer": null}, {"question": "议长吴瑞曼领导的人民院在议员们普遍反对上述动议的情况下的领议况下的领议是什么", "answer": "动议", "reading_system_answer": null}, {"question": "议长吴瑞曼领导的人民院在议员们普遍反对上述动议的情况下的领导的人民院在议员们普", "answer": "议员", "reading_system_answer": null}]}, {"text": "通过一项要求推翻该动议的决议案", "qa_pairs": [{"question": "通过一项要求推翻该动议的决议案的决议案是什么", "answer": "一项", "reading_system_answer": null}, {"question": "通过一项要求推翻该动议的决议案是什么", "answer": "决议案", "reading_system_answer": null}, {"question": "通过一项要求推翻该动议的决议案的决议案是什么", "answer": "动议", "reading_system_answer": null}]}, {"text": "推翻的理由是", "qa_pairs": [{"question": "推翻的理由是什么", "answer": "理由", "reading_system_answer": null}]}, {"text": "吴钦貌敏议长提出该动议时", "qa_pairs": [{"question": "吴钦貌敏议长提出的动议时是什么", "answer": "吴钦貌敏议长", "reading_system_answer": null}, {"question": "吴钦貌敏议长提出的动议时是什么", "answer": "动议时", "reading_system_answer": null}]}, {"text": "既没有议员发言附议赞成", "qa_pairs": [{"question": "发言附议赞成的发言附议赞成的发言附议员员员员员员员员发议的议附有什么", "answer": "附议", "reading_system_answer": null}, {"question": "发言附议赞成的发言附议赞成的发言附议员员员员员员员员员员员议有什么样的态度", "answer": "议员", "reading_system_answer": null}]}, {"text": "也没有给议员提出反对的机会", "qa_pairs": [{"question": "提出反对的机会是什么", "answer": "议员", "reading_system_answer": null}, {"question": "没有给议员提出反对的机会是什么", "answer": "机会", "reading_system_answer": null}]}, {"text": "因而认为程序不合法", "qa_pairs": [{"question": "因为程序不合认为程序不合法的程序认为程序不合法的程枪是什么", "answer": "合法", "reading_system_answer": null}, {"question": "因为程序不合法为程序不合法的程序认为程序不合法的程序因为认为程序认为因为程为程", "answer": "程序", "reading_system_answer": null}]}, {"text": "动议不能生效", "qa_pairs": [{"question": "动议不能生效生议不能生效生议不能生议不能能议效生生生生动效动效生议的动效是什么", "answer": "生效", "reading_system_answer": null}, {"question": "动议不能生效生效不能生效的动议动动能不能生效生议议议动生效生效动能不能不议生动", "answer": "动议", "reading_system_answer": null}]}, {"text": "观察家评论说", "qa_pairs": [{"question": "观察家评论说中观察家评论说中观察家察家论论评观观观观观家说中评观察观察说察认为", "answer": "观察家评论", "reading_system_answer": null}]}, {"text": "表面看来", "qa_pairs": [{"question": "表面看来来看面面看来来看面表表表看看看看看来来来看面表表看面表表看面来看面来看", "answer": "表面", "reading_system_answer": null}]}, {"text": "这是个程序问题", "qa_pairs": [{"question": "个程序问题是什么", "answer": "个程序问题", "reading_system_answer": null}]}, {"text": "实际上", "qa_pairs": [{"question": "实际上际上际实际上际实际实际实际实际实上上上上上上上上上上上上上上上上上上上上", "answer": "", "reading_system_answer": null}]}, {"text": "人民院与民族院在把通过的法案提交总统颁布实施前", "qa_pairs": [{"question": "人民院与民族院在把通过的法案提交总统颁布实施前的总统颁布实施前的总统实施族院实", "answer": "法案", "reading_system_answer": null}, {"question": "人民院与民族院在把通过的法案提交总统颁布实施前的总统颁布实施前的总统是什么", "answer": "民族院", "reading_system_answer": null}, {"question": "人民院与民族院在把通过的法案提交总统颁布实施前的总统颁布实施前在把通过的法案提", "answer": "人民院", "reading_system_answer": null}, {"question": "人民院与民族院在把通过的法案提交总统颁布实施前的目的是什么", "answer": "总统颁布实施", "reading_system_answer": null}]}, {"text": "是否需要送交联邦宪法法院审议的问题上存在严重分歧", "qa_pairs": [{"question": "宪邦法法院审议的法院在法国在法国在法国题需在严议的重歧歧是什么", "answer": "分歧", "reading_system_answer": null}, {"question": "法国联合法院审议上问在法国送要送交联合送在法国法国的重议上问在法国重议的重题的", "answer": "问题", "reading_system_answer": null}, {"question": "法国联邦宪法法院审议的问题上存在严重分歧的国家其宪法审议的问题上存在严重分歧的", "answer": "联邦宪法法院", "reading_system_answer": null}]}, {"text": "人民院议员坚持认为法律上没有这样的明确规定", "qa_pairs": [{"question": "人民院议员坚坚确规定的法律上没有这样的明确规定的国家持认为法律上没有这样的明确", "answer": "人民院议员", "reading_system_answer": null}, {"question": "法国人民院议员坚持认为法样的明确规定的国家这人民院议员坚持认为法律的明确规定的", "answer": "法律", "reading_system_answer": null}]}, {"text": "不赞成多一道程序", "qa_pairs": [{"question": "不赞成多一道程序是什么", "answer": "多一道程序", "reading_system_answer": null}]}, {"text": "多一道闸门", "qa_pairs": [{"question": "多一道闸门的原因是什么", "answer": "多一道闸门", "reading_system_answer": null}]}, {"text": "缅甸官方媒体详细报道了这次双方争执的过程和理由", "qa_pairs": [{"question": "缅甸官方媒体详细报道了这次双方争执的过程和理由什么执的过程和理由缅甸官方媒体详", "answer": "双方", "reading_system_answer": null}, {"question": "缅甸官方媒体详细报道了这次双方争执的过程和理由是什么", "answer": "缅甸官方媒体", "reading_system_answer": null}, {"question": "缅甸官方媒体详细报道了这次双方争执的过程和理由是什么", "answer": "理由", "reading_system_answer": null}, {"question": "缅甸官方媒体详细报道了这次双方争执的过程和理由什么和理", "answer": "过程", "reading_system_answer": null}]}, {"text": "对攻的味道跃然纸上", "qa_pairs": [{"question": "对攻的味道跃然纸上的攻的味道跃然纸上是什么", "answer": "味道", "reading_system_answer": null}]}, {"text": "普通大众真真切切听到了“议会吵架”的消息", "qa_pairs": [{"question": "普通大众真真切切听到了“议会吵架”的消息的国家在“的真真切切听到了“议会吵架”", "answer": "消息", "reading_system_answer": null}, {"question": "普通大众真真切切听到了“议会吵架”的消息的国家在“”的真真切切听到了“议会吵架", "answer": "议会", "reading_system_answer": null}, {"question": "普通大众真真切切听到了“议会吵架”的消息的国家在””的消息的真真切切听到了“议", "answer": "大众", "reading_system_answer": null}]}, {"text": "过了数日", "qa_pairs": [{"question": "过了数日了数日了数日了数日了数日了数过了什么", "answer": "数日", "reading_system_answer": null}]}, {"text": "联邦议会全体会议最后撤消了这个动议", "qa_pairs": [{"question": "联邦议会全体会议最后撤消了这个动议的最后撤消是什么", "answer": "联邦议会全体会议", "reading_system_answer": "联邦议会全体会议最后撤消了这"}, {"question": "联邦议会全体会议最后撤消了这个动议的最后撤消是什么", "answer": "动议", "reading_system_answer": "联邦议会全体会议最后撤消了这"}]}, {"text": "也算圆满收场", "qa_pairs": [{"question": "算圆满收场的圆圆是什么", "answer": "收场", "reading_system_answer": null}]}]}