{"passage": "卢旺达解放25周年庆典4日在卢首都基加利举行。经中国人民解放军仪仗大队教官指导，卢旺达军队官兵和警队在庆典阅兵中使用中国队列动作和口令，圆满完成阅兵任务。  庆典阅兵在卢旺达国家和平体育场举行。卢旺达总统卡加梅检阅阅兵方阵后，阅兵正式开始。阅兵方阵迈着整齐一致的步伐行进，“向右看”“一、二”等中文口令声响彻体育场。多位非洲国家元首观看阅兵。  中国人民解放军北京卫戍区政委姜勇率领中国军事代表团出席活动。  应卢旺达军方邀请，来自中国人民解放军仪仗大队的指导组从今年3月开始为卢旺达解放25周年庆典阅兵式进行指导，改进受阅队伍队列动作。  中国人民解放军仪仗大队指导组组长杨成群介绍，中国仪仗队列的特点是“整齐划一、铿锵有力、威武雄壮”，由6人组成的指导组在107天的时间里指导1600余人，帮助他们改进队列动作，掌握中文队列口令。  卢旺达退伍军人姆班达接受新华社记者采访时说，此次阅兵激动人心，士兵们步伐统一，是他见过“最专业的一次阅兵”。观看阅兵的当地民众卡雷梅拉表示，感谢中国军人，他们的出色指导“提振了受阅队伍的精神面貌”。", "sentences": [{"text": "卢旺达解放25周年庆典4日在卢首都基加利举行", "qa_pairs": [{"question": "卢旺达放25年年庆典4日在卢首都基加利举行的国家解卢旺达放25周年庆典4日卢旺", "answer": "卢", "reading_system_answer": null}, {"question": "卢旺达解放25周年庆典4日在卢首都基加利举行的国家在卢旺达解放25周年庆典4日", "answer": "卢旺达", "reading_system_answer": null}, {"question": "卢旺达解放25周年庆典4日在卢首都基加利举行的国家在卢旺达解放25周年庆典4日", "answer": "基加利", "reading_system_answer": null}, {"question": "卢旺达解放25周年庆典4日在卢首都基加利举行的是哪一项", "answer": "庆典4日", "reading_system_answer": null}, {"question": "卢旺达解放25周年庆典4日在卢首都基加利举行的国家达利举行的卢旺达解放25周年", "answer": "25", "reading_system_answer": null}]}, {"text": "经中国人民解放军仪仗大队教官指导", "qa_pairs": [{"question": "中国人民解放军仪仗大队教官指导弹仪仗大队教官是什么", "answer": "经中国人民解放军仪仗大队教官指导", "reading_system_answer": null}]}, {"text": "卢旺达军队官兵和警队在庆典阅兵中使用中国队列动作和口令", "qa_pairs": [{"question": "卢旺达军队官兵和警队在庆典阅兵中使用中国队列动作和口令的国家在庆典阅兵中使用中", "answer": "卢旺达军队官兵", "reading_system_answer": null}, {"question": "卢旺达军队官兵和警队在庆典阅兵中使用中国队列动作和口令的警队口径是什么", "answer": "中国队列动作", "reading_system_answer": null}, {"question": "卢旺达军队官兵和警队在庆典阅兵中使用中国队列动作和口令的国家在庆典阅兵中使用中", "answer": "口令", "reading_system_answer": null}, {"question": "卢旺达军队官兵和警队在庆典阅兵中使用中国队列动作和口令的国家达兵和警队在庆典阅", "answer": "庆典", "reading_system_answer": null}, {"question": "卢旺达军队官兵和警队在庆典阅兵中使用中国队列动作和口令的国家达兵和警队在庆典阅", "answer": "警队", "reading_system_answer": null}]}, {"text": "圆满完成阅兵任务", "qa_pairs": [{"question": "圆满成阅兵任阅成阅兵任阅成圆满完成阅兵圆务的任务是什么", "answer": "任务", "reading_system_answer": null}]}, {"text": "庆典阅兵在卢旺达国家和平体育场举行", "qa_pairs": [{"question": "庆典阅兵在卢旺达国家和平体育场举行的目的是什么", "answer": "体育场", "reading_system_answer": null}, {"question": "庆典阅兵在卢旺达国家和平体育场举行的国家在卢旺达国家和平体育场举行的国家在卢旺", "answer": "卢旺达国家", "reading_system_answer": null}, {"question": "庆典阅兵在卢旺达国家和平体育场举行的目的是什么", "answer": "庆典", "reading_system_answer": null}]}, {"text": "卢旺达总统卡加梅检阅阅兵方阵后", "qa_pairs": [{"question": "卢旺达总统卡加梅检阅阅兵方阵后是由哪家公司加阅兵方阵后", "answer": "卢旺达总统", "reading_system_answer": null}, {"question": "卢旺达卡加梅检阅阅兵方阵后的卡旺梅检阅阅卢旺达统阅兵方阵后是哪个型号的总统", "answer": "梅", "reading_system_answer": "卢旺达总统"}, {"question": "卢旺达总统卡加梅检阅阅兵方阵后卢旺达总统卡加梅检阅阅兵方阵后卢旺达总统卡加梅检", "answer": "方阵", "reading_system_answer": null}]}, {"text": "阅兵正式开始", "qa_pairs": [{"question": "阅兵正式开始的式开始发兵式式正式开始是什么", "answer": "", "reading_system_answer": null}]}, {"text": "阅兵方阵迈着整齐一致的步伐行进", "qa_pairs": [{"question": "阅兵方阵迈着整齐一致的步伐行进的整的步伐行进中阅兵方阵迈着的步伐行进的行兵方阵", "answer": "步伐", "reading_system_answer": null}, {"question": "阅兵方阵迈着整齐一致的步伐行进的整兵方阵迈着整齐一致的步伐行进的整兵方阵迈着步", "answer": "方阵", "reading_system_answer": null}]}, {"text": "“向右看”“一、二”等中文口令声响彻体育场", "qa_pairs": [{"question": "“向右看”“一、二”等中文口令声响彻体育场的口令声响彻体育场是什么", "answer": "口令声", "reading_system_answer": null}, {"question": "“口令声响彻等育文口声中文场令“““响响响体育文场令声中一、二”等中文口的彻向", "answer": "一", "reading_system_answer": null}, {"question": "“口令声响彻体育文口令声响彻等中文口令声“一、二”等中文场令右看”“一、二”等", "answer": "二", "reading_system_answer": null}, {"question": "“向右看”“一、二”等中文口令声响彻体育场的国家向”向右向向右看声响彻体育场的", "answer": "向右看", "reading_system_answer": null}, {"question": "“向右看”“一、二”等中文口令声响彻体育场的目的是什么", "answer": "体育场", "reading_system_answer": null}]}, {"text": "多位非洲国家元首观看阅兵", "qa_pairs": [{"question": "多位非洲国家元首观看阅兵是什么", "answer": "多位非洲国家元首", "reading_system_answer": null}]}, {"text": "中国人民解放军北京卫戍区政委姜勇率领中国军事代表团出席活动", "qa_pairs": [{"question": "中国人民解放军北京卫戍区政委姜勇率领中国军事代表团出席活动的国家解放军北京卫戍", "answer": "中国军事代表团", "reading_system_answer": null}, {"question": "中国人民解放戍区政委姜勇率领中国军事代表团出席活动的原因是什么", "answer": "中国人民解放军北京卫戍区政委姜勇", "reading_system_answer": null}]}, {"text": "应卢旺达军方邀请", "qa_pairs": [{"question": "应卢旺达军方邀请了什么", "answer": "卢旺达军方", "reading_system_answer": null}]}, {"text": "来自中国人民解放军仪仗大队的指导组从今年3月开始为卢旺达解放25周年庆典阅兵式进行指导", "qa_pairs": [{"question": "卢旺达解放25周年庆典阅兵式进行指导组从今年3月开始为卢旺达解放25周年庆典阅", "answer": "指导组", "reading_system_answer": "来自中国人民解放军仪仗大队"}, {"question": "卢旺达解放25周年庆典阅兵式进行指导组从今年3月开始为卢旺达解放25周年庆典阅", "answer": "3月", "reading_system_answer": "来自中国人民解放军仪仗大队"}, {"question": "卢旺达解放25周年庆典阅兵式进行指导组从今年3月开始为卢旺达解放25周年庆典阅", "answer": "指导", "reading_system_answer": "来自中国人民解放军仪仗大队"}, {"question": "卢旺达解放25周年庆典阅兵式进行指导组从今年3月开始为卢旺达解放25周年庆典阅", "answer": "中国人民解放军仪仗大队", "reading_system_answer": "来自中国人民解放军仪仗大队"}, {"question": "从今年3月开始为卢旺达解放25周年庆典阅兵式进行指导组从今年3月开始为卢旺达解", "answer": "庆典阅兵式", "reading_system_answer": "来自中国人民解放军仪仗大队"}, {"question": "从今年3月开始为卢旺达解放25周年庆典阅兵式进行指导组从导组从导组仗大队的指导", "answer": "卢旺达", "reading_system_answer": "仪仗大队"}, {"question": "卢旺达解放25周年庆典阅兵式进行指导组从今年3月开始为卢旺达解放25周年庆典阅", "answer": "25", "reading_system_answer": "来自中国人民解放军仪仗大队"}]}, {"text": "改进受阅队伍队列动作", "qa_pairs": [{"question": "改进受阅队伍队列动作为什么", "answer": "队伍队列动作", "reading_system_answer": null}]}, {"text": "中国人民解放军仪仗大队指导组组长杨成群介绍", "qa_pairs": [{"question": "中国人民解放军仪仗大队指导组组长杨成群介绍是什么", "answer": "中国人民解放军仪仗大队指导组组长杨成群", "reading_system_answer": null}]}, {"text": "中国仪仗队列的特点是“整齐划一、铿锵有力、威武雄壮”", "qa_pairs": [{"question": "“锵的特点是什么", "answer": "特点", "reading_system_answer": "整齐划一、铿锵有力、威武雄壮"}, {"question": "“整齐划一、铿锵有力、威武雄壮”的特点是什么", "answer": "中国仪仗队", "reading_system_answer": "整齐划一、铿锵有力、威武雄壮"}]}, {"text": "由6人组成的指导组在107天的时间里指导1600余人", "qa_pairs": [{"question": "由6770成导弹0导弹的国家在100导弹的国家在由哪些指导弹", "answer": "时间", "reading_system_answer": "由6人组成的指导组"}, {"question": "由6人组成的指导1600余人的00余人是什么", "answer": "指导组", "reading_system_answer": null}, {"question": "由6人组成的指导组在107天的时间里指导组在107天的时间里指导1600余人", "answer": "指导1600余人", "reading_system_answer": null}, {"question": "由6人组成的指导组在107天的时间里指导组600余人的00余人是什么", "answer": "6人", "reading_system_answer": null}, {"question": "由6人组成的指导组在107天的时间里指导1600余人的时间里指导1600余人的", "answer": "107天", "reading_system_answer": null}]}, {"text": "帮助他们改进队列动作", "qa_pairs": [{"question": "帮助他们改进队列动作为什么", "answer": "队列动作", "reading_system_answer": null}]}, {"text": "掌握中文队列口令", "qa_pairs": [{"question": "掌握中文队列口令中掌握中文队列口令的是什么", "answer": "队列口令", "reading_system_answer": null}]}, {"text": "卢旺达退伍军人姆班达接受新华社记者采访时说", "qa_pairs": [{"question": "卢旺达财者采用的是什么样的", "answer": "时说", "reading_system_answer": null}, {"question": "卢旺达退伍军人姆班达接受新华社记者采访时说的什么记说", "answer": "新华社记者", "reading_system_answer": null}, {"question": "卢旺达退伍军人姆班达接受新华社记者采访时说的退退机接卢旺达退伍受新华社记者采用", "answer": "班", "reading_system_answer": null}, {"question": "卢旺达退伍姆班达接受新华社记者采访时说的是什么", "answer": "卢旺达退伍军人", "reading_system_answer": null}]}, {"text": "此次阅兵激动人心", "qa_pairs": [{"question": "此次阅兵激动人心的激动人心是什么", "answer": "激动人心", "reading_system_answer": null}]}, {"text": "士兵们步伐统一", "qa_pairs": [{"question": "士兵们步伐统一步伐统一步伐统士兵们步伐统一的统兵们兵步兵步伐士统一步兵兵兵兵兵", "answer": "步伐", "reading_system_answer": null}, {"question": "士兵们步伐统一步兵步兵步兵步兵步兵步兵步兵步兵步兵步兵步兵步兵步兵步兵步兵步兵", "answer": "士兵", "reading_system_answer": null}]}, {"text": "是他见过“最专业的一次阅兵”", "qa_pairs": [{"question": "“最专业的一次阅兵”是", "answer": "一次", "reading_system_answer": "是他见过“最专业的一次阅兵"}, {"question": "“最专业的一次阅兵”是什么", "answer": "专业", "reading_system_answer": null}]}, {"text": "观看阅兵的当地民众卡雷梅拉表示", "qa_pairs": [{"question": "当地民众卡雷梅拉表示示地民众卡雷梅拉表示的是什么雷梅拉表示", "answer": "民众卡雷", "reading_system_answer": "观看阅兵"}]}, {"text": "感谢中国军人", "qa_pairs": [{"question": "感谢中国军人感谢人感谢人感谢人感中国军人感中国军人感中国军感中国人感中国人感中", "answer": "中国军人", "reading_system_answer": null}]}, {"text": "他们的出色指导“提振了受阅队伍的精神面貌”", "qa_pairs": [{"question": "提振了受阅队伍的精神面貌”的精神面貌”的精神面貌”的精神面指导“提振了受阅队伍", "answer": "队伍", "reading_system_answer": "他们的出色指导"}, {"question": "提振了受阅队伍的精神面貌”的导弹是哪个", "answer": "指导", "reading_system_answer": null}]}]}