{"passage": "一个月前，伊朗军队突然击落1架美制“全球鹰”，引起相当大的国际舆论。伊朗的解释是这架无人机入侵了伊朗领空，美国对此进行了反驳，双方至今也是各说各话。如果光打口水仗，事情也就简单了，等了近一个月，美国特朗普宣布，自己的两栖攻击舰被击落了一架当时非常靠近的伊朗无人机，如此大仇得报！  不过特朗普自说自话的发布会，遭到伊朗拿出了证据进行回击，表示从伊朗无人机的活动时间看，显然和特朗普说的大相径庭，显然有人在说谎。以上是信息还是前几日的新闻时态，今天要说的也是这件事，是这件突发事件又有了新的细节披露，据当时正在这艘两栖攻击舰上，进行采访报道的美国记者的描述，其透露的信息比起特朗普说的更加详细和精彩。  这名据称是华尔街日报的美国记者对外表示，当时美军进入霍尔木兹海峡的军舰数量达到了6艘之多，即便如此，也遭到了伊朗方面的严密监控和抵近侦察，在没有击落这架伊朗无人机之前，伊朗军队的一架直升机未经允许，先行近距离抵近了美军舰船，最近距离到了只有几米远的程度，后被美军舰上升空的直升机驱离。 随后多艘伊朗快艇在美军舰队航行途中多次游荡活动，一艘伊朗海军的大型水面舰船距离美舰也就500米左右，最后在这不久，也就是相隔美军舰队进入霍尔木兹海峡3个小时左右，拳师号两栖攻击舰采用电子手段击落了这架伊朗无人机。如此说来，按照在现场美国记者的披露，美军编队和伊朗在霍尔木兹海峡当时是剑拔弩张。  伊朗军方对美国先手对外公示被击落无人机的态度是，无人机当天出动的都按时返回了，没有美国说的情况出现，如果美国非要很坚决得认定，是伊朗的无人机被击落，那就像先前伊朗的方式一样，被揍下来的美军全球鹰，后面公开照片公示。而伊朗的副外长更是表示，美军击落的无人机，不会是把自己的无人机打下来了吧！如果是这样够乌龙。  近些年来，不仅是其它国家对无人机的使用日趋常态化，伊朗军队的这一应用亦是如此。美国情报人员分析，从早些时候开始，伊朗已经拥有每天在霍尔木兹海峡甚至是波斯湾上空，全天候部署巡航至少两至三架无人机，对这一繁忙水道进行常态化的监视，所以这一地区时常会见到伊朗无人机的身影，但值得注意的是，相比以往还只是侦察监视，现在的伊朗无人机开始携带武器，具备实时打击的能力了，这对美国在此活动的舰船威胁性大增。", "sentences": [{"text": "一个月前", "qa_pairs": [{"question": "一个月前前前前前前前前前前前前前前前前个个月月月月个一个一一个一一个一月月月月", "answer": "一个月", "reading_system_answer": null}]}, {"text": "伊朗军队突然击落1架美制“全球鹰”", "qa_pairs": [{"question": "伊朗军队突然击落1架美制“全球鹰”的全球鹰”是什么", "answer": "全球鹰", "reading_system_answer": null}, {"question": "伊朗军队突然击落1架美制“全球鹰”的全球鹰”是什么", "answer": "1架美制", "reading_system_answer": null}, {"question": "伊朗军队突然击落1架美制“全球鹰”的国家伊朗军队突然击落1架美制“全球鹰”是", "answer": "伊朗军队", "reading_system_answer": null}]}, {"text": "引起相当大的国际舆论", "qa_pairs": [{"question": "当大的国际舆论的国家引起相当大的国际舆论的国家引起相当引起引当引起引论舆论的国", "answer": "", "reading_system_answer": null}]}, {"text": "伊朗的解释是这架无人机入侵了伊朗领空", "qa_pairs": [{"question": "伊朗的解释是这架无人机入侵的领空的领空是什么", "answer": "伊朗领空", "reading_system_answer": null}, {"question": "伊朗的解释是这架无人机入侵的无人机的领空是", "answer": "架", "reading_system_answer": null}, {"question": "伊朗的解释是这架无人机入侵的领空的领空是什么", "answer": "伊朗", "reading_system_answer": null}]}, {"text": "美国对此进行了反驳", "qa_pairs": [{"question": "美国对此进行了反驳的国家对美国进行了反驳的国家对美国此进行了反驳的国家此进行反", "answer": "美国", "reading_system_answer": null}]}, {"text": "双方至今也是各说各话", "qa_pairs": [{"question": "双方至今也是各说各话的各话是", "answer": "双方", "reading_system_answer": null}]}, {"text": "如果光打口水仗", "qa_pairs": [{"question": "如果光打口水仗的口径是什么", "answer": "口水仗", "reading_system_answer": null}, {"question": "果光打口水仗的口口水仗是什么", "answer": "光", "reading_system_answer": null}]}, {"text": "事情也就简单了", "qa_pairs": [{"question": "简单了什么", "answer": "事情", "reading_system_answer": null}]}, {"text": "等了近一个月", "qa_pairs": [{"question": "等了近一个月近了近一个月近了近一个月等了近一个月等了等了一个月等近一等等近一等", "answer": "一个月", "reading_system_answer": null}]}, {"text": "美国特朗普宣布", "qa_pairs": [{"question": "美国特朗普宣布宣布宣普朗普宣布的特朗普美国特朗普美国特朗特是什么", "answer": "美国特朗普", "reading_system_answer": null}]}, {"text": "自己的两栖攻击舰被击落了一架当时非常靠近的伊朗无人机", "qa_pairs": [{"question": "被击落了一架当时非常靠近的伊朗无人机的国家其两栖攻击舰被击落了一架当时非常靠近", "answer": "一架", "reading_system_answer": null}, {"question": "被击落了一架当时非常靠近的伊朗无人机的国家的两栖攻击舰被击落了一架当时非常靠近", "answer": "伊朗", "reading_system_answer": null}]}, {"text": "如此大仇得报！  不过特朗普自说自话的发布会", "qa_pairs": [{"question": "！不过特朗普自说自话的发布会的自话的发布会是什么", "answer": "仇得报", "reading_system_answer": null}, {"question": "！不过特朗普自说自话的发布会是什么", "answer": "特朗普", "reading_system_answer": null}, {"question": "！不过特朗普自说自话的发布会是什么", "answer": "发布会", "reading_system_answer": null}]}, {"text": "遭到伊朗拿出了证据进行回击", "qa_pairs": [{"question": "遭到伊朗拿出了证据进行回击的国家拿击什么样的实击船", "answer": "伊朗", "reading_system_answer": null}, {"question": "遭击击拿据进行朗进行中中证了伊据进行拿据进行的回回回到伊朗拿到伊朗拿到伊朗拿到", "answer": "证据", "reading_system_answer": null}]}, {"text": "表示从伊朗无人机的活动时间看", "qa_pairs": [{"question": "伊朗无人机的活动时看时活动中从伊朗无人机的活动时看发动中无人机表示无人间的无动", "answer": "时间", "reading_system_answer": null}, {"question": "伊朗无人机的活动时间看的无人机的活动时间看的无人机的无人机是什么", "answer": "伊朗", "reading_system_answer": null}]}, {"text": "显然和特朗普说的大相径庭", "qa_pairs": [{"question": "特朗普说的大相径庭的大相径庭是", "answer": "特朗普", "reading_system_answer": null}]}, {"text": "显然有人在说谎", "qa_pairs": [{"question": "在说谎说有人在说谎说显然有人在说谎说显然然有在显然在说为显然在在说在显人说在在", "answer": "", "reading_system_answer": null}]}, {"text": "以上是信息还是前几日的新闻时态", "qa_pairs": [{"question": "以上息还的新日前几闻时是前几闻是前几闻是前几日的新还是前息还是前息还是前信息闻", "answer": "新闻时态", "reading_system_answer": "以上是信息还是前几日"}, {"question": "以上是前几日的新闻时态的新闻时态是", "answer": "信息", "reading_system_answer": null}]}, {"text": "今天要说的也是这件事", "qa_pairs": [{"question": "今天要说的也是", "answer": "这件事", "reading_system_answer": null}]}, {"text": "是这件突发事件又有了新的细节披露", "qa_pairs": [{"question": "发突发事件又有了新的细节披露的原因是什么", "answer": "这件突发事件", "reading_system_answer": null}, {"question": "发事件又有了新的细节披露的原因是什么", "answer": "细节", "reading_system_answer": "是这件突发事件"}]}, {"text": "据当时正在这艘两栖攻击舰上", "qa_pairs": [{"question": "据当时正在这艘两栖攻击舰上的攻击舰上的攻击舰其两栖攻击舰上攻击两艘攻击正时攻击", "answer": "艘", "reading_system_answer": null}]}, {"text": "进行采访报道的美国记者的描述", "qa_pairs": [{"question": "美国记描述的者述描行采访述的道描行的道描道的道记者采访的采访的采访的采访的进行", "answer": "采访报道", "reading_system_answer": "进行采访报道"}, {"question": "美国记者的描述是什么", "answer": "美国记者", "reading_system_answer": "进行采访报道"}]}, {"text": "其透露的信息比起特朗普说的更加详细和精彩", "qa_pairs": [{"question": "特朗普说的更加详细和精彩的信息比起特朗普说的更加详细和精彩是什么", "answer": "精彩", "reading_system_answer": null}, {"question": "其透露的信息比起特朗普说的更加详细和精彩是什么", "answer": "特朗普", "reading_system_answer": null}, {"question": "特朗普认为普朗普认为的特点是什么", "answer": "信息", "reading_system_answer": null}]}, {"text": "这名据称是华尔街日报的美国记者对外表示", "qa_pairs": [{"question": "美国记者对外表示的外示的外名表示的外示对日报名据称是华尔街日报的国家记者表示对", "answer": "名", "reading_system_answer": null}, {"question": "美国记者对外表示的外的名名是什么", "answer": "美国记者", "reading_system_answer": "这名据称是华尔街日报"}]}, {"text": "当时美军进入霍尔木兹海峡的军舰数量达到了6艘之多", "qa_pairs": [{"question": "美军进入霍尔木兹海峡的军舰数量达到了多少艘之多", "answer": "6艘", "reading_system_answer": "6艘"}, {"question": "当时美军进入霍尔木兹海峡的军舰数量达到了6艘之多的国家其军进入霍尔木兹海峡的军", "answer": "霍尔木兹海峡", "reading_system_answer": null}, {"question": "美军进入霍尔木兹海峡的军舰数量达到了多少艘之多", "answer": "军舰数量", "reading_system_answer": "6艘"}, {"question": "美军进入霍尔木兹海峡的军舰数量达到了6艘之多的军舰数量达到了多少艘之多", "answer": "多", "reading_system_answer": "6艘"}]}, {"text": "即便如此", "qa_pairs": [{"question": "即便如此即便如此便如如此便即即即此便即即即此便即即即此便即即即此便即如即此便如", "answer": "", "reading_system_answer": null}]}, {"text": "也遭到了伊朗方面的严密监控和抵近侦察", "qa_pairs": [{"question": "伊朗方面的严密监控和抵近侦察抵近侦察的国家在伊朗方面的严密监控和抵近侦察是", "answer": "伊朗方面", "reading_system_answer": null}]}, {"text": "在没有击落这架伊朗无人机之前", "qa_pairs": [{"question": "在没有击落这架伊朗无人机之前的无人机是什么", "answer": "架伊朗", "reading_system_answer": null}]}, {"text": "伊朗军队的一架直升机未经允许", "qa_pairs": [{"question": "伊朗军队的一架直升机未经允许是什么", "answer": "一架直升机", "reading_system_answer": null}, {"question": "伊朗军队的一架直升机未经允许是什么", "answer": "伊朗军队", "reading_system_answer": null}]}, {"text": "先行近距离抵近了美军舰船", "qa_pairs": [{"question": "先行近距离抵近了美军舰船的舰船是什么", "answer": "舰船", "reading_system_answer": null}, {"question": "先抵近了美军舰船的国家抵近行离抵抵近了美军舰船的国家近距离近行近距离近了美军舰", "answer": "先行", "reading_system_answer": null}]}, {"text": "最近距离到了只有几米远的程度", "qa_pairs": [{"question": "最近距离到了只有几米远的程度的程度的远到了什么", "answer": "程度", "reading_system_answer": "最近距离到了只有几米远"}, {"question": "最近距离了只有几米远程的远几米远了只有几米远到了只有几离几的远度", "answer": "距离", "reading_system_answer": "最近距离到了只有几米远"}, {"question": "最近距离到了只有几米远的程度的程度的远到了什么", "answer": "几米远", "reading_system_answer": "最近距离到了只有几米远"}]}, {"text": "后被美军舰上升空的直升机驱离", "qa_pairs": [{"question": "被美军舰上升空的直升机驱离是什么", "answer": "美军舰", "reading_system_answer": null}, {"question": "被美军舰上升空的直升机驱离的国家被称为什么", "answer": "直升机", "reading_system_answer": null}]}, {"text": "随后多艘伊朗快艇在美军舰队航行途中多次游荡活动", "qa_pairs": [{"question": "伊朗快艇在美军舰队航行途中多次游荡活动的国家在伊朗快艇在美军舰队航行途中多次游", "answer": "多次", "reading_system_answer": null}, {"question": "伊朗快艇在美军舰队航行途中多次游荡活动的国家在伊朗快艇在美军舰队航行途中多次游", "answer": "舰队航行", "reading_system_answer": null}, {"question": "在美军舰队航行途中多次游荡活动的国家在伊朗快艇在美军舰队航行途中多次游荡活动的", "answer": "多艘伊朗快艇", "reading_system_answer": null}]}, {"text": "一艘伊朗海军的大型水面舰船距离美舰也就500米左右", "qa_pairs": [{"question": "伊朗海军的大型水面舰船距离美舰也就500米左右的国家在一艘伊朗海军的大型水面舰", "answer": "一艘伊朗海军", "reading_system_answer": null}, {"question": "一艘伊朗海军的大型水面舰船距离美舰也就有哪些武器", "answer": "500米左右", "reading_system_answer": null}, {"question": "伊朗海军的大型水面舰船距离美舰也就500米左右是哪艘", "answer": "水面舰船距离", "reading_system_answer": "一艘"}]}, {"text": "最后在这不久", "qa_pairs": [{"question": "最后在这不久的最后在这不久的最后不久是什么", "answer": "", "reading_system_answer": null}]}, {"text": "也就是相隔美军舰队进入霍尔木兹海峡3个小时左右", "qa_pairs": [{"question": "美军舰队进入霍尔木兹海峡3个小时左右是什么", "answer": "霍尔木兹海峡3个小时左右", "reading_system_answer": null}, {"question": "美军舰队进入霍尔木兹海峡3个小时左右的海峡3个小时左右是哪个", "answer": "舰队", "reading_system_answer": null}]}, {"text": "拳师号两栖攻击舰采用电子手段击落了这架伊朗无人机", "qa_pairs": [{"question": "拳师号两栖攻击舰采用电子手段击落了这架伊朗无人机的国家的拳师号两栖攻击舰采用的", "answer": "架伊朗", "reading_system_answer": null}, {"question": "拳师号两栖攻击舰采用电子手段击落的拳师号是什么", "answer": "拳师号", "reading_system_answer": null}, {"question": "拳师号两栖攻击舰采用电子手段击落的无人机是什么", "answer": "电子手段", "reading_system_answer": null}]}, {"text": "如此说来", "qa_pairs": [{"question": "如此说来此来来如此说来如此来如此来说如如如如如如如如如如如如如如如如如此此此来", "answer": "", "reading_system_answer": null}]}, {"text": "按照在现场美国记者的披露", "qa_pairs": [{"question": "美国记者的披露是什么", "answer": "现场美国记者", "reading_system_answer": null}]}, {"text": "美军编队和伊朗在霍尔木兹海峡当时是剑拔弩张", "qa_pairs": [{"question": "美军编队和伊朗木兹海峡当时是剑拔弩张的弩张是", "answer": "编队", "reading_system_answer": null}, {"question": "美军编队和伊朗在霍尔木兹海峡当时是剑拔弩张的国家在霍尔木兹海峡当时是美军编队和", "answer": "霍尔木兹海峡", "reading_system_answer": null}, {"question": "美军编队和伊朗在霍尔木兹海峡当时是剑拔弩张的国家在霍尔木兹海峡当时是美美剑拔弩", "answer": "伊朗", "reading_system_answer": null}]}, {"text": "伊朗军方对美国先手对外公示被击落无人机的态度是", "qa_pairs": [{"question": "伊朗军方对美国先手对外公示被击落无人机的态度是什么", "answer": "态度", "reading_system_answer": null}, {"question": "伊朗军方对美国先击落无人机的态度是什么", "answer": "手", "reading_system_answer": null}, {"question": "伊朗军方对美国先手对外公示被击落无人机的态度是什么", "answer": "伊朗军方", "reading_system_answer": null}, {"question": "伊朗军方对美国先手对外公示被击落无人机的态度是什么", "answer": "美国", "reading_system_answer": null}]}, {"text": "无人机当天出动的都按时返回了", "qa_pairs": [{"question": "无人机当天出动的都按时返回了什么", "answer": "", "reading_system_answer": null}]}, {"text": "没有美国说的情况出现", "qa_pairs": [{"question": "没有美国说的情况出现有什么出现情况出现出有美国说的情况出出的美国说的情况况有什", "answer": "情况", "reading_system_answer": null}, {"question": "没有美国说的情况出现出现情况出现的国家说的情况出的国家有什么美国说的情况况出的", "answer": "美国", "reading_system_answer": null}]}, {"text": "如果美国非要很坚决得认定", "qa_pairs": [{"question": "如果美国非要很坚决得认定的国家坚决得认定的国家坚美国非要很果决得要认为如果美国", "answer": "美国", "reading_system_answer": null}]}, {"text": "是伊朗的无人机被击落", "qa_pairs": [{"question": "伊朗的无人机被击落是什么", "answer": "伊朗", "reading_system_answer": null}]}, {"text": "那就像先前伊朗的方式一样", "qa_pairs": [{"question": "伊朗的方式一样的一式样的一样的一样的一样的一式的方就像先前伊朗的一那一型号的伊", "answer": "方式", "reading_system_answer": null}, {"question": "伊朗的方式一样是什么", "answer": "伊朗", "reading_system_answer": null}]}, {"text": "被揍下来的美军全球鹰", "qa_pairs": [{"question": "被揍下来的美军全球鹰的全球鹰是", "answer": "全球鹰", "reading_system_answer": null}]}, {"text": "后面公开照片公示", "qa_pairs": [{"question": "后面公开照片公示面公照片开示公照公照后片公示面片公照公司后开照公司后开片后开示", "answer": "照片", "reading_system_answer": null}]}, {"text": "而伊朗的副外长更是表示", "qa_pairs": [{"question": "伊朗的副外长更是表示的国家表示的副外长更是表示的国家的伊朗伊朗表示的的副长是", "answer": "伊朗", "reading_system_answer": null}, {"question": "伊朗的副外长更是表示的副外长更是表示的副外长是", "answer": "副外长", "reading_system_answer": null}]}, {"text": "美军击落的无人机", "qa_pairs": [{"question": "美军击落的无人机是什么", "answer": "", "reading_system_answer": null}]}, {"text": "不会是把自己的无人机打下来了吧！如果是这样够乌龙", "qa_pairs": [{"question": "不会是把自己的无人机打下来了吧！如果是这样够人机的国家其样的无人龙是什么", "answer": "乌龙", "reading_system_answer": null}]}, {"text": "近些年来", "qa_pairs": [{"question": "近年来来来些些年来近年近年近年近年近年近年近近年来来来来年近近近近近近近近近近", "answer": "", "reading_system_answer": null}]}, {"text": "不仅是其它国家对无人机的使用日趋常态化", "qa_pairs": [{"question": "不常态化的无人机的使用日趋常态化的国家其国家对无人机的使用日趋常是其它国家对无", "answer": "国家", "reading_system_answer": null}, {"question": "不常是其它国家对无人机的使用日趋常态化的原因是什么", "answer": "常态化", "reading_system_answer": null}]}, {"text": "伊朗军队的这一应用亦是如此", "qa_pairs": [{"question": "伊朗军队的这一应用亦是如此是如何", "answer": "伊朗军队", "reading_system_answer": null}]}, {"text": "美国情报人员分析", "qa_pairs": [{"question": "美国情报人员分析析析美国情报人员分析对美国情报人员分别是什么", "answer": "美国情报人员", "reading_system_answer": null}]}, {"text": "从早些时候开始", "qa_pairs": [{"question": "从早些时候开始开始的早候开始的早候时候开始开始开始开始开始开始开始始时始时始时", "answer": "", "reading_system_answer": null}]}, {"text": "伊朗已经拥有每天在霍尔木兹海峡甚至是波斯湾上空", "qa_pairs": [{"question": "伊朗已经拥有每天在霍尔木兹海峡甚至是波斯湾上空的国家其每天在霍尔木兹海峡甚至是", "answer": "霍尔木兹海峡", "reading_system_answer": null}, {"question": "伊朗已经拥有每天在霍尔木兹海峡甚至是波斯湾上空的国家其在伊尔木兹海峡甚至是波斯", "answer": "伊朗", "reading_system_answer": null}, {"question": "伊朗已经拥有每天在霍尔木兹海峡甚至是波斯湾上空的国家其在霍尔木兹海峡甚至是波斯", "answer": "波斯湾", "reading_system_answer": null}]}, {"text": "全天候部署巡航至少两至三架无人机", "qa_pairs": [{"question": "全天候部署巡航至少两至三架无人机的无人机是哪个", "answer": "两", "reading_system_answer": null}, {"question": "全天候部署巡航至少两至三架无人机的无人机是什么", "answer": "全天候部署", "reading_system_answer": null}, {"question": "全天候部署巡航至少两至三架无人机是什么", "answer": "三架", "reading_system_answer": null}]}, {"text": "对这一繁忙水道进行常态化的监视", "qa_pairs": [{"question": "忙化常态化的监视是什么", "answer": "一", "reading_system_answer": "对这一繁忙水道"}, {"question": "对于对这一繁忙水道进行常态化的监视是什么", "answer": "常态", "reading_system_answer": null}, {"question": "对于对这一繁忙水道进行常态化的监视是什么", "answer": "水道", "reading_system_answer": null}]}, {"text": "所以这一地区时常会见到伊朗无人机的身影", "qa_pairs": [{"question": "伊朗无人机的身影是什么", "answer": "一地区", "reading_system_answer": null}, {"question": "以这一地区时常会见到伊朗无人机的身影是什么", "answer": "伊朗", "reading_system_answer": null}, {"question": "伊朗无人机的身影是什么", "answer": "身影", "reading_system_answer": null}]}, {"text": "但值得注意的是", "qa_pairs": [{"question": "意的是值得注意的是什么", "answer": "", "reading_system_answer": null}]}, {"text": "相比以往还只是侦察监视", "qa_pairs": [{"question": "侦察监视为侦察监视的侦察监视用的是什么监视", "answer": "", "reading_system_answer": null}]}, {"text": "现在的伊朗无人机开始携带武器", "qa_pairs": [{"question": "现在的伊朗无人机开始携带武器的国家在伊朗无人机开始携带武器的国家在伊朗的无人机", "answer": "伊朗", "reading_system_answer": null}, {"question": "现在的伊朗无人机开始携带武器的国家在现携带什么型号的武器", "answer": "武器", "reading_system_answer": null}]}, {"text": "具备实时打击的能力了", "qa_pairs": [{"question": "具备实时打击的能力了什么", "answer": "能力", "reading_system_answer": null}]}, {"text": "这对美国在此活动的舰船威胁性大增", "qa_pairs": [{"question": "对美国在此活动的舰船威胁性大增的国家在此活动的舰船威胁性大增是什么", "answer": "舰船威胁性", "reading_system_answer": null}, {"question": "在美国在此活动的舰船威胁性大增的国家在在美国在在美国大增动的舰船威胁性大增的国", "answer": "美国", "reading_system_answer": "这对"}]}]}