{"passage": "作为中国军队当中的战略重拳，火箭军一直以来在我军中有着非常崇高的地位。一旦哪个国家对中国提出各种过分的想法，我们的火箭军就会给敌人以颜色瞧瞧。就在前一阵，中国火箭军的多个导弹旅在一起进行了导弹发射试验，这次试验令北约国家大为惊讶。   东风16导弹发射 为何北约国家会惊讶？很简单，阵势。要知道，这次导弹发射试验的阵势可非常吓人，只见20枚导弹呼啸着同时升空，整个天空杉树了一道道火光。只听轰隆一下，一发发导弹准确的向遥远的目标飞了过去。最终，导弹的发射取得了成功。  而且，不仅仅本次导弹试验所发射的导弹数量让北约恐惧。本次导弹试验所发射的导弹型号也让北约震惊！尤其是北约的头头美国看到这次导弹发射后，不免有些惊讶。为何？看看型号就知道了。东风16——冲绳快递，东风26——关岛快递。两款导弹都是大杀器，而且都瞄准着美国在亚太的重要军事基地，这美国能不惊讶吗？   东风26发射 其实，本次试射的东风16和东风26导弹正是中国火箭军所装备的两款主力导弹。下面我们将对两款导弹的性能进行一个简要的分析。  首先来看看“冲绳快递”东风16导弹。东风16导弹是中国火箭军部队装备的中近程弹道导弹。其射程在1000公里左右。从射程上看，东风16导弹填补了火箭军东风15导弹和东风21C导弹之间的火力打击空白，对美军的冲绳军事基地构成了较大的震慑。  东风16导弹尽管只能搭载一枚弹头投入作战。但是其弹头可选择的余地是非常多的。根据有关方面资料显示，东风16导弹能搭载常规弹头、高爆弹头、子母弹头等多类型常规弹药投入作战。如果用东风16导弹直接去炸敌军机场的跑道，效果还是非常不错的。   东风16颗有效打击机场跑道 东风16导弹的性能说完了，下面看看东风26导弹的情况。东风26导弹的外号是“关岛快递”，其射程在5000公里，打击的军事目标就是以关岛为首的第二岛链。当然，除了射程打的远以外，东风26导弹还有一个亮点就在于——飞的快。根据有关资料显示，东风26导弹的最快速度达到了每秒18倍音速。在这样快的速度下进行飞行，敌军的反导系统将很难进行拦截，东风26导弹的命中精度也因此得到了大幅度地提升。   东风26导弹 值得一提的是，东风16和东风26导弹有一个共同的特点——机动发射模式能力强。换句话说，两款导弹都采用车载发射的方式投入作战。车载发射有一个优点——很容易隐蔽。导弹发射车可以在任何一个地点竖起发射筒进行发射。在导弹发射出去以后，导弹发射车又迅速的撤离。因此，敌人的侦察卫星无法对东风16和东风26导弹的发射进行准确定位。东风16和东风26导弹的战时生存能力也因此大大的加强。", "sentences": [{"text": "作为中国军队当中的战略重拳", "qa_pairs": [{"question": "中国军队当中的战略重拳是什么", "answer": "中国军队", "reading_system_answer": null}, {"question": "中国军队当中的战略重拳是中国军队当中的战略重拳的重拳是什么", "answer": "战略重拳", "reading_system_answer": null}]}, {"text": "火箭军一直以来在我军中有着非常崇高的地位", "qa_pairs": [{"question": "火箭军一直以来在我军中有着非常崇高的地位是什么", "answer": "火箭军", "reading_system_answer": null}, {"question": "火箭军一直以来在我军中有着非常崇高的地位是什么", "answer": "我军", "reading_system_answer": null}, {"question": "火箭军一直以来在我军中有着非常崇高的地位是什么", "answer": "地位", "reading_system_answer": null}]}, {"text": "一旦哪个国家对中国提出各种过分的想法", "qa_pairs": [{"question": "一旦哪个国家对中国提出各种过分的想法", "answer": "国家", "reading_system_answer": "哪个国家"}, {"question": "一旦哪个国家对中国提出各种过分的想法", "answer": "中国", "reading_system_answer": "哪个国家"}, {"question": "中国对中国提旦各分过想法国各分的分法国各种的想法国各种的分法国各种的分哪些想法", "answer": "过分", "reading_system_answer": "一旦哪个国家"}]}, {"text": "我们的火箭军就会给敌人以颜色瞧瞧", "qa_pairs": [{"question": "我们的火箭军就会给敌人以颜色瞧瞧的火箭军就会给敌人以颜色瞧瞧的国家的火箭军就会", "answer": "火箭军", "reading_system_answer": null}, {"question": "我们的火箭军就会给敌人以颜色瞧瞧的原因是什么", "answer": "颜色", "reading_system_answer": null}, {"question": "我们的火箭军就会给敌人以颜色瞧瞧的目的是什么", "answer": "敌人", "reading_system_answer": null}]}, {"text": "就在前一阵", "qa_pairs": [{"question": "就在前一阵前一一一一次在前一阵就在前一阵前一在在前前一前在一前阵就在在在在前就", "answer": "一阵", "reading_system_answer": null}]}, {"text": "中国火箭军的多个导弹旅在一起进行了导弹发射试验", "qa_pairs": [{"question": "中国火箭军的多个导弹旅在一起进行了导弹发射试验的是什么", "answer": "中国火箭军", "reading_system_answer": null}, {"question": "中国火箭军的多个导弹旅在一起进行了导弹发射试验的国家在一起进行了导弹发射试验的", "answer": "导弹", "reading_system_answer": null}, {"question": "中国火箭军的多个导弹旅在一起进行了导弹发射试验的国家在一起进行了导弹发射试验的", "answer": "多个导弹旅", "reading_system_answer": null}, {"question": "中国火箭军的多个导弹旅在一起进行了导弹发射试验的国家在一起进行了导弹发射试验的", "answer": "一起", "reading_system_answer": null}]}, {"text": "这次试验令北约国家大为惊讶", "qa_pairs": [{"question": "北约国家大为惊讶的国家试验令北约国家大为惊讶的国家这次试验令北约国家大为惊讶的", "answer": "北约国家", "reading_system_answer": null}]}, {"text": "东风16导弹发射 为何北约国家会惊讶？很简单", "qa_pairs": [{"question": "东风16导弹发射为何北约国家会惊讶？很简单", "answer": "东风16导弹", "reading_system_answer": null}, {"question": "东风16导弹发射为何北约国家会惊讶？很简单", "answer": "北约国家", "reading_system_answer": null}]}, {"text": "阵势", "qa_pairs": [{"question": "阵势阵势阵势阵势阵势阵阵阵阵阵阵阵阵阵阵阵阵阵阵阵阵阵阵阵阵阵阵阵阵阵阵阵阵阵", "answer": "阵势", "reading_system_answer": null}]}, {"text": "要知道", "qa_pairs": [{"question": "要知道知道知道要知道要要知知知道要要知知要道要要要要道知知知知道道道要道知知要", "answer": "", "reading_system_answer": null}]}, {"text": "这次导弹发射试验的阵势可非常吓人", "qa_pairs": [{"question": "这次导弹发射试验的阵势可非常吓人的导弹发射试验的阵势可非常吓人是什么", "answer": "导弹", "reading_system_answer": null}, {"question": "发射试验的阵势可非常吓人的导弹发射试验的阵势是什么", "answer": "阵势", "reading_system_answer": null}]}, {"text": "只见20枚导弹呼啸着同时升空", "qa_pairs": [{"question": "啸着同时升空的导弹呼啸着同时升空是", "answer": "20枚导弹", "reading_system_answer": "20枚"}]}, {"text": "整个天空杉树了一道道火光", "qa_pairs": [{"question": "整个天空杉树了什么火光", "answer": "一道道火光", "reading_system_answer": null}, {"question": "整个天空杉树了一道道火光的火光是什么", "answer": "天空杉树", "reading_system_answer": null}]}, {"text": "只听轰隆一下", "qa_pairs": [{"question": "只听轰隆一下只听轰隆一下是什么", "answer": "一下", "reading_system_answer": null}]}, {"text": "一发发导弹准确的向遥远的目标飞了过去", "qa_pairs": [{"question": "一发发导弹准确的向遥远的目标飞了过去的发导弹准确的向遥远的目标飞了过去的发导弹", "answer": "导弹", "reading_system_answer": null}, {"question": "一发发导弹准确的向遥远的目向遥远的目标飞了过去的发导弹准确的标飞了过去的发导弹", "answer": "目标", "reading_system_answer": null}]}, {"text": "最终", "qa_pairs": [{"question": "最终最终最终最终最终最最最最最最最最最最最最最最最最最最最最最最最最最最最最最", "answer": "", "reading_system_answer": null}]}, {"text": "导弹的发射取得了成功", "qa_pairs": [{"question": "导弹的发射取得了成功的导弹的发射取得了成功的导弹导弹导弹导弹导弹导弹导弹导弹导", "answer": "导弹", "reading_system_answer": null}]}, {"text": "而且", "qa_pairs": [{"question": "且且而而而而而而而而而而而而而而而而而而而而而而而而而而而而而而且且且且且且且", "answer": "", "reading_system_answer": null}]}, {"text": "不仅仅本次导弹试验所发射的导弹数量让北约恐惧", "qa_pairs": [{"question": "不仅仅仅仅仅仅仅仅仅仅仅仅仅仅发射的导弹数量让北约恐惧的国家试验所发射的导弹数", "answer": "北约", "reading_system_answer": null}, {"question": "不仅仅仅仅仅仅仅仅仅仅仅发射的导弹数量让北约恐惧的导弹试验所发射的导弹数量让北", "answer": "导弹", "reading_system_answer": null}, {"question": "不仅仅仅仅仅仅仅仅仅仅仅仅发射的导弹数量让北约恐惧的导弹试验所发射的导弹数量是", "answer": "导弹数量", "reading_system_answer": null}]}, {"text": "本次导弹试验所发射的导弹型号也让北约震惊！尤其是北约的头头美国看到这次导弹发射后", "qa_pairs": [{"question": "北约震惊！尤其是北约的头头的国家其导弹发射后是什么", "answer": "北约", "reading_system_answer": null}, {"question": "北约的头头！尤其是北约的头头美国看到这次导弹试验所发射的导弹型号是什么", "answer": "导弹", "reading_system_answer": null}, {"question": "北约的头头！尤其是北约的头头美国看到这次导弹试验所发射的导弹型号是什么", "answer": "导弹型号", "reading_system_answer": null}, {"question": "北约的头头！尤其是北约的头头的国家北约震惊！尤其是北约的导弹发射后是什么", "answer": "头头美国", "reading_system_answer": null}]}, {"text": "不免有些惊讶", "qa_pairs": [{"question": "不免讶些些惊雷厄雷厄雷厄雷厄雷厄雷厄雷厄雷厄雷厄雷厄雷厄姆迪厄姆雷厄姆姆雷厄姆", "answer": "不免有些", "reading_system_answer": null}]}, {"text": "为何？看看型号就知道了", "qa_pairs": [{"question": "为什么型号驱逐舰为何知道了", "answer": "型号", "reading_system_answer": "看看型号"}]}, {"text": "东风16——冲绳快递", "qa_pairs": [{"question": "东风16—冲绳快递递的冲绳快递递是什么", "answer": "冲绳", "reading_system_answer": null}, {"question": "东风16—冲绳快递递的是哪一型号的冲绳快递", "answer": "东风16", "reading_system_answer": "东风16"}]}, {"text": "东风26——关岛快递", "qa_pairs": [{"question": "东风26—关岛快递递——关岛快递递的关—关岛快递递东风26—关岛快关东风26—", "answer": "关岛", "reading_system_answer": null}, {"question": "东风26—关岛快递递是什么", "answer": "东风26", "reading_system_answer": null}]}, {"text": "两款导弹都是大杀器", "qa_pairs": [{"question": "两款导弹都是大杀器的导弹是什么", "answer": "杀器", "reading_system_answer": null}, {"question": "两款导弹都是大杀器的是什么导弹", "answer": "两款导弹", "reading_system_answer": null}]}, {"text": "而且都瞄准着美国在亚太的重要军事基地", "qa_pairs": [{"question": "美国在亚太的重要军事基地是什么", "answer": "亚太", "reading_system_answer": null}, {"question": "在亚太的重要军事基地是什么", "answer": "美国", "reading_system_answer": null}, {"question": "美国在亚太的重要军事基地是什么", "answer": "军事基地", "reading_system_answer": null}]}, {"text": "这美国能不惊讶吗？   东风26发射 其实", "qa_pairs": [{"question": "？东风26发射的国家在美国？东风26发射的国家在美国能不惊讶吗？东风26发射的", "answer": "美国", "reading_system_answer": null}, {"question": "美国能不惊讶吗？东风26发射的实惊讶吗", "answer": "东风26", "reading_system_answer": null}]}, {"text": "本次试射的东风16和东风26导弹正是中国火箭军所装备的两款主力导弹", "qa_pairs": [{"question": "中国火箭军所装备的两款主力导弹是哪一款", "answer": "东风16", "reading_system_answer": "东风16和东风26导弹"}, {"question": "东风26导弹的主力导弹是什么", "answer": "中国火箭军所装备", "reading_system_answer": "东风16和东风26导弹"}, {"question": "中国火箭军所装备的两款主力导弹是什么", "answer": "两款主力导弹", "reading_system_answer": "东风16和东风26导弹"}, {"question": "中国火箭军所装备的两款主力导弹是什么", "answer": "东风26导弹", "reading_system_answer": "东风16和东风26导弹"}]}, {"text": "下面我们将对两款导弹的性能进行一个简要的分析", "qa_pairs": [{"question": "我国对两款导弹的性能进行一个简要的分析是什么", "answer": "性能", "reading_system_answer": null}, {"question": "我国对两款导弹的性能进行一个简要的分析的导弹是什么", "answer": "两款导弹", "reading_system_answer": null}, {"question": "我国对两款导弹的性能进行一个简要的分析的国家将对两款导弹的性能进行一个简要的分", "answer": "一个", "reading_system_answer": null}]}, {"text": "首先来看看“冲绳快递”东风16导弹", "qa_pairs": [{"question": "首冲绳快递”东风16导弹的冲绳快递”东风16导弹的冲绳快递”东风16导弹的国家", "answer": "冲绳", "reading_system_answer": null}, {"question": "“冲绳快递”东风16导弹的国家首先来看看“冲绳快递”东风16导弹是什么", "answer": "东风16导弹", "reading_system_answer": null}]}, {"text": "东风16导弹是中国火箭军部队装备的中近程弹道导弹", "qa_pairs": [{"question": "中国火箭军部队装备的中近程弹道导弹是哪一种", "answer": "东风16导弹", "reading_system_answer": "东风16导弹"}, {"question": "东风16导弹装备的中近程弹道导弹是什么", "answer": "中国火箭军部队装备", "reading_system_answer": "东风16导弹"}, {"question": "东风16导弹是中国火箭军部队装备的中近程弹道导弹是什么", "answer": "中近程弹道导弹", "reading_system_answer": "东风16导弹"}]}, {"text": "其射程在1000公里左右", "qa_pairs": [{"question": "射程在1000里左右的原因是什么", "answer": "1000公里左右", "reading_system_answer": null}, {"question": "其其射程在1000公里左右的国家其射程在1000公里左右的00里左右是什么", "answer": "射程", "reading_system_answer": null}]}, {"text": "从射程上看", "qa_pairs": [{"question": "从射程上看上看的射程上看上看上看上看上射程射程射程射射从上看上上看上看上看上看", "answer": "射程", "reading_system_answer": null}]}, {"text": "东风16导弹填补了火箭军东风15导弹和东风21C导弹之间的火力打击空白", "qa_pairs": [{"question": "东风16导弹填补了火箭军东风15导弹的国家在66导弹之间的火力打击空白的导弹是", "answer": "东风21C导弹", "reading_system_answer": "东风16导弹填补了火箭军东风15导弹和东风21C导弹"}, {"question": "东风16导弹填击空白的导弹是哪种", "answer": "火箭军东风15导弹", "reading_system_answer": "东风21C导弹"}, {"question": "东风16导弹填击空白的导弹是哪种", "answer": "东风16导弹", "reading_system_answer": "东风21C导弹"}, {"question": "东风11c导弹之间的火力打击空白的火箭军导弹是哪个", "answer": "火力", "reading_system_answer": "东风16导弹"}, {"question": "东风11导弹的空箭打击空导弹的空箭打击力之间的火力打击空导弹的空东风15导弹的", "answer": "空白", "reading_system_answer": "东风16导弹填补了火箭军东风15导弹和东风21C导弹"}]}, {"text": "对美军的冲绳军事基地构成了较大的震慑", "qa_pairs": [{"question": "对美军的冲绳军事基地构成了较大的震慑是什么", "answer": "冲绳军事基地", "reading_system_answer": null}]}, {"text": "东风16导弹尽管只能搭载一枚弹头投入作战", "qa_pairs": [{"question": "东风16导弹尽管只能搭载一枚弹头投入作战中东风16导弹尽管只能搭载一枚弹头投入", "answer": "一枚弹头", "reading_system_answer": null}, {"question": "东风16导弹尽管只能搭载一枚弹头投入作战枚弹头投入作战中东风16导弹尽管只能搭", "answer": "东风16导弹", "reading_system_answer": null}]}, {"text": "但是其弹头可选择的余地是非常多的", "qa_pairs": [{"question": "其弹头可选择的余地是非常多的国家的弹头可选择的余地是非常多的国家的弹头可选择的", "answer": "余地", "reading_system_answer": null}, {"question": "其弹头可选择的余地是非常多的国家的弹头可选择的余地是非常多的国家的其弹头可选择", "answer": "弹头", "reading_system_answer": null}, {"question": "其弹头可选择的余地是非常多的国家其弹头可以常常多的国家其弹头其非常常是其余的非", "answer": "多", "reading_system_answer": null}]}, {"text": "根据有关方面资料显示", "qa_pairs": [{"question": "根据有关方面资料示的资点是什么", "answer": "方面资料", "reading_system_answer": null}]}, {"text": "东风16导弹能搭载常规弹头、高爆弹头、子母弹头等多类型常规弹药投入作战", "qa_pairs": [{"question": "东风16导弹能搭载常规弹头、高爆弹头、子母弹头等多类型常规弹药投入作战的导高爆", "answer": "多类型常规弹药", "reading_system_answer": null}, {"question": "东风16导弹的高爆弹头、子母弹头等多类型常规弹药投入作战中东风16导弹能搭载常", "answer": "弹头", "reading_system_answer": "常规弹头、高爆弹头、子母弹头"}, {"question": "东风16导弹能搭载常规弹头、高爆弹头、子母弹头等多类型常规弹药投入作战的、高爆", "answer": "常规弹头", "reading_system_answer": null}, {"question": "东风16导弹能搭载常规弹头、高爆弹头、子母弹头等多类型常规弹药投入作战中东风1", "answer": "东风16导弹", "reading_system_answer": null}, {"question": "东风16导弹的子母弹头等多类型常规弹药投入作战中东风16导弹的子母弹头、子母弹", "answer": "子母弹", "reading_system_answer": null}]}, {"text": "如果用东风16导弹直接去炸敌军机场的跑道", "qa_pairs": [{"question": "如果用东风16导弹直接去炸敌军机场的跑道是什么", "answer": "东风16导弹", "reading_system_answer": null}, {"question": "如果用东风16导弹直接去炸敌军机场的跑道跑道的直敌军机场的跑道是什么", "answer": "敌军机场", "reading_system_answer": null}]}, {"text": "效果还是非常不错的", "qa_pairs": [{"question": "效常不错的果还是非常不错的果还是非常不错的果还是非常不错的果还是非常不错的效常", "answer": "效果", "reading_system_answer": null}]}, {"text": "东风16颗有效打击机场跑道 东风16导弹的性能说完了", "qa_pairs": [{"question": "东风16颗有效打击机场跑道东风16导弹的性能说完了什么", "answer": "东风16颗", "reading_system_answer": null}, {"question": "东风16颗有效打击机场跑道东风16导弹的性能说完了什么", "answer": "机场跑道", "reading_system_answer": null}, {"question": "东风16颗有效打击机场跑道东风16导弹的性能说完了什么型号的导弹", "answer": "东风16导弹", "reading_system_answer": null}, {"question": "东风16颗有效打击机场跑道东风16导弹的性能说中国的东风16颗有效打击机场跑道", "answer": "性能", "reading_system_answer": null}]}, {"text": "下面看看东风26导弹的情况", "qa_pairs": [{"question": "东风26导弹的情况是什么", "answer": "情况", "reading_system_answer": null}, {"question": "东风26导弹的情况是什么", "answer": "东风26导弹", "reading_system_answer": null}]}, {"text": "东风26导弹的外号是“关岛快递”", "qa_pairs": [{"question": "东风26导弹的外号是“关岛快递”的外号是什么型号", "answer": "外号", "reading_system_answer": null}, {"question": "东风26导弹的外号是“关岛快递”的导弹是哪一种", "answer": "东风26导弹", "reading_system_answer": null}, {"question": "东风26导弹的外号是“关岛快递”的关岛快递”是什么", "answer": "关岛", "reading_system_answer": null}]}, {"text": "其射程在5000公里", "qa_pairs": [{"question": "射程在5000公里的原因是", "answer": "5000公里", "reading_system_answer": null}, {"question": "其射程在5000公里的国家其射程在5000公里的00里公里射程是", "answer": "射程", "reading_system_answer": null}]}, {"text": "打击的军事目标就是以关岛为首的第二岛链", "qa_pairs": [{"question": "打击的军事目标是首的第二岛链的国家为什么要目标就是以关岛为首的第二岛链", "answer": "第二岛链", "reading_system_answer": null}, {"question": "打击的军事目标就是以关岛为首的第二岛链的国家在打击的军事目标是以关岛为首的第二", "answer": "关岛", "reading_system_answer": null}, {"question": "以关岛为首的第二岛链的目的是哪一个", "answer": "军事目标", "reading_system_answer": "打击的军事目标"}]}, {"text": "当然", "qa_pairs": [{"question": "当然为当然然然当当然然然然然然然然然然然然然然然然然然当当当当当当当当当当当当", "answer": "", "reading_system_answer": null}]}, {"text": "除了射程打的远以外", "qa_pairs": [{"question": "除了射程打的远以外的射程打的远以外容是什么", "answer": "射程", "reading_system_answer": null}]}, {"text": "东风26导弹还有一个亮点就在于——飞的快", "qa_pairs": [{"question": "东风26导弹的原因是什么", "answer": "一个亮点", "reading_system_answer": null}, {"question": "东风26导弹是哪个导弹", "answer": "东风26导弹", "reading_system_answer": null}]}, {"text": "根据有关资料显示", "qa_pairs": [{"question": "根据有关资料显示的关资料显示的关资料显示的关资料显示显据根据有关资料显示的关点", "answer": "资料", "reading_system_answer": null}]}, {"text": "东风26导弹的最快速度达到了每秒18倍音速", "qa_pairs": [{"question": "东风26导弹的最快速度达到了每秒18倍音速的最快速度达到了每秒18倍音速的导弹", "answer": "东风26导弹", "reading_system_answer": null}, {"question": "东风26导弹的最快速度达到了多少", "answer": "18倍音速", "reading_system_answer": null}, {"question": "东风26导弹的最快速度达到了多少秒", "answer": "速度", "reading_system_answer": null}]}, {"text": "在这样快的速度下进行飞行", "qa_pairs": [{"question": "在这样快的速度下进行飞行中速度下进行飞行中样的快的速度下进行飞行中样的快的速度", "answer": "速度", "reading_system_answer": null}]}, {"text": "敌军的反导系统将很难进行拦截", "qa_pairs": [{"question": "敌军的反导系统将很难进行拦截的敌系统将很难进行拦截的导系统拦截中的反导系统的反", "answer": "系统", "reading_system_answer": null}, {"question": "敌军的反导系统将很难进行拦截的反导系统的反导系统的反行拦截是什么", "answer": "敌军", "reading_system_answer": null}]}, {"text": "东风26导弹的命中精度也因此得到了大幅度地提升", "qa_pairs": [{"question": "东风26导弹的命中精度是什么", "answer": "精度", "reading_system_answer": null}, {"question": "东风26导弹的命中精度也因为大幅度地提升的是什么", "answer": "东风26导弹", "reading_system_answer": null}]}, {"text": "东风26导弹 值得一提的是", "qa_pairs": [{"question": "东风26导弹值得一提的是什么", "answer": "东风26导弹", "reading_system_answer": null}]}, {"text": "东风16和东风26导弹有一个共同的特点——机动发射模式能力强", "qa_pairs": [{"question": "东风16导弹有什么特点", "answer": "特点", "reading_system_answer": null}, {"question": "东风16和东风26导弹有哪些", "answer": "东风26导弹", "reading_system_answer": null}, {"question": "东风26导弹有一个共同的特点——机动发射模式能力强是哪种", "answer": "模式能力", "reading_system_answer": "东风16"}, {"question": "东风16导弹有什么特点", "answer": "一个", "reading_system_answer": null}, {"question": "东风16导弹有哪些特点", "answer": "东风16", "reading_system_answer": null}, {"question": "东风16导弹有什么特点", "answer": "机动", "reading_system_answer": null}]}, {"text": "换句话说", "qa_pairs": [{"question": "换句话说为换句话说的话说是什么", "answer": "", "reading_system_answer": null}]}, {"text": "两款导弹都采用车载发射的方式投入作战", "qa_pairs": [{"question": "两款导弹都采用车载发射的方式投入作战中投入作战中投入作车载发射的方式投入作战中", "answer": "车载", "reading_system_answer": null}, {"question": "两款导弹都采用车载发射的方式投入作战中投入作战中投入作车的投射的方式是什么", "answer": "方式", "reading_system_answer": null}, {"question": "两款导弹都采用车载发射的方式投入作战中投入作战中投入作车载发射的方式投入作战中", "answer": "两款导弹", "reading_system_answer": null}]}, {"text": "车载发射有一个优点——很容易隐蔽", "qa_pairs": [{"question": "——很容易隐蔽的一个优点是什么", "answer": "车载", "reading_system_answer": null}, {"question": "——很容易隐蔽的原因是什么", "answer": "一个优点", "reading_system_answer": null}]}, {"text": "导弹发射车可以在任何一个地点竖起发射筒进行发射", "qa_pairs": [{"question": "导弹发射车可以在任何一个地点竖起发射筒进行发射的导弹发射车可以在任何一个地点竖", "answer": "一个地点", "reading_system_answer": "导弹发射车可以在任何一个地点"}, {"question": "导弹发射车可以在任何一个地点竖起发射筒进行发射的导弹发射车可以在任何一个地点竖", "answer": "导弹", "reading_system_answer": "导弹发射车可以在任何一个地点"}, {"question": "导弹发射车可以在任何一个地点竖起发射筒进行发射的导弹发射车发射的发射筒进行发射", "answer": "发射筒", "reading_system_answer": "导弹发射车可以在任何一"}]}, {"text": "在导弹发射出去以后", "qa_pairs": [{"question": "在导弹发射出去以后导弹发射出去以后导弹发射出去以后发射导弹在在导弹发射的导弹导", "answer": "导弹", "reading_system_answer": null}]}, {"text": "导弹发射车又迅速的撤离", "qa_pairs": [{"question": "导弹发射车又迅速的撤离是什么", "answer": "导弹", "reading_system_answer": null}, {"question": "导弹发射车又迅速的撤离是什么", "answer": "车", "reading_system_answer": null}]}, {"text": "因此", "qa_pairs": [{"question": "因为因此因因因因因因因因因因因因因因因因因因因因因因因因因因因此此此此此此此此", "answer": "", "reading_system_answer": null}]}, {"text": "敌人的侦察卫星无法对东风16和东风26导弹的发射进行准确定位", "qa_pairs": [{"question": "敌人的侦察卫星的侦察卫星的发射进行准确定位是什么", "answer": "敌人", "reading_system_answer": null}, {"question": "敌人的侦察卫星是哪一种", "answer": "东风26导弹", "reading_system_answer": "东风16和东风26导弹"}, {"question": "敌人的侦察卫星的发射进行准确定位是什么", "answer": "定位", "reading_system_answer": null}, {"question": "敌人的侦察卫星是哪一款", "answer": "东风16", "reading_system_answer": "东风16"}, {"question": "敌人的侦察卫星无法对东风26导弹的发射进行准确定位是什么", "answer": "卫星无法", "reading_system_answer": null}]}, {"text": "东风16和东风26导弹的战时生存能力也因此大大的加强", "qa_pairs": [{"question": "东风16导弹的战时生存能力也因此大大的加强是哪个", "answer": "东风16", "reading_system_answer": "东风16和东风26导弹"}, {"question": "东风16和东风26导弹的战时生存能力也因此大大的加强是什么", "answer": "东风26导弹", "reading_system_answer": null}]}]}