{"passage": "据BBC报道，欧盟理事会近日宣布一份联合防务方案，涉及网络安全、军舰以及无人机科技方面的重大投资。这一计划将扭转欧洲防务预算连年下降的现状，并向美国当选总统特朗普传递信息——欧洲能够自己保护自己。  　　加大防卫开支  　　据外媒报道，欧洲议会全体会议于当地时间11月22日通过一项非立法性决议，呼吁建立“欧洲防务联盟”，组建欧盟联合军队和欧盟军事司令部，强化本身的防务能力，减少军事上对美国的依赖。11月30日，欧盟委员会宣布了欧洲防卫联盟的行动计划。其中包括设立欧洲防务基金、加强欧盟成员国之间在国防上的合作等。并承诺在特朗普当选后，欧盟将会承担更多的欧洲防卫开支。  　　英国《金融时报》透露，这是欧盟内部出现组建独立于北约之外的欧盟军队呼声之后的行动。路透社则称，这一方案是欧盟十多年来最大规模的防务研究计划。  　　其中，该行动计划主要涉及一项有关防务的投资基金，该基金将确保和联合防务有关的项目比如直升机、无人机研发持续拥有资金支持。据《联合早报》报道，这项基金将从明年开始以较小规模推出。如果欧盟各国政府同意取消军事项目禁令，该基金将立刻获得欧洲投资银行的支持。  　　据悉，用于防务研究的投资一部分将会直接从欧盟的预算中拨出，来资助防御技术的合作研究，如超材料、机器人等。此外，欧盟成员国也要参与投入，用于支持欧盟成员国的研发以及购买军备等。  　　据《金融时报》透露，此联合防务方案遇到英国的阻力，但这份不具约束力的文件已获得通过。欧盟理事会表示：“是时候解除对军事项目的投资禁令了。”即将起步的《2017年—2019年的飞行员计划》将是这项计划的第一个项目。  　　德国新闻电视频道网站报道称，欧盟将在今年年底前公布欧洲防务基金的具体计划，而且也会在12月15日举行的欧盟高峰会议上进行讨论。  　　内需求外压力  　　美国媒体认为，这项计划表明欧盟正在进一步寻求战略自主的地位。其实，欧盟提出新防务计划是迫于欧盟自身的需求和其他国家的压力，“欧盟最主要的压力来自于特朗普对欧盟盟友的态度。”中国现代国际关系研究院副院长冯仲平在接受本报采访时说。  　　美国当选总统特朗普在竞选过程中质疑美国的欧洲军事战略，指出受到美国保护的欧洲盟友国防开支过低。BBC报道称，在欧盟诸国和俄罗斯关系日趋紧张的时候，特朗普的表态引发欧盟对美国将不再支持北约的担忧。“以往欧洲的安全防务主要依托于北约。为了回应这种不确定性，欧洲的一些高级官员，包括一些机构不得不提倡建设自身的防务力量。”中国国际问题研究院欧洲研究所所长崔洪建在接受本报采访时表示。  　　另外，欧盟还受到来自英国的压力。外媒报道称，早在2003年，欧盟理事会就提出过类似的联合防务方案，但该方案遭到了英国政府的反对。英国政府认为：若欧盟推行深入的国防一体化，将破坏北约的组织架构。对于已经决定退欧的英国，在该计划中承担什么样的职责，目前尚不明确。但一名英国外交官表示，英国将寻求以第三方的身份，加入这项计划。  　　事实上，“英国退欧，从正反两方面影响了欧盟自身的安全防务建设。”崔洪建解释到。“之前，英国在欧盟内部发挥了一定的作用，尤其在安全防务方面，因为英国既是核大国，又是联合国安理会常任理事国之一。英国退欧，使得欧盟本身的防务力量受到了削弱。但从另一方面也减少了内部的阻碍力量，法国、德国、意大利等国一直都想推进欧洲防务建设。”  　　欧盟在美国、英国等其他国家的影响下，自身的改革需求也促使安全防务建设的推进。欧盟委员会指出，迄今约80%军备采购是在国家层面完成的。其结果是，“规模经济”优势无法获得充分利用，并且，国家单独采购导致了军备物资高成本重复购买。据欧洲联盟的主要行政机构所在地布鲁塞尔估计，欧盟每年在防务领域不必要的超支多达250亿欧元到1000亿欧元。  　　欧盟委员会副主席卡泰宁表示，成员国在安全与防务缺乏合作的代价高达每年250亿至1000亿欧元，主要由于各成员国之间始终缺乏协调合作，造成了大量的资源浪费。“共同研发的方式可以节省资金，并且保障欧洲的军事安全。这样做的目的不是逼迫成员国增加国防开支，而是更高效地使用现有资金。”  　　因此，在欧盟内部的改革需求和外部环境压力的影响下，欧盟新防务建设势在必行。  　　欧盟表明立场  　　欧盟新防务计划的提出，是否会削弱北约在欧洲的影响？这引起了美国方面的担忧。《纽约时报》记者在欧盟公布相关计划时表示，欧盟建立一个平行于北约的机构，会削弱北约。  　　欧盟外交和安全政策高级代表莫盖里尼试图打消这一顾虑。“这不是在与北约竞争，”她说，“如果欧洲人能更好投资，北约也将得到强化。”  　　而针对这一顾虑，冯仲平表示，“欧盟并不会完全脱离美国，毕竟俄罗斯的力量不容小觑。欧盟建设新防务的态度表明，欧盟既想要依靠美国，但又不会完全依靠美国。”崔洪建也表明自己的观点，“其实，欧盟和北约的关系还有待观察，这要看特朗普上台之后，他发表的那些言论是否能付之实践。如果他真的出台相应的政策，北约势力在欧洲收缩，肯定会加大欧盟建设自身防务力量的必要性和紧迫性；另一方面，很有可能北约还是一个强势的存在，回归到传统的跨大西洋安全体系。毕竟多年以来，欧洲有很多国家一直在依赖北约的安全体系，无论财政体系还是经济结构，包括产业部门和民众心理，他们都很难接受欧洲国家要独立地承担自身的防务。”  　　虽然欧盟很难脱离北约框架，但该举措也表明了欧盟自身态度，有双重含义。崔洪建表示：“从理想的角度来看，具有强烈的大欧洲统一理想的政治家认为，自身防务力量是实现欧洲统一必不可少的方面，共同的外交和安全政策是欧洲走向统一的基础；另外，欧盟也想给美国施加一定的压力，毕竟在美国跨大西洋关系中，欧盟和美国也有利益的分歧和竞争。如果特朗普执意要北约退出欧盟，欧盟肯定会表明自己的立场，迫使美国重新考虑这个问题。”", "sentences": [{"text": "据BBC报道", "qa_pairs": [{"question": "据bbc报道报道报道报道报bbcbbbbbbbbbbbbbbb毫米坦克是什么", "answer": "BBC", "reading_system_answer": null}]}, {"text": "欧盟理事会近日宣布一份联合防务方案", "qa_pairs": [{"question": "欧盟理事会近日宣布一份联合防务方案的联合防务方案是", "answer": "理事会", "reading_system_answer": null}, {"question": "欧盟理事会近日宣布一份联合防务方案的联合防务方案是什么", "answer": "一份", "reading_system_answer": null}, {"question": "欧盟理事会近日宣布一份联合防务方案的联合防务方案是", "answer": "方案", "reading_system_answer": null}]}, {"text": "涉及网络安全、军舰以及无人机科技方面的重大投资", "qa_pairs": [{"question": "涉人机科技方面的重大投资是什么", "answer": "科技方面", "reading_system_answer": null}, {"question": "涉人络安全、军舰以及无人机科技方面的重大投资的军舰是什么", "answer": "军舰", "reading_system_answer": "涉及网络安全、军舰"}]}, {"text": "这一计划将扭转欧洲防务预算连年下降的现状", "qa_pairs": [{"question": "欧洲防务预算连年下降的现状的防务预算连年下降的现状是什么", "answer": "欧洲", "reading_system_answer": null}, {"question": "欧洲防务预算连年下降的现状是什么", "answer": "一计划", "reading_system_answer": null}, {"question": "欧洲防务预算连年下降的现降的现降的现降的防计划将扭转欧洲防务预算连年下降的现降", "answer": "现状", "reading_system_answer": null}]}, {"text": "并向美国当选总统特朗普传递信息——欧洲能够自己保护自己", "qa_pairs": [{"question": "——欧洲能够自己保护自己的传递信息——欧洲能够自己保护自己的传递信息——欧洲的", "answer": "总统特朗普传递信息", "reading_system_answer": null}, {"question": "美国当选总统特朗普传递信息——欧洲能够自己保护自己的传递信息——欧洲的国家向美", "answer": "欧洲", "reading_system_answer": null}, {"question": "——欧洲能够自己保护自己的国家向美国当选总统特朗普传递信息——欧洲能够自己保护", "answer": "美国", "reading_system_answer": null}]}, {"text": "加大防卫开支  　　据外媒报道", "qa_pairs": [{"question": "加大防卫开开中外开发生展支支长表示在外开方面道的国家在加媒报道的卫防防防防防加", "answer": "外媒", "reading_system_answer": null}]}, {"text": "欧洲议会全体会议于当地时间11月22日通过一项非立法性决议", "qa_pairs": [{"question": "欧洲议会全体会议于当地时间11月22日通过一项非立法性决议的国家当地于当地时间", "answer": "时间11月22日", "reading_system_answer": null}, {"question": "欧洲议会全体会议于当地时间11月22日通过一项非立法性决议", "answer": "欧洲议会全体会议", "reading_system_answer": null}, {"question": "欧洲议会全体会议于当地时间11月22日通过一项非立法性决议的国家其一项非立法性", "answer": "一项", "reading_system_answer": null}, {"question": "欧洲议会全体会议于当地时间11月22日通过一项非立法性决议的目的是什么", "answer": "性决议", "reading_system_answer": null}]}, {"text": "呼吁建立“欧洲防务联盟”", "qa_pairs": [{"question": "呼吁建立“欧洲防务联盟”的防务联盟”是什么", "answer": "欧洲", "reading_system_answer": null}]}, {"text": "组建欧盟联合军队和欧盟军事司令部", "qa_pairs": [{"question": "组建欧盟联合军队和欧盟军事司令部的国家联合军队和欧盟军事司令部的国家建建的联合", "answer": "军队", "reading_system_answer": null}, {"question": "组建欧盟联合军队和欧盟军事司令部的目的是什么", "answer": "军事司令部", "reading_system_answer": null}]}, {"text": "强化本身的防务能力", "qa_pairs": [{"question": "强化本身的防务能力是什么", "answer": "能力", "reading_system_answer": null}]}, {"text": "减少军事上对美国的依赖", "qa_pairs": [{"question": "减少军事上对美国的依赖减少军事上对美国的依赖减少军事上的国家的减少军事上依赖对", "answer": "军事", "reading_system_answer": null}, {"question": "减少军事上对美国的依赖的国家的国家的国家少美国的依赖是什么", "answer": "美国", "reading_system_answer": null}]}, {"text": "11月30日", "qa_pairs": [{"question": "11月30日30月30月31月1月011011月011111月1月1月1月1月", "answer": "11月30日", "reading_system_answer": null}]}, {"text": "欧盟委员会宣布了欧洲防卫联盟的行动计划", "qa_pairs": [{"question": "欧盟委员会宣布了欧洲防卫联盟的行动计划的联盟的行动计划是什么", "answer": "行动计划", "reading_system_answer": null}, {"question": "欧盟委员会宣布了欧洲防卫联盟的行动计划的联盟的行动计划是什么", "answer": "欧盟委员会", "reading_system_answer": null}, {"question": "欧盟委员会宣布了欧洲防卫联盟的行动计划的防卫联盟的行动计划是哪个国家", "answer": "欧洲", "reading_system_answer": null}]}, {"text": "其中包括设立欧洲防务基金、加强欧盟成员国之间在国防上的合作等", "qa_pairs": [{"question": "成员国之间在国防上的合作等是什么", "answer": "欧洲", "reading_system_answer": null}, {"question": "欧洲防务基金、加强欧盟成员国之间在国防上的合作等是什么", "answer": "基金", "reading_system_answer": null}, {"question": "欧洲防务基金、加强欧盟成员国之间在国防上的合作等是什么", "answer": "成员国", "reading_system_answer": null}, {"question": "欧洲防务基金、加强欧盟成员国之间在国防上的合作等是什么", "answer": "国防", "reading_system_answer": null}]}, {"text": "并承诺在特朗普当选后", "qa_pairs": [{"question": "并承诺在特朗普当选后在特朗普当选后在特朗普当选后当承诺特朗普选后发诺特朗普选后", "answer": "特朗普", "reading_system_answer": null}]}, {"text": "欧盟将会承担更多的欧洲防卫开支", "qa_pairs": [{"question": "欧盟将会承担更多的欧洲防卫开支是哪个国家", "answer": "欧洲", "reading_system_answer": null}]}, {"text": "英国《金融时报》透露", "qa_pairs": [{"question": "英国《金融时报》透露的》《金融时报》透露是哪些国家", "answer": "英国", "reading_system_answer": null}]}, {"text": "这是欧盟内部出现组建独立于北约之外的欧盟军队呼声之后的行动", "qa_pairs": [{"question": "欧盟内部出现组建独立于北约之外的欧盟军队呼声之后的行动是什么", "answer": "北约", "reading_system_answer": null}, {"question": "欧盟内部出现组建独立于北约之外的欧盟军队呼声之后的行动是什么", "answer": "军队呼声", "reading_system_answer": null}]}, {"text": "路透社则称", "qa_pairs": [{"question": "路透社则称为路透社则称是什么", "answer": "路透社", "reading_system_answer": null}]}, {"text": "这一方案是欧盟十多年来最大规模的防务研究计划", "qa_pairs": [{"question": "欧盟十多年来最大规模的防务研究计划是哪一个", "answer": "一方案", "reading_system_answer": "这一方案"}, {"question": "欧盟十多年来最大规模的防务研究计划是哪个", "answer": "计划", "reading_system_answer": "这一方案"}, {"question": "欧盟十多年来最大规模的防务研究计划是哪一个", "answer": "十多年", "reading_system_answer": "这一方案"}]}, {"text": "其中", "qa_pairs": [{"question": "中国其其其其中中中中中中中其其其其其其其其其其其其其其中中中中中中中中中中中中", "answer": "", "reading_system_answer": null}]}, {"text": "该行动计划主要涉及一项有关防务的投资基金", "qa_pairs": [{"question": "主要涉及一项有关防务的投资基金是什么", "answer": "行动计划", "reading_system_answer": "该行动计划"}, {"question": "投资基金的投资主要涉及一项有关防务的投资基金是什么", "answer": "一项", "reading_system_answer": "该行动计划"}, {"question": "投计划主要涉及一项有关防务的投资基金是什么", "answer": "基金", "reading_system_answer": null}]}, {"text": "该基金将确保和联合防务有关的项目比如直升机、无人机研发持续拥有资金支持", "qa_pairs": [{"question": "、无人机研发持续拥有资金支持的国家其直升机、无人机研发持续拥有资金支持的国家其", "answer": "直升机", "reading_system_answer": null}, {"question": "、无人机研发持续拥有资金支持的国家其基金将确保和联合防务有关的项目比如直升机、", "answer": "基金", "reading_system_answer": null}, {"question": "、无人机研发持续拥有资金支持的国家其基金将确保和联合防务有关的项目比如直升机、", "answer": "资金", "reading_system_answer": null}, {"question": "、无人机研发持续拥有资金支持的国家其基金将确保和联合防务有关的项目比直升机、无", "answer": "项目", "reading_system_answer": "直升机、无人机研发"}]}, {"text": "据《联合早报》报道", "qa_pairs": [{"question": "》联合早报》报道》联合早报》联合早报《联合早》报道的目的是", "answer": "联合早报", "reading_system_answer": null}]}, {"text": "这项基金将从明年开始以较小规模推出", "qa_pairs": [{"question": "将从明年开始以较小规模推出的国家基金将从明年开始以较小规模推出的是什么基金", "answer": "基金", "reading_system_answer": null}]}, {"text": "如果欧盟各国政府同意取消军事项目禁令", "qa_pairs": [{"question": "如果欧盟各国政府同意取消军事项目禁令是什么", "answer": "军事项目禁令", "reading_system_answer": null}, {"question": "如果欧盟各国政府同意取消军事项目禁令的国家取消军事项目禁令是什么", "answer": "政府", "reading_system_answer": null}]}, {"text": "该基金将立刻获得欧洲投资银行的支持", "qa_pairs": [{"question": "该基金将立刻获得欧洲投资银行的支持是什么", "answer": "基金", "reading_system_answer": null}, {"question": "欧洲投资银行的支持是什么", "answer": "欧洲投资银行", "reading_system_answer": null}]}, {"text": "据悉", "qa_pairs": [{"question": "悉近悉据悉悉悉悉悉悉悉据据据据据据据据据据据据据据据据悉悉悉悉悉悉悉悉悉悉悉悉", "answer": "", "reading_system_answer": null}]}, {"text": "用于防务研究的投资一部分将会直接从欧盟的预算中拨出", "qa_pairs": [{"question": "用于防务研究的投资一部分将会直接从欧盟的预算中拨出的是一部分将会直接从欧盟的预", "answer": "一部分", "reading_system_answer": null}]}, {"text": "来资助防御技术的合作研究", "qa_pairs": [{"question": "来资助防御技术的合作研究是什么", "answer": "资助", "reading_system_answer": null}, {"question": "来资助防御技术的合作研究是什么", "answer": "技术", "reading_system_answer": null}]}, {"text": "如超材料、机器人等", "qa_pairs": [{"question": "如超材料、机器人等等、机器人等、机器人超材料、机器等超材料、超材超材超材超材超", "answer": "材料", "reading_system_answer": null}, {"question": "如超材料、机器等等等等、机器人超材料、机器人超材料、机器如何", "answer": "机器人", "reading_system_answer": null}]}, {"text": "此外", "qa_pairs": [{"question": "外方对外此此外外外此此外此外此外此外此外此外此外此外此外此外此外此外此外此外此", "answer": "", "reading_system_answer": null}]}, {"text": "欧盟成员国也要参与投入", "qa_pairs": [{"question": "欧盟成员国也要参与投入欧盟成员国也要参与投入欧盟成员国也要参与投入的国家成成成", "answer": "成员国", "reading_system_answer": null}]}, {"text": "用于支持欧盟成员国的研发以及购买军备等", "qa_pairs": [{"question": "用于支持欧盟成员国的研发以及购买军备等的国家购买的及购买军备以及购买军备等国的", "answer": "军备", "reading_system_answer": null}, {"question": "用于支持欧盟成员国的研发以及购买军备等的国家以及购买军备等的国家以欧盟成员国的", "answer": "成员国", "reading_system_answer": null}]}, {"text": "据《金融时报》透露", "qa_pairs": [{"question": "》透融时报》透露是什么", "answer": "", "reading_system_answer": null}]}, {"text": "此联合防务方案遇到英国的阻力", "qa_pairs": [{"question": "联合防务方案遇到英国的阻力是什么", "answer": "阻力", "reading_system_answer": null}, {"question": "英国的阻力是哪个国家的阻力", "answer": "英国", "reading_system_answer": "此联合防务方案"}, {"question": "联合防务方案遇到英国的阻力是哪个方案遇到英国的阻力", "answer": "方案", "reading_system_answer": null}]}, {"text": "但这份不具约束力的文件已获得通过", "qa_pairs": [{"question": "具约束力的文件是什么", "answer": "这份不具约束力", "reading_system_answer": null}, {"question": "不具约束力的文件是什么", "answer": "文件", "reading_system_answer": null}]}, {"text": "欧盟理事会表示：“是时候解除对军事项目的投资禁令了", "qa_pairs": [{"question": "欧盟理事会表示：“是时候解除对军事项目的投资禁令了什么", "answer": "禁令", "reading_system_answer": "是时候解除对军事项目的投资禁令"}, {"question": "欧盟理事会表示：“是时候解除对军事项目的投资禁令了什么", "answer": "理事会", "reading_system_answer": "是时候解除对军事项目的投资禁令"}, {"question": "欧盟理事会表示：“是时候解除对军事项目的投资禁令了什么", "answer": "军事项目", "reading_system_answer": "是时候解除对军事项目的投资禁令"}, {"question": "欧盟理事会表示：候解资令了什么", "answer": "时候", "reading_system_answer": "解除对军事项目的投资禁令"}]}, {"text": "”即将起步的《2017年—2019年的飞行员计划》将是这项计划的第一个项目", "qa_pairs": [{"question": "”017年—2019年的飞行员计划》将是这项计划的第一个项目的是什么时候", "answer": "2019年", "reading_system_answer": "2017年—2019年"}, {"question": "《2017年—2019年的飞行员计划》将是这项计划的第一个项目的国家将将起步的", "answer": "第一个项目", "reading_system_answer": null}, {"question": "”2017年—2019年的飞行员计划》将是这项计划的第一个项目的第一个项目的第", "answer": "计划", "reading_system_answer": "即将起步的《2017年—2019年"}, {"question": "”2017年—2019年的飞行员计划》将是这项计划的第一个项目的第一个项目的飞", "answer": "飞行员计划", "reading_system_answer": null}, {"question": "”017年—2019年的飞行员计划》将是这项计划的第一个项目的是什么", "answer": "2017年", "reading_system_answer": "即将起步的《2017年—2019年的飞行员计划》"}]}, {"text": "德国新闻电视频道网站报道称", "qa_pairs": [{"question": "德国新闻电视频道网站报道称为什么", "answer": "德国新闻电视频道网站", "reading_system_answer": null}]}, {"text": "欧盟将在今年年底前公布欧洲防务基金的具体计划", "qa_pairs": [{"question": "欧盟将在今年年底前公布欧洲防务基金的具体计划的基础的具体计划是", "answer": "计划", "reading_system_answer": null}, {"question": "欧盟将在今年年底前公布欧洲防务基金的具体计划的防务基金的具体计划是", "answer": "欧洲", "reading_system_answer": null}, {"question": "欧盟将在今年年底前公布欧洲防务基金的具体计划的国家在今年年底前公布欧洲防务基金", "answer": "基金", "reading_system_answer": null}]}, {"text": "而且也会在12月15日举行的欧盟高峰会议上进行讨论", "qa_pairs": [{"question": "在12月15日举行的欧盟高峰会议上进行讨论的高峰会议上进行讨论是什么", "answer": "高峰会议", "reading_system_answer": null}, {"question": "欧盟高峰会议上进行的欧盟高峰会议上进行的欧盟高峰会在哪十论", "answer": "12月15日", "reading_system_answer": null}]}, {"text": "内需求外压力  　　美国媒体认为", "qa_pairs": [{"question": "美国需为外体认为外体认为外体认为外体内媒体认为外美国需美国为何要美国为需力力压", "answer": "内", "reading_system_answer": null}, {"question": "美国媒体认为外外压力美国媒体认为外外需求外需求美国媒体认为内需美国求美国求美国", "answer": "压力", "reading_system_answer": null}, {"question": "美国媒体认为美国媒需求外压力美国媒体认为美国求求外需求外压力内体的国家内需美媒", "answer": "美国媒体", "reading_system_answer": null}]}, {"text": "这项计划表明欧盟正在进一步寻求战略自主的地位", "qa_pairs": [{"question": "欧盟正在进一步寻求战略自主的地位是什么", "answer": "计划", "reading_system_answer": null}, {"question": "欧盟正在进一步寻求战略自主的地位是什么", "answer": "战略", "reading_system_answer": null}, {"question": "欧盟正在进一步寻求战略自主的地位是什么", "answer": "地位", "reading_system_answer": null}]}, {"text": "其实", "qa_pairs": [{"question": "其其其其其其其实实是什么", "answer": "", "reading_system_answer": null}]}, {"text": "欧盟提出新防务计划是迫于欧盟自身的需求和其他国家的压力", "qa_pairs": [{"question": "欧盟提出新防务计划是迫于欧盟自身的国家的压力是什么", "answer": "国家", "reading_system_answer": null}, {"question": "欧盟提出新防务计划是迫于欧盟自身的国家的压力是什么", "answer": "压力", "reading_system_answer": null}, {"question": "欧盟提出新防务计划是迫于欧盟自身的国家的压力是什么", "answer": "计划", "reading_system_answer": null}]}, {"text": "“欧盟最主要的压力来自于特朗普对欧盟盟友的态度", "qa_pairs": [{"question": "“欧盟最主要的压力来自于特朗普对欧盟盟友的态度是什么", "answer": "盟友", "reading_system_answer": null}, {"question": "“欧盟最主要的压力来自于特朗普对欧盟盟友的态度是", "answer": "压力", "reading_system_answer": null}, {"question": "“欧盟最主要的压力来自于特朗普对欧盟盟友的态度是什么", "answer": "态度", "reading_system_answer": null}, {"question": "“欧盟最主要的压力来自于特朗普对欧盟盟友的态度是什么", "answer": "特朗普", "reading_system_answer": null}]}, {"text": "”中国现代国际关系研究院副院长冯仲平在接受本报采访时说", "qa_pairs": [{"question": "”中国现代国际关系研究院副院长冯仲平在接受本报采访时说的国家在”中国现代国际关", "answer": "国际关系研究院", "reading_system_answer": null}, {"question": "”中国现代国际关系研究院副院长冯仲平在接受本报采访时说的国家在”国际关系研究院", "answer": "中国", "reading_system_answer": null}, {"question": "”中国现代国际关系研究院副院长冯仲平在接受本报采访时说的是什么", "answer": "院长冯仲平", "reading_system_answer": null}, {"question": "”仲院平冯在仲院平冯采用的是什么报院", "answer": "时说", "reading_system_answer": null}]}, {"text": "美国当选总统特朗普在竞选过程中质疑美国的欧洲军事战略", "qa_pairs": [{"question": "美国当选总统特朗普在竞选过程中质疑美国的欧洲军事战略是什么", "answer": "欧洲军事战略", "reading_system_answer": null}, {"question": "美国当选总统特朗普在竞选过程中质疑美国的欧洲军事战略是什么", "answer": "总统特朗普", "reading_system_answer": null}, {"question": "美国当选总统特朗普在竞选过程中质疑美国的欧洲军事战略的国家在竞选过程中质疑美国", "answer": "美国", "reading_system_answer": null}, {"question": "美国当选总统特朗普在竞选过战略的国家的欧洲军事战略是什么", "answer": "过程", "reading_system_answer": null}]}, {"text": "指出受到美国保护的欧洲盟友国防开支过低", "qa_pairs": [{"question": "欧洲盟友国防开支过低国保护的欧洲盟友国防开支过低国保护的欧洲盟友国防开支过低国", "answer": "美国", "reading_system_answer": null}, {"question": "欧洲盟友国防开支过低国保护的欧洲盟友国防开支过低低国保护的欧洲盟友国保护的欧洲", "answer": "欧洲盟友国防", "reading_system_answer": null}]}, {"text": "BBC报道称", "qa_pairs": [{"question": "bbc报道称是什么", "answer": "BBC", "reading_system_answer": null}]}, {"text": "在欧盟诸国和俄罗斯关系日趋紧张的时候", "qa_pairs": [{"question": "在欧盟诸国和俄罗斯关系日趋紧张的时时的候的时时张候的关系是", "answer": "时候", "reading_system_answer": null}, {"question": "在欧盟诸国和俄罗斯关系日趋紧张的时候的关系的国家在欧盟诸国和俄罗斯关系日趋紧张", "answer": "诸国", "reading_system_answer": null}, {"question": "在欧盟诸国和俄罗斯关系日趋紧张的时候的关系日趋紧张的时候是", "answer": "俄罗斯关系", "reading_system_answer": null}]}, {"text": "特朗普的表态引发欧盟对美国将不再支持北约的担忧", "qa_pairs": [{"question": "特朗普的表态引发欧盟对美国将不再支持北约的担忧是什么", "answer": "北约", "reading_system_answer": null}, {"question": "特朗普的表态引发欧盟对美国将不再支持北约的担忧是什么", "answer": "美国", "reading_system_answer": null}, {"question": "特朗普的表态引发欧盟对美国将不再支持北约的担忧是什么", "answer": "特朗普", "reading_system_answer": null}, {"question": "特朗普的表态引发欧盟对美国将不再支持北约的担忧的国家将用的哪个态态", "answer": "表态", "reading_system_answer": null}]}, {"text": "“以往欧洲的安全防务主要依托于北约", "qa_pairs": [{"question": "“以往欧洲的安全防务主要依托于北约的主要依托于什么", "answer": "北约", "reading_system_answer": null}, {"question": "“以往欧洲的安全防务主要依托于北约北约欧洲的安全防务主要依托于北约北约欧洲的安", "answer": "欧洲", "reading_system_answer": null}]}, {"text": "为了回应这种不确定性", "qa_pairs": [{"question": "为什么说不应了回应这种不确定性", "answer": "不确定性", "reading_system_answer": null}]}, {"text": "欧洲的一些高级官员", "qa_pairs": [{"question": "欧洲的一些高级官员员是", "answer": "欧洲", "reading_system_answer": null}, {"question": "欧洲的一些高级官员是哪一个", "answer": "一些", "reading_system_answer": null}]}, {"text": "包括一些机构不得不提倡建设自身的防务力量", "qa_pairs": [{"question": "包括一些机构不得不提倡建设自身的防务力量是什么", "answer": "力量", "reading_system_answer": null}, {"question": "包括一些机构不得不提倡建设自身的防务力量是什么", "answer": "一些机构", "reading_system_answer": null}]}, {"text": "”中国国际问题研究院欧洲研究所所长崔洪建在接受本报采访时表示", "qa_pairs": [{"question": "”表示接建的国家研制的研制出崔点是什么", "answer": "时", "reading_system_answer": null}, {"question": "”中国国际问题研究院欧洲研究所所长崔洪建在接受本报采访时表示的研发是什么", "answer": "中国国际问题研究院欧洲研究所所长崔洪建", "reading_system_answer": null}]}, {"text": "另外", "qa_pairs": [{"question": "外外外另三十七七七七七七七七七七七七七七十七十十十十十十十十十十十十十十十十十", "answer": "", "reading_system_answer": null}]}, {"text": "欧盟还受到来自英国的压力", "qa_pairs": [{"question": "欧盟还受到来自英国的压力是什么", "answer": "压力", "reading_system_answer": null}, {"question": "欧盟还受到来自英国的压力是什么", "answer": "英国", "reading_system_answer": null}]}, {"text": "外媒报道称", "qa_pairs": [{"question": "外媒报称为什么报道称外报报道称外报媒报报报报报报报报报报报报报报报报报报报报报", "answer": "外媒", "reading_system_answer": null}]}, {"text": "早在2003年", "qa_pairs": [{"question": "早在2年03年03000000000000000000000000000000", "answer": "2003年", "reading_system_answer": null}]}, {"text": "欧盟理事会就提出过类似的联合防务方案", "qa_pairs": [{"question": "欧盟理事会就提出过类似的联合防务方案的理事会就提出过类似的联合防务方案是", "answer": "理事会", "reading_system_answer": null}, {"question": "欧盟理事会就提出过类似的联合防务方案是", "answer": "方案", "reading_system_answer": null}]}, {"text": "但该方案遭到了英国政府的反对", "qa_pairs": [{"question": "英国政府的反对英国政府的反对英国政府的反对英国案遭到了英国政府的反对英国案遭到", "answer": "英国政府", "reading_system_answer": null}, {"question": "英国政府的反对到了英国政府的反对到了英国政府的反对遭到了英方案遭到了该方案遭到", "answer": "方案", "reading_system_answer": null}]}, {"text": "英国政府认为：若欧盟推行深入的国防一体化", "qa_pairs": [{"question": "英国政府认为：若欧盟推行深入的国防一体化的国家推行深入的国防一体化是什么", "answer": "英国政府", "reading_system_answer": null}, {"question": "英国政府认为：若欧盟推行深入的国防一体化的国家推行深入的国防一体化是什么", "answer": "国防", "reading_system_answer": null}]}, {"text": "将破坏北约的组织架构", "qa_pairs": [{"question": "将破坏北约的组织架构是什么", "answer": "北约", "reading_system_answer": null}, {"question": "将破坏北约的组织架构是什么", "answer": "架构", "reading_system_answer": null}]}, {"text": "对于已经决定退欧的英国", "qa_pairs": [{"question": "对于已经决定退欧的英国的国家已经于已经决定退欧的英国的欧诺斯附定退已经于退定欧", "answer": "英国", "reading_system_answer": null}]}, {"text": "在该计划中承担什么样的职责", "qa_pairs": [{"question": "在该计划中承担什么样的职责", "answer": "计划", "reading_system_answer": null}, {"question": "在该计划中承担什么样的职责", "answer": "职责", "reading_system_answer": null}]}, {"text": "目前尚不明确", "qa_pairs": [{"question": "目前尚不明确的明确是什么", "answer": "", "reading_system_answer": null}]}, {"text": "但一名英国外交官表示", "qa_pairs": [{"question": "英国外交官表示对英国外交官表示的意义是什么", "answer": "一名英国外交官", "reading_system_answer": null}]}, {"text": "英国将寻求以第三方的身份", "qa_pairs": [{"question": "英国将寻求以第三方的身份是什么", "answer": "身份", "reading_system_answer": null}, {"question": "英国将寻求以第三方的身份是", "answer": "第三方", "reading_system_answer": null}, {"question": "英国将寻求以第三方的身份是", "answer": "英国", "reading_system_answer": null}]}, {"text": "加入这项计划", "qa_pairs": [{"question": "加入这项计划中加入这项计划的加入这项计划中加入这项计划的加入计这项计加加加加加", "answer": "计划", "reading_system_answer": null}]}, {"text": "事实上", "qa_pairs": [{"question": "事实上实上实上事实上事事事事事事事事实实上上实实上上事事事事事事事实实上上事事", "answer": "", "reading_system_answer": null}]}, {"text": "“英国退欧", "qa_pairs": [{"question": "““退欧是哪个", "answer": "欧", "reading_system_answer": null}, {"question": "“退欧是哪两个国家退欧", "answer": "英国", "reading_system_answer": "英国"}]}, {"text": "从正反两方面影响了欧盟自身的安全防务建设", "qa_pairs": [{"question": "欧盟自身的安全防务建设的欧盟是什么", "answer": "面", "reading_system_answer": null}]}, {"text": "”崔洪建解释到", "qa_pairs": [{"question": "”崔洪建解释到”崔洪建解释到”崔洪建解释到”崔洪建解建释的洪崔”崔”崔”崔”崔", "answer": "崔洪建", "reading_system_answer": null}]}, {"text": "“之前", "qa_pairs": [{"question": "““之前之前之前之前之前之前之前之前之前之前之前之前之前之前之前之前之前之前之", "answer": "", "reading_system_answer": null}]}, {"text": "英国在欧盟内部发挥了一定的作用", "qa_pairs": [{"question": "英国在欧盟内部发挥了一定的作用的是什么", "answer": "英国", "reading_system_answer": null}]}, {"text": "尤其在安全防务方面", "qa_pairs": [{"question": "尤其在安全防务方面的安全防务方面是", "answer": "方面", "reading_system_answer": null}]}, {"text": "因为英国既是核大国", "qa_pairs": [{"question": "英国既是核大国的什么", "answer": "核大国", "reading_system_answer": null}, {"question": "英国既是核大国的核大国国的核大国核大是", "answer": "英国", "reading_system_answer": null}]}, {"text": "又是联合国安理会常任理事国之一", "qa_pairs": [{"question": "联合国安理会常任理事国之一的国家是", "answer": "联合国安理会常任理事国", "reading_system_answer": null}]}, {"text": "英国退欧", "qa_pairs": [{"question": "英国退欧的退欧是哪个", "answer": "欧", "reading_system_answer": null}, {"question": "英国退欧是哪些国家退欧", "answer": "英国", "reading_system_answer": null}]}, {"text": "使得欧盟本身的防务力量受到了削弱", "qa_pairs": [{"question": "使得欧盟本身的防务力量是什么", "answer": "力量", "reading_system_answer": null}]}, {"text": "但从另一方面也减少了内部的阻碍力量", "qa_pairs": [{"question": "减少了内部的阻碍力量的阻碍力量是什么", "answer": "力量", "reading_system_answer": null}]}, {"text": "法国、德国、意大利等国一直都想推进欧洲防务建设", "qa_pairs": [{"question": "法国、德国、意大利等国一直都想推进欧洲防务建设的国家建设的是哪两国家建设的", "answer": "德国", "reading_system_answer": null}, {"question": "法国、德国、意大利等国一直都想推进欧洲防务建设的国家建建设推进国一意、、、、、", "answer": "国", "reading_system_answer": null}, {"question": "法国、德国、意大利等国一直都想推进欧洲防务建设的是哪个国家建设的", "answer": "欧洲", "reading_system_answer": null}, {"question": "法国、德国、意大利等国一直都想推进欧洲防务建设的是哪个国家建设的", "answer": "意大利", "reading_system_answer": null}, {"question": "法国、德国、意大利等国一直都想推进欧洲防务建设的国家建设的国家建设的国家等国一", "answer": "法国", "reading_system_answer": null}]}, {"text": "”  　　欧盟在美国、英国等其他国家的影响下", "qa_pairs": [{"question": "”欧盟在美国、英国等其国家的影响下在美国、英国等其国家的影响下在美国、欧盟在美", "answer": "国家", "reading_system_answer": null}, {"question": "”欧盟在美国、英国等其国家的影响下的国家在”的国家的国家在”欧盟在美国、英国等", "answer": "美国", "reading_system_answer": null}, {"question": "”欧盟在美国、英国等其国家的影响下的国家在”的国家他等其国家的影响下的国家在美", "answer": "英国", "reading_system_answer": null}]}, {"text": "自身的改革需求也促使安全防务建设的推进", "qa_pairs": [{"question": "自身的改革需求也促使安全防务建设的推进的国家使用的安全防务建设的推进中推进的国", "answer": "", "reading_system_answer": null}]}, {"text": "欧盟委员会指出", "qa_pairs": [{"question": "欧盟委员会指出的是什么样的委员", "answer": "欧盟委员会", "reading_system_answer": null}]}, {"text": "迄今约80%军备采购是在国家层面完成的", "qa_pairs": [{"question": "迄今约80%军备采购的国家采用的是什么备成的", "answer": "军备", "reading_system_answer": "在国家层面完成"}, {"question": "迄今约80%军备采购的国家在国家层面完成的0%军备采购的国家在80%0%0迄今", "answer": "80", "reading_system_answer": null}, {"question": "迄今约80%军备采购的国家在国家层面完成的是什么", "answer": "国家层面", "reading_system_answer": null}]}, {"text": "其结果是", "qa_pairs": [{"question": "其其结果是什么", "answer": "结果", "reading_system_answer": null}]}, {"text": "“规模经济”优势无法获得充分利用", "qa_pairs": [{"question": "“规模经济”优势无法获得了什么", "answer": "充分利用", "reading_system_answer": null}, {"question": "“规模经济”优势无法获得充分利用的是什么", "answer": "规模经济", "reading_system_answer": null}, {"question": "“规模经济”优势无法获得充分利用的是什么", "answer": "优势无法", "reading_system_answer": null}]}, {"text": "并且", "qa_pairs": [{"question": "并且且并并并并并并并并并并并并并并并并并且且且且且且且且且且并并并并并并并并并", "answer": "", "reading_system_answer": null}]}, {"text": "国家单独采购导致了军备物资高成本重复购买", "qa_pairs": [{"question": "单独采购导致了军备物资高成本重复购买的国家单独采购导致了军备物资高成本重复购买", "answer": "国家", "reading_system_answer": null}, {"question": "国家单独采购导致了军备物资买的国家购买的军事本国购买的军事物购购了什么成购", "answer": "成本", "reading_system_answer": null}, {"question": "国家单独采购导致了军备物资购买的国家购买的重要本", "answer": "军备物资", "reading_system_answer": null}]}, {"text": "据欧洲联盟的主要行政机构所在地布鲁塞尔估计", "qa_pairs": [{"question": "据欧洲联盟的主要行政机构所在地布鲁塞尔估计的国家在地布鲁塞尔估计的国家在地布鲁", "answer": "欧洲联盟", "reading_system_answer": null}, {"question": "欧洲联盟的主要行政机构是什么", "answer": "行政机构所在地布鲁塞尔", "reading_system_answer": "据欧洲联盟的主要行政机构所在地布鲁塞尔"}]}, {"text": "欧盟每年在防务领域不必要的超支多达250亿欧元到1000亿欧元", "qa_pairs": [{"question": "欧元到1000亿欧元是多少", "answer": "250亿", "reading_system_answer": "250亿欧元"}, {"question": "欧元到10亿欧元到1000亿欧元的国家在防务领域不必要的超支多达250亿欧元到", "answer": "1000亿", "reading_system_answer": null}, {"question": "欧元到1000亿欧元的国家在防务领域不必要的超支多达250亿欧元到1000亿欧", "answer": "领域", "reading_system_answer": null}]}, {"text": "欧盟委员会副主席卡泰宁表示", "qa_pairs": [{"question": "欧盟委员会副主席卡泰宁表示的是什么", "answer": "欧盟委员会", "reading_system_answer": null}, {"question": "欧盟委员会副主席卡泰宁表示的是什么", "answer": "主席卡泰宁", "reading_system_answer": null}]}, {"text": "成员国在安全与防务缺乏合作的代价高达每年250亿至1000亿欧元", "qa_pairs": [{"question": "成员国在安全与防务缺乏合作的代价高达每年250亿至1000亿欧元是", "answer": "250亿", "reading_system_answer": null}, {"question": "成员国在安全与防务缺乏合作的代价高达每年250亿至1000亿欧元是", "answer": "1000亿", "reading_system_answer": null}, {"question": "成员国在安全与防务缺乏合作的代价高达每年250亿至1000亿欧元的国家与安全与", "answer": "成员国", "reading_system_answer": null}, {"question": "成员国在安全与防务缺乏合作的代价高达每年250亿至1000亿欧元的国家在安全与", "answer": "代价", "reading_system_answer": null}]}, {"text": "主要由于各成员国之间始终缺乏协调合作", "qa_pairs": [{"question": "主要由于各成员国之间始终缺乏协调合作的国家主要由于各成员国之间始终缺乏协调合作", "answer": "成员国", "reading_system_answer": null}]}, {"text": "造成了大量的资源浪费", "qa_pairs": [{"question": "造成了大量的资源浪费的资源浪费是", "answer": "大量", "reading_system_answer": null}, {"question": "造成了大量的资源浪费的目的是", "answer": "资源浪费", "reading_system_answer": null}]}, {"text": "“共同研发的方式可以节省资金", "qa_pairs": [{"question": "“共同研发的方式可以节省资金的方式是", "answer": "方式", "reading_system_answer": null}, {"question": "“共同研发的方式可以节省资金是什么", "answer": "节省资金", "reading_system_answer": null}]}, {"text": "并且保障欧洲的军事安全", "qa_pairs": [{"question": "欧洲的军事安全安全是由哪里的", "answer": "军事", "reading_system_answer": null}, {"question": "并且保障欧洲的军事安全的军事安全是哪个", "answer": "欧洲", "reading_system_answer": null}]}, {"text": "这样做的目的不是逼迫成员国增加国防开支", "qa_pairs": [{"question": "逼迫成员国增加国防开支的国家目的防开支是什么", "answer": "目的", "reading_system_answer": null}, {"question": "目这不是逼迫成员国增加国防开支的国家的增加国防开支在增加国的不是逼迫成员国增做", "answer": "成员国", "reading_system_answer": "这样做的目的"}, {"question": "目的不是逼迫成员国增加国防开支的国家的国家的逼迫成员国增加国防开支在增做的支开", "answer": "国防", "reading_system_answer": null}]}, {"text": "而是更高效地使用现有资金", "qa_pairs": [{"question": "高效地使用现有资金的资地使用现有什么", "answer": "资金", "reading_system_answer": null}]}, {"text": "”  　　因此", "qa_pairs": [{"question": "””因为什么要此", "answer": "", "reading_system_answer": null}]}, {"text": "在欧盟内部的改革需求和外部环境压力的影响下", "qa_pairs": [{"question": "在欧盟内部的改革需求和外部环境压力的影响下是什么", "answer": "外部环境压力", "reading_system_answer": null}]}, {"text": "欧盟新防务建设势在必行", "qa_pairs": [{"question": "欧盟新防务建设势在必行的新防务建设势在必行的新防务建设势在欧盟欧盟新防务建设势", "answer": "", "reading_system_answer": null}]}, {"text": "欧盟表明立场  　　欧盟新防务计划的提出", "qa_pairs": [{"question": "欧盟表明立场欧盟新防务计划的提出的提出是什么", "answer": "计划", "reading_system_answer": null}, {"question": "欧盟表明立场欧盟新防务计划的提出的是什么", "answer": "立场", "reading_system_answer": null}]}, {"text": "是否会削弱北约在欧洲的影响？这引起了美国方面的担忧", "qa_pairs": [{"question": "在欧洲的影响？这引起了美国方面的担忧的国家的削弱北约在欧洲的影响？这引起了美国", "answer": "北约", "reading_system_answer": null}, {"question": "北约在欧洲的影响？这引起了美国方面的担忧的国家在欧洲的影响？这引起了美国方面的", "answer": "美国方面", "reading_system_answer": "是否会削弱北约在欧洲的影响？"}, {"question": "北洲的影响？是哪个国家引起了美国方面的担忧", "answer": "欧洲", "reading_system_answer": "削弱北约在欧洲的影响？"}]}, {"text": "《纽约时报》记者在欧盟公布相关计划时表示", "qa_pairs": [{"question": "《》记者是欧盟公布相关计划时表示的国家在《记约时报示在欧盟公布相关计划时表示的", "answer": "记者", "reading_system_answer": "《纽约时报》"}, {"question": "《纽约时在欧盟公布相关计划时表示的欧盟公布相关计划时表示是什么", "answer": "纽约时报", "reading_system_answer": null}, {"question": "《纽约时在欧盟公布相关计划时表示的欧盟公布相关计划时表示的欧盟公布相者在欧盟公", "answer": "计划时", "reading_system_answer": "《纽约时报》"}]}, {"text": "欧盟建立一个平行于北约的机构", "qa_pairs": [{"question": "欧盟建立一个平行于北约的机构的国家建立一个平行于北约的机构是什么", "answer": "一个平行", "reading_system_answer": null}, {"question": "欧盟建立一个平行于北约的机构是什么", "answer": "北约", "reading_system_answer": null}, {"question": "欧盟建立一个平行于北约的机构的机构是什么", "answer": "机构", "reading_system_answer": null}]}, {"text": "会削弱北约", "qa_pairs": [{"question": "会削弱北约的北约是什么", "answer": "北约", "reading_system_answer": null}]}, {"text": "欧盟外交和安全政策高级代表莫盖里尼试图打消这一顾虑", "qa_pairs": [{"question": "欧盟外交和安全政策高级代表莫盖里尼试图打消的打消是什么", "answer": "代表莫盖", "reading_system_answer": null}, {"question": "欧盟里尼试图打消这一顾虑的国家在政策代表莫盖里尼试图打消的打级代表是", "answer": "一", "reading_system_answer": null}, {"question": "欧盟外交和安全政策高级代表莫盖里尼试图打消的打消一顾虑是什么", "answer": "外交", "reading_system_answer": null}, {"question": "欧盟外交和安全政策高级代表莫盖里尼试图打消的打消是什么", "answer": "政策", "reading_system_answer": null}]}, {"text": "“这不是在与北约竞争", "qa_pairs": [{"question": "“这不是在与北约竞争的什么竞争", "answer": "北约", "reading_system_answer": null}]}, {"text": "”她说", "qa_pairs": [{"question": "””的说数据”她说为什么", "answer": "", "reading_system_answer": null}]}, {"text": "“如果欧洲人能更好投资", "qa_pairs": [{"question": "“如果欧洲人能更好投资的洲人能更好投资的洲人能更好投资是", "answer": "欧洲人", "reading_system_answer": null}]}, {"text": "北约也将得到强化", "qa_pairs": [{"question": "北约也将得到强化的强化是什么", "answer": "北约", "reading_system_answer": null}]}, {"text": "”  　　而针对这一顾虑", "qa_pairs": [{"question": "””针对这一顾虑是什么", "answer": "一", "reading_system_answer": null}]}, {"text": "冯仲平表示", "qa_pairs": [{"question": "冯仲平表示表示表示表示表示了什么", "answer": "冯仲平", "reading_system_answer": null}]}, {"text": "“欧盟并不会完全脱离美国", "qa_pairs": [{"question": "“欧盟并不会完全脱离美国全国全国全国全国全国全国全国全国完会完会的美国不会完离", "answer": "美国", "reading_system_answer": null}]}, {"text": "毕竟俄罗斯的力量不容小觑", "qa_pairs": [{"question": "俄罗斯的力量不容小觑是什么", "answer": "力量不容", "reading_system_answer": null}, {"question": "俄罗斯的力量不容小觑是哪个型号", "answer": "俄罗斯", "reading_system_answer": null}]}, {"text": "欧盟建设新防务的态度表明", "qa_pairs": [{"question": "欧盟建设新防务的态度是什么", "answer": "态度", "reading_system_answer": null}]}, {"text": "欧盟既想要依靠美国", "qa_pairs": [{"question": "欧盟既想要依靠美国欧盟既想要依靠美国欧盟既想要依靠美国欧盟的美国依靠美欧欧斯要", "answer": "美国", "reading_system_answer": null}]}, {"text": "但又不会完全依靠美国", "qa_pairs": [{"question": "全国靠靠全国全国全国全国全国全国全国靠会会会会会靠美国依美国全又依全国全又依全", "answer": "美国", "reading_system_answer": null}]}, {"text": "”崔洪建也表明自己的观点", "qa_pairs": [{"question": "”崔洪建也表明自己的观点是什么", "answer": "崔洪建", "reading_system_answer": null}, {"question": "”崔洪建也表明自己的观点是什么", "answer": "观点", "reading_system_answer": null}]}, {"text": "“其实", "qa_pairs": [{"question": "“其实为什么实实", "answer": "", "reading_system_answer": null}]}, {"text": "欧盟和北约的关系还有待观察", "qa_pairs": [{"question": "欧盟和北约的关系还有待观察是什么", "answer": "北约", "reading_system_answer": null}, {"question": "欧盟和北约的关系还有待观察是欧盟和北约的关系还有待观察的关系是什么", "answer": "关系", "reading_system_answer": null}]}, {"text": "这要看特朗普上台之后", "qa_pairs": [{"question": "台之后的特朗普上台之后是什么", "answer": "特朗普上台", "reading_system_answer": null}]}, {"text": "他发表的那些言论是否能付之实践", "qa_pairs": [{"question": "发表的那些是否能付之实践的态论是否能付之实践的态论是", "answer": "言论", "reading_system_answer": null}]}, {"text": "如果他真的出台相应的政策", "qa_pairs": [{"question": "如果他真的出台相应的政策是什么", "answer": "政策", "reading_system_answer": null}]}, {"text": "北约势力在欧洲收缩", "qa_pairs": [{"question": "北约势力在欧洲收缩的收缩是什么", "answer": "北约势力", "reading_system_answer": null}, {"question": "北约势力在欧洲收缩的收缩是什么", "answer": "欧洲", "reading_system_answer": null}]}, {"text": "肯定会加大欧盟建设自身防务力量的必要性和紧迫性；另一方面", "qa_pairs": [{"question": "肯定会加大欧盟建设自身防务力量的必要性和紧迫性；另一方面的国家建设自身防务力量", "answer": "力量", "reading_system_answer": null}, {"question": "肯定会加大欧盟建设自身防务力量的必要性和紧迫性；另一方面的国家建设自身防务力量", "answer": "紧迫性", "reading_system_answer": null}]}, {"text": "很有可能北约还是一个强势的存在", "qa_pairs": [{"question": "北约还是一个强势的存在一个强势的存在什么", "answer": "北约", "reading_system_answer": null}, {"question": "北约还是一个强势的存在什么", "answer": "一个强势", "reading_system_answer": null}]}, {"text": "回归到传统的跨大西洋安全体系", "qa_pairs": [{"question": "回归到传统的跨大西洋安全体系的西洋安全体安全体安全体全跨了西洋跨大国家归传归到", "answer": "体系", "reading_system_answer": null}, {"question": "回归到传统的跨大西洋安全体系的全体系是什么", "answer": "大西洋", "reading_system_answer": null}, {"question": "回归到传统的跨大西洋安全体系的西洋安全体系的西洋安全体系的西洋跨大国家的安全体", "answer": "传统", "reading_system_answer": null}]}, {"text": "毕竟多年以来", "qa_pairs": [{"question": "毕竟多年以来的多年以来的多年毕竟多年以来的态多年毕竟竟来以多年毕竟竟竟竟竟竟竟", "answer": "多年", "reading_system_answer": null}]}, {"text": "欧洲有很多国家一直在依赖北约的安全体系", "qa_pairs": [{"question": "欧洲有很多国家一直在依赖北约的安全体系的国家在欧洲有很多国家一直在依赖北约的安", "answer": "北约", "reading_system_answer": null}, {"question": "欧洲有很多国家一直在依赖北约的安全体系的国家在依赖北约的安全体系是", "answer": "欧洲", "reading_system_answer": null}, {"question": "欧洲有很多国家一直在依赖北约的安全体系的国家在欧洲有要赖北约的安全体系是", "answer": "很多国家", "reading_system_answer": null}, {"question": "欧洲有很多国家一直在依赖北约的安全体系的国家在在欧洲有很多国家一直在依赖北约的", "answer": "体系", "reading_system_answer": null}]}, {"text": "无论财政体系还是经济结构", "qa_pairs": [{"question": "无论财政体系还是经济结构的结构是什么", "answer": "经济结构", "reading_system_answer": null}, {"question": "无论财政体系还是经济结构的目的是什么", "answer": "财政体系", "reading_system_answer": null}]}, {"text": "包括产业部门和民众心理", "qa_pairs": [{"question": "包括产业部门和民众心理的目的是什么", "answer": "民众心理", "reading_system_answer": null}, {"question": "包括产业部门和民众心理的理业部门和民众心理是什么", "answer": "产业部门", "reading_system_answer": null}]}, {"text": "他们都很难接受欧洲国家要独立地承担自身的防务", "qa_pairs": [{"question": "欧洲国家要独立地承担自身的防务是什么", "answer": "欧洲国家", "reading_system_answer": null}]}, {"text": "”  　　虽然欧盟很难脱离北约框架", "qa_pairs": [{"question": "”虽然欧盟很难脱离北约框架的框框架是", "answer": "北约框架", "reading_system_answer": null}]}, {"text": "但该举措也表明了欧盟自身态度", "qa_pairs": [{"question": "欧盟自身态度的欧盟自身态度是什么", "answer": "态度", "reading_system_answer": null}]}, {"text": "有双重含义", "qa_pairs": [{"question": "有双重含义有什么意义", "answer": "双重含义", "reading_system_answer": null}]}, {"text": "崔洪建表示：“从理想的角度来看", "qa_pairs": [{"question": "崔洪建表示：“从理想的角度来看的理想的角度来看的理想的理想建表是", "answer": "理想", "reading_system_answer": null}, {"question": "崔洪建表示：“从理想的角度来看的建表示看的建来看的建来看的建来建想从理想的角度", "answer": "崔洪建", "reading_system_answer": null}, {"question": "崔洪建表示：“从理想的角度来看的理想的角度来看的理想建表中中国理想建表中从：“", "answer": "角度", "reading_system_answer": null}]}, {"text": "具有强烈的大欧洲统一理想的政治家认为", "qa_pairs": [{"question": "具有强烈的大欧洲统一理想的政治家认为什么", "answer": "大欧洲", "reading_system_answer": null}, {"question": "具有强烈的大欧洲统一理想的政治家认为什么要为具有强烈的大欧洲统一理想的政治家认", "answer": "政治家", "reading_system_answer": null}, {"question": "具有强烈的大欧洲统一理想的政治家认为什么", "answer": "理想", "reading_system_answer": null}]}, {"text": "自身防务力量是实现欧洲统一必不可少的方面", "qa_pairs": [{"question": "自身防务力量的实现欧洲统一必不可少的方面是什么", "answer": "力量", "reading_system_answer": null}, {"question": "自身防务力量是实现欧洲统一必不可少的方面的国家其欧洲统一必不可少的方面是", "answer": "欧洲", "reading_system_answer": null}, {"question": "欧洲统一必不可少的方面是", "answer": "方面", "reading_system_answer": "自身防务力量"}]}, {"text": "共同的外交和安全政策是欧洲走向统一的基础；另外", "qa_pairs": [{"question": "欧洲走向统一的基础；另外是哪个国家", "answer": "欧洲", "reading_system_answer": "共同的外交和安全政策"}, {"question": "欧洲走向统一的基础；另国家向安全政策是欧洲走向统一的基础；另国家向安全政策是欧", "answer": "外交", "reading_system_answer": "共同的外交和安全政策"}, {"question": "欧洲走向统一的基础；另外国家向安全政策是欧洲走向统一的基础；是欧洲走向统外的国", "answer": "基础", "reading_system_answer": "共同的外交和安全政策"}, {"question": "欧洲走向统一的基础；另外的基础；另一的基础是欧洲走向统一的基策是欧洲走向统外的", "answer": "政策", "reading_system_answer": "共同的外交和安全政策"}]}, {"text": "欧盟也想给美国施加一定的压力", "qa_pairs": [{"question": "欧盟也想给美国施加一定的压力是什么", "answer": "压力", "reading_system_answer": null}, {"question": "欧盟也想给美国施加一定的压力是哪个国家", "answer": "美国", "reading_system_answer": null}]}, {"text": "毕竟在美国跨大西洋关系中", "qa_pairs": [{"question": "毕竟在美国跨大西洋关系中的关系中是什么", "answer": "大西洋关系", "reading_system_answer": null}, {"question": "毕竟在美国跨大西洋关系中的国家关系中是由哪家公司关系中", "answer": "美国", "reading_system_answer": null}]}, {"text": "欧盟和美国也有利益的分歧和竞争", "qa_pairs": [{"question": "欧益的分利竞争中国有利益的分歧歧和竞争中国有利益的分美国也有利益和美国也有利益", "answer": "分歧", "reading_system_answer": "欧盟和美国"}, {"question": "欧盟和美国也有利益的分歧和竞争是什么", "answer": "利益", "reading_system_answer": null}, {"question": "欧盟和美国也有利益的分歧和竞争是哪两国家也有利益的分歧和竞争", "answer": "美国", "reading_system_answer": null}]}, {"text": "如果特朗普执意要北约退出欧盟", "qa_pairs": [{"question": "如果特朗普执意要北约退出欧盟的国家出北约退出欧盟的国家执意要北约北盟的执意要退", "answer": "北约", "reading_system_answer": null}, {"question": "如果特朗普执意要北约退出欧盟的国家出果约退出的北盟是什么", "answer": "特朗普", "reading_system_answer": null}]}, {"text": "欧盟肯定会表明自己的立场", "qa_pairs": [{"question": "欧盟肯定会表明自己的立场是什么", "answer": "立场", "reading_system_answer": null}]}, {"text": "迫使美国重新考虑这个问题", "qa_pairs": [{"question": "迫使美国重新个新考虑这个新考虑题为迫使美国重题的新虑虑这个重题是什么", "answer": "问题", "reading_system_answer": null}, {"question": "迫使美国重新考虑这个问题是什么", "answer": "美国重新考虑", "reading_system_answer": null}]}, {"text": "”", "qa_pairs": [{"question": "””的意义是", "answer": "", "reading_system_answer": null}]}]}