{"passage": "川藏线精神  　　人民军队在92年波澜壮阔的征程中，凝铸形成井冈山精神、古田会议精神、长征精神、抗战精神、“两弹一星”精神等精神丰碑。这些精神丰碑就像一个个闪亮的坐标，凝练着辉煌卓越的历史记忆，建构起人民军队底蕴厚重、光芒灿烂的精神家园，永远激励着我们不断奋勇向前。  　　本期开始，我们开设“永恒的精神丰碑”栏目，聚焦人民军队在各个历史阶段凝铸形成的精神丰碑，以及它们对强军兴军产生的深刻影响。敬请关注。——编 者  　　“我们是英雄的汽车兵/敢驾铁马走天涯/越高山跨江河/冰川激流在脚下……”前不久，伴随着《英雄汽车兵之歌》，笔者搭乘川藏兵站部运输车，满载藏区边防部队急需的上千吨给养、被装和器材，又一次向天路开拔。  　　在中国西部，有一条平均海拔3000多米的“天险奇路”，是当年10万筑路大军凭着“叫河水让路，让高山低头”的英雄气概，从落差数千米的悬崖绝壁上一米一米艰难“抠筑”而成。翻越15座山脉，横跨5大水系，这便是川藏公路。  　　在高耸入云的陡崖边穿行，在冰天雪地的山脊上颠簸，在突如其来的泥石流中突围……川藏线官兵用青春、热血，甚至生命，在“世界屋脊”碾出一道道永不消逝的车辙，铸就了享誉全军的“艰险多吓不倒、条件差难不倒、任务重压不倒”的“三不倒”川藏线精神。  　　一  　　去年国庆节前夕，数百名从全国四面八方赶来的退伍老兵重返川藏兵站部，重拾往昔激情岁月。  　　1953年，在川藏线即将通车之际，某汽车团班长王忠和带领5名战士，在二郎山下用3块石头支起一口锅，为过往的车队烧水做饭。一把菜刀、一口铁锅、一副挑桶就是川藏线上第一个兵站——“烂池子”兵站的全部家当。“干打垒、土坯房，风吹墙裂雪进房，半夜还有鼠和狼……”就在这样的条件下，官兵在平均海拔3500米的川藏线上陆续搭建起21座高原兵站，为过往部队提供热食保障。  　　在缅怀英烈厅，一位手持拐杖的伤残老兵，一边流着眼泪，一边颤颤巍巍地仔细寻找当年牺牲战友的姓名牌。  　　1967年8月的一天，在带领车队突出险区时，某汽车团10名党员干部骨干遭遇山体崩塌壮烈牺牲，化作川藏线永恒的雕像，被中央军委授予“川藏运输线上十英雄”荣誉称号。  　　山崩地裂无所惧，越是艰险越向前。六十多年来，一代代汽车兵为把物资运抵边防、支援地方经济社会发展和促进藏区繁荣稳定，先后有近2000名官兵受伤致残，3000余名官兵留下终身疾病，近700名官兵长眠在雪山之巅。  　　英烈把生命融入千年冻土，守望着一茬茬战友驰骋天路；英烈的精神化作雅鲁藏布江上的雄鹰，永远守卫着祖国的边防补给线。  　　二  　　车队行驶到折多山一处悬崖边时，汽笛长鸣。军医马敏跳下车，点燃3支烟放在路边的青石上。  　　33年前，雅江兵站副站长马柯长乘坐的运输车在这里坠入山谷，马敏和马志辉兄弟俩永远失去了父亲。兄弟俩长大后，又主动要求到父亲曾经战斗过的雅江兵站继续战斗。  　　“这个兵站如同一条血脉，将我们和父亲紧紧相连。”马敏说。  　　去年营区玉兰花开时，一批“00后”新战士首次踏上川藏线。笔者同新战士杨宏达同坐一台运输车。车队翻越觉巴山时，一面是峭壁，一面是纵深百米却没有护栏的悬崖。只见他和许多新战友一样紧紧拽着车门，额头上不经意中冒出汗珠。  　　如今，第六趟任务再上川藏线，只见杨宏达驾驶运输车翻山越岭毫无畏惧。“我爷爷曾在这里战斗过，而且还立过功。川藏线就是我的精神‘加油站’。”杨宏达告诉笔者。  　　先辈回眸应笑慰，擎旗自有后来人。川藏线通车65年来，在川藏线精神的感召下，老战士倒下了，新战士补上来；父辈离开了，年轻人顶上来……千里川藏线上，先后涌现出上百对夫妻兵、父子兵、兄弟兵征战天路的感人画面。  　　三  　　向“十英雄”敬献哈达、花圈，默哀……任务途中，官兵来到川藏线“十英雄”纪念碑广场，开展“不忘初心，争当英雄汽车兵传人”活动。  　　山高水长川藏线，忠诚无言高原兵。面对一座座英雄坟茔、一个个感人故事，一路上笔者也在不断追问：现在川藏线道路条件改善了，兵站保障设施更齐全了，而高原高寒缺氧的恶劣环境没有变，繁重的任务没有变。面对这些“变”与“不变”，川藏线上的新一代汽车兵该怎样跑好自己这一棒？  　　2014年5月，某营突然接到上级命令：要求满载物资长途机动至西藏林芝，沿途不驻站宿营、不临时停车、自行负责车辆技术保障。随后该营官兵克服暴风雪等重重困难，成功创造了49小时机动1622公里的“川藏线军事运输新纪录”。  　　2014年，墨脱县城刚通公路，某营官兵便满载物资挺进雪域孤岛；2015年，某汽车团探索无依托实战化运输保障训练，用血汗换来高寒地区开展野战保障的宝贵经验……  　　“与我同坐一个火车皮来当兵的战友，他们把生命留在了川藏线。而我从一名列兵成长为一名中校，上百趟执行高原运输任务，面对生与死的考验都挺过来了。此次对于后勤力量调整改革，我全听组织安排。”这是此次任务出发前，某营教导员陈红写下的庄严承诺。  　　与陈教导员一样，这次任务中的许多官兵都将面对进退走留的现实考验。但任务到来时，他们依然冲锋在一线。这就是川藏线官兵的使命担当。  　　只要有任务，不论多繁重都勇于承担；只要有道路，不论多艰险都敢于突进。在他们眼中，“三不倒”精神是在世界屋脊立起的一座丰碑，是他们永恒的精神坐标。  　　四  　　川藏公路不仅是国防运输线，也是一条团结线、幸福线。一路上，总能看到藏族儿童向车队行少先队队礼。学藏族文化、交藏族朋友、为藏族群众做好事，是川藏兵站部官兵坚持数十年的传统。这条路，将藏族同胞的心与解放军紧紧地连在了一起。  　　长路车灯照亮万家灯火。夜晚，车队抵达兵站，皎洁的月光洒满整个车场，大家围坐在一起，唱起了《长长长长的川藏线》。远处屹立的路碑，正诉说着新时代汽车兵的“不忘初心，行稳致远”……", "sentences": [{"text": "川藏线精神  　　人民军队在92年波澜壮阔的征程中", "qa_pairs": [{"question": "川藏线精神人民军队在92年波澜壮阔的征程中是哪一型号", "answer": "精神", "reading_system_answer": null}, {"question": "川藏线精神人民军队在92年波澜壮阔的征程中是哪一年波澜壮阔的征程中", "answer": "92年", "reading_system_answer": null}, {"question": "川藏线精神人民军队在92年波澜壮阔的征程中中川藏波澜壮阔的征程中中国在92年波", "answer": "征程", "reading_system_answer": null}, {"question": "川藏线精神人民军队在92年波澜壮阔的征程中是哪一艘", "answer": "人民军队", "reading_system_answer": null}]}, {"text": "凝铸形成井冈山精神、古田会议精神、长征精神、抗战精神、“两弹一星”精神等精神丰碑", "qa_pairs": [{"question": "凝铸形成井冈山精神、古田会议精神、长征精神、“两弹一星”精神等精神丰碑是什么", "answer": "精神", "reading_system_answer": null}, {"question": "凝铸形成井冈山精神、“两弹一星”精神等精神丰碑是哪个", "answer": "井冈山精神", "reading_system_answer": null}, {"question": "凝铸形成井冈山精神、古田会议精神、长征精神、“两弹一星”精神等精神丰碑是什么", "answer": "长征精神", "reading_system_answer": null}]}, {"text": "这些精神丰碑就像一个个闪亮的坐标", "qa_pairs": [{"question": "精神丰碑就像一个个闪亮的坐标是什么", "answer": "精神", "reading_system_answer": null}, {"question": "闪亮的坐标是什么", "answer": "一个个", "reading_system_answer": "这些精神丰碑"}]}, {"text": "凝练着辉煌卓越的历史记忆", "qa_pairs": [{"question": "凝练着辉煌卓越的历史记忆的辉煌卓越的历史记忆的辉煌卓越的历史记忆的辉煌卓越着辉", "answer": "卓越", "reading_system_answer": null}, {"question": "凝练着辉煌卓越的历史记忆的历史记忆是什么", "answer": "历史记忆", "reading_system_answer": null}]}, {"text": "建构起人民军队底蕴厚重、光芒灿烂的精神家园", "qa_pairs": [{"question": "建构起人民军队底蕴厚重、光芒灿烂的精神家园是什么", "answer": "光芒", "reading_system_answer": null}, {"question": "建构起人民军队底蕴厚重、光芒灿烂的精神家园是什么", "answer": "精神家园", "reading_system_answer": null}, {"question": "建构起人民军队底蕴厚重、光芒灿烂的精神家园是如何岚", "answer": "建构", "reading_system_answer": null}, {"question": "人民军队底蕴厚重、光芒灿烂的精神家园是什么", "answer": "人民军队底蕴", "reading_system_answer": null}]}, {"text": "永远激励着我们不断奋勇向前", "qa_pairs": [{"question": "永远激励着我们不断奋勇向前向我们不断奋勇向前向激励着我们不断奋勇的国家在永远激", "answer": "", "reading_system_answer": null}]}, {"text": "本期开始", "qa_pairs": [{"question": "本期开始开始开始开始开始开始期开始期始始开始期始始始始始始始始始始始始始始始始", "answer": "", "reading_system_answer": null}]}, {"text": "我们开设“永恒的精神丰碑”栏目", "qa_pairs": [{"question": "我国开设“永恒的精神丰碑”栏目的是哪个", "answer": "精神", "reading_system_answer": null}, {"question": "我国开设“永恒的”永丰碑”栏目的是什么", "answer": "栏目", "reading_system_answer": null}]}, {"text": "聚焦人民军队在各个历史阶段凝铸形成的精神丰碑", "qa_pairs": [{"question": "聚焦人民军队在各个历史阶段凝铸形成的精神丰碑是什么", "answer": "精神", "reading_system_answer": null}, {"question": "聚焦人民军队在各个历史阶段凝铸形成的精神丰碑是什么", "answer": "历史阶段", "reading_system_answer": null}, {"question": "聚焦人民军队在各个历史阶段凝铸形成的精神丰碑是", "answer": "人民军队", "reading_system_answer": null}]}, {"text": "以及它们对强军兴军产生的深刻影响", "qa_pairs": [{"question": "以及它们对强军兴军产生的深刻影响的军产生的深刻影响是什么", "answer": "强军兴军产生", "reading_system_answer": null}]}, {"text": "敬请关注", "qa_pairs": [{"question": "敬请关注中敬请关注中国关注中请请请的关注权是", "answer": "", "reading_system_answer": null}]}, {"text": "——编 者  　　“我们是英雄的汽车兵/敢驾铁马走天涯/越高山跨江河/冰川激流在脚下……”前不久", "qa_pairs": [{"question": "——编者“雄的汽车兵/敢驾铁马走天涯/越高山跨江河/冰川激流在脚下……”前不久", "answer": "高山", "reading_system_answer": null}, {"question": "——编者“我们是英雄的汽车兵/敢驾铁马走天涯/越高山跨江河/冰川激流的国家在脚", "answer": "江河冰川激流", "reading_system_answer": "我们是英雄的汽车兵/敢驾铁马走天涯/越高山跨江河/冰川激流在脚下"}, {"question": "英—编者“雄前前不久的汽雄的汽车兵/敢驾铁马走天涯/越高山跨江河/冰川激流在脚", "answer": "英雄", "reading_system_answer": "我们是英雄的汽车兵/敢驾铁马走天涯/越高山跨江河/冰川激流在脚下"}, {"question": "——编者“我们是英雄的汽车兵/敢驾铁马走天涯/越高山跨江河/冰川激流的国家在脚", "answer": "铁马", "reading_system_answer": "我们是英雄的汽车兵/敢驾铁马走天涯/越高山跨江河/冰川激流在脚下"}, {"question": "——编者“我们是英雄的汽车兵/敢驾铁马走天涯/越高山跨江河/冰川激流的国家—前", "answer": "天涯", "reading_system_answer": "……”"}, {"question": "——编者“我们是英雄的汽车兵/敢驾铁马走天涯/越高山跨江河/冰川激流的国家其驾", "answer": "汽车兵", "reading_system_answer": "我们是英雄的汽车兵/敢驾铁马走天涯/越高山跨江河/冰川激流在脚下"}]}, {"text": "伴随着《英雄汽车兵之歌》", "qa_pairs": [{"question": "《》的歌汽车兵之歌》是什么", "answer": "歌", "reading_system_answer": null}, {"question": "伴随着《英雄汽车兵之歌》的汽车兵之歌》是什么", "answer": "英雄汽车兵", "reading_system_answer": null}]}, {"text": "笔者搭乘川藏兵站部运输车", "qa_pairs": [{"question": "川藏兵站部运输车采用的是什么类型号的", "answer": "兵站部运输车", "reading_system_answer": null}, {"question": "川藏兵站部运输车笔川藏兵站部运输车的国家搭乘川藏兵站部运输车的国家者搭乘川藏者", "answer": "笔者", "reading_system_answer": null}]}, {"text": "满载藏区边防部队急需的上千吨给养、被装和器材", "qa_pairs": [{"question": "满载藏区边防部队急需的上千吨给养、被装和器材的国家满载藏区边防部队急需的上千吨", "answer": "千吨", "reading_system_answer": null}, {"question": "满载藏区边防部队急需的上千吨给器材的装和器材的装和器材的装备是什么", "answer": "被装", "reading_system_answer": null}, {"question": "满载藏区边防部队急需的上千吨给养、被装和器材的装和器材是什么", "answer": "器材", "reading_system_answer": null}, {"question": "满载藏区给养、被装和器材的防部队急需的上千吨给养、被装和器材的防部队急需的上千", "answer": "藏区边防部队急需", "reading_system_answer": null}]}, {"text": "又一次向天路开拔", "qa_pairs": [{"question": "又一次向天路开拔的开始中国向天路路拔次向天路路拔次向向天开又开始开始开始向拔次", "answer": "天路", "reading_system_answer": null}, {"question": "又一次向天路开拔的开府是什么", "answer": "一次", "reading_system_answer": null}]}, {"text": "在中国西部", "qa_pairs": [{"question": "在中国西部在中国西部在中国西部在中国中西在西部中部在西部中部在在西国中西中部在", "answer": "中国", "reading_system_answer": null}]}, {"text": "有一条平均海拔3000多米的“天险奇路”", "qa_pairs": [{"question": "有一条平均海拔300多米的“天险奇路”的00多米的“天险奇路”的00多米的“天", "answer": "天险", "reading_system_answer": null}, {"question": "有什么的天险奇路”", "answer": "一条平均海拔3000多米", "reading_system_answer": "有一条平均海拔3000多米"}]}, {"text": "是当年10万筑路大军凭着“叫河水让路", "qa_pairs": [{"question": "当年10万筑路大军凭着“叫河水让路的国家其凭着“叫河水让路的国家其凭着“10万", "answer": "10万", "reading_system_answer": null}, {"question": "当年10万筑路大军凭着“叫河水让路的国家其“10万筑路大军凭着“叫河水让路的国", "answer": "河水", "reading_system_answer": null}, {"question": "当年10万筑路大军凭着“叫河水让路的国家其是当年10万筑路大军凭着“叫河水让路", "answer": "大军", "reading_system_answer": null}]}, {"text": "让高山低头”的英雄气概", "qa_pairs": [{"question": "让高山低头”的英雄气概是什么", "answer": "英雄气概", "reading_system_answer": null}, {"question": "让高山低头”的英雄气概是什么", "answer": "高山低头", "reading_system_answer": null}]}, {"text": "从落差数千米的悬崖绝壁上一米一米艰难“抠筑”而成", "qa_pairs": [{"question": "“抠筑”而成的是什么", "answer": "数千米", "reading_system_answer": "从落差数千米的悬崖绝壁上一米一米"}, {"question": "“抠筑”而成的是什么", "answer": "一米一米", "reading_system_answer": "从落差数千米的悬崖绝壁上一米一米"}]}, {"text": "翻越15座山脉", "qa_pairs": [{"question": "翻越15座山脉是什么", "answer": "15座山脉", "reading_system_answer": null}]}, {"text": "横跨5大水系", "qa_pairs": [{"question": "横跨5大水系横水系是什么", "answer": "5", "reading_system_answer": null}, {"question": "横跨5大水系横跨5大水系的大水系水系是什么", "answer": "水系", "reading_system_answer": null}]}, {"text": "这便是川藏公路", "qa_pairs": [{"question": "川藏公路的哪个公司实是川藏公路", "answer": "川藏公路", "reading_system_answer": null}]}, {"text": "在高耸入云的陡崖边穿行", "qa_pairs": [{"question": "在高耸入云的陡崖边穿行的高耸入云的陡崖边穿行的穿行中的穿行中边陡耸入云的边崖在", "answer": "陡崖", "reading_system_answer": null}]}, {"text": "在冰天雪地的山脊上颠簸", "qa_pairs": [{"question": "在冰天雪地的山脊上颠簸的山脊是什么", "answer": "山脊", "reading_system_answer": null}]}, {"text": "在突如其来的泥石流中突围……川藏线官兵用青春、热血", "qa_pairs": [{"question": "在…川藏线官兵用青春、热血的流血是哪个", "answer": "泥石流", "reading_system_answer": "在突如其来的泥石流中突围"}, {"question": "在突如其来的泥石流中突围……川藏线官兵用青春、热血的国家在突、川藏线官兵用青春", "answer": "热血", "reading_system_answer": null}, {"question": "在突如其来的泥石流中突围……川藏线官兵用青春、热血的国家其川藏线官兵用青春、热", "answer": "官兵", "reading_system_answer": null}, {"question": "在…川藏线官兵用青春、热血的突…、、川川川川川川突突突突突突突突突突突突突突突", "answer": "突围", "reading_system_answer": "在突如其来的泥石流中突围"}, {"question": "在…川藏线官兵用青春、热血的、、热、川川川川川…………………、、、、、、、、突", "answer": "青春", "reading_system_answer": "在突如其来的泥石流中突围"}]}, {"text": "甚至生命", "qa_pairs": [{"question": "甚至生命的生命是什么", "answer": "", "reading_system_answer": null}]}, {"text": "在“世界屋脊”碾出一道道永不消逝的车辙", "qa_pairs": [{"question": "在“世界屋脊”碾出一道道永不消逝的车辙是什么", "answer": "车辙", "reading_system_answer": null}, {"question": "在“世界屋脊”碾出一道的永辙是什么", "answer": "一道道", "reading_system_answer": null}, {"question": "在“世界屋脊”碾出一道道永不消逝的车辙是什么", "answer": "世界屋脊", "reading_system_answer": null}]}, {"text": "铸就了享誉全军的“艰险多吓不倒、条件差难不倒、任务重压不倒”的“三不倒”川藏线精神", "qa_pairs": [{"question": "“三不倒”条件差难不倒、的精不倒、条件的国家倒不倒多川藏线精多吓不倒”的“三不", "answer": "多", "reading_system_answer": "艰险多吓不倒、条件差难不倒、任务重压不倒"}, {"question": "“的“三不倒”川藏线精神的全79的“艰险多吓不倒、条件差难不倒、的“三不倒”川藏", "answer": "全军", "reading_system_answer": "艰险多吓不倒、条件差难不倒、任务重压不倒"}, {"question": "“的“三不倒”川藏线精神的重压不倒”的务难不倒、任务是什么", "answer": "任务重压", "reading_system_answer": "艰险多吓不倒、条件差"}, {"question": "“三不倒”的精多是什么", "answer": "精神", "reading_system_answer": "艰险多吓不倒、条件差难不倒、任务重压不倒"}, {"question": "铸“三不倒”的精压不倒、的精压不倒”的条差倒神是哪一个", "answer": "三", "reading_system_answer": "川藏线"}, {"question": "铸三不倒”川藏线精神的条项吓神是什么", "answer": "条件", "reading_system_answer": "艰险多吓不倒、条件差难不倒、任务重压不倒"}, {"question": "铸三不倒”川藏线精神的“79全线精神的“79全线精神的“79全线险的铸压不倒、的“三", "answer": "铸就", "reading_system_answer": "艰险多吓不倒、条件差难不倒、任务重压不倒"}]}, {"text": "一  　　去年国庆节前夕", "qa_pairs": [{"question": "年国庆节前夕一去年国庆节前夕一去去前年前庆节夕前庆节一年去前庆国庆国庆国庆国庆", "answer": "一", "reading_system_answer": null}]}, {"text": "数百名从全国四面八方赶来的退伍老兵重返川藏兵站部", "qa_pairs": [{"question": "数百名赶来的退伍老兵重返川藏兵站部在哪里", "answer": "兵站部", "reading_system_answer": null}, {"question": "数百名从全国四面八方赶来的退伍老兵重返川藏兵站部在哪里", "answer": "老兵", "reading_system_answer": null}, {"question": "数百名赶来的退伍老兵重返川藏兵站部在全国四面八方赶来的退伍老兵重返川藏兵站部在", "answer": "数百名", "reading_system_answer": null}, {"question": "全国四面八方赶来的退伍老兵重返川藏兵站部在退名从全国四面八方赶来的退伍老兵重返", "answer": "全国", "reading_system_answer": "数百名"}]}, {"text": "重拾往昔激情岁月", "qa_pairs": [{"question": "重拾往昔激情岁月月重拾往昔激情岁月岁岁岁岁岁岁岁岁岁岁岁岁岁岁岁岁岁岁岁岁岁岁", "answer": "激情", "reading_system_answer": null}]}, {"text": "1953年", "qa_pairs": [{"question": "1月5年3年3年1年1年5年5年5年1年1年99311111111111111", "answer": "1953年", "reading_system_answer": null}]}, {"text": "在川藏线即将通车之际", "qa_pairs": [{"question": "在川藏线即将通车之际的通车是什么", "answer": "通车", "reading_system_answer": null}]}, {"text": "某汽车团班长王忠和带领5名战士", "qa_pairs": [{"question": "某汽车团班长王忠和带领5名战士的名称是什么", "answer": "汽车团班长王忠", "reading_system_answer": null}, {"question": "某汽车团班长王忠和带领5名战士的带领战士是哪一型号", "answer": "5名战士", "reading_system_answer": null}]}, {"text": "在二郎山下用3块石头支起一口锅", "qa_pairs": [{"question": "在二郎山下用3块石头支起一口锅的头锅起一口锅是", "answer": "3块石头", "reading_system_answer": null}, {"question": "在二郎山下用3块石头支起一口锅的口径是什么", "answer": "一口锅", "reading_system_answer": null}]}, {"text": "为过往的车队烧水做饭", "qa_pairs": [{"question": "为什么说的烧水做饭", "answer": "车队烧水", "reading_system_answer": "为过往的车队"}]}, {"text": "一把菜刀、一口铁锅、一副挑桶就是川藏线上第一个兵站——“烂池子”兵站的全部家当", "qa_pairs": [{"question": "川—“烂池子”兵站的全部家当的国家第一个兵站——“烂池子”兵站的全部家当川藏线", "answer": "一把菜刀", "reading_system_answer": null}, {"question": "川藏线上第一个兵站——“烂池子”兵站的全部家当川藏线上第一个兵站——“烂池子”", "answer": "兵站", "reading_system_answer": "一把菜刀、一口铁锅、一副挑桶"}, {"question": "川藏线上第一个兵站——“烂池子”兵站的全部家当是什么", "answer": "全部家当", "reading_system_answer": "一把菜刀、一口铁锅、一副挑桶"}, {"question": "川藏线上第一个兵站——“烂池子”兵站的全部家当的国家一口铁锅、一副挑桶就是川藏", "answer": "桶", "reading_system_answer": "川藏线上第一个兵站"}, {"question": "川藏线上第一个兵站——“烂池子”兵站的全部家当的挑桶就是川藏线上第一个兵站——", "answer": "一口铁锅", "reading_system_answer": "一把菜刀、一口铁锅、一副挑桶"}, {"question": "川藏线上第一个兵站——“烂池子”兵站的全部家当的国家挑桶就是川藏线上第一个兵站", "answer": "池子", "reading_system_answer": "一把菜刀、一口铁锅、一副挑桶"}, {"question": "川藏线上第一个兵站——“烂池子”兵站的全部家当的挑桶就是川藏线上第一个兵站——", "answer": "一副", "reading_system_answer": "一把菜刀、一口铁锅、一副挑桶"}, {"question": "川—“烂池子”兵站的全部家当的国家其第一个兵站——“烂池子”兵站的全部家当川藏", "answer": "第一个兵站", "reading_system_answer": null}]}, {"text": "“干打垒、土坯房", "qa_pairs": [{"question": "“干打垒、土房的、坯干垒、土房是什么", "answer": "干打垒", "reading_system_answer": null}, {"question": "“干打垒的“sub坯是什么", "answer": "土坯房", "reading_system_answer": null}]}, {"text": "风吹墙裂雪进房", "qa_pairs": [{"question": "风吹墙裂雪进房的雪吹墙裂雪进房是什么", "answer": "墙裂雪", "reading_system_answer": null}]}, {"text": "半夜还有鼠和狼……”就在这样的条件下", "qa_pairs": [{"question": "半…”条条件下的…样的条件下在这样的条件下的…”和狼……”就在这样的条件下就在", "answer": "狼", "reading_system_answer": "半夜还有鼠和狼"}, {"question": "半”条…就………就…的条件下在这样的条件下的条夜还有鼠和狼……”的条夜还在这样", "answer": "条件", "reading_system_answer": null}, {"question": "…””…就就就就条条件下的是什么", "answer": "鼠", "reading_system_answer": "鼠和狼"}, {"question": "半夜还有鼠和狼……”就在这样的条件下的条夜还有鼠和狼……”就在这样的条件下的鼠", "answer": "半夜", "reading_system_answer": null}]}, {"text": "官兵在平均海拔3500米的川藏线上陆续搭建起21座高原兵站", "qa_pairs": [{"question": "川藏线上陆续搭建起21座高原兵站是什么", "answer": "平均海拔3500米", "reading_system_answer": null}, {"question": "官兵在平均海拔3500米的川藏线上陆续搭建起21座高原兵站是什么", "answer": "官兵", "reading_system_answer": null}, {"question": "官兵在平均海拔3500米的川藏线上陆续搭建起21座高原兵站是什么", "answer": "21座高原兵站", "reading_system_answer": null}]}, {"text": "为过往部队提供热食保障", "qa_pairs": [{"question": "为过往部队提供热食保障障障保障的提供热食保障的食食食队为什么要提供热保过提供热", "answer": "部队", "reading_system_answer": null}, {"question": "为过往部队提供热食保障的食食保障是什么", "answer": "热食", "reading_system_answer": null}]}, {"text": "在缅怀英烈厅", "qa_pairs": [{"question": "在缅怀英烈厅的烈厅在缅怀英烈厅的国家在在缅怀英烈厅的国家在在英缅缅缅缅缅缅斯缅", "answer": "缅怀", "reading_system_answer": null}, {"question": "缅怀英烈厅在缅怀英烈厅缅缅斯缅斯缅斯缅斯夫烈的缅怀烈厅缅缅斯缅斯缅斯夫烈驱察在", "answer": "厅", "reading_system_answer": null}]}, {"text": "一位手持拐杖的伤残老兵", "qa_pairs": [{"question": "一位手持拐杖的伤残老兵是什么", "answer": "一位", "reading_system_answer": null}, {"question": "一位手持拐杖的伤残老兵是什么", "answer": "拐杖", "reading_system_answer": null}, {"question": "一位手持拐杖的伤残老兵是什么", "answer": "老兵", "reading_system_answer": null}]}, {"text": "一边流着眼泪", "qa_pairs": [{"question": "一边流着眼泪的流着眼泪是什么", "answer": "眼泪", "reading_system_answer": null}]}, {"text": "一边颤颤巍巍地仔细寻找当年牺牲战友的姓名牌", "qa_pairs": [{"question": "一边颤颤巍巍地仔细寻找当年牺牲战友的姓名牌是什么", "answer": "姓名牌", "reading_system_answer": null}, {"question": "一边颤颤巍巍地仔细寻找当年牺牲战友的姓名牌是什么", "answer": "战友", "reading_system_answer": null}]}, {"text": "1967年8月的一天", "qa_pairs": [{"question": "1967年8月的一天的一天是什么时候", "answer": "1967年8月", "reading_system_answer": null}, {"question": "1967年8月的一天是什么", "answer": "一天", "reading_system_answer": null}]}, {"text": "在带领车队突出险区时", "qa_pairs": [{"question": "在带领车队突出险区时是什么", "answer": "险区时", "reading_system_answer": null}, {"question": "在带领车队突出险区时中国突出险区时中国带领车队带领车队在带领车队在在带领车队带", "answer": "车队", "reading_system_answer": null}]}, {"text": "某汽车团10名党员干部骨干遭遇山体崩塌壮烈牺牲", "qa_pairs": [{"question": "某汽车团10名党员干部骨干遭遇山体崩塌壮烈牺牲是什么", "answer": "汽车团10名党员干部骨干遭遇山体", "reading_system_answer": null}]}, {"text": "化作川藏线永恒的雕像", "qa_pairs": [{"question": "川藏线永恒的雕像是什么", "answer": "雕像", "reading_system_answer": null}, {"question": "川藏线永恒的雕像是什么", "answer": "化作", "reading_system_answer": null}]}, {"text": "被中央军委授予“川藏运输线上十英雄”荣誉称号", "qa_pairs": [{"question": "被中央军委授予“川藏运输线上十英雄”荣誉称号的国家称号是什么", "answer": "中央军委", "reading_system_answer": null}, {"question": "被中央军委授予“川藏运输线上十英雄”荣誉称号的国家在“”运输线上十英雄”荣誉是", "answer": "荣誉称号", "reading_system_answer": null}, {"question": "被中央军委授予“川藏运输线上十英雄”荣誉称号的国家荣誉称号是什么", "answer": "运输线", "reading_system_answer": null}, {"question": "被中央军委授予“川藏运输线上十英雄”荣誉称号的国家称号是什么", "answer": "十英雄", "reading_system_answer": null}]}, {"text": "山崩地裂无所惧", "qa_pairs": [{"question": "山崩地裂无所惧的地裂无所惧是什么", "answer": "", "reading_system_answer": null}]}, {"text": "越是艰险越向前", "qa_pairs": [{"question": "越越向前艰险越向前向越是艰险越向越艰越是向越艰越是向越艰越艰的国家在越险险险险", "answer": "", "reading_system_answer": null}]}, {"text": "六十多年来", "qa_pairs": [{"question": "六十多年来来的十十多年来来多年来多年多少多年多十六六六六六六年来多多十六六六六", "answer": "六十多年", "reading_system_answer": null}]}, {"text": "一代代汽车兵为把物资运抵边防、支援地方经济社会发展和促进藏区繁荣稳定", "qa_pairs": [{"question": "一代代汽车兵为把物资运抵边防、支援地方经济社会发展和促进藏区繁荣稳定的国家其一", "answer": "藏区", "reading_system_answer": null}, {"question": "一代代汽车兵为把物资运抵边防、支援地方经济社会发展和促进藏区繁荣稳定的国家其一", "answer": "边防", "reading_system_answer": null}, {"question": "一代代汽车兵为把物资运抵边防、支援地方经济社会发展和促进藏区繁荣稳定的国家其一", "answer": "地方经济社会", "reading_system_answer": null}, {"question": "一代代汽车兵为把物资运抵边防、支援地方经济社会发展和促进藏区繁荣稳定的国家其一", "answer": "物资", "reading_system_answer": null}, {"question": "一代代汽车兵为把物资运抵边防、支援地方经济社会发展和促进藏区繁荣稳定的国家其一", "answer": "一代代汽车兵", "reading_system_answer": null}]}, {"text": "先后有近2000名官兵受伤致残", "qa_pairs": [{"question": "先后有近2000名官兵受伤致残的原因是什么", "answer": "2000名官兵", "reading_system_answer": null}]}, {"text": "3000余名官兵留下终身疾病", "qa_pairs": [{"question": "3000余名官兵留下终身疾病的000余名官兵留下终身疾病的000余名官兵留身疾", "answer": "3000余名官兵", "reading_system_answer": null}, {"question": "3000余名官兵留下终身疾病的000000000000000000000000", "answer": "疾病", "reading_system_answer": null}]}, {"text": "近700名官兵长眠在雪山之巅", "qa_pairs": [{"question": "近700名官兵长眠在雪山之巅的00名官兵长眠在雪山之巅的00名官兵长眠在雪山之", "answer": "700名官兵长眠", "reading_system_answer": null}, {"question": "近700名官兵长眠在雪山之巅的名官兵长眠在雪山之巅的名官兵长眠在雪山之巅的名官", "answer": "雪山", "reading_system_answer": null}]}, {"text": "英烈把生命融入千年冻土", "qa_pairs": [{"question": "英烈把生命融入千年冻土的冻土是什么", "answer": "千年冻土", "reading_system_answer": null}]}, {"text": "守望着一茬茬战友驰骋天路；英烈的精神化作雅鲁藏布江上的雄鹰", "qa_pairs": [{"question": "守望着一茬茬战友驰骋天路；英烈的精神化作雅鲁藏布江上的雄鹰上的雄鹰是哪一个", "answer": "一茬茬战友", "reading_system_answer": null}, {"question": "守茬战友驰骋天路；英烈的精神化作雅鲁藏布江上的雄江上的雄江上的雄鲁藏布江上的雄", "answer": "雄鹰", "reading_system_answer": "守望着一茬茬战友驰骋天路"}, {"question": "；茬战友驰骋天路；英烈的精神化作雅鲁藏布江上的雄鹰是哪个", "answer": "天路", "reading_system_answer": null}, {"question": "守茬战友驰骋天路；英烈的精神化作雅鲁藏布江上的雄鹰是什么", "answer": "精神化作雅鲁藏布江", "reading_system_answer": null}]}, {"text": "永远守卫着祖国的边防补给线", "qa_pairs": [{"question": "永远守卫着祖国的边防补给线的国家给永远守卫着祖国的边防补给线的国家在永远守卫着", "answer": "祖国", "reading_system_answer": null}, {"question": "永远守卫着祖国的边防补给线是什么", "answer": "边防补给线", "reading_system_answer": null}]}, {"text": "二  　　车队行驶到折多山一处悬崖边时", "qa_pairs": [{"question": "二车队行驶到折多山一处悬崖边时是什么", "answer": "折多山一处悬崖边时", "reading_system_answer": null}, {"question": "二车队行驶到折多山一处悬崖边时的国家二车崖边时悬驶山边时悬驶山边崖车行到二车队", "answer": "二", "reading_system_answer": null}, {"question": "二车队行驶到折多山一处悬崖边时的折多山一处悬崖边时是什么", "answer": "车队", "reading_system_answer": null}]}, {"text": "汽笛长鸣", "qa_pairs": [{"question": "汽笛长鸣的汽笛长鸣是什么", "answer": "汽笛", "reading_system_answer": null}]}, {"text": "军医马敏跳下车", "qa_pairs": [{"question": "马敏跳下车的跳医车是哪个", "answer": "军医马敏", "reading_system_answer": "军医"}]}, {"text": "点燃3支烟放在路边的青石上", "qa_pairs": [{"question": "点燃3支烟放在路边的青石上是什么", "answer": "3支烟", "reading_system_answer": null}, {"question": "点燃3支烟放在路边的青石上是什么", "answer": "青石", "reading_system_answer": null}]}, {"text": "33年前", "qa_pairs": [{"question": "33年前前前前前前前前33年3年3年333333333333333333333", "answer": "33", "reading_system_answer": null}]}, {"text": "雅江兵站副站长马柯长乘坐的运输车在这里坠入山谷", "qa_pairs": [{"question": "雅江兵站副站长马柯长乘坐的运输车在这里坠入山谷的国家在这里坠入山谷的国家在这运", "answer": "山谷", "reading_system_answer": null}, {"question": "雅江兵站副站长马柯长乘坐的运输车在这里坠入山谷的国家的雅江兵站副站运输车在这里", "answer": "马柯长", "reading_system_answer": null}, {"question": "雅江兵站副站长马柯长乘坐的运输车在这里坠入山谷的国家在这场谷雅江兵站副站长马柯", "answer": "雅江兵站", "reading_system_answer": null}, {"question": "雅江兵站副站长马柯长乘坐的运输车在这里坠入山谷的国家在这副站长马柯长乘坐的运输", "answer": "运输车", "reading_system_answer": null}]}, {"text": "马敏和马志辉兄弟俩永远失去了父亲", "qa_pairs": [{"question": "马敏和马志辉兄弟俩永远失去了父亲的辉兄弟俩永远失去了父亲的辉兄和马志辉兄弟俩永", "answer": "马敏", "reading_system_answer": null}, {"question": "马敏和马志辉兄弟俩永远失去了父亲的辉兄弟俩永远失去了父亲的辉志辉兄弟俩永远失去", "answer": "马志辉兄弟俩", "reading_system_answer": null}, {"question": "马敏和马志辉兄弟俩永远失去了父亲的辉兄弟俩永远失去了父亲的辉兄弟俩永远失去了父", "answer": "父亲", "reading_system_answer": null}]}, {"text": "兄弟俩长大后", "qa_pairs": [{"question": "兄弟俩长大后兄长大后兄长大后兄长弟俩大后长弟俩大后长弟兄弟兄弟大大", "answer": "兄弟俩长大", "reading_system_answer": null}]}, {"text": "又主动要求到父亲曾经战斗过的雅江兵站继续战斗", "qa_pairs": [{"question": "曾经战斗过的雅江兵站继续战斗中曾经战斗过的雅江兵站继续战斗中曾说的继雅江站续到", "answer": "父亲", "reading_system_answer": null}, {"question": "又主动要求到父亲曾经战斗过的雅江兵站继续战斗的是哪个", "answer": "雅江兵站", "reading_system_answer": null}]}, {"text": "“这个兵站如同一条血脉", "qa_pairs": [{"question": "“这个兵站如何没同", "answer": "一条血脉", "reading_system_answer": null}, {"question": "“这个兵站如同一条血脉是哪个", "answer": "兵站", "reading_system_answer": null}]}, {"text": "将我们和父亲紧紧相连", "qa_pairs": [{"question": "将我们和父亲紧紧相连的紧紧相连的亲因是什么", "answer": "父亲", "reading_system_answer": null}]}, {"text": "”马敏说", "qa_pairs": [{"question": "”马敏说为什么", "answer": "马敏", "reading_system_answer": null}]}, {"text": "去年营区玉兰花开时", "qa_pairs": [{"question": "去年营区玉兰花开时开时开始开始开始开始开始开始花的原因是", "answer": "营区玉兰花", "reading_system_answer": null}]}, {"text": "一批“00后”新战士首次踏上川藏线", "qa_pairs": [{"question": "一00后”新战士踏上川藏线的首次踏上川藏线是什么", "answer": "战士首次", "reading_system_answer": null}, {"question": "”00后”新战士首次踏上川藏线的首次踏上川藏线战士首次踏上川藏线是哪一型号", "answer": "00", "reading_system_answer": null}, {"question": "“00后”新战士首次踏上川藏线的首次踏上川藏线是什么", "answer": "一批", "reading_system_answer": null}]}, {"text": "笔者同新战士杨宏达同坐一台运输车", "qa_pairs": [{"question": "笔者同新战士杨宏达同坐一台运输车是什么", "answer": "一台运输车", "reading_system_answer": null}, {"question": "杨宏达同坐一台运输车的国家在杨宏达同坐一台运输车是什么", "answer": "战士杨", "reading_system_answer": null}, {"question": "杨宏达同坐一台运输车是什么", "answer": "笔者", "reading_system_answer": null}]}, {"text": "车队翻越觉巴山时", "qa_pairs": [{"question": "车队翻越觉巴山时是什么", "answer": "巴山时", "reading_system_answer": null}, {"question": "巴山时翻越觉巴山时期翻越觉巴山时期翻越队队队队队队车队车车车车车车车车车车车车", "answer": "车队", "reading_system_answer": null}]}, {"text": "一面是峭壁", "qa_pairs": [{"question": "峭壁是峭壁的峭是", "answer": "一面", "reading_system_answer": null}, {"question": "峭壁是什么", "answer": "峭壁", "reading_system_answer": null}]}, {"text": "一面是纵深百米却没有护栏的悬崖", "qa_pairs": [{"question": "纵深百米却没有护栏的悬崖是什么", "answer": "护栏", "reading_system_answer": null}, {"question": "纵深百米却没有护栏的悬崖是哪一个", "answer": "一面", "reading_system_answer": null}, {"question": "纵深百米却没有护栏的悬崖是哪个", "answer": "悬崖", "reading_system_answer": null}, {"question": "纵深百米却没有护栏的悬崖是什么", "answer": "百米", "reading_system_answer": null}]}, {"text": "只见他和许多新战友一样紧紧拽着车门", "qa_pairs": [{"question": "只见许多新战友一样的紧紧着车门是什么", "answer": "战友", "reading_system_answer": null}, {"question": "许多新战友一样的紧紧拽着车门是什么", "answer": "许多", "reading_system_answer": null}, {"question": "只见许多新战友一样紧紧着车门的国家在和许多新战友一样的一样的一样的一车车门是什", "answer": "车门", "reading_system_answer": null}]}, {"text": "额头上不经意中冒出汗珠", "qa_pairs": [{"question": "额头上不经意中冒出汗珠的额头上不经意中冒出汗珠的额头额额上不经意中冒出出出的汗", "answer": "额头", "reading_system_answer": null}, {"question": "额头上不经意中冒出的是什么", "answer": "汗珠", "reading_system_answer": null}]}, {"text": "如今", "qa_pairs": [{"question": "如今如今如今如今如如何今今今如如如如如如如如如如如如如如如如如如如如如如如如如", "answer": "", "reading_system_answer": null}]}, {"text": "第六趟任务再上川藏线", "qa_pairs": [{"question": "第六趟任务再上川藏线上任务再上川藏线的国家趟趟趟任务是", "answer": "第六", "reading_system_answer": null}, {"question": "第六趟任务再上川藏线务再再再再再再再趟藏线务务川藏线任务是什么", "answer": "任务", "reading_system_answer": null}]}, {"text": "只见杨宏达驾驶运输车翻山越岭毫无畏惧", "qa_pairs": [{"question": "杨宏达驾驶运输车翻山越岭毫无畏惧是什么", "answer": "运输车", "reading_system_answer": null}, {"question": "杨宏达驾驶运输车翻山越岭毫无畏惧是什么", "answer": "杨", "reading_system_answer": null}]}, {"text": "“我爷爷曾在这里战斗过", "qa_pairs": [{"question": "“我爷爷曾在这里战斗过什么", "answer": "爷爷", "reading_system_answer": null}]}, {"text": "而且还立过功", "qa_pairs": [{"question": "且还立过功过功过功过立过功立且还且还立过功而而而还立过还且且过功功还过功功且过", "answer": "功", "reading_system_answer": null}]}, {"text": "川藏线就是我的精神‘加油站’", "qa_pairs": [{"question": "川藏线就是我的精神‘加油站’的‘加油站’是什么", "answer": "精神", "reading_system_answer": null}, {"question": "川藏线就是我的精神‘加油站’是什么", "answer": "加油站", "reading_system_answer": null}]}, {"text": "”杨宏达告诉笔者", "qa_pairs": [{"question": "”杨宏达告诉笔者的笔笔诉告是什么", "answer": "笔者", "reading_system_answer": null}, {"question": "”杨宏达告诉笔者的诉诉是什么", "answer": "杨", "reading_system_answer": null}]}, {"text": "先辈回眸应笑慰", "qa_pairs": [{"question": "先笑辈回眸应笑慰回慰中应笑辈辈辈慰辈回慰先笑的先慰是什么", "answer": "先辈", "reading_system_answer": null}]}, {"text": "擎旗自有后来人", "qa_pairs": [{"question": "擎旗自有后来人擎旗自有后来人擎旗有后自擎旗有哪些", "answer": "人", "reading_system_answer": null}, {"question": "擎旗自有后来人擎旗自有后来人擎旗自有擎擎有哪些", "answer": "旗", "reading_system_answer": null}]}, {"text": "川藏线通车65年来", "qa_pairs": [{"question": "川藏线通车65年来来的是什么型号的", "answer": "通车65", "reading_system_answer": null}]}, {"text": "在川藏线精神的感召下", "qa_pairs": [{"question": "在川藏线精神的感召下的精神的感召下的精神召下的精神在川藏线精神的精下召下的的川", "answer": "精神", "reading_system_answer": null}]}, {"text": "老战士倒下了", "qa_pairs": [{"question": "老战士倒下了什么", "answer": "老战士", "reading_system_answer": null}]}, {"text": "新战士补上来；父辈离开了", "qa_pairs": [{"question": "新战士补上来；父辈离开了什么", "answer": "父辈", "reading_system_answer": null}, {"question": "新战士补上来；父辈离开了什么", "answer": "战士", "reading_system_answer": null}]}, {"text": "年轻人顶上来……千里川藏线上", "qa_pairs": [{"question": "……千里川藏线上的轻轻人顶上来……千里川藏线上的轻人顶上来……千人顶上来川藏线", "answer": "千里", "reading_system_answer": null}, {"question": "……千里川藏线上的轻轻人顶上来……千里川藏线上的轻轻人顶上来……千里川藏线上线", "answer": "年轻人", "reading_system_answer": null}]}, {"text": "先后涌现出上百对夫妻兵、父子兵、兄弟兵征战天路的感人画面", "qa_pairs": [{"question": "先后涌现出上百对夫妻兵、父子兵、兄弟兵征战天路的感人画面的兄弟兵、兄弟兵征战天", "answer": "夫妻兵", "reading_system_answer": null}, {"question": "先后涌现出上百对夫妻兵、父子兵征战天路的感人画面的兄弟兵征战天路的感人画面是什", "answer": "天路", "reading_system_answer": null}, {"question": "先后涌现出上百对夫妻兵、父子兵、兄弟兵征战天路的感人画面是什么", "answer": "感人画面", "reading_system_answer": null}, {"question": "先后涌现出上百对夫妻兵、父子兵、兄弟兵征战天路的感人画面的兄弟兵征战天路的感人", "answer": "兄弟兵", "reading_system_answer": null}, {"question": "先后涌现出上百对夫妻兵、父子兵、兄弟兵征战天路的感人画面的兄弟兵、兄弟兵征战天", "answer": "父子兵", "reading_system_answer": null}]}, {"text": "三  　　向“十英雄”敬献哈达、花圈", "qa_pairs": [{"question": "三向“十英雄”敬献哈达、花圈的、敬圈是哪个", "answer": "十英雄", "reading_system_answer": null}, {"question": "三向“十英雄”敬献哈达、花圈的、敬献哈达、花圈是什么", "answer": "花圈", "reading_system_answer": null}, {"question": "“雄”敬献哈达、花圈的、敬献哈达、花圈”哈达、花圈”敬献哈达“花三十英雄”敬献", "answer": "三", "reading_system_answer": null}, {"question": "三向“十英雄”敬献哈达、花圈的、花圈是哪个", "answer": "敬献", "reading_system_answer": null}]}, {"text": "默哀……任务途中", "qa_pairs": [{"question": "默哀…任中任务途务途务是什么", "answer": "任务", "reading_system_answer": null}]}, {"text": "官兵来到川藏线“十英雄”纪念碑广场", "qa_pairs": [{"question": "“十英雄”纪念碑广场的原因是什么", "answer": "十英雄", "reading_system_answer": null}, {"question": "“十英雄”纪念碑是什么", "answer": "纪念碑广场", "reading_system_answer": null}, {"question": "“十英雄”纪念碑广场的川藏线“十英雄”纪念碑广场是哪个", "answer": "官兵", "reading_system_answer": null}]}, {"text": "开展“不忘初心", "qa_pairs": [{"question": "开展“不忘初心的初因是什么", "answer": "初心", "reading_system_answer": null}]}, {"text": "争当英雄汽车兵传人”活动", "qa_pairs": [{"question": "争当英雄汽车兵传人”活动的汽车兵传人”活动是什么", "answer": "英雄汽车兵传人", "reading_system_answer": null}]}, {"text": "山高水长川藏线", "qa_pairs": [{"question": "山高水长川藏线线线线线线线线线线长是", "answer": "山高水长", "reading_system_answer": null}]}, {"text": "忠诚无言高原兵", "qa_pairs": [{"question": "忠诚无言高原兵是什么", "answer": "高原兵", "reading_system_answer": null}]}, {"text": "面对一座座英雄坟茔、一个个感人故事", "qa_pairs": [{"question": "茔、一个个感人故事是什么", "answer": "一座座英雄坟茔", "reading_system_answer": "面对一座座英雄坟"}, {"question": "面对一座座英雄坟茔、一个个感人故事是什么", "answer": "一个个感人故事", "reading_system_answer": null}]}, {"text": "一路上笔者也在不断追问：现在川藏线道路条件改善了", "qa_pairs": [{"question": "一路上笔者也在川藏线道路条件改善了什么", "answer": "道路条件", "reading_system_answer": null}, {"question": "一路上笔者也在不断追问：现在川藏线道路条件改善了什么", "answer": "笔者", "reading_system_answer": null}]}, {"text": "兵站保障设施更齐全了", "qa_pairs": [{"question": "兵站保障设施更齐全了什么", "answer": "齐全", "reading_system_answer": null}, {"question": "兵站保障设施更齐全了什么", "answer": "设施", "reading_system_answer": null}, {"question": "兵站保障设施更齐全了什么", "answer": "兵站", "reading_system_answer": null}]}, {"text": "而高原高寒缺氧的恶劣环境没有变", "qa_pairs": [{"question": "高原高寒缺氧的恶劣环境没有变的恶劣环境没有变的恶度环境没有变的缺氧的恶劣环境没", "answer": "环境", "reading_system_answer": null}, {"question": "高原高寒缺氧的恶劣环境没有变的原因是什么", "answer": "高原", "reading_system_answer": null}]}, {"text": "繁重的任务没有变", "qa_pairs": [{"question": "任重的任有什么没有没重的任务", "answer": "任务", "reading_system_answer": null}]}, {"text": "面对这些“变”与“不变”", "qa_pairs": [{"question": "“变”与“不变”的原因是什么", "answer": "", "reading_system_answer": null}]}, {"text": "川藏线上的新一代汽车兵该怎样跑好自己这一棒？  　　2014年5月", "qa_pairs": [{"question": "川藏线上的新一代汽车兵该怎样跑好自己这一代汽车兵该怎样跑好自己这一棒？2014", "answer": "2014年5月", "reading_system_answer": null}, {"question": "川藏线上的新一代汽车兵该怎样跑好自己这一代汽车4年5月5月5月怎样的？2014", "answer": "汽车兵", "reading_system_answer": "川藏线上的新一代汽车兵该怎样跑好自己这一棒"}]}, {"text": "某营突然接到上级命令：要求满载物资长途机动至西藏林芝", "qa_pairs": [{"question": "：要求满载物资长途机动至西藏林芝的国家其林芝在西藏林芝的国家其林突的西藏级命物", "answer": "营", "reading_system_answer": null}, {"question": "：芝在西藏林芝的国家载载物资长途机动至西藏林芝的国家营突然接到上级命令：要求满", "answer": "西藏", "reading_system_answer": null}, {"question": "：要求满载物资长途机动至西藏林芝的林芝是什么", "answer": "机动", "reading_system_answer": null}, {"question": "西藏林芝在林藏林芝的国家长途机动至西藏林芝的国家载载物物资长途机动至西藏林突然", "answer": "物资", "reading_system_answer": null}, {"question": "西林命至西林斯珀斯夫会展令：命至西林斯政府会求求至西藏的国家的命载途动中要令动", "answer": "命令", "reading_system_answer": null}]}, {"text": "沿途不驻站宿营、不临时停车、自行负责车辆技术保障", "qa_pairs": [{"question": "、自自行负责车辆技术保障的原因是什么", "answer": "驻站宿营", "reading_system_answer": "沿途不驻站宿营、不临时停车"}, {"question": "沿途不驻站宿营、不临时停车、自行负责车辆技术保障是什么", "answer": "车辆技术", "reading_system_answer": null}]}, {"text": "随后该营官兵克服暴风雪等重重困难", "qa_pairs": [{"question": "随后该营官兵克服暴风雪等重重困难的国家其服暴风雪等重重困难的服暴风雪克服暴风雪", "answer": "营官兵", "reading_system_answer": null}, {"question": "随后该营官兵克服暴风雪等重重困难的国家其暴克服暴风雪等重重困难的国家其服暴风雪", "answer": "暴风雪", "reading_system_answer": null}]}, {"text": "成功创造了49小时机动1622公里的“川藏线军事运输新纪录”", "qa_pairs": [{"question": "“9小时机动162公里的“川藏线军事运输新纪录”是什么", "answer": "49小时机动1622公里", "reading_system_answer": null}, {"question": "成功创造了49小时机动1622公里的“川藏线军事运输中纪录的目的是什么", "answer": "新纪录", "reading_system_answer": null}]}, {"text": "2014年", "qa_pairs": [{"question": "2014年为何为", "answer": "2014年", "reading_system_answer": null}]}, {"text": "墨脱县城刚通公路", "qa_pairs": [{"question": "墨脱县城刚通公路的墨脱县城刚通公路的墨脱县城刚通公路是什么", "answer": "公路", "reading_system_answer": null}, {"question": "墨脱县城刚通公路的墨脱县城刚通公路的墨脱县城刚通公路是哪个", "answer": "墨脱县城", "reading_system_answer": null}]}, {"text": "某营官兵便满载物资挺进雪域孤岛；2015年", "qa_pairs": [{"question": "某营官兵便满载物资挺进雪域孤岛；2015年年在某国的哪个型号的孤域5015年满", "answer": "雪域孤岛", "reading_system_answer": null}, {"question": "某营官兵便满载物资挺进雪域孤岛；2015年年在哪年挺进雪域孤岛", "answer": "2015年", "reading_system_answer": null}, {"question": "某营官兵便满载物资挺进雪域孤岛；2015年年在某国的哪种型号的孤进雪域孤岛；2", "answer": "营官兵", "reading_system_answer": null}, {"question": "某营官兵便满载物资挺进雪域孤岛；2015年年在2年代官兵便进行的国家满载物资资", "answer": "物资", "reading_system_answer": null}]}, {"text": "某汽车团探索无依托实战化运输保障训练", "qa_pairs": [{"question": "某汽车团探索无依托实战化运输保障训练的无依托实战化运输保障训练的无依托实战化运", "answer": "汽车团", "reading_system_answer": null}, {"question": "某汽车团探索无依托实战化运输保障训练的无依托实战化运输保障训练的无依托实战化运", "answer": "化", "reading_system_answer": null}]}, {"text": "用血汗换来高寒地区开展野战保障的宝贵经验……  　　“与我同坐一个火车皮来当兵的战友", "qa_pairs": [{"question": "……“与我同坐一个火车皮来当高寒地区开展野战保障的宝贵经验……“与我同坐一个火", "answer": "当兵", "reading_system_answer": null}, {"question": "……“与我同坐一个火车皮来当兵的战友是哪一个", "answer": "战友", "reading_system_answer": null}, {"question": "……“与我同坐一个火车皮来当兵的战友是什么", "answer": "宝贵经验", "reading_system_answer": "用血汗换来高寒地区开展野战保障的宝贵经验"}, {"question": "……“与我同坐一个火车皮来当兵的战友是什么", "answer": "一个火车皮", "reading_system_answer": "用血汗换来高寒地区开展野战保障的宝贵经验"}, {"question": "……“与我同坐一个火车皮来当兵的战友是什么", "answer": "血汗", "reading_system_answer": "用血汗换来高寒地区开展野战保障的宝贵经验"}, {"question": "……“与我同坐一个火车皮来当兵的战友是什么", "answer": "地区", "reading_system_answer": "用血汗换来高寒地区开展野战保障的宝贵经验"}]}, {"text": "他们把生命留在了川藏线", "qa_pairs": [{"question": "在了川藏线生命留在了川藏线的生命留命留命的生命川藏线藏们把生留川藏线藏们把藏们", "answer": "", "reading_system_answer": null}]}, {"text": "而我从一名列兵成长为一名中校", "qa_pairs": [{"question": "我国从一名列兵成长为一名中校的中校的一名列兵成长为一名列兵成长为一名列兵成我从", "answer": "一名", "reading_system_answer": null}, {"question": "我国在一名列兵成长为一名中校的国家从一名列兵成长为一名中校的目的是什么", "answer": "一名列兵", "reading_system_answer": null}]}, {"text": "上百趟执行高原运输任务", "qa_pairs": [{"question": "上百趟执行任输输输输输运输车上执行高输任运输枪的原因是什么", "answer": "任务", "reading_system_answer": null}, {"question": "上百趟执行高原运输任务的原因是什么", "answer": "高原", "reading_system_answer": null}]}, {"text": "面对生与死的考验都挺过来了", "qa_pairs": [{"question": "挺过来了什么考验都挺过来了", "answer": "", "reading_system_answer": "面对生与死"}]}, {"text": "此次对于后勤力量调整改革", "qa_pairs": [{"question": "此次对于后勤力量调整改革的原因是什么", "answer": "后勤力量", "reading_system_answer": null}]}, {"text": "我全听组织安排", "qa_pairs": [{"question": "我全听组织安排中我全听组织安排中我全听组织安排中排组织排组织排中安全排名排中排", "answer": "", "reading_system_answer": null}]}, {"text": "”这是此次任务出发前", "qa_pairs": [{"question": "””出发前是此次务出发前的任务是什么", "answer": "任务", "reading_system_answer": null}]}, {"text": "某营教导员陈红写下的庄严承诺", "qa_pairs": [{"question": "某营教导员陈红写下的庄严承诺是", "answer": "营教导员陈红", "reading_system_answer": null}]}, {"text": "与陈教导员一样", "qa_pairs": [{"question": "与陈教导员一样的导员一样", "answer": "陈教导员", "reading_system_answer": null}]}, {"text": "这次任务中的许多官兵都将面对进退走留的现实考验", "qa_pairs": [{"question": "现许兵对将面对进行考验的实官的实官的实留退都将面考进系的实官中的现任务是什么", "answer": "现实", "reading_system_answer": null}, {"question": "许多多官兵都将面对进退走留的现实考验的多官兵都将面对进退走留的现实考验的多官兵", "answer": "许多官兵", "reading_system_answer": null}, {"question": "任面对许兵都将许兵走退中的务官中的实考验的任面对进退中的任面兵都将许务的实考验", "answer": "任务", "reading_system_answer": null}]}, {"text": "但任务到来时", "qa_pairs": [{"question": "任务来务来时到到到时期任务任务任务的到到到来来时任务任来来务表但任务但任务的到", "answer": "时", "reading_system_answer": null}, {"question": "任来时来时来到时来到时来到到到到时来但但但但务务任务务任到到到到到到时到但但但", "answer": "任务", "reading_system_answer": null}]}, {"text": "他们依然冲锋在一线", "qa_pairs": [{"question": "他们依然冲锋在一线在冲锋在一线在冲锋在一线在冲锋的目的是什么", "answer": "一线", "reading_system_answer": null}, {"question": "他冲锋在一线在一线冲锋在一线在一冲中冲锋的目的是什么", "answer": "冲锋", "reading_system_answer": null}]}, {"text": "这就是川藏线官兵的使命担当", "qa_pairs": [{"question": "川藏线官兵的使命担当的使用的是什么", "answer": "官兵", "reading_system_answer": null}]}, {"text": "只要有任务", "qa_pairs": [{"question": "只要有任务要有任务要有任务是什么", "answer": "任务", "reading_system_answer": null}]}, {"text": "不论多繁重都勇于承担；只要有道路", "qa_pairs": [{"question": "勇于承担；只要有道多繁重都勇于承担；只要有道多繁重都勇于承担；只有什么", "answer": "道路", "reading_system_answer": null}, {"question": "勇于承担；只要有道路的国家担担重要有什么", "answer": "多", "reading_system_answer": "不论多繁重"}]}, {"text": "不论多艰险都敢于突进", "qa_pairs": [{"question": "敢于突进的突进中中多艰险都敢于突进的突艰险都敢都多都险突突进行中于敢有什么", "answer": "多", "reading_system_answer": "不论多艰险"}]}, {"text": "在他们眼中", "qa_pairs": [{"question": "在他们眼中眼中眼中眼中眼眼眼眼眼眼在眼中中眼闯枪的他中眼在在眼他他中们中们中们", "answer": "", "reading_system_answer": null}]}, {"text": "“三不倒”精神是在世界屋脊立起的一座丰碑", "qa_pairs": [{"question": "“三不倒”精神是在世界屋脊立起的一座丰碑是", "answer": "精神", "reading_system_answer": null}, {"question": "“三不倒”精神是在世界屋脊立起的一座丰碑是", "answer": "世界屋脊", "reading_system_answer": null}, {"question": "“三不倒”精神是在世界屋脊立起的一座丰碑是", "answer": "一座", "reading_system_answer": null}, {"question": "“”精起的一座丰碑是哪个", "answer": "三", "reading_system_answer": "三不倒”精神"}]}, {"text": "是他们永恒的精神坐标", "qa_pairs": [{"question": "永恒的精神坐标是什么", "answer": "精神", "reading_system_answer": null}]}, {"text": "四  　　川藏公路不仅是国防运输线", "qa_pairs": [{"question": "四川藏公路不仅是国防运输线的国家是四川公路不仅是国防运输线的国家是四川公路输线", "answer": "四", "reading_system_answer": "川藏公路"}, {"question": "四川藏公路不仅是国防运输线的国家在四川藏公路不仅是国防运输线的运输线是什么", "answer": "国防运输线", "reading_system_answer": "川藏公路"}, {"question": "四川藏公路不仅是国防运输线的国家是四川藏公路不仅是国防运输线的国家其藏公路仅是", "answer": "川藏公路", "reading_system_answer": "川藏公路"}]}, {"text": "也是一条团结线、幸福线", "qa_pairs": [{"question": "、幸福线、幸福线的、结线、幸团结线、结线、结线福线是什么", "answer": "一条", "reading_system_answer": null}, {"question": "、、幸福线福线福线福线福线幸线、线是什么", "answer": "线", "reading_system_answer": "一条团结线"}]}, {"text": "一路上", "qa_pairs": [{"question": "一路上一一一一路上上上上上上上上上上路一一一一一一一一一一一一一一一一一一一一", "answer": "", "reading_system_answer": null}]}, {"text": "总能看到藏族儿童向车队行少先队队礼", "qa_pairs": [{"question": "总能看藏族儿童向车队行少先队队礼为什么", "answer": "少先队队礼", "reading_system_answer": null}, {"question": "总能看到藏族儿童向车队行少先队队礼的国家向藏族儿童向车队行少先队队礼的国家向车", "answer": "儿童", "reading_system_answer": null}, {"question": "藏族儿童向车队行少先队队礼的总能车队礼少先到藏族儿童向车队行少先队队行少的国家", "answer": "总能", "reading_system_answer": null}, {"question": "到藏族儿童向车队行少先队队礼的国家向藏族儿童向车队行少先队队礼的向车队行少", "answer": "车队", "reading_system_answer": null}]}, {"text": "学藏族文化、交藏族朋友、为藏族群众做好事", "qa_pairs": [{"question": "学藏族文化、交藏族朋友、为藏族群众做好事的国家为藏族群众做好事的国家为、交藏族", "answer": "文化", "reading_system_answer": null}, {"question": "学藏族文化、交藏族朋友、为藏族群众做好事的国家为藏族群众做好事的国家为、交藏族", "answer": "朋友", "reading_system_answer": null}, {"question": "藏族群众做好事学学藏族文化、朋友做群众做好事的国家族族文化藏族文化、朋友、群众", "answer": "学", "reading_system_answer": null}, {"question": "学藏族文化、交藏族朋友、为藏族群众做好事的目的是什么", "answer": "群众做好事", "reading_system_answer": null}]}, {"text": "是川藏兵站部官兵坚持数十年的传统", "qa_pairs": [{"question": "川藏兵站部官兵坚持数十年的传统的持数是", "answer": "兵站部官兵", "reading_system_answer": null}, {"question": "川藏兵站部官兵坚的传十年的传统是什么", "answer": "传统", "reading_system_answer": null}, {"question": "川藏兵站部官兵坚持数十年的传统的传统是", "answer": "数十年", "reading_system_answer": null}]}, {"text": "这条路", "qa_pairs": [{"question": "条路路条路条这任条路条这任条路条这任路是什么", "answer": "条路", "reading_system_answer": null}]}, {"text": "将藏族同胞的心与解放军紧紧地连在了一起", "qa_pairs": [{"question": "将藏族同胞的心与解放军紧紧地连在了一起的解放军紧紧地连在了一起的解放军紧紧地连", "answer": "解放军", "reading_system_answer": null}, {"question": "将藏族同胞的心与解放军紧紧地连在了什么", "answer": "一起", "reading_system_answer": null}, {"question": "将藏族同胞的心与解放军紧紧地连在了一起的紧紧地连在了一起的紧紧地地中紧放军事的", "answer": "心", "reading_system_answer": null}, {"question": "将藏族同胞的心与解放军紧紧地连在了一起的解放军紧紧地连在了一起同的心与解放军紧", "answer": "藏族同胞", "reading_system_answer": null}]}, {"text": "长路车灯照亮万家灯火", "qa_pairs": [{"question": "长路车灯照亮万家灯火的长是", "answer": "长路车灯", "reading_system_answer": null}]}, {"text": "夜晚", "qa_pairs": [{"question": "夜晚夜晚夜夜夜夜夜夜夜夜夜夜夜夜夜夜夜夜夜夜夜夜夜夜夜夜夜夜夜夜夜夜夜的夜夜夜", "answer": "", "reading_system_answer": null}]}, {"text": "车队抵达兵站", "qa_pairs": [{"question": "抵达兵站抵达兵站抵达兵站抵达队车队抵达了抵达兵站抵达了抵达队车队车车车车车车车", "answer": "车队", "reading_system_answer": null}, {"question": "车队抵达兵站车队抵达兵站车队抵达了什么", "answer": "兵站", "reading_system_answer": null}]}, {"text": "皎洁的月光洒满整个车场", "qa_pairs": [{"question": "皎洁的月光洒满整个车场是什么", "answer": "月光", "reading_system_answer": null}, {"question": "皎洁的月光洒满整个车场是什么", "answer": "车场", "reading_system_answer": null}]}, {"text": "大家围坐在一起", "qa_pairs": [{"question": "大家围坐在一起围坐在一起围坐在一起围坐什么", "answer": "一起", "reading_system_answer": null}, {"question": "大家围坐在一起围坐在一起围坐在一起围坐在一起围坐一家围坐在大家大家大家大家大围", "answer": "大家", "reading_system_answer": null}]}, {"text": "唱起了《长长长长的川藏线》", "qa_pairs": [{"question": "唱起了《长长长长的川藏线》的长长长的川藏线》的长长长的川藏线》的长长长的川藏唱", "answer": "长长", "reading_system_answer": null}]}, {"text": "远处屹立的路碑", "qa_pairs": [{"question": "远处屹立的路碑是什么", "answer": "路碑", "reading_system_answer": null}]}, {"text": "正诉说着新时代汽车兵的“不忘初心", "qa_pairs": [{"question": "正诉说着新时代汽车兵的“不忘初心是什么", "answer": "时代汽车兵", "reading_system_answer": null}, {"question": "正诉时代汽车兵的“不忘初心是什么", "answer": "初心", "reading_system_answer": null}]}, {"text": "行稳致远”……", "qa_pairs": [{"question": "”……的行数是", "answer": "", "reading_system_answer": "行稳致远"}]}]}