{"passage": "艾森豪威尔号航空母舰。它是美国尼米兹级核动力航空母舰的二号舰，舰名承袭自参加过第二次世界大战的美国第34任总统德怀特•艾森豪威尔，因此也与艾森豪威尔总统一样，经常被昵称为“艾克”（Ike）。  1970年6月29日，位于维吉尼亚州纽波特纽斯的纽波特纽斯造船厂正式开始艾森豪威尔号的建造工程。1970年8月15日，艾森豪威尔号的龙骨正式安放（船体编号为599），当时斥资6亿7千9百万美元的预算以2007年的标准来看，约合45亿美元的水平。  艾森豪威尔号是美国海军第8航舰战斗群（CSG-8）的组成武力之一也是该战斗群的旗舰，负责搭载第7舰载机联队（CVW-7），也是第28驱逐战队（Destroyer Squadron 28）指挥官的驻舰。  艾森豪威尔号航空母舰可搭载一个航载机航空联队，包括各种飞机近百架，其中主要有攻击能力很强的F-14雄猫战斗机20架，F/A-18大黄蜂战斗轰炸机20架，A-6入侵者攻击机20架，EA-6B徘徊者电子飞机6架，E-2C“鹰眼”预警机5架，S-3A北欧海盗反潜巡逻机10架，SH-3G/H海王直升机6架等。3座8联装海麻雀舰对空导弹发射装置，3座密集阵近战武器系统，SPS－49对空搜索雷达。  “艾森豪威尔号”航空母舰攻击能力强，单自卫能力弱，要依靠编队中的其他战舰护航。舰上武器装备主要有3座八联装“海麻雀”中程对空导弹发射装置和3座20毫米6管“火神-密集阵”近程武器系统。  为提高生存能力，“艾森豪威尔号”采用了许多先进的技术，使舰体结构坚实。飞行甲板是封闭式，机库甲板以下的船体是整体的水密结构。双层船体采用高强度钢，中间层是水箱和泡沫灭火设备。这种结构能在舰体严重受损的情况下对全舰起保护作用。全舰设有23道水密横舱壁和十道防火舱壁，将全舰分为2000个隔舱，安全设备十分先进。", "sentences": [{"text": "艾森豪威尔号航空母舰", "qa_pairs": [{"question": "艾森豪号航空母舰是什么", "answer": "艾森豪威尔号航空母舰", "reading_system_answer": "艾森豪威尔号"}]}, {"text": "它是美国尼米兹级核动力航空母舰的二号舰", "qa_pairs": [{"question": "美国尼米兹级核动力航空母舰的二号舰是什么", "answer": "美国尼米兹级核动力航空母舰", "reading_system_answer": null}, {"question": "美国尼米兹级核动力航空母舰的二号舰是哪个", "answer": "二号", "reading_system_answer": null}]}, {"text": "舰名承袭自参加过第二次世界大战的美国第34任总统德怀特•艾森豪威尔", "qa_pairs": [{"question": "第二次世界大战的美国第34任总统德怀特•艾森豪威尔在艾森豪威尔的国家参加过第二", "answer": "舰名", "reading_system_answer": null}, {"question": "第二次世界大战的美国第34任总统德怀特•艾森豪尔是哪个", "answer": "艾森豪威尔", "reading_system_answer": null}, {"question": "第二次世界大战的美国第34任总统德怀特•艾森豪威尔是哪个", "answer": "总统德怀特", "reading_system_answer": null}, {"question": "德国第二次世界大战的美国第34任总统德怀特•艾森豪威尔的国家参加过第二次世界大", "answer": "美国第34", "reading_system_answer": null}]}, {"text": "因此也与艾森豪威尔总统一样", "qa_pairs": [{"question": "因为艾豪威尔总统一样的总统一样是", "answer": "艾森豪威尔总统", "reading_system_answer": null}]}, {"text": "经常被昵称为“艾克”（Ike）", "qa_pairs": [{"question": "“ike）型号是什么", "answer": "Ike", "reading_system_answer": "艾克"}, {"question": "“ike）是什么", "answer": "艾克", "reading_system_answer": null}, {"question": "“被被称“k克”eeeeee））”””””””””””（（（（（（（（（（常常", "answer": "昵称", "reading_system_answer": null}]}, {"text": "1970年6月29日", "qa_pairs": [{"question": "1月2年700000000000日空对于何时实论", "answer": "1970年6月29日", "reading_system_answer": null}]}, {"text": "位于维吉尼亚州纽波特纽斯的纽波特纽斯造船厂正式开始艾森豪威尔号的建造工程", "qa_pairs": [{"question": "纽森豪威尔号的建造工程是什么", "answer": "纽斯造船厂", "reading_system_answer": "位于维吉尼亚州纽波特纽斯的纽波特纽斯造船厂"}, {"question": "纽森豪威尔号的建造工程是什么", "answer": "维吉尼亚州", "reading_system_answer": "位于维吉尼亚州纽波特纽斯的纽波特纽斯造船厂"}, {"question": "纽波特纽斯的纽波特纽斯造船厂正式开始艾森豪威尔号的建造工程程造工程是什么", "answer": "工程", "reading_system_answer": null}, {"question": "纽森豪威尔号的建造工程是什么", "answer": "纽斯", "reading_system_answer": "位于维吉尼亚州纽波特纽斯的纽波特纽斯造船厂"}, {"question": "纽波特纽斯的纽波特纽斯造船厂正式开始艾森豪威尔号的建造工程是什么", "answer": "艾森豪威尔号", "reading_system_answer": null}]}, {"text": "1970年8月15日", "qa_pairs": [{"question": "1月1年8年0078月15日对0过四十月很0很1很日本", "answer": "1970年8月15日", "reading_system_answer": null}]}, {"text": "艾森豪威尔号的龙骨正式安放（船体编号为599）", "qa_pairs": [{"question": "艾森豪威尔号的龙骨正式安放（船体编号为599）是什么", "answer": "艾森豪威尔号", "reading_system_answer": null}, {"question": "艾森豪威尔号的龙骨正式安放（船体编号为599）是", "answer": "599", "reading_system_answer": null}, {"question": "艾森豪威尔号的龙骨正式安放（船体编号为599）是哪一型号", "answer": "船体编号", "reading_system_answer": "艾森豪威尔号"}, {"question": "艾森豪威尔号的龙骨正式安放（船体编号为599）是什么", "answer": "龙骨", "reading_system_answer": null}]}, {"text": "当时斥资6亿7千9百万美元的预算以2007年的标准来看", "qa_pairs": [{"question": "美元的预算以什么的标准来看", "answer": "2007年", "reading_system_answer": "2007年"}, {"question": "美国预算以2007年的标准来看的是什么型号的", "answer": "标准", "reading_system_answer": null}, {"question": "当时斥资6亿7千9千9百万美元的预算以2007年的标准来看的是什么型号的", "answer": "6亿7千9百万美元", "reading_system_answer": null}]}, {"text": "约合45亿美元的水平", "qa_pairs": [{"question": "约45亿美元的的水平是什么", "answer": "水平", "reading_system_answer": null}, {"question": "约45亿美元的水平是什么", "answer": "45亿美元", "reading_system_answer": null}]}, {"text": "艾森豪威尔号是美国海军第8航舰战斗群（CSG-8）的组成武力之一也是该战斗群的旗舰", "qa_pairs": [{"question": "美国海军第8航舰战斗群的旗舰是哪个", "answer": "武力", "reading_system_answer": "艾森豪威尔号"}, {"question": "美国海军第8航舰战斗群（csg8的组成武力之一也是该战斗群的旗舰是哪一型号", "answer": "战斗群", "reading_system_answer": "艾森豪威尔号"}, {"question": "美国海军第8航舰战斗群的旗舰是哪个", "answer": "旗舰", "reading_system_answer": "艾森豪威尔号"}, {"question": "艾森豪威尔号的战斗群的旗舰是什么", "answer": "美国海军第8航舰战斗群", "reading_system_answer": null}, {"question": "美国海军第8航舰战斗群的旗舰是哪个", "answer": "CSG", "reading_system_answer": "艾森豪威尔号"}, {"question": "美国海军第8航舰战斗群的旗舰是哪个", "answer": "艾森豪威尔号", "reading_system_answer": "艾森豪威尔号"}]}, {"text": "负责搭载第7舰载机联队（CVW-7）", "qa_pairs": [{"question": "第7舰载机联队（cvw-7）的第7舰载机联队（cvw-7）是", "answer": "第7", "reading_system_answer": null}, {"question": "负责搭载第7舰载机联队（cvw-7）的国家w-7）联队（cvw-7）联队第7舰", "answer": "联队", "reading_system_answer": null}, {"question": "负责搭载第7舰载机联队（cvw-7）的国家搭载第7舰载机联队（cvw-7）的国", "answer": "CVW", "reading_system_answer": null}]}, {"text": "也是第28驱逐战队（Destroyer Squadron 28）指挥官的驻舰", "qa_pairs": [{"question": "第28驱逐战队（destron28）指挥官的驻舰是哪一型号", "answer": "第28", "reading_system_answer": "也是"}, {"question": "第28驱逐战队（destron28）指挥官的驻舰是哪一型号", "answer": "28", "reading_system_answer": "也是"}, {"question": "第destron28）指挥官的驻舰是哪个", "answer": "战队", "reading_system_answer": "第28驱逐战队"}, {"question": "第28驱逐战队（destrqursqursn28驱逐战队（destron28）", "answer": "驻舰", "reading_system_answer": null}, {"question": "第28驱逐战队（destron28）指挥官的驻舰是什么", "answer": "Squadron", "reading_system_answer": "也是"}, {"question": "第28驱逐战队（destron28）指挥官的驻舰是什么", "answer": "指挥官", "reading_system_answer": "也是"}, {"question": "第28驱逐战队（destron28）指挥官的驻舰是什么", "answer": "Destroyer", "reading_system_answer": "也是"}]}, {"text": "艾森豪威尔号航空母舰可搭载一个航载机航空联队", "qa_pairs": [{"question": "艾森豪威尔号航空母舰可搭载一个航载机航空联队是", "answer": "艾森豪威尔号航空母舰", "reading_system_answer": null}, {"question": "艾森豪威尔号航空母舰可搭载一个航载机航空联队是", "answer": "机航空联队", "reading_system_answer": null}, {"question": "艾森豪威尔号航空母舰可搭载一个航载机航空联队的航载机航空联队是什么", "answer": "一个", "reading_system_answer": null}]}, {"text": "包括各种飞机近百架", "qa_pairs": [{"question": "包括各种飞机近百架的近种飞机近百架是什么", "answer": "百架", "reading_system_answer": null}, {"question": "包括各种飞机近百架的飞机是哪一个", "answer": "飞机", "reading_system_answer": null}]}, {"text": "其中主要有攻击能力很强的F-14雄猫战斗机20架", "qa_pairs": [{"question": "f-14雄猫战斗机的战斗机是哪个", "answer": "F", "reading_system_answer": "F-14雄猫战斗机"}, {"question": "f-14雄猫战斗机20架的战斗机是什么", "answer": "攻击能力", "reading_system_answer": null}, {"question": "f-的战斗机是什么", "answer": "14雄猫战斗机20架", "reading_system_answer": "F-14雄猫战斗机"}]}, {"text": "F/A-18大黄蜂战斗轰炸机20架", "qa_pairs": [{"question": "f/a-18大黄蜂战斗轰炸机是哪一型号", "answer": "轰炸机20架", "reading_system_answer": "F/A-18大黄蜂战斗轰炸机"}, {"question": "f/a-18大黄蜂战斗轰炸机的轰炸机是什么", "answer": "18大黄蜂", "reading_system_answer": null}]}, {"text": "A-6入侵者攻击机20架", "qa_pairs": [{"question": "a-6入侵者攻击机是什么", "answer": "入侵者攻击机20架", "reading_system_answer": null}]}, {"text": "EA-6B徘徊者电子飞机6架", "qa_pairs": [{"question": "ea-6b徘徊者电子飞机6架是什么型号", "answer": "EA", "reading_system_answer": null}, {"question": "ea-6b徘徊者电子飞机是哪一型号", "answer": "6B", "reading_system_answer": null}, {"question": "ea-6b徘徊者电子飞机是什么", "answer": "电子飞机6架", "reading_system_answer": null}]}, {"text": "E-2C“鹰眼”预警机5架", "qa_pairs": [{"question": "e-2c“鹰眼”预警机5架是哪个", "answer": "鹰眼", "reading_system_answer": null}, {"question": "e-2c“鹰眼”预警机是什么", "answer": "预警机5架", "reading_system_answer": null}, {"question": "e-2c“鹰眼”预警机的预警机是哪个", "answer": "2C", "reading_system_answer": null}]}, {"text": "S-3A北欧海盗反潜巡逻机10架", "qa_pairs": [{"question": "s-3a北欧海盗反潜巡逻机的反潜巡逻机是哪个", "answer": "3A北欧海盗", "reading_system_answer": null}, {"question": "s-3a北欧海盗反潜巡逻机的反潜巡逻机是哪一型号", "answer": "10架", "reading_system_answer": "S-3A北欧海盗反潜巡逻机"}]}, {"text": "SH-3G/H海王直升机6架等", "qa_pairs": [{"question": "sh-3g/h海王直升机6架等等是什么", "answer": "SH", "reading_system_answer": null}, {"question": "sh-3g/h海王直升机6架等等是什么", "answer": "3G", "reading_system_answer": null}, {"question": "sh-3g/h3g/h海王直升机是哪个", "answer": "直升机6架", "reading_system_answer": null}]}, {"text": "3座8联装海麻雀舰对空导弹发射装置", "qa_pairs": [{"question": "3座8联装海麻雀舰对空导弹发射装置的是哪种型号", "answer": "空导弹发射装置", "reading_system_answer": null}, {"question": "3座8联装海麻雀舰对空导弹发射装置的是哪个", "answer": "3座8联装海麻雀", "reading_system_answer": null}]}, {"text": "3座密集阵近战武器系统", "qa_pairs": [{"question": "3座密集阵近战武器系统是什么", "answer": "3座密集阵", "reading_system_answer": null}, {"question": "3座密集阵近战武器系统是什么", "answer": "武器系统", "reading_system_answer": null}]}, {"text": "SPS－49对空搜索雷达", "qa_pairs": [{"question": "sps－49对空搜索雷达是哪架", "answer": "SPS", "reading_system_answer": null}, {"question": "sps－49对空搜索雷达是哪一型号", "answer": "49", "reading_system_answer": null}, {"question": "sps－49对空搜索雷达是什么", "answer": "空搜索雷达", "reading_system_answer": null}]}, {"text": "“艾森豪威尔号”航空母舰攻击能力强", "qa_pairs": [{"question": "“航空母舰攻击能力强是什么", "answer": "艾森豪威尔号", "reading_system_answer": null}, {"question": "“艾森豪威尔号”航空母舰攻击能力强是什么", "answer": "航空母舰攻击能力", "reading_system_answer": null}]}, {"text": "单自卫能力弱", "qa_pairs": [{"question": "单自卫能力弱的单弱卫能力弱是什么", "answer": "能力", "reading_system_answer": null}, {"question": "单能力弱的自力弱是什么", "answer": "单", "reading_system_answer": null}]}, {"text": "要依靠编队中的其他战舰护航", "qa_pairs": [{"question": "中国战舰护航的护航中的护航的护航是哪个", "answer": "编队", "reading_system_answer": null}, {"question": "要依靠编队中的其他战舰护航的护航是什么", "answer": "战舰", "reading_system_answer": null}]}, {"text": "舰上武器装备主要有3座八联装“海麻雀”中程对空导弹发射装置和3座20毫米6管“火神-密集阵”近程武器系统", "qa_pairs": [{"question": "“火神-密集阵”近程武器系统的国家装备主要有3座八联装“海麻雀”中程对空导弹发", "answer": "3座20毫米6", "reading_system_answer": null}, {"question": "海近程武器系统的海麻雀”是哪个公司研发的", "answer": "密集阵", "reading_system_answer": null}, {"question": "舰海麻雀”中程对空导弹发射装置和3座20毫米6管“火神-密集阵”近程武器系统的", "answer": "火神", "reading_system_answer": null}, {"question": "“海麻雀”中程对空导弹发射装置的国家装备主要有3座八联装“海麻雀”中程对空导弹", "answer": "空导弹发射装置", "reading_system_answer": null}, {"question": "舰上武器装备主要有3座八联装“海麻雀”中程对空导弹发射装置的国家的武器系统的国", "answer": "海麻雀", "reading_system_answer": null}, {"question": "“海麻雀”中程对空导弹发射装置和3座八联装“海麻雀”中程对空导弹发射装置的国家", "answer": "3座八", "reading_system_answer": "八联装“海麻雀”中程对空导弹发射装置和3座"}, {"question": "“海麻雀”中程对空导弹发射装置和3座20毫米6管“火神-密集阵”近程武器系统的", "answer": "近程武器系统", "reading_system_answer": null}, {"question": "海海麻雀”中程对空导弹发射装置和3座20毫米6管“火神-密集阵”近程武器系统的", "answer": "中程", "reading_system_answer": null}]}, {"text": "为提高生存能力", "qa_pairs": [{"question": "提高生存能力为提高生存能力为提高生存能力的提战中高存生生生生的高存生生生生的高", "answer": "", "reading_system_answer": null}]}, {"text": "“艾森豪威尔号”采用了许多先进的技术", "qa_pairs": [{"question": "“艾森豪威尔号”多先进的技术是什么", "answer": "许多", "reading_system_answer": null}, {"question": "“艾森豪威尔号”采用了许多先进的技术", "answer": "艾森豪威尔号", "reading_system_answer": null}, {"question": "“艾森豪威尔号”采用了许多先进的技术", "answer": "技术", "reading_system_answer": null}]}, {"text": "使舰体结构坚实", "qa_pairs": [{"question": "使舰体结构坚实坚实结构结构坚实坚体结构使用什么", "answer": "舰体结构", "reading_system_answer": null}]}, {"text": "飞行甲板是封闭式", "qa_pairs": [{"question": "飞行甲板是封闭式的飞机是哪个", "answer": "甲板", "reading_system_answer": null}, {"question": "飞行甲板是封闭式的飞机闭闭是什么", "answer": "封闭式", "reading_system_answer": null}]}, {"text": "机库甲板以下的船体是整体的水密结构", "qa_pairs": [{"question": "机库甲板以下的船体是整体的水密结构是什么", "answer": "水密结构", "reading_system_answer": null}, {"question": "机库甲板以下的船体是整体的水密结构是什么", "answer": "整体", "reading_system_answer": null}, {"question": "机库甲板以下的船体是整体的水密结构的结构是什么", "answer": "机库甲板", "reading_system_answer": null}, {"question": "机库甲板以下的船体是整体的水密结构是什么", "answer": "船体", "reading_system_answer": null}]}, {"text": "双层船体采用高强度钢", "qa_pairs": [{"question": "双层船体采用高强度钢的双层船体采用的是什么船体采用", "answer": "双层船体", "reading_system_answer": null}, {"question": "双层船体采用什么样的", "answer": "高强度钢", "reading_system_answer": null}]}, {"text": "中间层是水箱和泡沫灭火设备", "qa_pairs": [{"question": "中间泡沫灭火设备的是什么样的", "answer": "中间层", "reading_system_answer": "中间层是水箱"}, {"question": "中间层是水箱和泡沫灭火设备的什么火沫灭火设备", "answer": "泡沫", "reading_system_answer": null}, {"question": "中国为什么要层是水箱和泡沫灭火设备的", "answer": "水箱", "reading_system_answer": null}]}, {"text": "这种结构能在舰体严重受损的情况下对全舰起保护作用", "qa_pairs": [{"question": "全舰起保护作用的全舰起保护作用的是什么样的态度", "answer": "情况", "reading_system_answer": "这种结构能在舰体严重受损的情况下"}, {"question": "全舰起保护作用的全舰起保护作用的是什么舰体严重受损的情况", "answer": "舰体", "reading_system_answer": "这种结构能在舰体严重受损的情况下"}, {"question": "全舰起保护作用的结构能在舰体严重受损的情况下对全舰起保护作用的是什么结构", "answer": "结构", "reading_system_answer": null}, {"question": "全舰起保护作用的是什么舰体严重受损的情况下对全舰起保护作用的", "answer": "全舰", "reading_system_answer": "这种结构"}]}, {"text": "全舰设有23道水密横舱壁和十道防火舱壁", "qa_pairs": [{"question": "全舰设有23道水密横舱壁和十道防火舱壁的国家全舰设有23道水密横舱壁和十道防火", "answer": "23道水密", "reading_system_answer": null}, {"question": "全舰设有23道水密横舱壁和十道防火舱壁的国家全舰设有23道水密横舱壁和十道防火", "answer": "十道", "reading_system_answer": null}, {"question": "全舰设有23道水密横舱壁和十道防火舱壁的国家全舰壁和十道防火舱壁的国家其舰壁和", "answer": "全舰", "reading_system_answer": null}]}, {"text": "将全舰分为2000个隔舱", "qa_pairs": [{"question": "将全舰分为哪一个", "answer": "2000个隔舱", "reading_system_answer": "2000个"}, {"question": "将全舰分为2000个隔舱的00个隔舱是什么", "answer": "全舰", "reading_system_answer": null}]}, {"text": "安全设备十分先进", "qa_pairs": [{"question": "安全设备十分先进的十分先进是什么", "answer": "十分", "reading_system_answer": null}]}]}