{"passage": "在世界各国的两栖中，大多有这样几类舰艇：第一种是两栖攻击舰艇，这一类中包括两栖攻击舰、两栖船坞登陆舰、两栖船坞运输舰、坦克登陆舰等，第二种是后勤登陆舰，像美军的机动登陆平台、海上预置舰和军民两用舰船，第三种是小型两栖舰艇，这一类包括可被大型船坞式登陆舰艇搭载的气垫登陆艇和传统排水型登陆艇等，以及其他小型两栖登陆艇。   在各个海军的强国，两栖舰艇在进行登陆作战时，通常会采取编队形式遂行作战行动，像老牌的海上强国英国，就以“海洋”号直升机航母、“海神之子”级两栖船坞登陆舰、“海湾”级后勤登陆舰组成了分工合作的两栖舰艇编队。而世界各国的标杆---美国海军则以“黄蜂”级LHD（最新为“美国”级）两栖攻击舰、圣安东尼奥级两栖船坞运输舰LPD，惠德贝岛级两栖船坞登陆舰LSD为核心组成远洋两栖打击群，在这个编队中，LHD两栖攻击舰主要负责搭载垂直起降战斗机和航空攻击、运输力量；LSD侧重进行人员和气垫登陆艇的搭载;LPD侧重车辆和物资的搭载，通常情况下，每个两栖打击群包含LPD/LHD/LSD各1艘，在执行远程两栖任务时，大概可以携带一个营级MEU，大概相当于我军的一个重装机械化步兵团级单位。   我军在建设两栖登陆力量上，走过不少弯路，从最初的接收国民党军和地方的二手美军剩余物资开始，一直到建造072系列坦克登陆舰，才算基本上形成了自己的两栖运输力量体系，但这样的体系存在着非常大的问题，即航渡速度慢、运输力量小、防空能力极弱小、对两栖登陆火力支援能力低下等等。因此在新一批造舰高潮开始后，我军对两栖作战能力也相应的进行了整合和建造，最为突出的就是效仿美军，建造了071型综合登陆舰，所对应的是类型，就是美军的LPD两栖船坞运输舰，但是我军把美军、英军的两栖船坞登陆舰和两栖船坞运输舰的概念合二为一，所以071相应的就承担了两种两栖舰艇的任务，在搭载方式和运输搭配上更加灵活。在航空力量的搭载上，我军预计将建造075型两栖攻击舰，以搭载航空打击和运输力量，由于我军目前还没有美军现役的AV-8B、F-35B那样的垂直起降战斗机，所以我军的两栖攻击舰预计将搭载更多的直-10武装直升机以进行战场打击任务，这就要求我军的两栖攻击舰要尽可能多的搭载直升机，相应的科研试飞据报道已经在进行中。   从上文可以看出，我军的两栖舰艇编队相比美军和英军，在编队构成方面显得更加简洁，即用两种船坞式两栖舰做到美英国家三种两栖舰艇的作用。在075两栖攻击舰服役以后，预计我军将大量淘汰落后的中小型两栖登陆舰艇，采用1艘两栖攻击舰搭配2艘两栖船坞运输舰的方式，携载约1-2个重装/3-4个轻装陆战队合成营，以进行一般化和低烈度的两栖登陆任务。在大规模两栖登陆作战中，我军会以大部分近程两栖运输力量（包括几乎所有的坦克登陆舰和中小型两栖登陆艇）正面登陆，而以两栖船坞登陆舰、两栖攻击舰为核心的远洋两栖力量，则会从侧面、敌后方向进行突击登陆。", "sentences": [{"text": "在世界各国的两栖中", "qa_pairs": [{"question": "在世界各国的两栖中的两栖中两国的两栖中世界各国的两栖在世界各国的世界在在世界在", "answer": "世界", "reading_system_answer": null}]}, {"text": "大多有这样几类舰艇：第一种是两栖攻击舰艇", "qa_pairs": [{"question": "大多有这样几类类舰艇：第一种是两栖攻击舰艇的国家其第一种是两栖攻击舰艇的国家大", "answer": "第一种", "reading_system_answer": null}, {"question": "：第一种是两栖攻击舰艇的国家是哪艘舰艇", "answer": "舰艇", "reading_system_answer": null}, {"question": "：第一种是两栖攻击舰艇的国家在两栖攻击舰艇是哪一种", "answer": "几类舰艇", "reading_system_answer": null}, {"question": "大多有这样几类舰艇：第一种是两栖攻击舰艇的国家在两栖攻击舰艇的国家在两栖攻击舰", "answer": "大多", "reading_system_answer": null}]}, {"text": "这一类中包括两栖攻击舰、两栖船坞登陆舰、两栖船坞运输舰、坦克登陆舰等", "qa_pairs": [{"question": "、两栖船坞登陆舰等两栖船坞运输舰、坦克登陆舰等哪一型号的坦克登陆舰", "answer": "一类", "reading_system_answer": "两栖攻击舰"}, {"question": "、两栖船坞登陆舰、两栖船坞运输舰、坦克登陆舰等哪些", "answer": "坦克登陆舰", "reading_system_answer": null}, {"question": "、两栖船坞登陆舰、两栖船坞运输舰、坦克登陆舰等哪些军舰", "answer": "船坞登陆舰", "reading_system_answer": "两栖攻击舰"}, {"question": "、两栖船坞登陆舰、两栖船坞运输舰、坦克登陆舰等哪些军舰", "answer": "船坞运输舰", "reading_system_answer": "两栖攻击舰"}]}, {"text": "第二种是后勤登陆舰", "qa_pairs": [{"question": "第二种是后勤登陆舰的第二种是后勤登陆舰的国家是二陆舰的国家是二种是后勤登陆舰的", "answer": "后勤登陆舰", "reading_system_answer": null}, {"question": "第二种是后勤登陆舰的第二种是后勤登陆舰的国家是二种第二种是后勤登陆舰的国家陆第", "answer": "第二种", "reading_system_answer": null}]}, {"text": "像美军的机动登陆平台、海上预置舰和军民两用舰船", "qa_pairs": [{"question": "、海上预置舰和军民两用舰船的国家的机动登陆平台、海上预置舰和军民两用舰船是什么", "answer": "平台", "reading_system_answer": null}, {"question": "像美军的机动登陆平台、海上预置舰和军民两用舰船的国家预置舰和军民两用舰船的国家", "answer": "机动", "reading_system_answer": null}, {"question": "美军的机动登陆平台、海上预置舰和军民两用舰船是什么", "answer": "军民两用舰船", "reading_system_answer": null}]}, {"text": "第三种是小型两栖舰艇", "qa_pairs": [{"question": "第三种是小型两栖舰艇的两栖舰艇是哪艘", "answer": "舰艇", "reading_system_answer": null}, {"question": "第三种是小型两栖舰艇的国家是第三种是小型两栖舰艇的国家其两种栖型第三种是小型第", "answer": "第三种", "reading_system_answer": null}]}, {"text": "这一类包括可被大型船坞式登陆舰艇搭载的气垫登陆艇和传统排水型登陆艇等", "qa_pairs": [{"question": "搭载大型船坞式登陆舰艇搭载的气垫登陆艇和传统排水型登陆艇等括可被大型船坞式登陆", "answer": "传统", "reading_system_answer": null}, {"question": "搭载的气垫登陆艇艇搭载的气垫登陆艇和传统排水型登陆艇等于大型船坞式登陆舰艇搭载", "answer": "舰艇", "reading_system_answer": null}, {"question": "搭载的气垫登陆艇和传统排水型登陆艇等括可被大型船坞式登陆舰艇搭载的气垫登陆艇和", "answer": "一类", "reading_system_answer": null}, {"question": "搭载的气垫登陆艇和传统排水型登陆艇等的国家其一类包括可被大型船坞式登陆舰艇搭载", "answer": "船坞", "reading_system_answer": "这一类包括可被大型船坞式登陆舰艇搭载的气垫登陆艇和传统排水型登陆艇"}, {"question": "这一类包括可被大型船坞式登陆舰艇搭载的气垫登陆艇和传统排水型登陆艇等登陆艇和传", "answer": "登陆艇", "reading_system_answer": null}, {"question": "这一类包括可被大型船坞式登陆舰艇搭载的气垫登陆艇和传统排水型登陆艇等哪些", "answer": "气垫登陆艇", "reading_system_answer": null}]}, {"text": "以及其他小型两栖登陆艇", "qa_pairs": [{"question": "以及其他小型两栖登陆艇的国家其两栖登陆艇是什么", "answer": "登陆艇", "reading_system_answer": null}]}, {"text": "在各个海军的强国", "qa_pairs": [{"question": "在各个海军的强国的强国是什么", "answer": "海军", "reading_system_answer": null}, {"question": "在各个海军的强国是什么", "answer": "强国", "reading_system_answer": null}]}, {"text": "两栖舰艇在进行登陆作战时", "qa_pairs": [{"question": "两栖舰艇在进行登陆作战时的作用是什么", "answer": "舰艇", "reading_system_answer": null}, {"question": "两栖舰艇在进行登陆作战时的作用是什么", "answer": "登陆作战时", "reading_system_answer": null}]}, {"text": "通常会采取编队形式遂行作战行动", "qa_pairs": [{"question": "通常会采取编队形式遂行作战行动的战行动中中国的编作战行动中中国的编队编作战行中", "answer": "编队形式", "reading_system_answer": null}]}, {"text": "像老牌的海上强国英国", "qa_pairs": [{"question": "像老牌的海上强国英国海上强国英国老牌的海上强国英国老牌的海上强国英国老牌的老牌", "answer": "老牌", "reading_system_answer": null}, {"question": "像老牌的海上强国英国是什么", "answer": "强国英国", "reading_system_answer": null}]}, {"text": "就以“海洋”号直升机航母、“海神之子”级两栖船坞登陆舰、“海湾”级后勤登陆舰组成了分工合作的两栖舰艇编队", "qa_pairs": [{"question": "、“海神之子”级两栖船坞登陆舰的国家之“海神之子”级两栖船坞登陆舰组成了分工合", "answer": "级后勤登陆舰", "reading_system_answer": null}, {"question": "、“海神之子”级两栖船坞登陆舰的直号直升机航母、“海神之子”级两栖船坞登陆舰、", "answer": "级", "reading_system_answer": null}, {"question": "、“海湾之子”级两栖船坞登陆舰组成了分工合作的两栖舰艇编队是哪个", "answer": "舰艇编队", "reading_system_answer": "海洋”号直升机航母、“海神之子”级两栖船坞登陆舰、“海湾”级后勤登陆舰"}, {"question": "、“海神之子”级两栖船坞登陆舰的国家““海神之子”级两栖船坞登陆舰组“海湾”级", "answer": "海神", "reading_system_answer": null}, {"question": "、“海神之子”级两栖船坞登陆舰的国家““海神之子”级两栖船坞登陆舰组“海湾”级", "answer": "海洋", "reading_system_answer": null}, {"question": "、“海神之子”级两栖船坞登陆舰的国家““海神之子”级两栖船坞登陆舰组成了分工合", "answer": "海湾", "reading_system_answer": null}, {"question": "、“海神之子”级两栖船坞登陆舰的国家““直升机航母、“海湾之子”级两栖船坞登陆", "answer": "号直升机航母", "reading_system_answer": null}, {"question": "、“海湾之子”级两栖船坞登陆舰组成了分工合作两栖舰艇编队的国家”号海神之子”级", "answer": "分工合作", "reading_system_answer": "海洋”号直升机航母、“海神之子”级两栖船坞登陆舰、“海湾”级后勤登陆舰"}, {"question": "、“海神之子”级两栖船坞登陆舰组成了分工合作的两栖舰艇编队的国家之“海神之子”", "answer": "船坞登陆舰", "reading_system_answer": "海洋”号直升机航母、“海神之子”级两栖船坞登陆舰、“海湾”级后勤登陆舰"}]}, {"text": "而世界各国的标杆---美国海军则以“黄蜂”级LHD（最新为“美国”级）两栖攻击舰、圣安东尼奥级两栖船坞运输舰LPD", "qa_pairs": [{"question": "、-级）两栖攻击舰的国家最”---的的两栖攻击舰是哪个国家", "answer": "美国海军", "reading_system_answer": "美国海军"}, {"question": "、-级级）两栖攻击舰的国家在“-级）两栖攻击舰的国家在“-级栖船坞运输舰lpd", "answer": "黄蜂", "reading_system_answer": null}, {"question": "、-级）两栖攻击舰的国家在-黄级）两栖攻击舰的国家最新为“黄蜂”级lhd（最新", "answer": "级", "reading_system_answer": null}, {"question": "、-级）两栖攻击舰的国家海”---的的的的的的dpdpd（级lhd（最新为“黄", "answer": "美国", "reading_system_answer": "美国”级"}, {"question": "--级）两栖攻击舰的两栖船坞运输舰是哪个", "answer": "圣安东尼奥级", "reading_system_answer": "黄蜂”级LHD（最新为“美国”级）两栖攻击舰、圣安东尼奥级两栖船坞运输舰"}, {"question": "、-级）两栖攻击舰的国家在-黄级）两栖攻击舰的国家最新为“黄蜂”级lhd（最新", "answer": "标杆", "reading_system_answer": null}, {"question": "--级）两栖攻击舰、圣安东尼奥级两栖船坞运输舰lpd（国的国家最级）两栖攻击舰", "answer": "世界", "reading_system_answer": null}, {"question": "--级）两栖攻击舰的国家在“黄级）两栖攻击舰的国家最级的的标杆坞运输舰是哪个型", "answer": "级LHD", "reading_system_answer": "黄蜂”级LHD"}, {"question": "、-级）两栖攻击舰、圣安东尼奥级两栖船坞有什么武器", "answer": "船坞运输舰LPD", "reading_system_answer": null}]}, {"text": "惠德贝岛级两栖船坞登陆舰LSD为核心组成远洋两栖打击群", "qa_pairs": [{"question": "lsd岛级两栖船坞登陆舰lsd为核心组成远洋两栖打击群的国家为什么组成远洋两栖", "answer": "核心", "reading_system_answer": null}, {"question": "lsd为核心组成远洋两栖打击群的是哪个", "answer": "惠德贝岛级", "reading_system_answer": "惠德贝岛级两栖船坞登陆舰"}, {"question": "惠德贝岛级两栖船坞登陆舰是哪个", "answer": "船坞登陆舰LSD", "reading_system_answer": "惠德贝岛级两栖船坞登陆舰LSD"}, {"question": "lsd岛级两栖船坞登陆舰lsd为核心组成远洋两栖打击群的两栖船坞登陆舰lsd为", "answer": "群", "reading_system_answer": null}, {"question": "惠德贝岛级两栖船坞登陆舰lsd为核心组成远洋两栖打击群的国家为什么要组成远洋两", "answer": "远洋", "reading_system_answer": null}]}, {"text": "在这个编队中", "qa_pairs": [{"question": "在这个编队中中中中个队编队这个编队这个编队这个编队这个编队这个编这中编队在编队", "answer": "编队", "reading_system_answer": null}]}, {"text": "LHD两栖攻击舰主要负责搭载垂直起降战斗机和航空攻击、运输力量；LSD侧重进行人员和气垫登陆艇的搭载;LPD侧重车辆和物资的搭载", "qa_pairs": [{"question": "lhd两栖攻击舰的搭载;lpd侧重车辆和物资的搭载的国家其lhd两栖攻击舰和航", "answer": "人员", "reading_system_answer": "LHD两栖攻击舰主要负责搭载垂直起降战斗机和航空攻击、运输力量"}, {"question": "lsd侧攻击舰的搭载垂直起降战斗机的国家的l两栖攻击舰的国家的l两栖重车辆和气", "answer": "LPD", "reading_system_answer": "LHD两栖攻击舰主要负责搭载垂直起降战斗机和航空攻击、运输力量；LSD侧重进行人员和气垫登陆艇的搭载"}, {"question": "lhd两栖攻击舰的搭载;lpd侧重车辆和物资的搭载的国家其lhd两栖攻击舰的国", "answer": "车辆", "reading_system_answer": "LHD两栖攻击舰主要负责搭载垂直起降战斗机和航空攻击、运输力量"}, {"question": "lhd两栖攻击舰的主要负责搭载垂直起降战斗机和航空攻击、运输力量；lsd侧重车", "answer": "航空", "reading_system_answer": "LSD侧重进行人员和气垫登陆艇的搭载"}, {"question": "lhd两栖攻击舰的搭载垂直起降战斗机和航空攻击、运输力量；lsd侧重车辆和物资", "answer": "力量", "reading_system_answer": "LSD侧重进行人员和气垫登陆艇的搭载"}, {"question": "lsd侧攻击舰的搭载垂直起降战斗机和航空攻击、运输力量；lsd侧重车辆和物资的", "answer": "LHD", "reading_system_answer": "LSD侧重进行人员和气垫登陆艇的搭载"}, {"question": "lsd侧攻击舰的主要负责搭载垂直起降战斗机和航空攻击、运输力量；的国家的lhd", "answer": "LSD", "reading_system_answer": "LHD两栖攻击舰"}, {"question": "lhd两栖攻击舰的搭载;lpd侧重车辆和物资搭载垂直起降战斗机和航空攻击、运输", "answer": "物资", "reading_system_answer": null}, {"question": "lhd两栖攻击舰的主要负责搭载垂直起降战斗机和航空攻击、运输力量；lsd侧重车", "answer": "战斗机", "reading_system_answer": "LSD侧重进行人员和气垫登陆艇的搭载"}, {"question": "lhd两栖攻击舰的搭载垂直起降战斗机搭载;lpd侧重进行人员和气垫登陆艇的搭载", "answer": "气垫登陆艇", "reading_system_answer": null}]}, {"text": "通常情况下", "qa_pairs": [{"question": "通常情况下常常常情况下通况通况通况通况通况下下况通况下况通况下况下况下况下况下", "answer": "情况", "reading_system_answer": null}]}, {"text": "每个两栖打击群包含LPD/LHD/LSD各1艘", "qa_pairs": [{"question": "lpd/lsd各1艘是哪艘", "answer": "1艘", "reading_system_answer": null}, {"question": "每个两栖打击群包含lpd/1艘的国家其lsd/1艘是什么", "answer": "LPDLHDLSD", "reading_system_answer": "每个两栖打击群包含LPD/LHD/LSD"}, {"question": "lpdh1艘lsd各1艘的两栖击群包含的国家每个两栖打击群包含lpd/lsd各", "answer": "群", "reading_system_answer": null}]}, {"text": "在执行远程两栖任务时", "qa_pairs": [{"question": "在执行远程两栖任务时任程两栖在栖任务时中国远程行行执行执行执行执行在栖任务时的", "answer": "任务时", "reading_system_answer": null}, {"question": "在执行远程两栖任务时任务是什么", "answer": "远程", "reading_system_answer": null}]}, {"text": "大概可以携带一个营级MEU", "qa_pairs": [{"question": "大概可以携带一个营级meu的国家可以携带什么型号的", "answer": "一个营级MEU", "reading_system_answer": null}]}, {"text": "大概相当于我军的一个重装机械化步兵团级单位", "qa_pairs": [{"question": "大概相当于我军的一个重装机械化步兵团级单位是", "answer": "我军", "reading_system_answer": null}, {"question": "大概相当于我军的什么", "answer": "一个重装机械化步兵团级单位", "reading_system_answer": null}]}, {"text": "我军在建设两栖登陆力量上", "qa_pairs": [{"question": "我军在建设两栖登陆力量上的国家在我军建设两栖登陆力量上的国家在我军建设登陆建设", "answer": "我军", "reading_system_answer": null}, {"question": "我军在建设两栖登陆力量上在我军建设的两栖登陆力量上有哪些", "answer": "两栖登陆力量", "reading_system_answer": null}]}, {"text": "走过不少弯路", "qa_pairs": [{"question": "走过不少弯路的走过不少弯路是什么", "answer": "弯路", "reading_system_answer": null}]}, {"text": "从最初的接收国民党军和地方的二手美军剩余物资开始", "qa_pairs": [{"question": "从最初的接收国民党军和地方的二手美军剩余物资开始的美国剩余物资开始的美军剩余物", "answer": "二手", "reading_system_answer": null}, {"question": "从最初的接收国民党军和地方的二手美军剩余物资开始的国家从最初的接收国民党军和地", "answer": "国民党军", "reading_system_answer": null}, {"question": "从最初的接收国民党军和地方的二手美军剩余物资开始的国家剩余物资开始的美军剩余物", "answer": "地方", "reading_system_answer": null}]}, {"text": "一直到建造072系列坦克登陆舰", "qa_pairs": [{"question": "一直到建造的是什么", "answer": "072系列坦克登陆舰", "reading_system_answer": null}]}, {"text": "才算基本上形成了自己的两栖运输力量体系", "qa_pairs": [{"question": "才算基本上形成了自己的两栖运输力量体系的运输力量是什么", "answer": "力量体系", "reading_system_answer": null}, {"question": "才算基本上形成了自己的两栖运输力量体系的国家基本上形成了自己的两栖运输力量体系", "answer": "基本上", "reading_system_answer": null}]}, {"text": "但这样的体系存在着非常大的问题", "qa_pairs": [{"question": "在着非常大的问题是什么", "answer": "体系", "reading_system_answer": "但这样的体系"}, {"question": "着着非常大的问存在着常大的问存在着什么问在着非常的体体体的问在着常大的的问题是", "answer": "问题", "reading_system_answer": null}]}, {"text": "即航渡速度慢、运输力量小、防空能力极弱小、对两栖登陆火力支援能力低下等等", "qa_pairs": [{"question": "即航渡速度慢、运输力量小、防空能力极弱小、对两栖登陆火力支援能力低下等等的国家", "answer": "弱小", "reading_system_answer": null}, {"question": "即运输力量小、防空能力极弱小、对两栖登陆火力支援能力低下等等的国家其航渡速度慢", "answer": "速度慢", "reading_system_answer": null}, {"question": "即航渡速度慢、运输力量小、防空能力极弱小、对两栖登陆火力支援能力低下等等的国家", "answer": "力量", "reading_system_answer": null}, {"question": "即航渡速度慢、运输力量小、防空能力极弱小、对两栖登陆火力支援能力低下等等是什么", "answer": "两栖登陆火力", "reading_system_answer": null}, {"question": "即运输力量小、防空能力极弱小、对两栖登陆火力支援能力低下等等的国家的航渡速度慢", "answer": "能力", "reading_system_answer": null}]}, {"text": "因此在新一批造舰高潮开始后", "qa_pairs": [{"question": "因为新一批造舰高潮开始后开始后开始后高潮开始后开造的新型号是什么", "answer": "一批造舰高潮", "reading_system_answer": "因此"}]}, {"text": "我军对两栖作战能力也相应的进行了整合和建造", "qa_pairs": [{"question": "我军对两栖作战能力也相应的进行了整合和建造的两栖作战能力也相应的进行了整合和建", "answer": "我军", "reading_system_answer": null}, {"question": "我军对两栖作战能力也相应的进行了整合和建造的两栖作战能力也相应的进行了整合和建", "answer": "能力", "reading_system_answer": null}]}, {"text": "最为突出的就是效仿美军", "qa_pairs": [{"question": "最为突出的突仿美军的仿仿的突出的突出仿是效是效仿的突出仿的突就是效的突出仿的突", "answer": "效仿", "reading_system_answer": null}]}, {"text": "建造了071型综合登陆舰", "qa_pairs": [{"question": "071型综合登陆舰是哪个", "answer": "071", "reading_system_answer": null}, {"question": "建造了071型综合登陆舰的国家在建造了071型综合登陆舰的国家在71型综合登陆", "answer": "登陆舰", "reading_system_answer": null}]}, {"text": "所对应的是类型", "qa_pairs": [{"question": "对应的是类型的类型是", "answer": "类型", "reading_system_answer": null}]}, {"text": "就是美军的LPD两栖船坞运输舰", "qa_pairs": [{"question": "美军的lpd两栖船坞运输舰是哪个型号", "answer": "LPD", "reading_system_answer": null}, {"question": "美军的lpd两栖船坞运输舰是哪艘", "answer": "船坞运输舰", "reading_system_answer": null}]}, {"text": "但是我军把美军、英军的两栖船坞登陆舰和两栖船坞运输舰的概念合二为一", "qa_pairs": [{"question": "我军、英军的两栖船坞登陆舰和两栖船坞运输舰的概念合二为一栖船坞登陆舰和两栖船坞", "answer": "我军", "reading_system_answer": null}, {"question": "我军把美军、的两栖船坞坞的运输舰的概二为什么合二两舰和两栖船坞的运输舰合二栖船", "answer": "概念", "reading_system_answer": null}, {"question": "我军、英军的两栖船坞登陆舰和两栖船坞运输舰的概念合二为一栖船坞运输舰的概念合二", "answer": "船坞登陆舰", "reading_system_answer": null}, {"question": "我军、英军的两栖船坞登陆舰和两栖船坞运输舰的概念合二为一栖船坞登陆舰和两栖船坞", "answer": "船坞运输舰", "reading_system_answer": null}]}, {"text": "所以071相应的就承担了两种两栖舰艇的任务", "qa_pairs": [{"question": "以色列1月13日本任务的两种两栖舰艇的任务是什么", "answer": "071", "reading_system_answer": null}, {"question": "以071相应的两种两栖舰艇的任务是什么", "answer": "舰艇", "reading_system_answer": null}, {"question": "071相应的就承担了两种两栖舰艇的任务是什么", "answer": "两种", "reading_system_answer": null}, {"question": "两种艇的艇舰舰务是什么", "answer": "任务", "reading_system_answer": null}]}, {"text": "在搭载方式和运输搭配上更加灵活", "qa_pairs": [{"question": "在搭载方式和运输搭配上更加灵活的运输搭载方更加灵活的国家在搭载方式和运输搭配上", "answer": "方式", "reading_system_answer": null}]}, {"text": "在航空力量的搭载上", "qa_pairs": [{"question": "在航空力量的搭载上的航力量的搭载上是什么", "answer": "航空力量", "reading_system_answer": null}]}, {"text": "我军预计将建造075型两栖攻击舰", "qa_pairs": [{"question": "我军预造的5型两栖攻击舰是哪个", "answer": "我军", "reading_system_answer": null}, {"question": "我军预计将建造075型两栖攻击舰的国家建计将建造075型两栖攻击舰是哪个", "answer": "075", "reading_system_answer": null}]}, {"text": "以搭载航空打击和运输力量", "qa_pairs": [{"question": "以搭载航空打击和运输力量的国家的搭载航空打击和运输力量有哪些", "answer": "航空", "reading_system_answer": null}, {"question": "以搭载航空打击和运输力量的国家的搭载航空打击和运输力量的打击和运输力量的打击和", "answer": "力量", "reading_system_answer": null}]}, {"text": "由于我军目前还没有美军现役的AV-8B、F-35B那样的垂直起降战斗机", "qa_pairs": [{"question": "我国av-8b、35b-8b、35b那样的垂直起降战斗机是什么", "answer": "AV", "reading_system_answer": "F-35B"}, {"question": "我军现役的av-8b、35b-35b-样的垂直起降战斗机是什么型号", "answer": "8B", "reading_system_answer": "我军目前还没有美军现役的AV-8B、F-35B"}, {"question": "av-35b-35b-样的垂直起降战斗机是哪个", "answer": "我军", "reading_system_answer": "AV-8B"}, {"question": "我军现役的av-8b、35b-35b那样的垂直起降战斗机是什么型号", "answer": "35B", "reading_system_answer": null}, {"question": "av-8b、f-35b那样的垂直起降战斗机是哪个", "answer": "现役", "reading_system_answer": null}, {"question": "我军现役的av-8b、35b-35b-样的垂直起降战斗机是哪一型号", "answer": "战斗机", "reading_system_answer": null}]}, {"text": "所以我军的两栖攻击舰预计将搭载更多的直-10武装直升机以进行战场打击任务", "qa_pairs": [{"question": "我国预计将搭载更多的直-10武装直升机以进行战场打击任务是什么", "answer": "战场", "reading_system_answer": null}, {"question": "我国两栖攻击舰预计将搭载更多的直-10武装直升机以进行战场打击任务是什么", "answer": "10武装直升机", "reading_system_answer": null}, {"question": "预计将搭载更多的直-10武装直升机以进行战场打击任务的国家其两栖攻击舰预计将搭", "answer": "我军", "reading_system_answer": null}, {"question": "以进行战场打击任务的国家搭载多的直-10武装直升机以进行战场打击任务是什么", "answer": "直", "reading_system_answer": null}, {"question": "1月1日保击中军事件事中国打舰的武器打机务是什么", "answer": "任务", "reading_system_answer": null}]}, {"text": "这就要求我军的两栖攻击舰要尽可能多的搭载直升机", "qa_pairs": [{"question": "我军的两栖攻击舰要尽可能多的搭载直升机是什么", "answer": "我军", "reading_system_answer": null}, {"question": "我军的两栖攻击舰要尽可能多的搭载直升机是什么", "answer": "直升机", "reading_system_answer": null}, {"question": "我军的两栖攻击舰要尽可能多的搭载直升机是什么", "answer": "多", "reading_system_answer": null}]}, {"text": "相应的科研试飞据报道已经在进行中", "qa_pairs": [{"question": "科科研试飞据报道经在进行中的进行中的研制的研制的研制的研行进行中研制的报应在研", "answer": "科研", "reading_system_answer": null}]}, {"text": "从上文可以看出", "qa_pairs": [{"question": "从上文可以看出的上文可看出的上文可看出的上文以以可以出以可以出上可看可可以出上", "answer": "文", "reading_system_answer": null}]}, {"text": "我军的两栖舰艇编队相比美军和英军", "qa_pairs": [{"question": "我军的两栖舰艇编队相比美军和英军的两栖舰艇编队相比美军的两栖舰艇编队相美军和英", "answer": "我军", "reading_system_answer": null}, {"question": "我军的两栖舰艇编队相比美军和英军的两栖舰艇编队相比美军的两栖舰艇编队相比美军的", "answer": "舰艇编队", "reading_system_answer": null}]}, {"text": "在编队构成方面显得更加简洁", "qa_pairs": [{"question": "在编队构成方面显得更加简洁的编队编队编成更加简洁的编队编队编成加面显得更加简洁", "answer": "编队", "reading_system_answer": null}, {"question": "在编队构成方面显得更加简洁的原因是什么", "answer": "方面", "reading_system_answer": null}]}, {"text": "即用两种船坞式两栖舰做到美英国家三种两栖舰艇的作用", "qa_pairs": [{"question": "美国家三种两栖舰艇的作用是什么", "answer": "舰艇", "reading_system_answer": null}, {"question": "即用两种船坞式两栖舰艇的作用是什么", "answer": "国家三种", "reading_system_answer": null}, {"question": "即用两种船坞式两栖舰做到美英国家三种两栖舰艇的作用是什么", "answer": "两种船坞", "reading_system_answer": null}, {"question": "美国家三种两栖舰艇的作用是什么", "answer": "两栖舰", "reading_system_answer": null}]}, {"text": "在075两栖攻击舰服役以后", "qa_pairs": [{"question": "在075两栖攻击舰服役以后服役的攻击舰服役以后服役的攻击舰在075两栖攻击舰服", "answer": "服役", "reading_system_answer": null}, {"question": "在075两栖攻击舰服役以后服役以后服役以后服役的攻击舰在075两栖攻击舰服役的", "answer": "075", "reading_system_answer": null}]}, {"text": "预计我军将大量淘汰落后的中小型两栖登陆舰艇", "qa_pairs": [{"question": "预落后的中小型两栖登陆舰艇是哪个", "answer": "我军", "reading_system_answer": null}, {"question": "预计我军将大量淘汰落后的中小型两栖登陆舰艇的两栖登陆舰预计我军将大量淘汰落后的", "answer": "大量", "reading_system_answer": null}, {"question": "预计我军将大量淘汰落后的中小型两栖登陆舰艇是什么", "answer": "两栖登陆舰艇", "reading_system_answer": null}]}, {"text": "采用1艘两栖攻击舰搭配2艘两栖船坞运输舰的方式", "qa_pairs": [{"question": "采用1艘两栖攻击舰搭配2艘两栖船坞运输舰的方式是什么", "answer": "方式", "reading_system_answer": null}, {"question": "采用1艘两栖攻击舰搭配的是什么", "answer": "1艘", "reading_system_answer": "采用1艘两栖攻击舰搭配2艘两栖船坞运输舰"}, {"question": "采用1艘两栖攻击舰搭配的是什么", "answer": "2艘", "reading_system_answer": "采用1艘两栖攻击舰搭配2艘两栖船坞运输舰"}, {"question": "采用1艘两栖攻击舰搭配2艘两栖船坞运输舰的方式是什么", "answer": "船坞运输舰", "reading_system_answer": null}]}, {"text": "携载约1-2个重装/3-4个轻装陆战队合成营", "qa_pairs": [{"question": "携4个轻装陆战队合成营的/4个轻装陆战队合成营的/3个重装/3个重装/4个重装", "answer": "陆战队", "reading_system_answer": "约1-2个"}, {"question": "-2个轻装陆战队合成营的/是什么", "answer": "1", "reading_system_answer": null}, {"question": "-3个轻装陆战队合成营的战3个轻装陆战队合成营的战3个重装/3个重装/4个重装", "answer": "营", "reading_system_answer": "携载约1-2个"}, {"question": "携2轻装陆战队合成营的/是什么", "answer": "2个重装", "reading_system_answer": "携载约1-2个重装/3-4个"}, {"question": "-2轻装陆战队合成营的/是什么", "answer": "4个", "reading_system_answer": "携载约1-2个重装/3-4个"}]}, {"text": "以进行一般化和低烈度的两栖登陆任务", "qa_pairs": [{"question": "以进行一般化和低烈度的两栖登陆任务是什么", "answer": "烈度", "reading_system_answer": null}, {"question": "以进行一般化和低烈度的两栖登陆任务是什么", "answer": "两栖登陆任务", "reading_system_answer": null}]}, {"text": "在大规模两栖登陆作战中", "qa_pairs": [{"question": "在大规模两栖登陆作战中作战中作战中作战中作为什么要模模两栖登陆", "answer": "两栖登陆", "reading_system_answer": null}]}, {"text": "我军会以大部分近程两栖运输力量（包括几乎所有的坦克登陆舰和中小型两栖登陆艇）正面登陆", "qa_pairs": [{"question": "我军会以大部分近程两栖运输力量（包括几乎所有的坦克登陆舰和中小型两栖登陆艇）正", "answer": "坦克登陆舰", "reading_system_answer": null}, {"question": "我国的坦克登陆舰和中小型两栖登陆艇）正面登陆的两栖运输力量（包括几乎所有的坦克", "answer": "我军", "reading_system_answer": null}, {"question": "我国正面登陆的两栖运输力量（包括几乎所有的坦克登陆舰和中小型两栖登陆艇）正面登", "answer": "力量", "reading_system_answer": null}, {"question": "我国正面登陆的两栖登陆艇和中小型两栖登陆舰和中小型两栖输力量（包括几乎所有的坦", "answer": "大部分近程", "reading_system_answer": "坦克登陆舰和中小型两栖登陆艇"}, {"question": "我军会以大部分近程两栖运输力量（包括几乎所有的坦克登陆舰和中小型两栖登陆艇和中", "answer": "登陆艇", "reading_system_answer": null}]}, {"text": "而以两栖船坞登陆舰、两栖攻击舰为核心的远洋两栖力量", "qa_pairs": [{"question": "以两栖船坞登陆舰、两栖攻击舰为核心的远洋两栖力量是什么", "answer": "核心", "reading_system_answer": null}, {"question": "、两栖攻击舰为核心的远洋两栖力量是什么", "answer": "力量", "reading_system_answer": "两栖船坞登陆舰"}, {"question": "、两栖攻击舰为核心的远洋两栖力量是什么", "answer": "远洋", "reading_system_answer": "两栖船坞登陆舰"}, {"question": "、两栖攻击舰为核心的远洋两栖力量是什么", "answer": "船坞登陆舰", "reading_system_answer": "两栖船坞登陆舰"}]}, {"text": "则会从侧面、敌后方向进行突击登陆", "qa_pairs": [{"question": "、敌后方向进行突击登陆的向侧面、敌后方向进行突击登陆的陆方向进行突击登陆是什么", "answer": "敌后方向", "reading_system_answer": null}]}]}