{"passage": "12日，两架俄图-95MS战略轰炸机接近美国太平洋的关岛基地，美国空军驻关岛的F-15战斗机起飞拦截，双方进行了近距离对峙，莫斯科的一位俄将领称双方飞行员“互致了微笑和手势”。有国内媒体报道称俄机携带了核武器并环关岛飞行，但从目前外媒报道综合来看，这可能是由于翻译错误导致的误解。  据BBC报道称，俄罗斯少将帕维尔•安德罗索夫在莫斯科接受采访时称，俄罗斯有意恢复冷战期间开始的战略轰炸机在深海大洋上进行巡航的传统做法。这一做法从冷战结束后就由于经费不足被停止。他说：“派遣远程航空器渗入公海大洋追踪航母并通过视觉手段向对方致意是我国的传统。昨天，我们恢复了这一传统，两个年轻的机组访问了关岛基地。我认为这次行动是成功和圆满的。我们见到了同行-美国战斗机飞行员。双方互致微笑和手势后各自返回基地。”    美国F-15战斗机拦截图-95  随后，美国军方的新闻发布会上说，美国关岛基地的F-15战斗机起飞并拦截了俄罗斯飞机，由于俄飞机并未接近到关岛周边500公里范围内，所以气氛并不紧张，双方飞行员“互致微笑并摇晃机翼”。  BBC称，这样的行动和冷战时期美苏飞机的“猫鼠游戏”非常接近，认为俄罗斯经济近年来的恢复让他们有足够的经费进行这样的远程飞行。去年7月，俄图-160战略轰炸机和图-95轰炸机开始频繁在北海上空飞行，一度接近英国苏格兰。而俄战略轰炸机和侦察机环绕日本的飞行行动也在去年大幅度增加了。  此前有媒体报道此事时采用“俄两架轰炸机携核武器环航关岛 美战机起飞拦截”的标题，经观察者网编辑比照国外相关报道，可能是由于翻译误将英文报道中的“核轰炸机”误为“携带核弹”，因为俄图-95轰炸机可携带核武器，外媒常常将它成为“核轰炸机”，类似的，其他型号的战略轰炸机也常被冠以此称号。根据俄官方的说法， 两架图-95的任务是“追踪航母编队”，基本可以排除两机携带核武器的可能。而环绕关岛飞行一说显然不准确，根据俄美官方的说法，双方飞行员在“互致微笑”之后就各自返回基地，俄轰炸机编队并未接近到关岛500公里范围内。  背景资料：  俄罗斯图-95“熊”式战略轰炸机  图-95（俄语：Ту–95，英语：Tu-95），北约代号：Bear（熊），由苏联图波列夫设计局所研制，是目前全世界唯一仍在役的大型涡桨远程战略轰炸机。该机被改造为空射导弹发射平台、海上侦察机甚至军用客机。图-95在冷战期间大量服役于苏联空军和苏联海军航空兵。  该机可以携带重达15吨的武器装备或器材设备，最大航程可达15000公里。这次执行关岛巡航任务的机型可能是俄罗斯海军航空兵的图-95MS或图-142型飞机。图-142海上巡逻机装有大型雷达，可以远距离搜索跟踪航母编队，图-95MS则是俄最新改进型图-95轰炸机，该机可携带Kh-555导弹，该导弹类似美国的战斧导弹，射程可达1000公里。", "sentences": [{"text": "12日", "qa_pairs": [{"question": "12日12日12日12日1日1日2日1日2日2日2日2日2日2日2日2日2日2", "answer": "12日", "reading_system_answer": null}]}, {"text": "两架俄图-95MS战略轰炸机接近美国太平洋的关岛基地", "qa_pairs": [{"question": "俄图-95ms战略轰炸机接近美国太平洋的关岛基地是什么", "answer": "关岛基地", "reading_system_answer": null}, {"question": "两架俄图-95ms战略轰炸机接近美国太平洋的关岛基地的国家接近美国太平洋的关岛", "answer": "美国太平洋", "reading_system_answer": null}, {"question": "俄罗斯太平洋的关岛基地是哪个", "answer": "图", "reading_system_answer": "接近"}, {"question": "两架俄图-95ms战略轰炸机接近美国太平洋的关岛基地的国家接近美国太平洋的关岛", "answer": "95MS战略轰炸机", "reading_system_answer": null}, {"question": "俄罗斯太平洋的关岛基地是哪个", "answer": "两架", "reading_system_answer": "接近"}]}, {"text": "美国空军驻关岛的F-15战斗机起飞拦截", "qa_pairs": [{"question": "美国空军驻关岛的f-15战斗机起飞拦截哪一型号的战斗机起飞拦截", "answer": "15战斗机", "reading_system_answer": null}, {"question": "美国空军驻关岛的f-15战斗机起飞拦截的战斗机是哪个", "answer": "F", "reading_system_answer": null}, {"question": "美国空军驻关岛的f-15战斗机起飞拦截是什么", "answer": "美国空军", "reading_system_answer": null}, {"question": "美国空军驻关岛的f-15战斗机起飞拦截的战斗机起飞拦截是什么", "answer": "关岛", "reading_system_answer": null}]}, {"text": "双方进行了近距离对峙", "qa_pairs": [{"question": "双方进行了近距离对峙的双方进行了近距离对峙的原因是", "answer": "双方", "reading_system_answer": null}]}, {"text": "莫斯科的一位俄将领称双方飞行员“互致了微笑和手势”", "qa_pairs": [{"question": "俄罗斯将领称双方飞行员“互致了微笑和手势”的国家将领称双方飞行员“互致了微笑和", "answer": "莫斯科", "reading_system_answer": null}, {"question": "莫斯科的一位俄将领称双方飞行员“互致了微笑和手势”的国家将领称双方飞行员“互致", "answer": "手势", "reading_system_answer": null}, {"question": "莫斯科的一位俄将领称双方员“互致了微笑和手势”的国家将在莫斯科的一位俄罗斯将俄", "answer": "将领", "reading_system_answer": null}, {"question": "莫斯科的一位俄将领称双方飞行员“互致了微笑和手势”的国家将领称双方飞行员“互致", "answer": "一位", "reading_system_answer": null}, {"question": "莫斯科的一位俄将领称双方飞行员“互致了微笑和手势”的国家将领称双方飞行员“互致", "answer": "双方飞行员", "reading_system_answer": null}]}, {"text": "有国内媒体报道称俄机携带了核武器并环关岛飞行", "qa_pairs": [{"question": "俄机携带了核武器并环关岛飞行的国家称俄机携带的关行是什么", "answer": "媒体报道", "reading_system_answer": "有国内媒体报道称"}, {"question": "俄机携带了核武器并环关岛飞行的国家携带了核武器并环关岛飞行的国家携带了俄机携带", "answer": "核武器", "reading_system_answer": null}, {"question": "俄机携带了核武器并环关岛飞行的核武器是什么", "answer": "环关岛", "reading_system_answer": null}, {"question": "俄机携带了核武器并环关岛飞行的国家携带了核武器并环关岛飞行的国家携带的武器有哪", "answer": "机", "reading_system_answer": null}]}, {"text": "但从目前外媒报道综合来看", "qa_pairs": [{"question": "外来目前外合来看的目前外合来看合来目前外合媒道综媒报道综媒报道从外来从综媒但综", "answer": "外媒", "reading_system_answer": null}]}, {"text": "这可能是由于翻译错误导致的误解", "qa_pairs": [{"question": "翻译错误导致的误解是什么", "answer": "错误", "reading_system_answer": null}]}, {"text": "据BBC报道称", "qa_pairs": [{"question": "据bbc报道称为什么", "answer": "BBC", "reading_system_answer": null}]}, {"text": "俄罗斯少将帕维尔•安德罗索夫在莫斯科接受采访时称", "qa_pairs": [{"question": "俄罗斯少将帕维尔•安德罗索夫在莫斯科接受采访时称的是哪个国家", "answer": "俄罗斯少将帕维尔", "reading_system_answer": null}, {"question": "俄罗斯少将帕维尔•安德罗索夫在莫斯科接受采访时称的是哪个国家", "answer": "莫斯科", "reading_system_answer": null}, {"question": "俄罗斯少将帕维尔•安德罗索夫在莫斯科接受采访时称的是什么", "answer": "安德罗索夫", "reading_system_answer": null}, {"question": "俄维德罗斯莫索莫索接受将帕德夫安罗斯夫罗斯夫安罗斯罗斯罗斯罗斯罗斯罗斯罗斯罗斯", "answer": "时称", "reading_system_answer": null}]}, {"text": "俄罗斯有意恢复冷战期间开始的战略轰炸机在深海大洋上进行巡航的传统做法", "qa_pairs": [{"question": "俄罗斯有意恢复冷战期间开始的战略轰炸机在深海大洋上进行巡航的传统做法的战略轰炸", "answer": "战略轰炸机", "reading_system_answer": null}, {"question": "俄罗斯第十战略轰炸机在深海大洋上进行巡航的传统做法国在深海大洋上进行巡航期间开", "answer": "传统", "reading_system_answer": null}, {"question": "俄罗斯有意恢复冷战期间开始的战略轰炸机在深海大洋上进行巡航的传统做法国在深海大", "answer": "深海大洋", "reading_system_answer": null}, {"question": "俄罗斯有意恢复冷战期间开始的战略轰炸机在深海大洋上进行巡航的传统做法国有哪些国", "answer": "俄罗斯", "reading_system_answer": null}]}, {"text": "这一做法从冷战结束后就由于经费不足被停止", "qa_pairs": [{"question": "法国冷战结束后就由于经费不足被停止的冷战中结束的结束是什么", "answer": "一", "reading_system_answer": null}]}, {"text": "他说：“派遣远程航空器渗入公海大洋追踪航母并通过视觉手段向对方致意是我国的传统", "qa_pairs": [{"question": "：“派遣远程航空器渗入公海大洋追踪航母并通过视觉手段向对方致意是我国的传统的追", "answer": "远程航空器", "reading_system_answer": null}, {"question": "：“派遣远程航空器渗入公海大洋追踪航母并通过视觉手段向对方致意是我国的传统的国", "answer": "传统", "reading_system_answer": null}, {"question": "：“派遣远程航空器渗入公海大洋追踪航母的国家的传统是", "answer": "航母", "reading_system_answer": "派遣远程航空器渗入公海大洋追踪航母并通过视觉手段向对方致意"}, {"question": "：“派遣远程航空器渗入公海大洋追踪航母并通过视觉手段向对方致意是我国的传统的追", "answer": "视觉手段", "reading_system_answer": null}, {"question": "：“派遣远程航空器渗入公海大洋追踪航母并通过视觉手段向对方致意是我国的传统的追", "answer": "公海大洋", "reading_system_answer": null}, {"question": "：向对：追航段向通过视觉海大洋追踪的国家派遣的国家派出的追入意方致意是国的传统", "answer": "对方", "reading_system_answer": null}]}, {"text": "昨天", "qa_pairs": [{"question": "昨天昨天昨天昨天昨天昨天昨昨昨天天昨天天昨天天昨天天昨天昨昨昨昨昨昨昨昨昨昨昨", "answer": "", "reading_system_answer": null}]}, {"text": "我们恢复了这一传统", "qa_pairs": [{"question": "我们恢复了这一传统是什么", "answer": "一传统", "reading_system_answer": null}]}, {"text": "两个年轻的机组访问了关岛基地", "qa_pairs": [{"question": "两个年轻的机组访问了关岛基地的国家访问了关岛基地的国家访问了关岛基地的国家访问", "answer": "关岛基地", "reading_system_answer": null}, {"question": "两个年轻的机组访问了关岛基地的国家两个年轻的机组访问了关岛基地的国家两个关岛基", "answer": "两个", "reading_system_answer": null}, {"question": "两个年轻的机组访问了关岛基地的国家两个年轻的机组访问了关岛基地的国家两个年轻的", "answer": "机组", "reading_system_answer": null}]}, {"text": "我认为这次行动是成功和圆满的", "qa_pairs": [{"question": "我次行动中成功和圆满的成功和圆满的成功和圆满的圆动是什么", "answer": "", "reading_system_answer": null}]}, {"text": "我们见到了同行-美国战斗机飞行员", "qa_pairs": [{"question": "我国见到了同行-美国战斗机飞行员的什么机构", "answer": "美国战斗机飞行员", "reading_system_answer": null}]}, {"text": "双方互致微笑和手势后各自返回基地", "qa_pairs": [{"question": "双方互致微笑和手势后各自返回基地的国家在双方后各自返回基地的国家互致微笑和手势", "answer": "双方", "reading_system_answer": null}, {"question": "双方互致微笑和手势后各自返回基地的国家在双方后各自返回基地的国家在双方后互致微", "answer": "手势", "reading_system_answer": null}, {"question": "双方互致微笑和手势后各自返回基地的目的是什么", "answer": "基地", "reading_system_answer": null}]}, {"text": "”    美国F-15战斗机拦截图-95  随后", "qa_pairs": [{"question": "”955战斗机拦截图-95随后随后随后战15战斗机拦截图-95随后随战15战斗", "answer": "图", "reading_system_answer": null}, {"question": "”15战斗机拦截图-95随后随后随后战555555随55-9战斗机拦截图-91", "answer": "美国", "reading_system_answer": null}, {"question": "”15战斗机拦截图-95随后有哪些", "answer": "15战斗机", "reading_system_answer": null}, {"question": "”15战斗机拦截图-95随后随后随后战斗机拦截图-95555战斗机的国家f-1", "answer": "95", "reading_system_answer": null}]}, {"text": "美国军方的新闻发布会上说", "qa_pairs": [{"question": "美国军方的新闻发布会上说是什么", "answer": "新闻发布会", "reading_system_answer": null}, {"question": "美国军方的新闻发布会上说是什么", "answer": "美国军方", "reading_system_answer": null}]}, {"text": "美国关岛基地的F-15战斗机起飞并拦截了俄罗斯飞机", "qa_pairs": [{"question": "f-15战斗机起飞并拦截了俄罗斯飞机的国家飞机地的f-15战斗机起飞并拦截了俄", "answer": "美国关岛基地", "reading_system_answer": "美国关岛基地"}, {"question": "美国关岛基地的f-15战斗机起飞并拦截了哪些飞机", "answer": "俄罗斯飞机", "reading_system_answer": null}, {"question": "美国关岛基地的f-15战斗机起飞并拦截了俄罗斯飞机的国家飞机是哪一型号", "answer": "15战斗机", "reading_system_answer": null}, {"question": "美国关岛基地的f-15战斗机起飞并拦截了俄罗斯飞机的国家飞机是哪个公司研制的", "answer": "F", "reading_system_answer": null}]}, {"text": "由于俄飞机并未接近到关岛周边500公里范围内", "qa_pairs": [{"question": "由于俄飞机并未接近到关岛周边的是哪个公司实上", "answer": "500公里范围内", "reading_system_answer": "500公里"}, {"question": "由于俄飞机并未接近到关岛周边500公里范围的国家其接近到关岛周边500公里范围", "answer": "关岛", "reading_system_answer": null}, {"question": "由于俄飞机并未接近到关岛周边500公里范围内的国家其飞机并未接近到关岛周边50", "answer": "飞机", "reading_system_answer": null}]}, {"text": "所以气氛并不紧张", "qa_pairs": [{"question": "以气氛并不紧张的气氛并不紧张的气氛并以气氛并不紧张的气氛并以并以并氛张气氛气不", "answer": "气氛", "reading_system_answer": "所以"}]}, {"text": "双方飞行员“互致微笑并摇晃机翼”", "qa_pairs": [{"question": "““互致微笑并摇晃机翼”的翼方员是什么", "answer": "机翼", "reading_system_answer": "双方飞行员"}, {"question": "““互致微笑并摇晃机翼”的飞行员“互致微笑并摇晃机翼”的飞行员“翼行员摇致微笑", "answer": "双方飞行员", "reading_system_answer": null}]}, {"text": "BBC称", "qa_pairs": [{"question": "bbc称是什么", "answer": "BBC", "reading_system_answer": null}]}, {"text": "这样的行动和冷战时期美苏飞机的“猫鼠游戏”非常接近", "qa_pairs": [{"question": "美国冷战时期美苏飞机的“猫鼠游戏”非常接近的游戏”非常接近的游戏”猫鼠游戏”非", "answer": "猫鼠游戏", "reading_system_answer": null}, {"question": "“猫鼠游戏”非常接近的飞“猫鼠游戏”非常接近的飞机的“猫鼠游戏”的飞机的美国飞", "answer": "时期美苏飞机", "reading_system_answer": "冷战时期美苏飞机"}]}, {"text": "认为俄罗斯经济近年来的恢复让他们有足够的经费进行这样的远程飞行", "qa_pairs": [{"question": "俄罗斯经济近年来的恢复让他们有足够的经费进行这样的远程飞行是什么", "answer": "俄罗斯经济", "reading_system_answer": null}, {"question": "俄罗斯经济近年来的恢复让他们有足够的经费进行这样的远程飞行中俄罗斯经济近年来的", "answer": "远程", "reading_system_answer": null}]}, {"text": "去年7月", "qa_pairs": [{"question": "去年7月7月7月7年7年年7年年去要月7去去得得得得得得得得得得得", "answer": "7月", "reading_system_answer": null}]}, {"text": "俄图-160战略轰炸机和图-95轰炸机开始频繁在北海上空飞行", "qa_pairs": [{"question": "俄图-160战略轰炸机和图-95轰炸机开始频繁在北海上空飞行的国家在北海上空飞", "answer": "160战略轰炸机", "reading_system_answer": null}, {"question": "-1轰炸机和图-950战略轰炸机和图繁在北海上空飞行的国家在9160战略轰炸机", "answer": "图", "reading_system_answer": null}, {"question": "俄图-160战略轰炸机和图-9轰炸机开始频繁在北海上空飞行的国家在北海上空飞行", "answer": "95轰炸机", "reading_system_answer": null}, {"question": "俄图-160战略轰炸机和图-9轰炸机开始频繁在北海上空飞行的国家在9550战略", "answer": "北海", "reading_system_answer": null}]}, {"text": "一度接近英国苏格兰", "qa_pairs": [{"question": "英国苏格兰接近英国苏格兰接近英国苏格兰接近一度接近英国苏格兰的兰度一度一度一度", "answer": "一度", "reading_system_answer": null}, {"question": "英国苏格兰近英国苏格兰接近英国苏格兰接近英国苏格兰一度接近的接近一度一度一接近", "answer": "英国苏格兰", "reading_system_answer": null}]}, {"text": "而俄战略轰炸机和侦察机环绕日本的飞行行动也在去年大幅度增加了", "qa_pairs": [{"question": "俄战略轰炸机和侦察机环绕行动中在俄罗斯轰炸机的国家绕行的机环绕行加也在去年大幅", "answer": "日本", "reading_system_answer": null}, {"question": "俄战略轰炸机和侦察机环绕日本的飞行行动中在去年大幅度增加了什么", "answer": "俄战略轰炸机", "reading_system_answer": null}, {"question": "俄战略轰炸机和侦察机环绕日本的飞行行动中在去年大幅度增加了什么", "answer": "侦察机", "reading_system_answer": null}]}, {"text": "此前有媒体报道此事时采用“俄两架轰炸机携核武器环航关岛 美战机起飞拦截”的标题", "qa_pairs": [{"question": "“的标题是什么", "answer": "美战机", "reading_system_answer": "“俄两架轰炸机携核武器环航关岛 美战机起飞拦截"}, {"question": "“的道飞拦截”的标拦机是什么", "answer": "媒体报道", "reading_system_answer": "俄两架轰炸机携核武器环航关岛"}, {"question": "“的标题是什么", "answer": "关岛", "reading_system_answer": "“俄两架轰炸机携核武器环航关岛 美战机起飞拦截"}, {"question": "“的标题是什么", "answer": "核武器", "reading_system_answer": "“俄两架轰炸机携核武器环航关岛 美战机起飞拦截"}, {"question": "“的标题是什么", "answer": "标题", "reading_system_answer": "“俄两架轰炸机携核武器环航关岛 美战机起飞拦截"}, {"question": "“采用“标炸机的国家有多少标机", "answer": "时", "reading_system_answer": "俄两架轰炸机携核武器环航关岛"}, {"question": "“的标题是什么", "answer": "两架轰炸机", "reading_system_answer": "“俄两架轰炸机携核武器环航关岛 美战机起飞拦截"}]}, {"text": "经观察者网编辑比照国外相关报道", "qa_pairs": [{"question": "经观察者网编辑比照国外相关报道照国外相关报道编辑比照国外相关报道编察者网编辑比", "answer": "经观察者网编辑", "reading_system_answer": null}]}, {"text": "可能是由于翻译误将英文报道中的“核轰炸机”误为“携带核弹”", "qa_pairs": [{"question": "中核轰炸机”误为“携带核弹”的核弹弹是什么", "answer": "核弹", "reading_system_answer": null}, {"question": "”核轰炸机”误为“携带核弹”的核弹轰炸机是哪个", "answer": "核轰炸机", "reading_system_answer": null}]}, {"text": "因为俄图-95轰炸机可携带核武器", "qa_pairs": [{"question": "俄图-95轰炸机可携带什么武器", "answer": "核武器", "reading_system_answer": null}, {"question": "俄图-95轰炸机可携带核武器的国家为95轰炸机携带核武器的国家为95轰炸机携带", "answer": "图", "reading_system_answer": null}, {"question": "俄图-95轰炸机可携带核武器是哪个", "answer": "95轰炸机", "reading_system_answer": null}]}, {"text": "外媒常常将它成为“核轰炸机”", "qa_pairs": [{"question": "外为“核轰炸机的国家轰炸机将为“媒常常将它外为“媒轰炸机的国家的核机炸机是哪个", "answer": "外媒", "reading_system_answer": null}, {"question": "外媒常常将它成为“核轰炸机”的轰炸机是什么", "answer": "核轰炸机", "reading_system_answer": null}]}, {"text": "类似的", "qa_pairs": [{"question": "类似的似的似类类类类类类类类类类类类类似似的的似似似的的似似似的似似似的似似似", "answer": "", "reading_system_answer": null}]}, {"text": "其他型号的战略轰炸机也常被冠以此称号", "qa_pairs": [{"question": "其他型号的战略轰炸机是哪艘", "answer": "型号", "reading_system_answer": "其他型号的战略轰炸机"}, {"question": "其他型号的战略轰炸机是哪艘", "answer": "称号", "reading_system_answer": "其他型号的战略轰炸机"}, {"question": "被冠以此称号的战略轰炸机是哪一款", "answer": "战略轰炸机", "reading_system_answer": "其他型号的战略轰炸机"}]}, {"text": "根据俄官方的说法", "qa_pairs": [{"question": "根据俄官方的说法国的俄官方的说法国官据俄官方的说说是什么", "answer": "官方", "reading_system_answer": null}]}, {"text": "两架图-95的任务是“追踪航母编队”", "qa_pairs": [{"question": "“追踪航母编队”的任务是什么", "answer": "两架图", "reading_system_answer": null}, {"question": "两-的任任编队编队编队编制的编务是什么", "answer": "任务", "reading_system_answer": "追踪航母编队"}, {"question": "两追踪航母编队”的任务是什么", "answer": "航母编队", "reading_system_answer": null}, {"question": "“追踪航母编队”的任务是“追踪航母编队”的任务是什么", "answer": "95", "reading_system_answer": null}]}, {"text": "基本可以排除两机携带核武器的可能", "qa_pairs": [{"question": "基本可能排除两机携带核武器的可能以以排除两机携带核武器的可能携带两器基本可能以", "answer": "基本", "reading_system_answer": null}, {"question": "基本可以排除两机携带核武器的可能携带核武器的可能携带什么武器", "answer": "核武器", "reading_system_answer": null}, {"question": "基本可以排除两机携带核武器的可能携带核武器的可能携带核武器的可能携带两机携排的", "answer": "两机", "reading_system_answer": null}]}, {"text": "而环绕关岛飞行一说显然不准确", "qa_pairs": [{"question": "环绕关岛飞行一说显然不准确是什么", "answer": "一", "reading_system_answer": null}, {"question": "环绕关岛飞行一说显然不准确是什么", "answer": "关岛", "reading_system_answer": null}]}, {"text": "根据俄美官方的说法", "qa_pairs": [{"question": "根据俄美官方的说法是什么", "answer": "俄美官方", "reading_system_answer": null}]}, {"text": "双方飞行员在“互致微笑”之后就各自返回基地", "qa_pairs": [{"question": "双方飞行员在“互致微笑”之后就各自返回基地的目的是什么", "answer": "基地", "reading_system_answer": null}, {"question": "”自返回基地的“互致微笑”之后就各自返回基地是什么", "answer": "双方飞行员", "reading_system_answer": null}]}, {"text": "俄轰炸机编队并未接近到关岛500公里范围内", "qa_pairs": [{"question": "俄轰炸机编队并未接近到关岛500公里范围内的轰炸机编队并未接近到关岛500公里", "answer": "轰炸机编队", "reading_system_answer": null}, {"question": "俄轰炸机编队并未接近到关岛500里范围是什么", "answer": "关岛500公里范围内", "reading_system_answer": "俄轰炸机编队并未接近到关岛500公里"}]}, {"text": "背景资料：  俄罗斯图-95“熊”式战略轰炸机  图-95（俄语：Ту–95", "qa_pairs": [{"question": "背95“熊”式战略轰炸机图-95（55（5“5“5“5“5“у9料959“9“", "answer": "背景资料", "reading_system_answer": null}, {"question": "-9“95“95（5595-95-95-95959俄9-у9-у9式式式式式式", "answer": "图", "reading_system_answer": "“熊”式战略轰炸机  图-95（俄语："}, {"question": "：9-95-9料959料9“9图9图9图9图9图9图9图9图9图9“9轰9轰战", "answer": "熊", "reading_system_answer": null}, {"question": "背95“熊”式战略轰炸机图-9（95（559595“959595959-9-у", "answer": "95", "reading_system_answer": null}, {"question": "-9“95“95（5（555（95-9俄9俄9-9-9-у9-у熊тттттт", "answer": "俄罗斯图", "reading_system_answer": "“熊”式战略轰炸机  图-95（俄语："}, {"question": "背95“熊”式战略轰炸机图-955（95“9555“95959“9“9“9“9", "answer": "战略轰炸机", "reading_system_answer": null}]}, {"text": "英语：Tu-95）", "qa_pairs": [{"question": "英语：tu-95）是什么", "answer": "Tu", "reading_system_answer": null}, {"question": "英语：tu-95））是什么", "answer": "95", "reading_system_answer": null}]}, {"text": "北约代号：Bear（熊）", "qa_pairs": [{"question": "北约代号：bear（熊）是什么", "answer": "Bear", "reading_system_answer": null}, {"question": "北约代号：bear（ar（））））））b代代代代代代代代熊熊熊熊熊熊熊熊熊熊熊", "answer": "熊", "reading_system_answer": null}, {"question": "北约代号：bear（熊）是什么", "answer": "北约代号", "reading_system_answer": null}]}, {"text": "由苏联图波列夫设计局所研制", "qa_pairs": [{"question": "由苏联图波列夫设计局所研制的苏联图波列夫设计局所研制的苏联图设计局所研制的苏联", "answer": "设计局", "reading_system_answer": null}, {"question": "由苏联图波列夫设计局所研制的波联图波列夫设计局所研制的波联图波由苏联图波列夫研", "answer": "苏联", "reading_system_answer": null}]}, {"text": "是目前全世界唯一仍在役的大型涡桨远程战略轰炸机", "qa_pairs": [{"question": "目前全世界唯一仍在役的大型涡桨远程战略轰炸机是哪一型号的", "answer": "涡桨远程战略轰炸机", "reading_system_answer": null}, {"question": "目前全世界唯一仍在役的大型涡桨远程战略轰炸机是哪个", "answer": "全世界", "reading_system_answer": null}]}, {"text": "该机被改造为空射导弹发射平台、海上侦察机甚至军用客机", "qa_pairs": [{"question": "被改造为空射导弹发射平台、海上侦察机甚至军用客机的国家其空射导弹发射平台、海上", "answer": "导弹", "reading_system_answer": null}, {"question": "、机被改造为空射导弹发射平台的国家被改造为空射导弹发射平台的国家被称为什么", "answer": "平台", "reading_system_answer": null}, {"question": "被改造为空射导弹发射平台、海上侦察机甚至军用客机的国家在空射导弹发射平台、海上", "answer": "军用客机", "reading_system_answer": null}, {"question": "被改造为空射导弹发射平台、海上侦察机甚至军用客机的国家其空射导弹发射平台、海上", "answer": "侦察机", "reading_system_answer": null}]}, {"text": "图-95在冷战期间大量服役于苏联空军和苏联海军航空兵", "qa_pairs": [{"question": "图-95在冷战期间大量服役于苏联空军和苏联海军航空兵的国家在冷战期间大量服役于", "answer": "苏联空军", "reading_system_answer": null}, {"question": "图-95在冷战期间大量服役于苏联空军和苏联空军和苏联海军航空兵的国家在冷战期间", "answer": "苏联海军航空兵", "reading_system_answer": null}, {"question": "图-95在冷战期间大量服役于苏联空军和苏联海军航空兵的国家在冷战期间大量服役的", "answer": "大量服役", "reading_system_answer": null}, {"question": "--95在冷战期间大量服役于苏联空军和苏联海军航空兵的国家和苏联空军和苏联海军", "answer": "图", "reading_system_answer": null}, {"question": "在冷战期间大量服役于苏联空军和苏联海军航空兵的国家在9-95在冷战期间大量服役", "answer": "95", "reading_system_answer": null}]}, {"text": "该机可以携带重达15吨的武器装备或器材设备", "qa_pairs": [{"question": "该机可以携带重达15吨的武器装备或器材设备的是什么材设备", "answer": "器材", "reading_system_answer": null}, {"question": "该机可以携带重达15吨的武器装备或器材设备的是什么型号的武器", "answer": "15吨", "reading_system_answer": null}]}, {"text": "最大航程可达15000公里", "qa_pairs": [{"question": "最大航程可达15000公里的000公里的航程是", "answer": "航程", "reading_system_answer": null}, {"question": "最大航程可达多少公里", "answer": "15000公里", "reading_system_answer": null}]}, {"text": "这次执行关岛巡航任务的机型可能是俄罗斯海军航空兵的图-95MS或图-142型飞机", "qa_pairs": [{"question": "-9ms或图-142型飞机是哪个", "answer": "俄罗斯海军航空兵", "reading_system_answer": "俄罗斯海军航空兵"}, {"question": "俄罗斯海军航空兵的图-95型飞机的所属国航空兵的图-142型飞机是哪个型号", "answer": "95MS", "reading_system_answer": "图-95MS"}, {"question": "-9ms或图-142型飞机是哪个", "answer": "关岛", "reading_system_answer": "俄罗斯海军航空兵"}, {"question": "俄罗斯海军航空兵的图-954型飞机是哪个型号", "answer": "图", "reading_system_answer": "图-95MS或图-142"}, {"question": "俄罗斯海军航空兵的图-9ms或图-142型飞机是哪一型号", "answer": "142型飞机", "reading_system_answer": null}, {"question": "俄罗斯海军航空兵的s巡任图42型飞机采用的是什么任图", "answer": "任务", "reading_system_answer": null}, {"question": "俄罗斯海军航空兵的图-954型飞机是哪一型号", "answer": "机型", "reading_system_answer": "图-142"}]}, {"text": "图-142海上巡逻机装有大型雷达", "qa_pairs": [{"question": "--142海上巡逻机装有大型雷达的机装有大型雷达的机装有什么", "answer": "图", "reading_system_answer": null}, {"question": "图-142海上巡逻机装有大型雷达的机装有大型雷达是什么", "answer": "雷达", "reading_system_answer": null}, {"question": "海上巡逻机装有大型雷达的国家在142海上巡逻机装有大型雷达的国家在142海上巡", "answer": "142", "reading_system_answer": null}, {"question": "图-142海上巡逻机装有大型雷达的机装有大型雷达是什么", "answer": "巡逻机", "reading_system_answer": null}]}, {"text": "可以远距离搜索跟踪航母编队", "qa_pairs": [{"question": "可以远距离搜航母编队的航母可以搜航母编队是什么", "answer": "远距离", "reading_system_answer": null}, {"question": "可以远距离搜索跟踪航母编队的目的是什么", "answer": "航母编队", "reading_system_answer": null}]}, {"text": "图-95MS则是俄最新改进型图-95轰炸机", "qa_pairs": [{"question": "俄最新改进型图-9轰炸机是哪个型号", "answer": "95MS", "reading_system_answer": "图-95MS"}, {"question": "俄最新改进型图-95轰炸机是哪个型号", "answer": "改进型图", "reading_system_answer": "图-95MS"}, {"question": "俄最新改进型图-95轰炸机是哪个", "answer": "95轰炸机", "reading_system_answer": "图-95MS"}, {"question": "俄最新改进型图-95轰炸机是哪个型号", "answer": "图", "reading_system_answer": "图-95MS"}, {"question": "俄最新改进型图-95轰炸机是哪个国家", "answer": "俄", "reading_system_answer": "图-95MS"}]}, {"text": "该机可携带Kh-555导弹", "qa_pairs": [{"question": "可携带kh-55导弹的国家可携带kh-55555555555555555555", "answer": "Kh", "reading_system_answer": null}, {"question": "kh-有什么武器", "answer": "555导弹", "reading_system_answer": null}]}, {"text": "该导弹类似美国的战斧导弹", "qa_pairs": [{"question": "美国的战斧导弹类似美国的战斧导弹是什么", "answer": "导弹", "reading_system_answer": null}, {"question": "美国的战斧导弹的导弹是哪个", "answer": "美国", "reading_system_answer": null}, {"question": "美国的战斧导弹类似美国的战斧导弹是什么", "answer": "战斧导弹", "reading_system_answer": null}]}, {"text": "射程可达1000公里", "qa_pairs": [{"question": "射程可达多少公里", "answer": "1000公里", "reading_system_answer": null}, {"question": "射程可达1000公里的射程是", "answer": "射程", "reading_system_answer": null}]}]}