{"passage": "在世界海军历史上发生过许多潜艇事故，许多军人为此付出了生命，即使是技术先进的核潜艇也会因为技术原因和艇员的错误操作而发生重大事故，本篇文章小编便介绍过去几十年最严重的几起潜艇事故。 null 库尔斯克号残骸  k141库尔斯克号，2000年 在广大军迷的记忆中最严重的潜艇事故或许是俄罗斯库尔斯克号核潜艇沉没事故，“库尔斯克”号多用途战略导弹核潜艇 是 俄罗斯海军奥斯卡级II型(OII型)飞航式导弹核潜艇的第十艘舰艇，舷号K141。该艇由俄“王牌”武器设计局--“红宝石”设计局设计，俄北德文斯克造船厂制造。该潜艇上的许多设计方案都是世界上独一无二的。如采用了双壳体结构，艇体宽大，耐压壳体与非耐压壳体之间的两舷各约有三米的距离。西方国家曾认为，其双层壳体至少需三MK46型鱼雷才能击穿。但是2000年，在一次演习当中，这艘庞然大物突然沉没，造成118名船员牺牲。  null 事后调查原因最大的可能是艇上65-76型鱼雷发生爆炸造成了这次严重事故，但是，这类重型鱼雷采用的是极度危险的超浓度过氧化氢作为强氧化剂极，所以极易发生安全事故。不幸的是库尔斯克的船员们显然没有足够的训练和经验来处理这些武器。  null 共青团员号  共青团，1989年  K-278共青团是685型核潜艇仅有的一艘，共青团员号主要是作为新技术验证平台，还可对敌方潜艇执行跟踪，侦查任务， 除此之外，“共青团员”号核潜艇还有另外一个特殊用途，这就是一旦在紧急情况下，“共青团员”号核潜艇将作为北方舰队的水下指挥部。因为“共青团员”号核潜艇的最大下潜深度为1250m，即使被敌人的核潜艇发现，于“共青团员”号核潜艇的下潜深度超过世界上任何国家核潜艇的最大下潜深度，因此敌人的核潜艇无法对其实施跟踪和攻击。  null 幸存的“共青团员”号乘员  但就是这个迄今为止最先进的核潜艇之一的共青团员号在1989年4月7日的一场大火后沉没，火灾引发了一系列事件，最终导致船沉没。尽管机组人员竭尽全力，事故中69名机组成员中有42人遇难。然而，直接造成火灾的人只有四人死亡，如果苏联海军采取更快的救援行动，更多的机组人员可能因此得救。  同时，共青团员号上的核反应堆和核弹头依然在巴伦支海的5,500英尺水下的受损船体上，这是一场等待再次发生的灾难。  null 天蝎号  USS天蝎（SSN-589），1969年  虽然苏联核俄罗斯的潜艇事故占了较大份额，但不代表美国核潜艇没有此类事故，1968年5月17日，大西洋潜艇部队司令阿诺德斯科德少将给“天蝎号”艇长和秘密情报小组下达绝密任务命令：距离非洲东海岸1500英里外的加那利群岛附近发现一支神秘的苏联海军舰队，要求你舰立即改变航向，以最快速度赶到那里对苏联舰队实施侦察！5天后，“天蝎号”神秘地葬身大西洋，艇上99名船员全部遇难。  天蝎号究竟发生了什么事情，至今仍然是一个谜，据美国海军地调查结果，最大的可能性是艇员无意中激活了 Mark 37鱼雷或者鱼雷的电池发生爆炸，最终导致潜艇沉没。", "sentences": [{"text": "在世界海军历史上发生过许多潜艇事故", "qa_pairs": [{"question": "在世界海军历史上发生过许多潜艇事故是什么", "answer": "世界海军历史", "reading_system_answer": null}, {"question": "在世界海军历史上发生过许多潜艇事故是什么", "answer": "许多潜艇事故", "reading_system_answer": null}]}, {"text": "许多军人为此付出了生命", "qa_pairs": [{"question": "许多多出了生命的军人是哪个", "answer": "许多军人", "reading_system_answer": null}]}, {"text": "即使是技术先进的核潜艇也会因为技术原因和艇员的错误操作而发生重大事故", "qa_pairs": [{"question": "技术先进的核潜艇的重要为技术原错误操作而发生重大事故是什么", "answer": "重大事故", "reading_system_answer": "因为技术原因和艇员的错误操作"}, {"question": "技术先进的核潜艇是什么", "answer": "技术原因", "reading_system_answer": "即使是技术先进的核潜艇"}, {"question": "即使是技术先进的核潜艇其错误操作而发生重大事故的国家在技术先进的核潜艇其核误操", "answer": "技术", "reading_system_answer": null}, {"question": "即使是技术先进的核潜艇的国家的核潜艇是什么", "answer": "核潜艇", "reading_system_answer": "即使是技术先进的核潜艇"}, {"question": "即使是技术先进的核潜艇的国家其核潜艇的原因是什么", "answer": "艇员", "reading_system_answer": "因为技术原因和艇员的错误操作"}]}, {"text": "本篇文章小编便介绍过去几十年最严重的几起潜艇事故", "qa_pairs": [{"question": "本篇文章小编便介绍过去几十年最严重的几起潜艇事故是什么", "answer": "几十年", "reading_system_answer": null}, {"question": "本篇文章小编便介绍过去几十年最严重的几起潜艇事故是什么", "answer": "文章小编", "reading_system_answer": null}, {"question": "本篇文章小编便介绍过去几十年最严重的几起潜艇事故是什么", "answer": "几起潜艇事故", "reading_system_answer": null}]}, {"text": "null 库尔斯克号残骸  k141库尔斯克号", "qa_pairs": [{"question": "n141库尔斯克号残骸k141库尔斯克号是哪个型号", "answer": "null", "reading_system_answer": "null"}, {"question": "n141库尔斯克号是什么", "answer": "号残骸", "reading_system_answer": null}, {"question": "null库尔斯克号残骸k141库尔斯克号的库尔斯克号是什么", "answer": "号", "reading_system_answer": null}, {"question": "n141库尔斯克号是哪一型号", "answer": "k141", "reading_system_answer": "null"}]}, {"text": "2000年 在广大军迷的记忆中最严重的潜艇事故或许是俄罗斯库尔斯克号核潜艇沉没事故", "qa_pairs": [{"question": "俄罗斯库尔斯克号核潜艇沉没事故是什么", "answer": "事故", "reading_system_answer": null}, {"question": "2年在广大军迷的记忆中最严重的潜艇是哪个公司沉合事故", "answer": "俄罗斯", "reading_system_answer": "俄罗斯库尔斯克号核潜艇"}, {"question": "2年在广大军迷的记忆中最严重的潜艇事件是俄罗斯库尔斯克号核潜艇沉没事故的国家其", "answer": "号核潜艇", "reading_system_answer": "2000年"}, {"question": "2月20000尔斯克号核潜艇沉没事故是什么", "answer": "记忆", "reading_system_answer": null}, {"question": "2年在广大军迷的记忆中最严重的潜艇沉没事故是什么", "answer": "军迷", "reading_system_answer": null}, {"question": "2000年在广大军迷的记忆中最严重的潜艇事称是什么", "answer": "潜艇事故", "reading_system_answer": null}, {"question": "俄罗斯库尔斯克号核潜艇沉没事故是什么", "answer": "2000年", "reading_system_answer": null}]}, {"text": "“库尔斯克”号多用途战略导弹核潜艇 是 俄罗斯海军奥斯卡级II型(OII型)飞航式导弹核潜艇的第十艘舰艇", "qa_pairs": [{"question": "“库尔斯克”号飞航式导弹核潜艇的第十艘舰艇是哪个", "answer": "导弹核潜艇", "reading_system_answer": "库尔斯克”号多用途战略导弹核潜艇"}, {"question": "“库尔斯克ii型(号多用途战略导弹核潜艇的第十艘舰艇是哪一艘", "answer": "第十艘舰艇", "reading_system_answer": "库尔斯克”号多用途战略导弹核潜艇"}, {"question": "“库尔斯克”号多用途战略导弹核潜艇的第十艘舰艇是哪个", "answer": "俄罗斯海军奥斯卡级II", "reading_system_answer": "“库尔斯克”号多用途战略导弹核潜艇"}, {"question": "“库尔斯克ii型(号多用途战略导弹核潜艇的第十艘舰艇是哪一种", "answer": "号多用途战略导弹核潜艇", "reading_system_answer": "库尔斯克”号多用途战略导弹核潜艇"}, {"question": "“库尔斯克”号多用途战略导弹核潜艇的第十艘舰艇是哪个", "answer": "OII", "reading_system_answer": "“库尔斯克”号多用途战略导弹核潜艇"}]}, {"text": "舷号K141", "qa_pairs": [{"question": "舷号k1411是什么", "answer": "舷号K141", "reading_system_answer": null}]}, {"text": "该艇由俄“王牌”武器设计局--“红宝石”设计局设计", "qa_pairs": [{"question": "--“红宝石”设计局设计的目的是什么", "answer": "武器设计局", "reading_system_answer": null}, {"question": "由-红““红红王设设设””””””””设设计局---设王设设设设设设设设设设设", "answer": "设计局", "reading_system_answer": "该艇由俄“王牌”武器设计局--“红宝石”设计局"}, {"question": "由-“红宝石”设计局设计的石武器设计局设计的石武王牌”武器设计局设计的石“王王", "answer": "俄", "reading_system_answer": null}, {"question": "由-“红宝石”设计局设计的”武武器设计局设计的”“武器设计局设计的”“王牌”武", "answer": "艇", "reading_system_answer": null}, {"question": "--“的设计局设计的石武武武武王王牌”武器设计局-艇由俄“王牌”武器设计局设计", "answer": "红宝石", "reading_system_answer": "该艇由俄“王牌”武器设计局--“红宝石”设计局"}, {"question": "--“红宝石”设计局设计的”武器设计局设计的”武武器设计局设计的”“王牌”武器", "answer": "王牌", "reading_system_answer": null}]}, {"text": "俄北德文斯克造船厂制造", "qa_pairs": [{"question": "俄北德文斯克造船厂制造的是什么", "answer": "北德文斯克造船厂", "reading_system_answer": null}]}, {"text": "该潜艇上的许多设计方案都是世界上独一无二的", "qa_pairs": [{"question": "世界上独一无二的潜艇上的许多设计方案都是世界上独一无二的潜艇上的许多设计方案的", "answer": "潜艇", "reading_system_answer": null}, {"question": "世界上独一无二的无计方案都是世界上独一无二的无计方案的国家上的许多设计方案都是", "answer": "世界", "reading_system_answer": null}, {"question": "世界上独一无二的无二的无计方案是什么", "answer": "许多设计方案", "reading_system_answer": "该潜艇上的许多设计方案"}]}, {"text": "如采用了双壳体结构", "qa_pairs": [{"question": "如采用了什么样的壳构", "answer": "双壳体结构", "reading_system_answer": null}]}, {"text": "艇体宽大", "qa_pairs": [{"question": "艇体宽大宽大艇体艇体艇体艇体宽是多少", "answer": "艇体", "reading_system_answer": null}]}, {"text": "耐压壳体与非耐压壳体之间的两舷各约有三米的距离", "qa_pairs": [{"question": "耐压壳体与非耐压壳体之间的两舷各约有三米的距离是什么", "answer": "两", "reading_system_answer": null}, {"question": "耐压壳体与非耐压壳体之间的两舷各约有三米的距离是什么", "answer": "壳体", "reading_system_answer": null}, {"question": "耐压壳体与非耐压壳体之间的两舷各约有多少的距离", "answer": "三米", "reading_system_answer": "三米"}, {"question": "耐压壳体与距耐压壳体之间的两米的约三米的有什么特点", "answer": "距离", "reading_system_answer": null}]}, {"text": "西方国家曾认为", "qa_pairs": [{"question": "西方国家曾认为西方国家曾认为西方国家曾认为西方国家曾曾认为西方西西西西西西西西", "answer": "国家", "reading_system_answer": null}]}, {"text": "其双层壳体至少需三MK46型鱼雷才能击穿", "qa_pairs": [{"question": "其双层壳体至少需三mk46型鱼雷才能击穿多少鱼雷", "answer": "三MK46", "reading_system_answer": null}, {"question": "其双层壳体至少需三mk46型鱼雷才能击穿三mk46型鱼雷的国家其双层壳体至少需", "answer": "鱼雷", "reading_system_answer": null}, {"question": "其双层壳体至少需三mk46型鱼雷才能击穿多少壳体", "answer": "双层壳体", "reading_system_answer": null}]}, {"text": "但是2000年", "qa_pairs": [{"question": "2月很是20000000000000000000000000000000000", "answer": "2000年", "reading_system_answer": null}]}, {"text": "在一次演习当中", "qa_pairs": [{"question": "在一次演习当中演习当中演习的一次演习中演习中演习的一次当演中演在在一次一次一次", "answer": "一次", "reading_system_answer": null}]}, {"text": "这艘庞然大物突然沉没", "qa_pairs": [{"question": "这艘庞然大物突然沉没突然沉没的国家这艘庞然大物突然沉物没突的国家这艘沉物然为什", "answer": "艘", "reading_system_answer": null}]}, {"text": "造成118名船员牺牲", "qa_pairs": [{"question": "造成118名船员牺牲的牺牲是什么", "answer": "118名船员", "reading_system_answer": null}]}, {"text": "null 事后调查原因最大的可能是艇上65-76型鱼雷发生爆炸造成了这次严重事故", "qa_pairs": [{"question": "nulllllllllllllllllllllll6型鱼雷发生爆炸造成了这次严", "answer": "76", "reading_system_answer": null}, {"question": "调查原因最大的可能是艇上65-76型鱼雷发生爆炸造的国家其null76型鱼雷发", "answer": "null", "reading_system_answer": "事后调查原因最大的可能是艇上65-76型鱼雷发生爆炸"}, {"question": "nullllllllllllllllllllll鱼雷发生爆炸造成了这次严重事故", "answer": "鱼雷发生爆炸", "reading_system_answer": "艇上65-76型鱼雷发生爆炸"}, {"question": "nulllllllllllllllllllllllllllllll大发生爆炸造", "answer": "艇", "reading_system_answer": "艇上65-76型鱼雷"}, {"question": "nullllllllllllllllllllll5型鱼雷发生爆炸造成了这次严重", "answer": "65", "reading_system_answer": "艇上65-76型鱼雷发生爆炸"}, {"question": "nuu最可生能是可生重事故的原因是什么", "answer": "原因", "reading_system_answer": "艇上65-76型鱼雷发生爆炸"}]}, {"text": "但是", "qa_pairs": [{"question": "但是是是但但但但但但但但但但但但但但但但但但但但但但但但但但但但但但但但但但但", "answer": "", "reading_system_answer": null}]}, {"text": "这类重型鱼雷采用的是极度危险的超浓度过氧化氢作为强氧化剂极", "qa_pairs": [{"question": "重型鱼雷的超浓的超浓度过氧化氢作为强氧化剂极有什么样的", "answer": "类", "reading_system_answer": "极度危险"}, {"question": "重型鱼雷的鱼雷是什么", "answer": "鱼雷", "reading_system_answer": null}, {"question": "重型鱼雷采用的是极度危险的超浓度过氧化氢作为强氧化剂极的原因是什么", "answer": "浓度过氧化氢", "reading_system_answer": null}, {"question": "重型鱼雷采用的是极度危险的超浓度过氧化氢作为强氧化剂极的国家采用的是什么剂化", "answer": "氧化剂", "reading_system_answer": null}]}, {"text": "所以极易发生安全事故", "qa_pairs": [{"question": "以极易发生安全事故为什么要安全事故", "answer": "", "reading_system_answer": null}]}, {"text": "不幸的是库尔斯克的船员们显然没有足够的训练和经验来处理这些武器", "qa_pairs": [{"question": "不幸和经理器没的武度的验幸中库象运枪的理点是什么", "answer": "经验", "reading_system_answer": null}, {"question": "库尔斯克的船员们显然没有足够的训练和经验来处理这些武器是什么", "answer": "船员", "reading_system_answer": null}, {"question": "库尔斯克的船员们显然没有足够的训练和经验来处理这些武器是什么", "answer": "武器", "reading_system_answer": null}]}, {"text": "null 共青团员号  共青团", "qa_pairs": [{"question": "nullllllll共青团员号共青团员号共青团是哪个", "answer": "共青团员号", "reading_system_answer": null}, {"question": "null共青团员号共青团员号共青团员号是什么", "answer": "null", "reading_system_answer": null}, {"question": "null共青团员号共青团员号是什么", "answer": "共青团", "reading_system_answer": null}]}, {"text": "1989年  K-278共青团是685型核潜艇仅有的一艘", "qa_pairs": [{"question": "1989年k-27型核潜艇是哪个", "answer": "278共青团", "reading_system_answer": "K-278共青团"}, {"question": "1989年k-278共青团是685型核潜艇仅有的一艘是685型核潜艇仅有的一艘", "answer": "一艘", "reading_system_answer": "1989年  "}, {"question": "1989年k-278共青团是685型核潜艇的国家在68578共青团是685型核", "answer": "核潜艇", "reading_system_answer": null}, {"question": "698型核潜艇是哪一年", "answer": "1989年", "reading_system_answer": "1989年"}, {"question": "1989年k-27型核潜艇是哪一艘", "answer": "685", "reading_system_answer": "K-278共青团"}]}, {"text": "共青团员号主要是作为新技术验证平台", "qa_pairs": [{"question": "共青团员号主要是作为新技术验证平台的国家主要是作为新技术验证平台的国家主要是什", "answer": "共青团员号", "reading_system_answer": null}, {"question": "共青团员号主要是作为新技术验证的目的是什么", "answer": "平台", "reading_system_answer": null}, {"question": "共青团员号主要是作为新技术验证平台的国家在共证平台的新技术验证平台是什么", "answer": "技术", "reading_system_answer": null}]}, {"text": "还可对敌方潜艇执行跟踪", "qa_pairs": [{"question": "敌方潜艇执行跟踪的潜艇执行跟踪的潜艇执行跟踪方执行的是什么", "answer": "敌方潜艇", "reading_system_answer": null}]}, {"text": "侦查任务", "qa_pairs": [{"question": "侦查任务是什么", "answer": "任务", "reading_system_answer": null}]}, {"text": "除此之外", "qa_pairs": [{"question": "除此之外外外外外之此之外之此除外此此之外之外之外之外之外此此此此此此此此此此此", "answer": "", "reading_system_answer": null}]}, {"text": "“共青团员”号核潜艇还有另外一个特殊用途", "qa_pairs": [{"question": "“共青团员”号核潜艇的特点是什么", "answer": "共青团员", "reading_system_answer": null}, {"question": "“共青团员”号核潜艇是哪一个", "answer": "号核潜艇", "reading_system_answer": "“共青团员”号核潜艇"}, {"question": "“共青团员”号核潜艇还有另外一个特殊用途是什么", "answer": "用途", "reading_system_answer": null}, {"question": "“共青团员”号核潜艇的特点是什么", "answer": "一个", "reading_system_answer": null}]}, {"text": "这就是一旦在紧急情况下", "qa_pairs": [{"question": "一旦在紧急情况下的紧急情况下的紧急情况是什么", "answer": "", "reading_system_answer": null}]}, {"text": "“共青团员”号核潜艇将作为北方舰队的水下指挥部", "qa_pairs": [{"question": "“号核潜艇将作为北方舰队的水下指挥部是什么", "answer": "指挥部", "reading_system_answer": null}, {"question": "“共青团员”号核潜艇将作为北方舰队的水下指挥部是什么", "answer": "共青团员", "reading_system_answer": null}, {"question": "“共青团员”号核潜艇将作为北方舰队的水下指挥部是什么", "answer": "号核潜艇", "reading_system_answer": null}, {"question": "“共青团员”号核潜艇将作为北方舰队的水下指挥部是什么", "answer": "舰队", "reading_system_answer": null}]}, {"text": "因为“共青团员”号核潜艇的最大下潜深度为1250m", "qa_pairs": [{"question": "”号核潜艇的最大下潜深度为1250m的核潜艇的最大下潜深度为1250m的核潜艇", "answer": "共青团员", "reading_system_answer": null}, {"question": "“号核潜艇的最大下潜深度为1250m的核潜艇的最大下潜深度为1250m号核潜艇", "answer": "号核潜艇", "reading_system_answer": null}, {"question": "“号核潜艇的最大下潜深度为", "answer": "1250m", "reading_system_answer": null}, {"question": "“号核潜艇的最大下潜深度是多少", "answer": "深度", "reading_system_answer": null}]}, {"text": "即使被敌人的核潜艇发现", "qa_pairs": [{"question": "即使被敌人的核潜艇发现是什么", "answer": "核潜艇", "reading_system_answer": null}, {"question": "即使被敌人的核潜艇发现是什么", "answer": "敌人", "reading_system_answer": null}]}, {"text": "于“共青团员”号核潜艇的下潜深度超过世界上任何国家核潜艇的最大下潜深度", "qa_pairs": [{"question": "世界上任何国家核潜艇的最大下潜深度是什么", "answer": "号核潜艇", "reading_system_answer": "共青团员”号核潜艇"}, {"question": "世界上任何国家核潜艇的最大下潜深度是什么", "answer": "深度", "reading_system_answer": "共青团员”号核潜艇"}, {"question": "于“共青团员”号核潜艇的最大下潜深度是哪个", "answer": "世界", "reading_system_answer": null}, {"question": "世界上任何国家核潜艇的最大下潜深度是什么", "answer": "国家核潜艇", "reading_system_answer": "共青团员”号核潜艇"}, {"question": "世界上任何国家核潜艇的最大下潜深度是什么", "answer": "共青团员", "reading_system_answer": "共青团员”号核潜艇"}]}, {"text": "因此敌人的核潜艇无法对其实施跟踪和攻击", "qa_pairs": [{"question": "敌人的核潜艇无法对其实施跟踪和攻击的国家的核潜艇无法对其实施跟踪和攻击什么无法", "answer": "核潜艇无法", "reading_system_answer": null}, {"question": "敌人的核潜艇是什么", "answer": "敌人", "reading_system_answer": null}]}, {"text": "null 幸存的“共青团员”号乘员  但就是这个迄今为止最先进的核潜艇之一的共青团员号在1989年4月7日的一场大火后沉没", "qa_pairs": [{"question": "“共青团员号在1989年4月7日的一场大火后沉没是什么", "answer": "null", "reading_system_answer": null}, {"question": "null幸存的“共青团员号在1989年4月7日的一场大火后沉没是什么", "answer": "共青团员号", "reading_system_answer": null}, {"question": "nulllll9999号号在1989乘员日止最先进的核潜艇之一的共青团员号是什", "answer": "核潜艇", "reading_system_answer": "共青团员”号"}, {"question": "nullllll99号号的核潜艇乘员是哪一型号的核潜艇", "answer": "号乘员", "reading_system_answer": "共青团员”号"}, {"question": "null幸存的“共青团员号在1989年4月7日的一场大火后沉没是什么", "answer": "一场大火", "reading_system_answer": null}, {"question": "nullllll”号的共青团员号在198号乘员日的一场大火后沉没是什么时候", "answer": "1989年4月7日", "reading_system_answer": "1989年4月7日"}, {"question": "null幸存的“共青团员号在1989年4月7日的一场大火后沉没是什么", "answer": "共青团员", "reading_system_answer": null}]}, {"text": "火灾引发了一系列事件", "qa_pairs": [{"question": "火灾引发了什么事件", "answer": "一系列事件", "reading_system_answer": null}, {"question": "火灾引发的火系列事件是什么", "answer": "火灾", "reading_system_answer": null}]}, {"text": "最终导致船沉没", "qa_pairs": [{"question": "最终导致船沉没沉的沉船最终导致沉船最终沉船最终沉船最终沉船最终沉船最终沉船最终", "answer": "船", "reading_system_answer": null}]}, {"text": "尽管机组人员竭尽全力", "qa_pairs": [{"question": "尽管机组人员竭尽全力尽全力尽全力尽全力尽尽尽尽尽尽尽尽尽尽尽尽尽尽尽尽尽尽尽尽", "answer": "机组人员", "reading_system_answer": null}]}, {"text": "事故中69名机组成员中有42人遇难", "qa_pairs": [{"question": "中事故中69名机组成员中有42人遇难的目的是什么", "answer": "事故中69名机组成员", "reading_system_answer": null}, {"question": "69名机组成员中有多少人遇难", "answer": "42人", "reading_system_answer": "42人"}]}, {"text": "然而", "qa_pairs": [{"question": "然而而然然而然然然然然然然然然然然然然然然而然而然而然而然而然而然而然而然而然", "answer": "", "reading_system_answer": null}]}, {"text": "直接造成火灾的人只有四人死亡", "qa_pairs": [{"question": "直灾的人只有四人死亡的四人死亡是什么", "answer": "人", "reading_system_answer": null}, {"question": "直接造成火灾的人只有四人死亡的四人死亡是", "answer": "火灾", "reading_system_answer": null}, {"question": "直接造成火灾的人只有哪两人死亡", "answer": "四人", "reading_system_answer": "四人"}]}, {"text": "如果苏联海军采取更快的救援行动", "qa_pairs": [{"question": "如果苏联海军采取更快的救援行动的海军采用的是什么", "answer": "苏联海军", "reading_system_answer": null}]}, {"text": "更多的机组人员可能因此得救", "qa_pairs": [{"question": "更多的机组人员可能因为得救得救的组人员是什么", "answer": "机组人员", "reading_system_answer": null}]}, {"text": "同时", "qa_pairs": [{"question": "同时时同时同时同时同时同同同同同同同同同同同同同同同同同同同同同同同方对同同同", "answer": "", "reading_system_answer": null}]}, {"text": "共青团员号上的核反应堆和核弹头依然在巴伦支海的5,500英尺水下的受损船体上", "qa_pairs": [{"question": "共青团员号上的核反应堆和核弹头的国家在巴伦支海的5,500英尺水下的受损船体上", "answer": "船体", "reading_system_answer": null}, {"question": "共青团员号上的核反应堆和核弹头依然在巴伦支海的5,500英尺水下的受损船体上的", "answer": "共青团员号", "reading_system_answer": null}, {"question": "共青团员号上的核反应堆和核弹头的国家在巴伦支海的5,500英尺水下的受损船体上", "answer": "核弹头", "reading_system_answer": null}, {"question": "共青团员号上的核反应堆和核弹头依然在巴伦支海的5,500英尺水下的受损船体上的", "answer": "巴伦支海", "reading_system_answer": null}, {"question": "共青团员号上的核反应堆和核弹头依然在巴伦支海的5,500英尺水下的受损船体上的", "answer": "500英尺", "reading_system_answer": null}, {"question": "共青团员号上的核反应堆和核弹头依然在巴伦支海的5,500英尺水下的受损船体上的", "answer": "5", "reading_system_answer": null}]}, {"text": "这是一场等待再次发生的灾难", "qa_pairs": [{"question": "一场等待再次发生的灾难是什么", "answer": "灾难", "reading_system_answer": null}, {"question": "等待再次发生的灾难是什么", "answer": "一场", "reading_system_answer": null}]}, {"text": "null 天蝎号  USS天蝎（SSN-589）", "qa_pairs": [{"question": "n-usn-589））的蝎号是什么", "answer": "USS天蝎", "reading_system_answer": "null 天蝎号"}, {"question": "nsn-589）是什么", "answer": "null", "reading_system_answer": "USS天蝎"}, {"question": "nssl天蝎号usn-589）是什么", "answer": "589", "reading_system_answer": "USS天蝎"}, {"question": "n-uss天蝎号的制造国在n-589）的国家其nss天蝎号是什么", "answer": "SSN", "reading_system_answer": "null 天蝎号"}, {"question": "nssl天蝎号usn-589）是什么", "answer": "天蝎号", "reading_system_answer": "USS天蝎"}]}, {"text": "1969年  虽然苏联核俄罗斯的潜艇事故占了较大份额", "qa_pairs": [{"question": "俄罗斯的潜艇事故占了较大份额的国家的苏联核俄罗斯的潜艇事故占了较大份额的国家的", "answer": "苏联核俄罗斯", "reading_system_answer": null}, {"question": "苏联核俄罗斯的潜艇事故占了较大份额的国家的苏联核俄罗斯的潜艇事故占了较大份额的", "answer": "份额", "reading_system_answer": null}, {"question": "苏联核俄罗斯的潜艇事故占了较大份额的国家的苏联核俄罗斯的潜艇事故占了较大份额的", "answer": "潜艇事故", "reading_system_answer": null}, {"question": "苏联核俄罗斯的潜艇事故占了较大份额的国家的苏联核俄罗斯的潜艇事故占了较大份额的", "answer": "1969年", "reading_system_answer": null}]}, {"text": "但不代表美国核潜艇没有此类事故", "qa_pairs": [{"question": "美国核潜艇没有此类事故是什么", "answer": "代表美国核潜艇", "reading_system_answer": null}, {"question": "美国核潜艇没有此类事故为什么", "answer": "事故", "reading_system_answer": null}]}, {"text": "1968年5月17日", "qa_pairs": [{"question": "1月1日本为什么", "answer": "1968年5月17日", "reading_system_answer": null}]}, {"text": "大西洋潜艇部队司令阿诺德斯科德少将给“天蝎号”艇长和秘密情报小组下达绝密任务命令：距离非洲东海岸1500英里外的加那利群岛附近发现一支神秘的苏联海军舰队", "qa_pairs": [{"question": "大西洋潜艇部队司令阿诺德斯科德少将给“天蝎号”艇长和秘密情报小组下达绝密任务的", "answer": "苏联海军舰队", "reading_system_answer": null}, {"question": "大西洋潜艇部队司令阿诺洋潜艇部队司令阿诺洋500英里外的加那利群岛附近发现一支", "answer": "秘密情报小组", "reading_system_answer": null}, {"question": "大西洋潜艇部队司令阿诺德斯科德少将给“天蝎号”艇长和秘密情报小组下达绝密任务的", "answer": "一支", "reading_system_answer": null}, {"question": "诺岸将苏57防锋枪将将队给苏57防锋枪将将队的潜枪的洋西岸中国现德国现号的少令洲附", "answer": "少将", "reading_system_answer": "加那利群岛"}, {"question": "大西洋潜艇部队司令阿诺德斯科德少将给“天蝎号”艇长和秘密情报小组下达绝密任务命", "answer": "距离非洲", "reading_system_answer": null}, {"question": "大西洋潜艇部队司令阿诺德斯科德少将给“天蝎号”艇长和秘密情报小组下达绝密任务命", "answer": "1500英里", "reading_system_answer": null}, {"question": "大西洋潜艇部队司令阿诺德斯科德少将给“天蝎号”艇长和秘密情报小组下达绝密任务的", "answer": "艇长", "reading_system_answer": null}, {"question": "大西1月苏阿岸中里艇队情长艇的苏诺舰的命现小支海军中国斯岸中海军海军附艇的务队", "answer": "任务命令", "reading_system_answer": null}, {"question": "大西洋潜艇部队司令阿诺德斯科德少将给“天蝎号”艇长和秘密情报小组下达绝密任务的", "answer": "加那利群岛", "reading_system_answer": null}, {"question": "大西洋潜艇部队司令阿诺德斯科德少将给“天蝎号”艇长和秘密情报小组下达绝密任务命", "answer": "大西洋潜艇部队司令阿诺德斯", "reading_system_answer": null}, {"question": "大西洋潜艇部队司令阿诺德斯科德少将给“天蝎号”艇长和秘密情报小组下达绝密任务命", "answer": "天蝎号", "reading_system_answer": null}]}, {"text": "要求你舰立即改变航向", "qa_pairs": [{"question": "你舰立即改变航向中国舰立即改变航向中国舰立即即即求向你要航向你舰求变改变的国家", "answer": "舰", "reading_system_answer": null}, {"question": "要求求求你舰立即改变航向中国改变的航向舰改变是什么", "answer": "航向", "reading_system_answer": null}]}, {"text": "以最快速度赶到那里对苏联舰队实施侦察！5天后", "qa_pairs": [{"question": "以最快速度赶到那里对苏联舰队实施侦察！5天后的国家其最快速度赶到那里对苏联舰队", "answer": "苏联舰队", "reading_system_answer": "以最快速度赶到那里对苏联舰队实施侦察！"}, {"question": "以最快速度赶到那里对苏联舰队实施侦察！5天后的国家最快速度赶到那里对苏联舰队实", "answer": "5天", "reading_system_answer": null}, {"question": "以最快速度赶到苏联舰队实施侦察！5天后的国家最快速度赶到那一艘苏联舰队实施侦察", "answer": "速度", "reading_system_answer": "以最快速度赶到那里"}]}, {"text": "“天蝎号”神秘地葬身大西洋", "qa_pairs": [{"question": "“天蝎号”神秘地葬身大西洋是哪个", "answer": "天蝎号", "reading_system_answer": null}, {"question": "“天蝎号”神秘地葬身大西洋是哪个", "answer": "葬身大西洋", "reading_system_answer": null}]}, {"text": "艇上99名船员全部遇难", "qa_pairs": [{"question": "99名船员全部遇难的全部遇难是什么", "answer": "99名船员全部", "reading_system_answer": null}, {"question": "99名船员全部遇难的艇员全部遇难的全部遇难是什么", "answer": "艇", "reading_system_answer": null}]}, {"text": "天蝎号究竟发生了什么事情", "qa_pairs": [{"question": "天蝎号究竟发生了什么事情", "answer": "天蝎号", "reading_system_answer": null}, {"question": "天蝎号究竟发生了什么事情", "answer": "事情", "reading_system_answer": null}]}, {"text": "至今仍然是一个谜", "qa_pairs": [{"question": "至今仍然是一个谜的目的是什么", "answer": "一个谜", "reading_system_answer": null}]}, {"text": "据美国海军地调查结果", "qa_pairs": [{"question": "美国海军地调查结果的结果是什么", "answer": "调查结果", "reading_system_answer": null}, {"question": "据美国海军地调查结果的国家海军地调查结果是什么", "answer": "美国海军", "reading_system_answer": null}]}, {"text": "最大的可能性是艇员无意中激活了 Mark 37鱼雷或者鱼雷的电池发生爆炸", "qa_pairs": [{"question": "最大的可能性是艇员无意中激活了mark37鱼雷或者鱼雷的电池发生爆炸的国家其鱼", "answer": "电池发生爆炸", "reading_system_answer": null}, {"question": "最大的可能性是艇员无意中激活了mark37鱼雷或者鱼雷的电池发生爆炸的国家其鱼", "answer": "鱼雷", "reading_system_answer": null}, {"question": "mark37鱼雷或者鱼雷的电池发生爆炸是什么", "answer": "可能性", "reading_system_answer": null}, {"question": "最大的可能性是艇员无意中激活了mark37鱼雷或者鱼雷的电池发生爆炸的国家其鱼", "answer": "37鱼雷", "reading_system_answer": null}, {"question": "最大的可能性是艇员无意中激活了mark37鱼雷或者鱼雷的电池发生爆炸是哪种", "answer": "Mark", "reading_system_answer": null}, {"question": "最大的可能性是艇员无意中激活了mark37鱼雷或者鱼雷的电池发生爆炸的国家其鱼", "answer": "艇员", "reading_system_answer": null}]}, {"text": "最终导致潜艇沉没", "qa_pairs": [{"question": "最终导致潜艇沉没最终导致潜艇沉没的是什么", "answer": "潜艇", "reading_system_answer": null}]}]}