{"passage": "众所周知在国际事务中很难有国家能做到面面俱到，当然这也不是说故意针对哪个国家而是有的时候某些国家压根“不领情”。比如说你不可能指望日本有一天为中国仗义执言，因为本身两国之间就有一些说不清道不明的纠葛。今天要说的这个国家，很奇怪因为本身中国并没有开罪于这个国家，但在很多事务上却一再针对中国。  这个国家就是澳大利亚，说起来中国前几年还曾经帮助其解决过外贸出口问题。但澳大利亚却一直坚持不友好态度，比如在两年前，也就是2017年的时候，澳大利亚在举办大型海上军演，当时中国巡逻舰正好在国际海域路过，就被其大张旗鼓的指责。指责的内容无非就是中国偷窥其军事情况，并且意图利用言论驱赶中国军舰。  这样做确实有点过分，但中国本着包容的态度选择息事宁人。以为是巡逻舰的“工作性质”让其误会，所以当时就撤离了，但时隔两年澳大利亚却再次提起了“中国威胁论”。理由依旧是在“护卫军刀”军演进行的时候，发现有中国军舰在国际海域路过。说实话，因为两国原本就有点隔海相望的意思，所以很难避免在国际海域看到彼此的船只。而因为中国军舰路过，就大谈“中国威胁论”，还要澳日联合指责是不是就有点过分了。  是不是中国真的有“偷窥”的可能？其实这是正确的思考方式，但不是这件事情的解释。为什么这样说那？首先中国不可能因为澳大利亚要举办军演就停止在国际海域的航行，其次是军演撞上了中国军舰日常航行。最后不排除澳大利亚玩“碰瓷”的可能性，毕竟最近几年澳大利亚都没有什么话题性，且不说军事机密会不会泄露，起码能以中国“偷窥”在国际上露一次脸。", "sentences": [{"text": "众所周知在国际事务中很难有国家能做到面面俱到", "qa_pairs": [{"question": "众所周知在国际事务中很难有国家能做到面面俱到的国家能做到面面俱到的国家众所周知", "answer": "国家", "reading_system_answer": null}, {"question": "众所周知在国际事务中很难有国家能做到面面俱到的国际事务中很难有国家能做到面面俱", "answer": "国际事务", "reading_system_answer": null}]}, {"text": "当然这也不是说故意针对哪个国家而是有的时候某些国家压根“不领情”", "qa_pairs": [{"question": "当然这不是说故意针对哪个国家而是有的时候某些国家压根“不领情”", "answer": "国家", "reading_system_answer": "哪个国家"}, {"question": "当然这不是说故意针对哪个国家而是有的时候某些国家压根“不领情”", "answer": "国家压根", "reading_system_answer": "哪个国家"}, {"question": "当意候某时压根“不领情”的国家其是有的时意家某些国家家而是有的时意针对哪一个国", "answer": "时候", "reading_system_answer": "故意针对哪"}]}, {"text": "比如说你不可能指望日本有一天为中国仗义执言", "qa_pairs": [{"question": "中国仗义执言中国仗义执言的国家一天为中国仗义执言的国家有一天为中本有一天为中本", "answer": "中国", "reading_system_answer": null}, {"question": "中国仗义执言中有一天为中国仗义执言的国家有多少日有能指望日仗义", "answer": "日本", "reading_system_answer": "日本"}, {"question": "中国仗义执言的中国仗义执言的一天为中国仗义执言的一天为中本有多少指望日本有一天", "answer": "一天", "reading_system_answer": null}]}, {"text": "因为本身两国之间就有一些说不清道不明的纠葛", "qa_pairs": [{"question": "因为本身两国之间就有一些说不清道不明的纠葛是什么", "answer": "纠葛", "reading_system_answer": null}, {"question": "因为本身两国之间就有一些说不清道不明的纠葛是什么", "answer": "一些", "reading_system_answer": null}]}, {"text": "今天要说的这个国家", "qa_pairs": [{"question": "今天要说的这个国家的国家是", "answer": "国家", "reading_system_answer": "今天要说的这"}]}, {"text": "很奇怪因为本身中国并没有开罪于这个国家", "qa_pairs": [{"question": "很奇怪因为本身中国并没有开罪于这个国家开罪于这个国家开罪于这个国家开罪中国并没", "answer": "国家", "reading_system_answer": null}, {"question": "很奇怪因为本身中国并没有开罪于这个国家并没有开罪于这个国家并没有开罪于这个国家", "answer": "中国", "reading_system_answer": null}]}, {"text": "但在很多事务上却一再针对中国", "qa_pairs": [{"question": "中国中一再针对中国针对中国针事务上却一再针对中国针事务上却在很多事务上却在很多", "answer": "中国", "reading_system_answer": null}, {"question": "在很多事务上却一再针对中国中国中国中国中国中国中国针对多事上却但在很多事务上再", "answer": "很多事务", "reading_system_answer": null}]}, {"text": "这个国家就是澳大利亚", "qa_pairs": [{"question": "澳大利亚是澳大利亚的国家就是澳大利亚的国家就是澳大利亚的国家个国家就是就个国家", "answer": "国家", "reading_system_answer": null}, {"question": "澳大利亚是哪个国家", "answer": "澳大利亚", "reading_system_answer": null}]}, {"text": "说起来中国前几年还曾经帮助其解决过外贸出口问题", "qa_pairs": [{"question": "中国前几年还曾经帮助其解决过外贸出口问题的国家帮助其国家帮问题的帮助中国帮问题", "answer": "中国", "reading_system_answer": null}, {"question": "中国前几年还曾经帮助其解决过外贸出口问题的目的是什么", "answer": "外贸出口问题", "reading_system_answer": null}, {"question": "中国前几年还曾经帮助其解决过外贸出口问题的帮助中国帮过外贸出口问题的国家前几年", "answer": "几年", "reading_system_answer": "中国前几年"}]}, {"text": "但澳大利亚却一直坚持不友好态度", "qa_pairs": [{"question": "澳大利亚却一直坚持不友好态度的亚国家在澳大利亚却一直坚持不友好态度的国家坚度坚", "answer": "态度", "reading_system_answer": null}, {"question": "澳大利亚却一直坚持不友好态度的国家其澳大利亚却一直坚持不友好态度的坚持友好态度", "answer": "澳大利亚", "reading_system_answer": null}]}, {"text": "比如在两年前", "qa_pairs": [{"question": "比如在两年前因为什么要如如如如在两年前前前两年两年两年两年两年比前前前前前前前", "answer": "两年", "reading_system_answer": null}]}, {"text": "也就是2017年的时候", "qa_pairs": [{"question": "217年年的7111年的21的时时时是", "answer": "时候", "reading_system_answer": "2017年"}, {"question": "2017年的时候是", "answer": "2017年", "reading_system_answer": null}]}, {"text": "澳大利亚在举办大型海上军演", "qa_pairs": [{"question": "澳大利亚在举办大型海上军演中哪些军事演办", "answer": "军演", "reading_system_answer": null}, {"question": "澳大利亚在举办大型海上军演的国家在举办大型海上军演的国家在举办大型海上军演是什", "answer": "澳大利亚", "reading_system_answer": null}]}, {"text": "当时中国巡逻舰正好在国际海域路过", "qa_pairs": [{"question": "中国巡逻舰正好在国际海域路过什么", "answer": "中国巡逻舰", "reading_system_answer": null}, {"question": "当时中国巡逻舰正好在国际海域路过什么", "answer": "国际海域", "reading_system_answer": null}]}, {"text": "就被其大张旗鼓的指责", "qa_pairs": [{"question": "被其大张旗鼓的指责是什么", "answer": "", "reading_system_answer": null}]}, {"text": "指责的内容无非就是中国偷窥其军事情况", "qa_pairs": [{"question": "中国偷窥其军事情况的国家偷窥的军事情况是什么", "answer": "中国", "reading_system_answer": null}, {"question": "中国偷窥其军事情况的非非就是中国偷窥其军事情况的国家内容无非就是中国偷窥其军事", "answer": "内容", "reading_system_answer": null}, {"question": "中国偷窥的军事情况是什么", "answer": "军事情况", "reading_system_answer": null}]}, {"text": "并且意图利用言论驱赶中国军舰", "qa_pairs": [{"question": "意图利用言论驱赶中国军舰的国家用言论驱赶中国军舰是什么", "answer": "意图利用言论", "reading_system_answer": null}, {"question": "并且意图利用言论驱赶中国军舰的国家用什么舰", "answer": "中国军舰", "reading_system_answer": null}]}, {"text": "这样做确实有点过分", "qa_pairs": [{"question": "有有有做做做做做做了实点样的分别是什么", "answer": "有点过分", "reading_system_answer": null}]}, {"text": "但中国本着包容的态度选择息事宁人", "qa_pairs": [{"question": "中国本着包容的态度选择息事宁人是什么", "answer": "息事宁人", "reading_system_answer": null}, {"question": "中国本着包容的态度选择息事宁人是什么", "answer": "中国", "reading_system_answer": null}, {"question": "中国本着包容的态度选择息事宁人是什么", "answer": "态度", "reading_system_answer": null}]}, {"text": "以为是巡逻舰的“工作性质”让其误会", "qa_pairs": [{"question": "以为是巡逻舰的“工作性质”让其误会的舰的“工作性质”让其误会是什么", "answer": "巡逻舰", "reading_system_answer": null}, {"question": "以”会其让”会其让”会作性的误为什么", "answer": "误会", "reading_system_answer": "以为是巡逻舰的“工作性质”"}, {"question": "巡逻舰的“工作性质”让其误会是什么", "answer": "性质", "reading_system_answer": null}]}, {"text": "所以当时就撤离了", "qa_pairs": [{"question": "以当时就撤离了什么撤离了", "answer": "", "reading_system_answer": null}]}, {"text": "但时隔两年澳大利亚却再次提起了“中国威胁论”", "qa_pairs": [{"question": "澳大利亚是再次提起了“中国威胁论”的原因是什么", "answer": "时隔两年澳大利亚", "reading_system_answer": null}, {"question": "澳大利亚却再次提起了“中国威胁论”的国家隔两年澳大利亚却再次提起了“中国威胁论", "answer": "中国威胁论", "reading_system_answer": null}]}, {"text": "理由依旧是在“护卫军刀”军演进行的时候", "qa_pairs": [{"question": "在“护卫军刀”军演进行的时候是什么", "answer": "军刀", "reading_system_answer": null}, {"question": "在“护卫军刀”军演进行的时候是什么", "answer": "军演", "reading_system_answer": null}, {"question": "在在护卫军刀”军演进行的时候是在在“由由旧时候的军刀的军刀是由哪个军事的演进行", "answer": "理由", "reading_system_answer": "在“护卫军刀”军演"}, {"question": "“护卫军刀”演行的时时时进行的演行是什么", "answer": "时候", "reading_system_answer": null}]}, {"text": "发现有中国军舰在国际海域路过", "qa_pairs": [{"question": "发现有中国军舰在国际海域路过什么", "answer": "中国军舰", "reading_system_answer": null}, {"question": "发现有中国军舰在国际海域路过什么", "answer": "国际海域", "reading_system_answer": null}]}, {"text": "说实话", "qa_pairs": [{"question": "实话实话实话实话实话实话实话实话实话实话实话实话实话实话实话实说说说说说说说说", "answer": "", "reading_system_answer": null}]}, {"text": "因为两国原本就有点隔海相望的意思", "qa_pairs": [{"question": "因为两国原本就有点隔海相望的意思是什么", "answer": "意思", "reading_system_answer": null}, {"question": "因为两国原本就有点隔海相望的意思是什么", "answer": "两国原本", "reading_system_answer": null}, {"question": "因说为两国望相望相望相望上就有的国家隔隔的原因是什么", "answer": "有点", "reading_system_answer": null}]}, {"text": "所以很难避免在国际海域看到彼此的船只", "qa_pairs": [{"question": "在国际海域看到彼此的船只是什么", "answer": "船只", "reading_system_answer": null}, {"question": "在国际海域看到彼此的船只是什么", "answer": "国际海域", "reading_system_answer": null}]}, {"text": "而因为中国军舰路过", "qa_pairs": [{"question": "中国军舰路过什么", "answer": "中国军舰", "reading_system_answer": null}]}, {"text": "就大谈“中国威胁论”", "qa_pairs": [{"question": "“中国威胁论”是什么", "answer": "中国威胁论", "reading_system_answer": null}]}, {"text": "还要澳日联合指责是不是就有点过分了", "qa_pairs": [{"question": "澳合指责点过有什么好处", "answer": "有点过分", "reading_system_answer": null}]}, {"text": "是不是中国真的有“偷窥”的可能？其实这是正确的思考方式", "qa_pairs": [{"question": "中国真的有“偷窥”的可能？其实这是正确的思考方式是什么", "answer": "中国", "reading_system_answer": null}, {"question": "中国真的有“偷窥”的可能？其实这是正确的思考方式是什么", "answer": "方式", "reading_system_answer": null}]}, {"text": "但不是这件事情的解释", "qa_pairs": [{"question": "不是这件事情的解释的解释是什么", "answer": "这件事情", "reading_system_answer": null}]}, {"text": "为什么这样说那？首先中国不可能因为澳大利亚要举办军演就停止在国际海域的航行", "qa_pairs": [{"question": "为什么说停止在国际海域的航行是", "answer": "澳大利亚", "reading_system_answer": "澳大利亚要举办军演"}, {"question": "为什么说那一艘澳大利亚要举办军演就停止在国际海域的航行", "answer": "航行", "reading_system_answer": "首先中国"}, {"question": "为什么在国际海域的航行中国举办军演中国举办军演中国举办的国家首先中国不可能因为", "answer": "军演", "reading_system_answer": "澳大利亚要举办军演"}, {"question": "澳大利亚要举办军演中国际海域的航行是什么", "answer": "中国", "reading_system_answer": null}, {"question": "为什么在国际海域的航行中国不可能因为澳大利亚要举办军演的国家首先中国不可能因为", "answer": "国际海域", "reading_system_answer": null}]}, {"text": "其次是军演撞上了中国军舰日常航行", "qa_pairs": [{"question": "其其是军演撞上了中国军舰日常航行的国家是军演撞上了中国军舰日常航行的国家是军演", "answer": "航行", "reading_system_answer": "其次是军演"}, {"question": "其次是军演撞上了中国军舰日常航行的国家是", "answer": "中国军舰", "reading_system_answer": null}, {"question": "其其航行是什么", "answer": "军", "reading_system_answer": null}]}, {"text": "最后不排除澳大利亚玩“碰瓷”的可能性", "qa_pairs": [{"question": "最后不排除澳大利亚玩“碰瓷”的可能性性是什么", "answer": "可能性", "reading_system_answer": null}, {"question": "最后不排除澳大利亚玩“碰瓷”的可能性是什么", "answer": "澳大利亚", "reading_system_answer": null}]}, {"text": "毕竟最近几年澳大利亚都没有什么话题性", "qa_pairs": [{"question": "毕竟最近几年澳大利亚都没有什么话题性的原因", "answer": "几年澳大利亚", "reading_system_answer": null}, {"question": "毕竟最近几年澳大利亚都没有什么话题性", "answer": "话题性", "reading_system_answer": null}]}, {"text": "且不说军事机密会不会泄露", "qa_pairs": [{"question": "军事机密会不会泄露的军事机密会不会泄露是哪个", "answer": "军事机密", "reading_system_answer": null}]}, {"text": "起码能以中国“偷窥”在国际上露一次脸", "qa_pairs": [{"question": "起码能以中国“偷窥”在国际上露一次脸的国家在国际上露一次脸的国家在“偷窥”在国", "answer": "起码", "reading_system_answer": null}, {"question": "中国“偷窥”在国际上露一次脸的国家在国际上露一次脸的国家在国际上露一次脸的国家", "answer": "国际", "reading_system_answer": null}, {"question": "起码能以中国“偷窥”在国际上露一次脸的国家在国际上露一次脸的国家在国际上露一次", "answer": "中国", "reading_system_answer": null}, {"question": "起码能以中国“偷窥”在国际上露一次脸的国家在国际上露一次脸是什么", "answer": "一次脸", "reading_system_answer": null}]}]}