{"passage": "德国是一个十分严谨的民族，对于自己生产的产品要求一直很高，所有德国的产品非常受大家的欢迎，特别是德国所制造的武器装备，一直都使得别的国家争相购买。   但即使是德国怎么严谨的国家，也是有些产品做的不怎么好的，比如最近刚刚进行服役的F125战舰，并没有达到人们的预期，并且在整个的建造过程中，都一直饱受着吐槽，下面就来带大家看一下。  在以往德国所制造的护卫舰中，都给人留下了“强大”的印象，不仅攻防一体，而且设计的理念也非常的好，就拿F122来举例，这艘护卫舰在武器的搭配方面非常出色，采用梯次布置火力，这样一来，就使得战舰的火力大大加强。   这样的设计在当时，影响了很多的国家，他们要么自己进行设计类似的战舰，要么都花大价钱从德国进行购买，此后的F123型以及F124型都是如此，可以说德国的护卫舰设计，引领了很长时间的潮流。  但是到了F125，德国却并没有让世界期待的目光满意，这款护卫舰德国整整研发了10年，但与以前的版本相比，并没有很大的亮点，比如在动力设备上的选择并不是顶级！   还有大部分的空间都用于安装雷达，可是雷达的功能并没有取得大的突破，还有就是，在最重要的武器方面，F125做了很大的削弱，在火力的配备上，甚至不如我国的056型小型护卫舰。  但是F125型护卫舰的定位并没这么低，它的排水量达到了7200吨，在护卫舰中，这样的排水量已经达到顶级了，但里面的武器设备却华而不实，没有跟上这么大的体量，整个护卫舰只安装了反舰导弹、主炮以及近程的防空导弹。   刚才我们也做了比较，这样的物质装备甚至不如我国的056，要知道，我国056型护卫舰的排水量只有1000多吨，所以，在这样的对比下，德国这次制造的F125型战舰，饱受质疑也是应当的，希望下一次，德国能够做出很好的改进。   那么，大家对德国这次制造的护卫舰有什么看法呢？  好了今天就为大家介绍到这里，我们下一期再见！", "sentences": [{"text": "德国是一个十分严谨的民族", "qa_pairs": [{"question": "德国是一个十分严谨的民族是什么", "answer": "一个十分", "reading_system_answer": null}, {"question": "德国是一个十分严谨的民族是哪个国家", "answer": "德国", "reading_system_answer": null}, {"question": "德国是一个十分严谨的民族是什么", "answer": "民族", "reading_system_answer": null}]}, {"text": "对于自己生产的产品要求一直很高", "qa_pairs": [{"question": "对于自己生产的产品要求一直很高是什么", "answer": "产品", "reading_system_answer": null}]}, {"text": "所有德国的产品非常受大家的欢迎", "qa_pairs": [{"question": "有德国的产品非常受大家的欢迎是什么", "answer": "德国", "reading_system_answer": null}, {"question": "德国的产品非常受大家的欢迎是什么", "answer": "大家", "reading_system_answer": null}, {"question": "德国的产品非常受大家的欢迎是什么", "answer": "产品", "reading_system_answer": null}]}, {"text": "特别是德国所制造的武器装备", "qa_pairs": [{"question": "特别是德国所制造的武器装备的国家是", "answer": "德国", "reading_system_answer": null}]}, {"text": "一直都使得别的国家争相购买", "qa_pairs": [{"question": "一直都使得别的国家争相购买的相别是什么", "answer": "国家争相", "reading_system_answer": null}]}, {"text": "但即使是德国怎么严谨的国家", "qa_pairs": [{"question": "德国怎么严谨的国家是", "answer": "国家", "reading_system_answer": null}, {"question": "德国怎么严谨的国家是", "answer": "德国", "reading_system_answer": null}]}, {"text": "也是有些产品做的不怎么好的", "qa_pairs": [{"question": "有些产品做的不怎么好的做的不怎么好的品做的不怎么好的品产是什么", "answer": "产品", "reading_system_answer": null}]}, {"text": "比如最近刚刚进行服役的F125战舰", "qa_pairs": [{"question": "比如最近刚刚进行服役的f125战舰的战舰是哪一型号", "answer": "服役", "reading_system_answer": null}, {"question": "比最近刚刚进行服役的f125战舰是什么", "answer": "F125战舰", "reading_system_answer": null}]}, {"text": "并没有达到人们的预期", "qa_pairs": [{"question": "人们的预期中国在京预期的人们的预期中国在预期中国人事没有达到人们的达到人们的人", "answer": "人们", "reading_system_answer": null}]}, {"text": "并且在整个的建造过程中", "qa_pairs": [{"question": "整个的建造过程造中中在整个的建造过程造中中程整个的程中程在整个的整个过在整个的", "answer": "过程", "reading_system_answer": null}]}, {"text": "都一直饱受着吐槽", "qa_pairs": [{"question": "一直饱受着吐槽的饱受着吐槽的直升机其饱受着吐槽的直升机其饱受着吐槽的直升机其饱", "answer": "", "reading_system_answer": null}]}, {"text": "下面就来带大家看一下", "qa_pairs": [{"question": "下带大家看一下来带大家看什么", "answer": "一下", "reading_system_answer": null}, {"question": "带大家看一下来带大家看一下来带大家看一下来面就来带大家带带带带带带带带带带大下", "answer": "大家", "reading_system_answer": null}]}, {"text": "在以往德国所制造的护卫舰中", "qa_pairs": [{"question": "在以往德国所制造的护卫舰中中往造的护卫舰中中往造的护卫舰在以德国所制造的护卫舰", "answer": "护卫舰", "reading_system_answer": null}, {"question": "在以往德国所制造的护卫舰中中德国所制造的护卫舰中往德国所制造的护卫舰在以往德国", "answer": "德国", "reading_system_answer": null}]}, {"text": "都给人留下了“强大”的印象", "qa_pairs": [{"question": "“强大”的印象是哪个", "answer": "印象", "reading_system_answer": null}, {"question": "“强大”的印象是哪个", "answer": "人", "reading_system_answer": null}]}, {"text": "不仅攻防一体", "qa_pairs": [{"question": "不仅攻防一体的攻防一体是什么", "answer": "一体", "reading_system_answer": null}]}, {"text": "而且设计的理念也非常的好", "qa_pairs": [{"question": "非常的理念也非常的好计的理念也非计的理念也非计的理念的理好的理因是什么", "answer": "理念", "reading_system_answer": null}]}, {"text": "就拿F122来举例", "qa_pairs": [{"question": "f122来举例是什么", "answer": "F122", "reading_system_answer": null}, {"question": "f122来举例的意义是什么", "answer": "举例", "reading_system_answer": null}]}, {"text": "这艘护卫舰在武器的搭配方面非常出色", "qa_pairs": [{"question": "在武器的搭配方面非常出色的护卫舰在武器的搭配方面非常出色的护卫舰在武器的搭配方", "answer": "艘护卫舰", "reading_system_answer": null}, {"question": "在武器的搭配方面非常出色的武器是什么", "answer": "方面", "reading_system_answer": null}, {"question": "在武器的搭配方面非常出色的护卫舰在武器的搭配方面非常出色的护卫舰在武器的搭配方", "answer": "武器", "reading_system_answer": null}]}, {"text": "采用梯次布置火力", "qa_pairs": [{"question": "采用梯次布置火力采用的是什么样的", "answer": "梯次布置火力", "reading_system_answer": null}]}, {"text": "这样一来", "qa_pairs": [{"question": "这样一来一来一来一样样的一样数来这一样数来这一样样的一十十十十十十十十十十十十", "answer": "", "reading_system_answer": null}]}, {"text": "就使得战舰的火力大大加强", "qa_pairs": [{"question": "就使得战舰的火力大大加强的大大加强是什么", "answer": "火力", "reading_system_answer": null}, {"question": "战舰的火力大大加强的火力大大加强的大大加强是什么", "answer": "战舰", "reading_system_answer": null}]}, {"text": "这样的设计在当时", "qa_pairs": [{"question": "设计在当时设计在当时设计的当时的样的的设计在当时设计的当时设计的当在设计的当在", "answer": "", "reading_system_answer": null}]}, {"text": "影响了很多的国家", "qa_pairs": [{"question": "影响了很多的国家是", "answer": "国家", "reading_system_answer": null}, {"question": "影响了很多的国家是什么", "answer": "很多", "reading_system_answer": null}]}, {"text": "他们要么自己进行设计类似的战舰", "qa_pairs": [{"question": "他进行设计类似的战舰是什么", "answer": "战舰", "reading_system_answer": null}]}, {"text": "要么都花大价钱从德国进行购买", "qa_pairs": [{"question": "花花大价钱从德国进行购买的是什么", "answer": "德国", "reading_system_answer": null}, {"question": "花花大价钱从德国进行购买的德国进行购买的价钱从德国进行购买的价钱从德国进行要购", "answer": "价钱", "reading_system_answer": null}]}, {"text": "此后的F123型以及F124型都是如此", "qa_pairs": [{"question": "f123型以及f12型都是如何", "answer": "F123", "reading_system_answer": null}, {"question": "f123型以及f12型都是如何", "answer": "F124", "reading_system_answer": null}]}, {"text": "可以说德国的护卫舰设计", "qa_pairs": [{"question": "德国的护卫舰设计的舰设计是什么", "answer": "护卫舰", "reading_system_answer": null}, {"question": "德国的护卫舰设计的是什么", "answer": "德国", "reading_system_answer": null}]}, {"text": "引领了很长时间的潮流", "qa_pairs": [{"question": "长引时间的潮长的时间的潮流流流流流流流是什么", "answer": "很", "reading_system_answer": null}, {"question": "引时间的潮流中引领了很长时间的潮流的长领了很长时间的潮流是什么", "answer": "潮流", "reading_system_answer": null}]}, {"text": "但是到了F125", "qa_pairs": [{"question": "f1255是", "answer": "F125", "reading_system_answer": null}]}, {"text": "德国却并没有让世界期待的目光满意", "qa_pairs": [{"question": "德国却没有让世界期待的目光满意的目的是什么", "answer": "目光", "reading_system_answer": null}, {"question": "德国却并没有让世界期待的目光满意是", "answer": "世界", "reading_system_answer": null}, {"question": "德国却没有让世界期待的目光满意是", "answer": "德国", "reading_system_answer": null}]}, {"text": "这款护卫舰德国整整研发了10年", "qa_pairs": [{"question": "德国整整研发了什么型号的护卫舰", "answer": "10年", "reading_system_answer": null}, {"question": "整研发了10年的国家整研发的护卫舰德国整整研发了10年的国家整款护卫舰德国整整", "answer": "款护卫舰德国", "reading_system_answer": null}]}, {"text": "但与以前的版本相比", "qa_pairs": [{"question": "与前的版本相比的前与以前的版本相比的本国以前相比的本国以前相比的本国以前相比相", "answer": "版本", "reading_system_answer": null}]}, {"text": "并没有很大的亮点", "qa_pairs": [{"question": "并没有很大的亮点是什么", "answer": "亮点", "reading_system_answer": null}]}, {"text": "比如在动力设备上的选择并不是顶级！   还有大部分的空间都用于安装雷达", "qa_pairs": [{"question": "！的动力设备的安装雷达是什么", "answer": "动力设备", "reading_system_answer": null}, {"question": "顶级！还有大部分的空间都用于安装雷达的国家在动力设备上的选择并不是顶级！还有大", "answer": "空间", "reading_system_answer": null}, {"question": "顶级！还有大部分的空间都用于安装雷达的国家在顶级！还有大部分的空间都用于安装雷", "answer": "雷达", "reading_system_answer": null}, {"question": "顶级！还有大部分的空间都用于安装雷达的国家在顶级！还有大部分的空间都用于安装雷", "answer": "顶级", "reading_system_answer": null}, {"question": "顶级！还有大部分的空间都用于安装雷达的国家在动力设备上的选择并不是顶级！还有大", "answer": "大部分", "reading_system_answer": null}]}, {"text": "可是雷达的功能并没有取得大的突破", "qa_pairs": [{"question": "雷达的雷破镜的突能破点是什么", "answer": "功能", "reading_system_answer": null}, {"question": "雷达的功能并没有取得大的突破是什么", "answer": "雷达", "reading_system_answer": null}]}, {"text": "还有就是", "qa_pairs": [{"question": "有就是有就是有就是有就是有就是有就是有就是有就是有就是还还还还还还还还还是有就", "answer": "", "reading_system_answer": null}]}, {"text": "在最重要的武器方面", "qa_pairs": [{"question": "在最重要的武器方面是什么", "answer": "武器方面", "reading_system_answer": null}]}, {"text": "F125做了很大的削弱", "qa_pairs": [{"question": "f1255做了很大的削弱", "answer": "F125", "reading_system_answer": null}]}, {"text": "在火力的配备上", "qa_pairs": [{"question": "在火力的配备上配备上的火力的配备上配备的是什么样", "answer": "火力", "reading_system_answer": null}]}, {"text": "甚至不如我国的056型小型护卫舰", "qa_pairs": [{"question": "我国的056型小型护卫舰的护卫舰是什么", "answer": "护卫舰", "reading_system_answer": null}, {"question": "056型小型护卫舰的护卫舰是哪一型号", "answer": "056", "reading_system_answer": "056型"}]}, {"text": "但是F125型护卫舰的定位并没这么低", "qa_pairs": [{"question": "f125型护卫舰的定位并没这么低", "answer": "F125", "reading_system_answer": null}, {"question": "f125型护卫舰的定位并没这么低的护卫舰的定位并没这么低f125型护卫舰的定位", "answer": "护卫舰", "reading_system_answer": null}, {"question": "f125型护卫舰的定位是什么", "answer": "定位", "reading_system_answer": null}]}, {"text": "它的排水量达到了7200吨", "qa_pairs": [{"question": "它的排水量达到了什么", "answer": "7200吨", "reading_system_answer": null}, {"question": "它的排水量达到了7200吨的国家的排水量达到了7200吨的国家其排水量达到了7", "answer": "排水量", "reading_system_answer": null}]}, {"text": "在护卫舰中", "qa_pairs": [{"question": "在护卫舰中中中中护卫舰中护卫舰护卫护卫护卫舰中舰在在在在护卫舰在在在在护卫护护", "answer": "护卫舰", "reading_system_answer": null}]}, {"text": "这样的排水量已经达到顶级了", "qa_pairs": [{"question": "排水量已经达到顶级了什么", "answer": "顶级", "reading_system_answer": null}, {"question": "这样的排水量已经达到顶级了什么排水量", "answer": "排水量", "reading_system_answer": null}]}, {"text": "但里面的武器设备却华而不实", "qa_pairs": [{"question": "里面的武器设备的武器是什么", "answer": "武器", "reading_system_answer": null}]}, {"text": "没有跟上这么大的体量", "qa_pairs": [{"question": "没有跟上这么大的体量是什么", "answer": "体量", "reading_system_answer": null}]}, {"text": "整个护卫舰只安装了反舰导弹、主炮以及近程的防空导弹", "qa_pairs": [{"question": "整个护卫舰只安装了反舰导弹、主炮以及近程的防空导弹是什么", "answer": "导弹", "reading_system_answer": "反舰导弹"}, {"question": "整个护卫舰只安装了反舰导弹、主炮以及近程的防空导弹是哪种", "answer": "近程", "reading_system_answer": "反舰导弹"}, {"question": "整个护卫舰只安装了反舰导弹、主炮的国家整个护卫舰只安装了反舰导弹、主炮的国家的", "answer": "主炮", "reading_system_answer": null}, {"question": "整个护卫舰只安装了反舰导弹、主炮的国家的整个护卫舰只安装了反舰导弹、主炮以及近", "answer": "护卫舰", "reading_system_answer": null}]}, {"text": "刚才我们也做了比较", "qa_pairs": [{"question": "刚才我们也做了比较较较较了比比较较比了比我才也做也做也做也做也做也做也做也做也", "answer": "", "reading_system_answer": null}]}, {"text": "这样的物质装备甚至不如我国的056", "qa_pairs": [{"question": "我国的056装备甚至不如我国的056装备甚至不如我国的056的质质装备甚至不如", "answer": "物质装备", "reading_system_answer": null}, {"question": "我国的056565装备甚至不如我国的056装备甚至不如我国的物质装备甚至不如我", "answer": "056", "reading_system_answer": null}]}, {"text": "要知道", "qa_pairs": [{"question": "要知道知道知道要知道要要知知知道要要知知要道要要要要道知知知知道道道要道知知要", "answer": "", "reading_system_answer": null}]}, {"text": "我国056型护卫舰的排水量只有1000多吨", "qa_pairs": [{"question": "我国056型护卫舰的排水量是多少", "answer": "1000多吨", "reading_system_answer": null}, {"question": "我国056型护卫舰的排水量是什么", "answer": "护卫舰", "reading_system_answer": null}, {"question": "我国056型护卫舰的排水量是多少", "answer": "排水量", "reading_system_answer": null}, {"question": "我国056型护卫舰的排水量是多少", "answer": "056", "reading_system_answer": null}]}, {"text": "所以", "qa_pairs": [{"question": "以以以以以所所所所以以所所所以以以以以以以以所所所所所所所以以以以以以以以以以", "answer": "", "reading_system_answer": null}]}, {"text": "在这样的对比下", "qa_pairs": [{"question": "在这样的对比下下下比比比比比比比比样的对对对对对对对对对对对对对比对的这样的这", "answer": "", "reading_system_answer": null}]}, {"text": "德国这次制造的F125型战舰", "qa_pairs": [{"question": "德国f125型战舰是哪一型号", "answer": "F125", "reading_system_answer": null}, {"question": "德国f125型战舰是哪个国家次制造的战舰", "answer": "德国", "reading_system_answer": "德国"}, {"question": "德国这次制造的f125型战舰是哪一型号", "answer": "战舰", "reading_system_answer": null}]}, {"text": "饱受质疑也是应当的", "qa_pairs": [{"question": "饱受质疑也是应当的应当的应当的应当的应当的应受受质疑也是应受受受受受受受受疑的", "answer": "", "reading_system_answer": null}]}, {"text": "希望下一次", "qa_pairs": [{"question": "希望下一次下一次下一次希望下一次希望下下下下下下下下下下下下下下下下下的一一次", "answer": "一次", "reading_system_answer": null}]}, {"text": "德国能够做出很好的改进", "qa_pairs": [{"question": "德国能够做出很好的改进的国家改进的国家改进国德国出做改很好的国家能够很好的国德", "answer": "德国", "reading_system_answer": null}]}, {"text": "那么", "qa_pairs": [{"question": "那三十七十十十十十十十十十十十十十十十十十十十十十十十十十十十十十十十十十十十", "answer": "", "reading_system_answer": null}]}, {"text": "大家对德国这次制造的护卫舰有什么看法呢？  好了今天就为大家介绍到这里", "qa_pairs": [{"question": "大家对德国这次制造的护卫舰有什么看法国？好了今天就为大家介绍到这里看造的护卫舰", "answer": "护卫舰", "reading_system_answer": "大家对德国这次制造的护卫舰有什么看法呢？"}, {"question": "大家介绍到这次？好了今天就为大家介绍到这次制造的护卫舰的国家其大家对德国这次制", "answer": "大家", "reading_system_answer": "大家对德国这次制造的护卫舰有什么看法呢？"}, {"question": "大家介绍到这次？好了今天就为大家介绍到这次？好了今天就为大家对德国这次制造的护", "answer": "德国", "reading_system_answer": "大家对德国这次制造的护卫舰有什么看法呢？"}]}, {"text": "我们下一期再见！", "qa_pairs": [{"question": "我国下一期再见！的见！是什么", "answer": "", "reading_system_answer": null}]}]}