{"passage": "武器包括很多种类，其中枪械起着举足轻重的作用，大到机枪，小到手枪，无一不是步兵在战场上的杀敌利器。   德国/美国Mk 23 Mod 0手枪 Mk 23 Mod 0是由德国黑克勒-科赫公司（Heckler & Koch，后文统称HK公司）为美国特种部队所研制的一款手枪，目前装备于海豹突击队、“绿色贝雷帽”等特种部队。   德国HK USP手枪 HK USP是由HK公司研制的一款手枪，由于性能优异，目前被各国的警察部队、军队以及特种部队等单位所采用。   德国HK45手枪 HK45是由HK公司设计生产的一款手枪，它虽然没有正式在军队服役，但在民间、执法部队和其他军事团体（如雇佣军）中非常受欢迎。   德国瓦尔特PP/PPK手枪 瓦尔特PP是由德国瓦尔特公司生产的一款手枪，PPK是其改进版，目前是各国警方、特工、刑事侦探人员的标志性手枪之一。   德国瓦尔特P99手枪 瓦尔特P99是由瓦尔特公司设计并生产的一款手枪，该枪的材质和外形设计都极具现代化特点，目前在多个国家的警队中服役，其中包括阿尔巴尼亚、加拿大和芬兰等。   德国HK P2000手枪 HK P2000是由HK公司设计生产的一款手枪，目前是德国联邦警察和美国海关及边境保卫局配备的主要手枪之一。   德国HK P7手枪 HK P7是由德国HK公司设计并生产的一款手枪，不仅在德国警察、军队中服役了相当长的时间，至今英国特别空勤团、美国三角洲特种部队、美国中情局等众多著名部队、机构都仍在使用。   德国HK P30手枪 HK P30是HK P2000手枪的改进版，是一种警用和自卫手枪。HK P30与HK P2000手枪在技术上差不多，同样是勃朗宁式闭锁原理，使用高强度塑料底把。   德国HK P9手枪 HK P9采用半自由枪机原理，套筒和枪管通过枪机连接，枪机由较轻的机头和其上的两个滚柱组成，当枪机头推弹入膛室并停止复进后，其前端的闭锁斜面会把滚柱挤入闭锁凹槽内以使枪管与套筒闭锁。   美国/意大利M9手枪 M9是由意大利伯莱塔公司为美国空军所研制的一款手枪，于1985年被美军选为制式手枪，并在各个特种部队中服役。   美国MEU（SOC）手枪 MEU（SOC）是由美国海军陆战队精密武器工厂设计并参与生产的一款手枪，是美国海军陆战队远征队侦察部队的主要手枪之一，自1985年服役至今。   美国M1911手枪 M1911是由约翰·勃朗设计、柯尔特公司生产的一款手枪，自推出后成为美军的制式手枪达74年之久，其后的改良型仍是美军部队士兵首选的手枪之一。   美国鲁格P345手枪 鲁格P345是由美国鲁格公司设计并生产的一款手枪，目前已在美国军警手枪市场上占有一席之地，能与格洛克系列手枪相抗衡。   美国M45A1手枪 M45A1是一款由美国枪械公司柯尔特公司以M1911 XSE型手枪（柯尔特商业型M1911手枪之一）为蓝本研制及生产的气冷式、弹匣供弹、枪管短行程后坐作用操作、单动操作的半自动手枪，发射.45 ACP手枪子弹。", "sentences": [{"text": "武器包括很多种类", "qa_pairs": [{"question": "武器包括什么", "answer": "很多种类", "reading_system_answer": null}, {"question": "武器包括很多种类括很多种类括很多种类的武器包括很多种类是什么", "answer": "武器", "reading_system_answer": null}]}, {"text": "其中枪械起着举足轻重的作用", "qa_pairs": [{"question": "其中枪械起着举足轻重的作用的轻足足足足重的作用的轻足足起着举足轻重的作用的轻枪", "answer": "枪械", "reading_system_answer": null}]}, {"text": "大到机枪", "qa_pairs": [{"question": "大到机枪大到机枪是大到机枪的枪枪是什么", "answer": "机枪", "reading_system_answer": null}]}, {"text": "小到手枪", "qa_pairs": [{"question": "小到手枪的手枪是什么", "answer": "手枪", "reading_system_answer": null}]}, {"text": "无一不是步兵在战场上的杀敌利器", "qa_pairs": [{"question": "无一不是步兵在战场上的杀敌利器的国家在战场上的杀敌利器是什么", "answer": "战场", "reading_system_answer": null}, {"question": "无一不是步兵在战场上的杀敌利器是哪一款", "answer": "步兵", "reading_system_answer": null}, {"question": "无一不是步兵在战场上的杀敌利器是什么", "answer": "利器", "reading_system_answer": null}]}, {"text": "德国/美国Mk 23 Mod 0手枪 Mk 23 Mod 0是由德国黑克勒-科赫公司（Heckler & Koch", "qa_pairs": [{"question": "德国/k23mod0手枪的所属国在mk23mod0手hkochkler&kod", "answer": "手枪", "reading_system_answer": null}, {"question": "德国/k23mod0手枪的所属国在mk23mod0手枪的国家其k23mod0是", "answer": "23", "reading_system_answer": null}, {"question": "德国/3mod0手枪的国家是由哪家公司（heckler&koch", "answer": "德国黑克勒", "reading_system_answer": "德国黑克勒-科赫公司"}, {"question": "德国/k23mod0手枪的制造国的哪种型号的手枪是由德国黑克勒-科赫公司（he", "answer": "Mod", "reading_system_answer": "Mk 23 Mod 0手枪"}, {"question": "德国/k23mod0手枪的制造国的哪种型号的手枪是由德国黑克勒-科赫公司（he", "answer": "Koch", "reading_system_answer": "Mk 23 Mod 0手枪"}, {"question": "德国/k23mod0手枪的所属国在mk23mod0手枪的国家是由哪家公司（he", "answer": "科赫公司", "reading_system_answer": "德国黑克勒-科赫公司"}, {"question": "德国/k23mod0手枪的国家是", "answer": "德国美国Mk", "reading_system_answer": "Mk 23 Mod 0手枪"}, {"question": "德国黑克勒-科赫公司（he23mod0手枪的国家在33mod0手枪的国家在33", "answer": "Heckler", "reading_system_answer": "德国/美国Mk 23 Mod 0手枪"}, {"question": "德国/k23mod0手枪的制造国的哪种型号的手枪是由德国黑克勒-科赫公司（he", "answer": "Mk", "reading_system_answer": "Mk 23 Mod 0手枪"}, {"question": "德国/k23mod0手枪的所属国在mk23mod0手枪的国家其k23mod0手", "answer": "0", "reading_system_answer": "德国/美国"}]}, {"text": "后文统称HK公司）为美国特种部队所研制的一款手枪", "qa_pairs": [{"question": "hk公司）为美国特种部队所研制的一款手枪是哪个", "answer": "文", "reading_system_answer": null}, {"question": "hk公司）为美国特种部队所研制的一款手枪是哪一款", "answer": "一款手枪", "reading_system_answer": null}, {"question": "hk公司）为美国特种部队所研制的一款手枪是哪个", "answer": "美国特种部队", "reading_system_answer": null}, {"question": "hk公司）为美国特种部队所研制的一款手枪是哪个公司", "answer": "HK公司", "reading_system_answer": null}]}, {"text": "目前装备于海豹突击队、“绿色贝雷帽”等特种部队", "qa_pairs": [{"question": "目前装备于海豹突击队、“绿色贝雷帽”等特种部队", "answer": "绿色", "reading_system_answer": null}, {"question": "目“绿色贝雷帽”等特种部队的突击队、“绿色贝雷帽”等特种部队的突击队装备于海豹", "answer": "突击队", "reading_system_answer": null}, {"question": "目前装备于海豹突击队、“绿色贝雷帽”等特种部队", "answer": "特种部队", "reading_system_answer": null}, {"question": "目“绿色贝雷帽”等特种部队的国家装备于海豹突击队、“绿色贝雷帽”等特种部队的国", "answer": "装备", "reading_system_answer": null}]}, {"text": "德国HK USP手枪 HK USP是由HK公司研制的一款手枪", "qa_pairs": [{"question": "德国hkusppppppppppppssssssku研制的一款手枪是哪个", "answer": "USP手枪", "reading_system_answer": "德国HK USP手枪"}, {"question": "德国hkusppppppppppppppsssssskusskuskuskuh", "answer": "德国HK", "reading_system_answer": "德国HK USP手枪"}, {"question": "德国hkuspppppppppppppkussssskusskuskuskus", "answer": "HK", "reading_system_answer": "德国HK USP手枪"}, {"question": "德国hkuspppppppppsupsk研制的一款手枪是哪一款", "answer": "一款手枪", "reading_system_answer": "德国HK USP手枪"}, {"question": "德国hkusppppppppppppku研制的一款手枪是哪个", "answer": "USP", "reading_system_answer": "德国HK USP手枪"}, {"question": "德国hkusppppppppppkussssskuskuskuskuskusk", "answer": "HK公司", "reading_system_answer": "德国HK USP手枪"}]}, {"text": "由于性能优异", "qa_pairs": [{"question": "由于性能优异的优异是什么", "answer": "性能", "reading_system_answer": null}]}, {"text": "目前被各国的警察部队、军队以及特种部队等单位所采用", "qa_pairs": [{"question": "目前被各国的警察部队、军队以及特种部队所采用的是什么部队", "answer": "警察部队", "reading_system_answer": "目前被各国的警察部队、军队以及特种部队"}, {"question": "被各国的警察部队以及特种部队所采用的是什么队队", "answer": "军队", "reading_system_answer": "警察部队、军队以及特种部队等单位"}, {"question": "被各国的警察部队以及特种部队所采用的是什么样的", "answer": "单位", "reading_system_answer": null}, {"question": "目前被各国的警察部队以及特种部队所采用的是什么部队", "answer": "特种部队", "reading_system_answer": "警察部队、军队以及特种部队"}]}, {"text": "德国HK45手枪 HK45是由HK公司设计生产的一款手枪", "qa_pairs": [{"question": "德国hk45手枪是由哪一款手枪", "answer": "HK45", "reading_system_answer": "HK公司设计生产"}, {"question": "德国hk45手枪hk45是由hk公司设计生产的一款手枪是哪一款", "answer": "一款手枪", "reading_system_answer": null}, {"question": "德国hk45手枪是哪一款", "answer": "德国HK45手枪", "reading_system_answer": "HK45是由HK公司设计生产"}, {"question": "德国hk45手枪是由哪家公司设计生产的", "answer": "HK公司", "reading_system_answer": "HK公司"}]}, {"text": "它虽然没有正式在军队服役", "qa_pairs": [{"question": "它虽然没有正式在军队服役的目的是什么", "answer": "军队服役", "reading_system_answer": null}]}, {"text": "但在民间、执法部队和其他军事团体（如雇佣军）中非常受欢迎", "qa_pairs": [{"question": "、执法部队和其他军事团体（如雇佣军）中非常受欢迎的国家在民间、执法部队和其他军", "answer": "民间", "reading_system_answer": null}, {"question": "在）如雇佣军事团体（如雇佣受欢迎的国家在民间、执法部队和其他军事团体（如雇佣受", "answer": "雇佣军", "reading_system_answer": "民间、执法部队和其他军事团体（如雇佣军）"}, {"question": "（执法部队和其他军事团体（如雇佣军）中非常受欢迎的国家在民间、执法部队和其他军", "answer": "部队", "reading_system_answer": null}, {"question": "在执法部队和其他军事团体（如雇佣军）中非常受欢迎的国家在民间、执法部队和其他军", "answer": "军事团体", "reading_system_answer": null}]}, {"text": "德国瓦尔特PP/PPK手枪 瓦尔特PP是由德国瓦尔特公司生产的一款手枪", "qa_pairs": [{"question": "德国瓦尔特公司生产的一款手枪是哪个公司生产的", "answer": "公司", "reading_system_answer": null}, {"question": "德国瓦尔特公司生产的一款手枪是哪个", "answer": "PP", "reading_system_answer": "德国瓦尔特PP/PPK手枪"}, {"question": "德国瓦尔特公司生产的一款手枪是哪种", "answer": "PPPPK手枪", "reading_system_answer": "德国瓦尔特PP/PPK手枪"}, {"question": "德国瓦尔特公司生产的一款手枪是哪一款", "answer": "一款手枪", "reading_system_answer": "德国瓦尔特PP/PPK手枪"}, {"question": "德国瓦尔特公司生产的一款手枪是哪个", "answer": "德国", "reading_system_answer": "德国瓦尔特PP/PPK手枪"}]}, {"text": "PPK是其改进版", "qa_pairs": [{"question": "ppk是其改进版的哪种型号的k是其改进版", "answer": "PPK", "reading_system_answer": null}]}, {"text": "目前是各国警方、特工、刑事侦探人员的标志性手枪之一", "qa_pairs": [{"question": "目前是各国警方、特工、刑事侦探人员的标志性手枪之一的探志性手枪之一的探志性手枪", "answer": "人员", "reading_system_answer": null}, {"question": "目前是各国警方、特工、刑事侦探人员的标志性手枪之一是哪个", "answer": "标志性手枪", "reading_system_answer": null}, {"question": "目前是各国警方、特工、刑事侦探人员的标志性手枪之一的探志性手枪之一的探志性手枪", "answer": "警方", "reading_system_answer": null}, {"question": "目前是各国警方、特工、刑事侦探人员的标志性手枪之一的探志性手枪之一的探志性手枪", "answer": "特工", "reading_system_answer": null}]}, {"text": "德国瓦尔特P99手枪 瓦尔特P99是由瓦尔特公司设计并生产的一款手枪", "qa_pairs": [{"question": "德国瓦尔特p99手枪瓦尔特p99是由瓦尔特公司设计并生产的一款手枪是哪个公司设", "answer": "公司", "reading_system_answer": null}, {"question": "德国瓦尔特p99手枪瓦尔特p99手枪的手枪是哪个", "answer": "P99", "reading_system_answer": "德国瓦尔特P99手枪"}, {"question": "德国瓦尔特p99手枪瓦尔特p99手枪的手枪是哪一款", "answer": "P99手枪", "reading_system_answer": "德国瓦尔特P99手枪 瓦尔特P99"}, {"question": "德国瓦尔特p99手枪瓦尔特p99是由瓦尔特公司设计并生产的一款手枪是哪一款", "answer": "一款手枪", "reading_system_answer": null}, {"question": "瓦尔特p99手枪瓦尔特p99手枪的手枪是哪个", "answer": "德国", "reading_system_answer": null}]}, {"text": "该枪的材质和外形设计都极具现代化特点", "qa_pairs": [{"question": "现代化特点是什么", "answer": "特点", "reading_system_answer": "材质和外形设计"}, {"question": "现代化特点的特点是什么", "answer": "材质", "reading_system_answer": "材质和外形设计"}, {"question": "现代化特点的特点是什么", "answer": "极具", "reading_system_answer": "材质和外形设计"}, {"question": "极具现代化特点的特点是什么", "answer": "枪", "reading_system_answer": "材质和外形设计"}, {"question": "现代化特点的特点是什么", "answer": "外形", "reading_system_answer": "材质和外形设计"}]}, {"text": "目前在多个国家的警队中服役", "qa_pairs": [{"question": "目前在多个国家的警队中服役的警队中服役的国家在多个国家的警队服役的国家在多个国", "answer": "警队", "reading_system_answer": null}, {"question": "目前在多个国家的警队中服役的中服役的中国服役的中国服役的中国服役的中家警队服役", "answer": "服役", "reading_system_answer": null}, {"question": "目前在多个国家的警队中服役的警队中服役的国家在多个国家的警队中服役的国家在多个", "answer": "多个国家", "reading_system_answer": null}]}, {"text": "其中包括阿尔巴尼亚、加拿大和芬兰等", "qa_pairs": [{"question": "阿尔巴尼亚、加拿大和芬兰等是什么", "answer": "芬兰", "reading_system_answer": null}, {"question": "阿尔巴尼亚、加拿大和芬兰等是什么", "answer": "加拿大", "reading_system_answer": null}]}, {"text": "德国HK P2000手枪 HK P2000是由HK公司设计生产的一款手枪", "qa_pairs": [{"question": "德国hkp2000手枪是哪个", "answer": "P2000", "reading_system_answer": "德国HK P2000手枪"}, {"question": "德国hkp2000手枪的手枪是哪个", "answer": "德国HK", "reading_system_answer": "德国HK P2000手枪"}, {"question": "德国hkp2000手枪的手枪是哪个", "answer": "HK", "reading_system_answer": "德国HK P2000手枪"}, {"question": "德国hkp2000手枪是哪个", "answer": "P2000手枪", "reading_system_answer": "德国HK P2000手枪"}, {"question": "德国hkp2000手枪的所属国在由哪款手枪", "answer": "一款手枪", "reading_system_answer": "HK P2000手枪 HK P2000是由HK公司"}, {"question": "德国hkp2000手枪的手枪是哪个公司设计生产的", "answer": "HK公司", "reading_system_answer": "HK公司"}]}, {"text": "目前是德国联邦警察和美国海关及边境保卫局配备的主要手枪之一", "qa_pairs": [{"question": "德国联邦警察和美国海关及边境保卫局配备的主要手枪之一是", "answer": "德国联邦", "reading_system_answer": null}, {"question": "德国联邦警察和美国海关及边境保卫局配备的主要手枪之一是哪种", "answer": "手枪", "reading_system_answer": "目前"}, {"question": "德国联邦警察和美国海关及边境保卫局配备的主要手枪之一是哪个", "answer": "美国海关", "reading_system_answer": "目前"}, {"question": "德国联邦警察和美国海关及边境保卫局配备的主要手枪之一是什么", "answer": "边境保卫局", "reading_system_answer": "目前"}]}, {"text": "德国HK P7手枪 HK P7是由德国HK公司设计并生产的一款手枪", "qa_pairs": [{"question": "德国hkp7手枪是哪个", "answer": "P7手枪", "reading_system_answer": null}, {"question": "德国hk公司设计并生产的一款手枪是哪个", "answer": "德国HK", "reading_system_answer": "德国HK P7手枪"}, {"question": "德国hkp7手枪是由哪家公司设计的", "answer": "德国HK公司", "reading_system_answer": "德国HK公司"}, {"question": "德国hkp7手枪的手枪是哪个", "answer": "HK", "reading_system_answer": "德国HK P7手枪"}, {"question": "德国hkp7手枪hkp7是由德国hk公司设计并生产的一款手枪是哪一款", "answer": "一款手枪", "reading_system_answer": "德国HK P7手枪"}, {"question": "德国hk公司设计并生产的一款手枪是哪一款", "answer": "P7", "reading_system_answer": "德国HK P7手枪"}]}, {"text": "不仅在德国警察、军队中服役了相当长的时间", "qa_pairs": [{"question": "不仅在德国警察、军队中服役的国家长的时间是", "answer": "服役", "reading_system_answer": null}, {"question": "不仅在德国警察、军队中服役的、警察、军队服役的、警察、中服役的、警的时间是", "answer": "军队", "reading_system_answer": null}, {"question": "在德国警察、军队中服役了相当长的时间的国家在德国警察、军队中服役的、警察在德国", "answer": "德国", "reading_system_answer": null}, {"question": "德国警察、、、中服役间时相仅仅在德国警察中军队服役间时相当长的时相长的时间了相", "answer": "时间", "reading_system_answer": null}]}, {"text": "至今英国特别空勤团、美国三角洲特种部队、美国中情局等众多著名部队、机构都仍在使用", "qa_pairs": [{"question": "、、、机机机三三三角洲特种部队、美国三角洲特种部队使美国三角洲特种部队使用的是", "answer": "空勤团", "reading_system_answer": null}, {"question": "美国三角洲特种部队、美国中情局等众多著名部队、机构都仍在使用的国家特别空勤团、", "answer": "英国", "reading_system_answer": null}, {"question": "至今英国特别空勤团、美国三角洲特种部队、美国中情局等众多著名部队、机构的国家在", "answer": "美国中情局", "reading_system_answer": null}, {"question": "至、、机机美美美国三角洲特种部队、美国中情局等众多著名部队、机构都仍在使用的国", "answer": "众多", "reading_system_answer": "英国特别空勤团"}, {"question": "至、机构都仍在使用的国家特别空勤团、美国三角洲特种部队、美中中中中中美美美美三", "answer": "美国三角洲特种部队", "reading_system_answer": "英国特别空勤团、美国三角洲特种部队、美国中情局"}, {"question": "至、机美美美美美美美国三角洲特种部队、美国中情局等众多著名部队、美美国三角洲特", "answer": "部队", "reading_system_answer": "英国特别空勤团"}, {"question": "至、机构有哪些", "answer": "机构", "reading_system_answer": "英国特别空勤团、美国三角洲特种部队、美国中情局"}]}, {"text": "德国HK P30手枪 HK P30是HK P2000手枪的改进版", "qa_pairs": [{"question": "hkp30手枪的改进版是什么", "answer": "P30", "reading_system_answer": "德国HK P30手枪"}, {"question": "hkp30手枪的改进版是什么", "answer": "P30手枪", "reading_system_answer": "德国HK P30手枪"}, {"question": "hkp2000手枪的改进版是什么", "answer": "德国HK", "reading_system_answer": "德国HK P30手枪"}, {"question": "hkp30手枪的改进版是什么", "answer": "HK", "reading_system_answer": "德国HK P30手枪"}, {"question": "hkp30手枪的改进版是什么", "answer": "P2000手枪", "reading_system_answer": "德国HK P30手枪"}]}, {"text": "是一种警用和自卫手枪", "qa_pairs": [{"question": "一种警用和自卫手枪的手枪是什么", "answer": "手枪", "reading_system_answer": null}, {"question": "一种警用和自卫手枪的警用和自卫手枪的警用和自卫手枪的国家其警用手种警用和警用手", "answer": "一种警用", "reading_system_answer": null}]}, {"text": "HK P30与HK P2000手枪在技术上差不多", "qa_pairs": [{"question": "hkp2000手枪在技术上差不多的000手枪是哪架飞机", "answer": "HK", "reading_system_answer": "HK P30"}, {"question": "hkp2000手枪在技术上差不多hkp2000手枪的国家在3000000000", "answer": "P2000手枪", "reading_system_answer": "HK P30"}, {"question": "hkp2000手枪是哪一型号的手枪", "answer": "P30", "reading_system_answer": null}]}, {"text": "同样是勃朗宁式闭锁原理", "qa_pairs": [{"question": "勃朗宁式闭锁原理的原因是什么", "answer": "勃朗宁", "reading_system_answer": null}, {"question": "勃朗宁式闭锁原理是哪个", "answer": "原理", "reading_system_answer": null}]}, {"text": "使用高强度塑料底把", "qa_pairs": [{"question": "使用高强度塑料底把什么塑料底把", "answer": "高强度塑料", "reading_system_answer": null}]}, {"text": "德国HK P9手枪 HK P9采用半自由枪机原理", "qa_pairs": [{"question": "德国hkp9手枪是哪一款飞机", "answer": "P9手枪", "reading_system_answer": null}, {"question": "德国hkp9手枪的原因是什么", "answer": "德国HK", "reading_system_answer": null}, {"question": "德国hkp9手枪的原型是什么", "answer": "HK", "reading_system_answer": "德国HK P9手枪"}, {"question": "德国hkp9手枪是哪一款飞机", "answer": "P9", "reading_system_answer": null}, {"question": "德国hkp9手枪hkp9采用半自由枪机原理的原因是什么", "answer": "半", "reading_system_answer": null}, {"question": "德国hkp9手枪采用半自由枪机原理的目的是什么", "answer": "枪机原理", "reading_system_answer": null}]}, {"text": "套筒和枪管通过枪机连接", "qa_pairs": [{"question": "套筒和枪管通过枪机连接接接的枪机是什么", "answer": "枪机", "reading_system_answer": null}, {"question": "套筒和枪管通过枪机连接的原因是什么", "answer": "枪管", "reading_system_answer": null}, {"question": "套筒和枪管通过枪机连接的连接是什么", "answer": "套筒", "reading_system_answer": null}]}, {"text": "枪机由较轻的机头和其上的两个滚柱组成", "qa_pairs": [{"question": "枪机由较轻的机头和其上的两个滚柱组成的组成是什么", "answer": "枪机", "reading_system_answer": null}, {"question": "枪机由较轻的机头和其上的两个滚柱组成是什么", "answer": "两个滚柱", "reading_system_answer": null}, {"question": "枪机由较轻的机头和其上的两个滚柱组成的组成是什么", "answer": "机头", "reading_system_answer": null}]}, {"text": "当枪机头推弹入膛室并停止复进后", "qa_pairs": [{"question": "当枪机头推弹入膛室并停止复进后的头推弹入膛室并停止复进后的头推弹入膛室并停止复", "answer": "枪机头", "reading_system_answer": null}, {"question": "当枪机头推弹入膛室并停止复进后的头推弹入膛室并停止复进后的头推弹入膛室并停止复", "answer": "弹入膛室", "reading_system_answer": null}]}, {"text": "其前端的闭锁斜面会把滚柱挤入闭锁凹槽内以使枪管与套筒闭锁", "qa_pairs": [{"question": "端锁斜面会把滚柱挤入闭锁与套筒闭锁的闭锁斜面会把滚柱挤入闭锁与套筒闭锁的闭锁斜", "answer": "斜面", "reading_system_answer": null}, {"question": "端锁与套筒闭锁的闭入闭锁凹槽内以使枪管与套筒闭锁的闭入闭锁凹槽内以使枪管与套筒", "answer": "滚柱", "reading_system_answer": null}, {"question": "端锁斜面会把滚柱挤入闭锁与套筒闭锁的闭锁凹槽内以使枪管与套筒闭锁的闭锁凹槽内以", "answer": "枪管", "reading_system_answer": "其前端"}, {"question": "端锁斜面会把滚柱挤入闭锁凹槽内以使枪管与套筒闭锁的闭锁斜面会把滚柱挤入闭锁凹槽", "answer": "套筒", "reading_system_answer": "其前端"}]}, {"text": "美国/意大利M9手枪 M9是由意大利伯莱塔公司为美国空军所研制的一款手枪", "qa_pairs": [{"question": "美国/意大利m9手枪是美国空军所研制的一款手枪是哪一个", "answer": "美国意大利M9手枪", "reading_system_answer": "美国/意大利M9手枪"}, {"question": "美国/意大利m9手枪是由哪家公司为美国空军所研制的一款手枪", "answer": "意大利伯莱塔公司", "reading_system_answer": "意大利伯莱塔公司"}, {"question": "美国/意大利m9手枪m9是由意大利伯莱塔公司为美国空军所研制的一款手枪是哪个", "answer": "美国空军", "reading_system_answer": null}, {"question": "美国/意大利m9手枪m9是由意大利伯莱塔公司为美国空军所研制的一款手枪是哪个", "answer": "M9", "reading_system_answer": null}, {"question": "美国/意大利m9手枪m9是由意大利伯莱塔公司为美国空军所研制的一款手枪是哪一款", "answer": "一款手枪", "reading_system_answer": null}]}, {"text": "于1985年被美军选为制式手枪", "qa_pairs": [{"question": "于1985年被美军选为制式手枪的国家被美军选为制式手枪的国家被称为1985年5", "answer": "制式手枪", "reading_system_answer": null}, {"question": "于1985年被美军选为制式手枪的国家选制的手枪是什么", "answer": "1985年", "reading_system_answer": null}]}, {"text": "并在各个特种部队中服役", "qa_pairs": [{"question": "并在各个特种部队中服役的中服役的中服役的中中中中特种部队服役的中中中特种个特种", "answer": "服役", "reading_system_answer": null}, {"question": "并在各个特种部队中服役的特种部队中服役的中服役是", "answer": "特种部队", "reading_system_answer": null}]}, {"text": "美国MEU（SOC）手枪 MEU（SOC）是由美国海军陆战队精密武器工厂设计并参与生产的一款手枪", "qa_pairs": [{"question": "美国meu（soc）手枪的手枪是哪个", "answer": "美国海军陆战队", "reading_system_answer": "美国MEU（SOC）手枪"}, {"question": "美国meu（soc）手枪工厂设计并参与生产的一款手枪是哪个", "answer": "手枪", "reading_system_answer": "美国MEU（SOC）手枪"}, {"question": "美国meu（soc）手枪是哪个公司研制的", "answer": "MEU", "reading_system_answer": "美国海军陆战队精密武器工厂"}, {"question": "美国meu（soc）手枪是哪个公司研制的", "answer": "SOC", "reading_system_answer": "美国海军陆战队精密武器工厂"}, {"question": "美国meu（soc）手枪工厂设计并参与生产的一款手枪是哪一款", "answer": "一款手枪", "reading_system_answer": "美国MEU（SOC）手枪"}, {"question": "美国海军陆战队精密武器工厂设计并参与生产的一款手枪是哪个", "answer": "美国MEU", "reading_system_answer": "美国MEU（SOC）手枪"}, {"question": "美国meu（soc）手枪的手枪是哪个", "answer": "武器工厂", "reading_system_answer": "美国MEU（SOC）手枪"}]}, {"text": "是美国海军陆战队远征队侦察部队的主要手枪之一", "qa_pairs": [{"question": "美国海军陆战队远征队侦察部队的主要手枪之一是哪种型号的", "answer": "手枪", "reading_system_answer": null}, {"question": "美国海军陆战队远征队侦察部队的主要手枪之一是哪个部队的主要手枪", "answer": "部队", "reading_system_answer": null}, {"question": "美国海军陆战队远征队侦察部队的主要手枪之一是什么", "answer": "美国海军陆战队远征队", "reading_system_answer": null}]}, {"text": "自1985年服役至今", "qa_pairs": [{"question": "自1985年服役至今服役至今年服役至今年8年5年服役至1985年服役自1985", "answer": "1985年服役", "reading_system_answer": null}]}, {"text": "美国M1911手枪 M1911是由约翰·勃朗设计、柯尔特公司生产的一款手枪", "qa_pairs": [{"question": "、11手枪是由哪个手枪的", "answer": "由约翰", "reading_system_answer": "美国M1911手枪 M1911是由约翰·勃朗"}, {"question": "美国m1911手枪的手枪是哪个", "answer": "勃朗", "reading_system_answer": "美国M1911手枪 M1911"}, {"question": "、11手枪是哪一款", "answer": "M1911", "reading_system_answer": "美国M1911手枪"}, {"question": "美国m1911手枪是哪个", "answer": "美国M1911手枪", "reading_system_answer": null}, {"question": "美国m1911手枪的手枪是哪一款", "answer": "一款手枪", "reading_system_answer": "M1911是由约翰·勃朗设计、柯尔特公司生产"}, {"question": "美国m1911手枪的手枪是哪个公司生产的", "answer": "柯尔特公司", "reading_system_answer": "柯尔特公司"}]}, {"text": "自推出后成为美军的制式手枪达74年之久", "qa_pairs": [{"question": "美军的制式手枪达74年之久的枪达多少年之久的枪达到了多少", "answer": "74年", "reading_system_answer": null}, {"question": "美军的制式手枪达74年之久的手枪是什么", "answer": "制式手枪", "reading_system_answer": null}]}, {"text": "其后的改良型仍是美军部队士兵首选的手枪之一", "qa_pairs": [{"question": "美军部队士兵首选的手枪之一是哪一型号", "answer": "手枪", "reading_system_answer": "改良型"}, {"question": "美军部队士兵首选的手枪之一是哪个", "answer": "部队士兵", "reading_system_answer": "改良型"}]}, {"text": "美国鲁格P345手枪 鲁格P345是由美国鲁格公司设计并生产的一款手枪", "qa_pairs": [{"question": "美国鲁格p35手枪鲁格p345手枪是哪一款手枪", "answer": "鲁格P345", "reading_system_answer": "鲁格P345是由美国鲁格公司设计并生产"}, {"question": "美国鲁格p34手枪鲁格p345444444444444343司设计并生产的一款", "answer": "美国鲁格P345手枪", "reading_system_answer": null}, {"question": "美国鲁格p35454454545454设计并生产的一款手枪是哪个公司设计的", "answer": "美国鲁格公司", "reading_system_answer": "美国鲁格公司"}, {"question": "美国鲁格p345手枪鲁格p3454554444设计并生产的一款手枪是哪一款", "answer": "一款手枪", "reading_system_answer": "美国鲁格P345手枪"}]}, {"text": "目前已在美国军警手枪市场上占有一席之地", "qa_pairs": [{"question": "目前在美国军警手枪市场上占有一席之地的手枪是什么", "answer": "美国军警手枪市场", "reading_system_answer": null}]}, {"text": "能与格洛克系列手枪相抗衡", "qa_pairs": [{"question": "能与格洛克系列手枪相抗衡的手枪相抗衡是什么", "answer": "格洛克系列手枪", "reading_system_answer": null}]}, {"text": "美国M45A1手枪 M45A1是一款由美国枪械公司柯尔特公司以M1911 XSE型手枪（柯尔特商业型M1911手枪之一）为蓝本研制及生产的气冷式、弹匣供弹、枪管短行程后坐作用操作、单动操作的半自动手枪", "qa_pairs": [{"question": "美国m45a1手枪是哪一款", "answer": "美国M45A1手枪", "reading_system_answer": "M45A1"}, {"question": "美国m45a1手枪的手枪是哪一款", "answer": "M1911", "reading_system_answer": "M45A1"}, {"question": "a1手枪的所属国在一款由美国枪械公司柯尔特公司以m1911xse型手枪的国家其", "answer": "行程", "reading_system_answer": "M45A1手枪"}, {"question": "美国m45a1手枪的手枪是哪个", "answer": "单动", "reading_system_answer": "M45A1"}, {"question": "美国m45a1手枪的手枪是哪种", "answer": "手枪", "reading_system_answer": "M45A1"}, {"question": "美国m45a1手枪的手枪是哪一款", "answer": "一款", "reading_system_answer": "M45A1"}, {"question": "美国m45a1手枪的手枪是哪个公司研制的", "answer": "柯尔特商业", "reading_system_answer": "美国枪械公司柯尔特公司"}, {"question": "a1手枪的手枪是哪个公司研制的", "answer": "蓝本", "reading_system_answer": "美国枪械公司柯尔特公司"}, {"question": "美国m45a1手枪的手枪是哪家公司进行的", "answer": "美国枪械公司柯尔特公司", "reading_system_answer": "美国枪械公司柯尔特公司"}, {"question": "a119115a1手枪的弹匣供弹、枪管短行程后坐作用操作、单动操作的半自动手枪", "answer": "弹匣供弹", "reading_system_answer": " M45A1是一款由美国枪械公司柯尔特公司以M1911 XSE型手枪（柯尔特商业型M1911手枪之一）为蓝本研制及生产的"}, {"question": "a15a1手枪的枪管短行程后坐作用操作、单动操作的半自动手枪的国家其枪械公司柯", "answer": "枪管", "reading_system_answer": "柯尔特公司"}, {"question": "美国m45a1手枪的手枪是哪个型号", "answer": "XSE", "reading_system_answer": "M45A1"}, {"question": "美国m45a1手枪是哪一款", "answer": "M45A1", "reading_system_answer": "M45A1"}, {"question": "美国m45a1手枪的手枪是哪一款", "answer": "M1911手枪", "reading_system_answer": "M45A1"}]}, {"text": "发射.45 ACP手枪子弹", "qa_pairs": [{"question": "发射.45acp手枪子弹的子弹是什么", "answer": ".45", "reading_system_answer": null}, {"question": "发射.45的子弹是什么", "answer": "ACP手枪子弹", "reading_system_answer": null}]}]}