{"passage": "美国国防部国防安全合作局(DSCA)2017年10月23日发布消息称，其在10月11日告知美国国会可能将在对外政府间军售框架下向捷克交付12架贝尔UH-1Y“毒液”多用途直升机，此项军售已经得到了美国国务院的授权。预计，军售成本为5.75亿美元，包括供应机载防御系统、其他设备和机枪。   　　UH-1Y直升机是贝尔UH-1直升机家族最新的改进型号，自2007年开始，由贝尔直升机公司专门为美国海军陆战队生产，而美国海军陆战队也是UH-1Y直升机的唯一装备者(到2016年年底已经交付了123架，美国海军陆战队共计划装备160架)。此次如果能够签署协议，那捷克将成为UH-1Y直升机的第一个外国客户。  　　应该指出的是，国防安全合作局告知美国国会可能在对外军售框架下交付直升机的通知需要符合美国的立法，并不意味着一定会签署协议。美国国会有30天的时间阻止拟议的军售，如果没有阻止，那么双方有权就供应直升机签署政府间协议。  　　带有捷克空军标识的UH-1Y直升机模型   　　2017年3月，捷克共和国国防部和捷克共和国武装部队联合专家委员会批准为捷克空军采购12架UH-1Y直升机。同时，据报道，事实上，捷克共和国武装部队只有2.22亿欧元的批准预算用于购买直升机，而美国在对外军售框架下出售12架直升机的成本则将近5亿欧元。  　　AH-1Z“蝰蛇”武装直升机   　　捷克未来共计划采购30-35架新型多用途直升机和武装直升机，用来取代空军目前装备的米-35、米-8和米-17直升机。此外，贝尔直升机公司建议捷克不仅采购UH-1Y多用途直升机，还应该采购AH-1Z“蝰蛇”武装直升机。AH-1Z是在AH-1W直升机的基础上改进的，能够携带更多的武器和负载，是一款更有效的作战平台。机上的传感器更先进，对气候的依赖性大大减小，因此能在更远的距离外识别敌方目标，打击更多目标。", "sentences": [{"text": "美国国防部国防安全合作局(DSCA)2017年10月23日发布消息称", "qa_pairs": [{"question": "(2017年10月23日发布消息称的是哪个国家全国防部国防安全合作局(dsca", "answer": "美国国防部国防", "reading_system_answer": "美国"}, {"question": "美国国防部国防安全合作局(dsca)2017年10月23日发布消息称的是哪一型", "answer": "消息", "reading_system_answer": null}, {"question": "美国国防部国防安全合作局(dsca)2017年1月23日发布消息称的是哪一型号", "answer": "DSCA", "reading_system_answer": null}, {"question": "美国国防部国防安全合作局(dsca)2017年10月23日发布消息称的是什么时", "answer": "2017年10月23日", "reading_system_answer": "2017年10月23日"}, {"question": "美国国防部国防安全合作(01月23月2日发布消合称的是哪个国家", "answer": "合作局", "reading_system_answer": null}]}, {"text": "其在10月11日告知美国国会可能将在对外政府间军售框架下向捷克交付12架贝尔UH-1Y“毒液”多用途直升机", "qa_pairs": [{"question": "美国国会可能将在对外政府间军售框架下向捷克交付12架y“毒液”多用途直升机的国", "answer": "10月11日", "reading_system_answer": "其在10月11日告知美国国会可能将在对外政府间军售框架下向捷克交付12架"}, {"question": "美国国会可能将在对外政府间军售框架下向捷克交付12架贝尔uh-1y“毒液”多用", "answer": "毒液", "reading_system_answer": null}, {"question": "美国会可能将在对外政府间军售框架下向捷克交付12架贝尔uh-1y“毒液”多用途", "answer": "政府", "reading_system_answer": null}, {"question": "美国国会可能将在对外政府间军售框架下向捷克交付12架贝尔uh-1y“毒液”多用", "answer": "捷克", "reading_system_answer": null}, {"question": "美国国会可能将外政府间军售框架下向捷克交付12架贝尔uh-1y“毒液的国家在1", "answer": "多用途直升机", "reading_system_answer": "10月11日"}, {"question": "美国国会可能将在对外政府间军售框架下向捷克交付12架贝尔uh-1y“毒液”多用", "answer": "框架", "reading_system_answer": null}, {"question": "美国国会可能将在对外政府间军售框架下向捷克交付的哪种型号的毒液”多用途直升机", "answer": "12架贝尔UH", "reading_system_answer": "贝尔UH-1Y"}, {"question": "1月11月11月11月11月11月11月10交付12架y“毒液”多用途直升机的", "answer": "美国国会", "reading_system_answer": null}, {"question": "美国国会可能将在对外政府间军售框架下向捷克交付的国家在10月11日告知美国国会", "answer": "1Y", "reading_system_answer": null}]}, {"text": "此项军售已经得到了美国国务院的授权", "qa_pairs": [{"question": "美国国务院的授权的国家售已经得到了美国国务院的授权的国家售已经得到了美国国务院", "answer": "美国国务院", "reading_system_answer": null}]}, {"text": "预计", "qa_pairs": [{"question": "预计预计预计预计预计预计预计预计预计预计预计预计预计预计预计预计预计预预预预预", "answer": "", "reading_system_answer": null}]}, {"text": "军售成本为5.75亿美元", "qa_pairs": [{"question": "5.7亿55亿美元美元成5.7555555555555555555555555", "answer": "成本", "reading_system_answer": null}, {"question": "5月7亿美元为什么", "answer": "5.75亿美元", "reading_system_answer": null}]}, {"text": "包括供应机载防御系统、其他设备和机枪", "qa_pairs": [{"question": "、其他设备和机枪的系供机枪是什么系统", "answer": "系统", "reading_system_answer": "供应机载防御系统"}, {"question": "、其他设备和机枪的国家在包括供应机载防御系统的系统中设备和机枪的国家其机枪是什", "answer": "机枪", "reading_system_answer": null}]}, {"text": "UH-1Y直升机是贝尔UH-1直升机家族最新的改进型号", "qa_pairs": [{"question": "uh-1y直升机家族最新的改进型号是", "answer": "直升机", "reading_system_answer": "UH-1Y直升机"}, {"question": "uh-1直升机家族最新的改进型号是", "answer": "改进型号", "reading_system_answer": "UH-1Y直升机"}, {"question": "uh-1直升机是贝尔uh-1直升机的国家的u1y直升机是贝尔uh-1直升机的国", "answer": "1Y直升机", "reading_system_answer": null}, {"question": "u尔uh-1直升机是哪个", "answer": "UH", "reading_system_answer": "UH-1Y直升机"}, {"question": "uh-1直升机是哪个", "answer": "贝尔UH", "reading_system_answer": "UH-1Y直升机"}]}, {"text": "自2007年开始", "qa_pairs": [{"question": "自2007年开始开始开始的0707年开始的000000000000000000", "answer": "2007年", "reading_system_answer": null}]}, {"text": "由贝尔直升机公司专门为美国海军陆战队生产", "qa_pairs": [{"question": "美国海军陆战队生产的直升机公司专门为美国海军陆战队生产的直升机公司专门为美国海", "answer": "贝尔直升机公司专门", "reading_system_answer": null}, {"question": "由贝尔直升机公司专门为美国海军陆战队生产的战队生产的是什么", "answer": "美国海军陆战队", "reading_system_answer": null}]}, {"text": "而美国海军陆战队也是UH-1Y直升机的唯一装备者(到2016年年底已经交付了123架", "qa_pairs": [{"question": "uh-1y直升机的唯一装备者(到2016年年底已经交付了123架", "answer": "美国海军陆战队", "reading_system_answer": "美国海军陆战队"}, {"question": "uh-1y直升机的唯一装备者(到2016年底已经交付了什么型号的直升机", "answer": "1Y直升机", "reading_system_answer": null}, {"question": "uh-1y直升机的唯一装备者(到2016年年底已经交付了123架", "answer": "UH", "reading_system_answer": "美国海军陆战队"}, {"question": "uh-1y直升机的唯一装备者(到2016年底已经交付了什么架", "answer": "123架", "reading_system_answer": null}, {"question": "uh-1y直升机的唯一装备者(到2016年年底已经交付了123架", "answer": "装备", "reading_system_answer": "美国海军陆战队"}, {"question": "uh-1y直升机的唯一装备者(到2016年底已经交付了什么时候", "answer": "2016年", "reading_system_answer": null}]}, {"text": "美国海军陆战队共计划装备160架)", "qa_pairs": [{"question": "美国海军陆战队共计划装备160架)的国家陆战队共计划装备160架)是什么", "answer": "计划装备160架", "reading_system_answer": null}, {"question": "美国海军陆战队共计划装备160架)的国家装备160架)是什么", "answer": "美国海军陆战队", "reading_system_answer": null}]}, {"text": "此次如果能够签署协议", "qa_pairs": [{"question": "此次如果能够签署协议的协议是什么", "answer": "协议", "reading_system_answer": null}]}, {"text": "那捷克将成为UH-1Y直升机的第一个外国客户", "qa_pairs": [{"question": "uh-1y直升机的第一个外国客户是", "answer": "UH", "reading_system_answer": "捷克"}, {"question": "uh-1y直升机的第一个外国客户是", "answer": "捷克", "reading_system_answer": "捷克"}, {"question": "uh-1y直升机的第一个外国客户是", "answer": "1Y直升机", "reading_system_answer": "捷克"}, {"question": "uh-1y直升机的第一个外国客户是", "answer": "第一个外国客户", "reading_system_answer": "捷克"}]}, {"text": "应该指出的是", "qa_pairs": [{"question": "应出的是出的是出出出出出出出出出出出出出出出出出出出出出出出出出出出出应指指应", "answer": "", "reading_system_answer": null}]}, {"text": "国防安全合作局告知美国国会可能在对外军售框架下交付直升机的通知需要符合美国的立法", "qa_pairs": [{"question": "美国国会可能在对外军售框架下交付直升机的通知需要符合美国的立法立法的国家合作局", "answer": "直升机", "reading_system_answer": "国防安全合作局"}, {"question": "美国的立法立告知需要符合美国的立法的国家全国的国家合作局告知美国的国家全国的国", "answer": "美国", "reading_system_answer": "国防安全合作局告知美国国会可能在对外军售框架下交付直升机"}, {"question": "美国国会可能在对外军售框架下交付直升机的通知需要符合美国的立法立法的国家合作局", "answer": "框架", "reading_system_answer": "国防安全合作局"}, {"question": "美国会在国防安全合作立局的国家全国的国家售买的全合知知需在对美国会能在国防安合", "answer": "合作局", "reading_system_answer": null}, {"question": "美国的立法法告知美国国会在美国的国家全合作局告知需要符合美国的立法的国家全国全", "answer": "美国国会", "reading_system_answer": "国防安全合作局告知美国国会可能在对外军售框架下交付直升机"}, {"question": "美国的立法立告知需要符合美国的立法立告知知需要符框架下交付直升机的通知需要符框", "answer": "国防", "reading_system_answer": null}]}, {"text": "并不意味着一定会签署协议", "qa_pairs": [{"question": "意味着一定会签署协议的目的是什么", "answer": "协议", "reading_system_answer": null}]}, {"text": "美国国会有30天的时间阻止拟议的军售", "qa_pairs": [{"question": "美国会有30天的时阻止拟议的军拟议售是什么", "answer": "时间", "reading_system_answer": null}, {"question": "美国国会议的军售是什么", "answer": "美国国会", "reading_system_answer": null}, {"question": "美国国会有30天的时间阻止拟议的军售是", "answer": "30天", "reading_system_answer": null}]}, {"text": "如果没有阻止", "qa_pairs": [{"question": "如果没有阻止的阻止中国没有阻止的阻止中国没有阻止的阻止果如何如没有有有有有阻止", "answer": "", "reading_system_answer": null}]}, {"text": "那么双方有权就供应直升机签署政府间协议", "qa_pairs": [{"question": "那一型锁机签署政府间协议的直升机签署政府间协议是什么", "answer": "直升机", "reading_system_answer": "双方有权就供应直升机"}, {"question": "那一方有权就供应直升机签署政府间协议的直升机签署政府间协议是什么", "answer": "协议", "reading_system_answer": null}, {"question": "那个间协议的直升机签署政府间协议的直升机签署政府间协议是什么", "answer": "政府", "reading_system_answer": "双方有权就供应直升机"}, {"question": "签署政府间协议的直升机签署政府间协议是什么", "answer": "双方有权", "reading_system_answer": null}]}, {"text": "带有捷克空军标识的UH-1Y直升机模型   　　2017年3月", "qa_pairs": [{"question": "带有捷克空军标识的uh-1y直升机模型27年3月的国家标识的uh-1y直升机模", "answer": "1Y直升机模型", "reading_system_answer": null}, {"question": "uh-1y直升机模型2017年3月的uh-1y直升机模型2017年3月的uh-", "answer": "UH", "reading_system_answer": null}, {"question": "uh-1y直升机模型是什么时候", "answer": "2017年3月", "reading_system_answer": null}, {"question": "uh-1y直升机模型2017年3月的uh-1y直升机模型2017年3月的标识的", "answer": "捷克空军标识", "reading_system_answer": null}]}, {"text": "捷克共和国国防部和捷克共和国武装部队联合专家委员会批准为捷克空军采购12架UH-1Y直升机", "qa_pairs": [{"question": "捷克共和国武装部队联合专家委员会批准为捷克空军采购的国家和捷克空军采购的国家和", "answer": "1Y直升机", "reading_system_answer": null}, {"question": "捷克共和国武装部队联合专家委员会批准为捷克空军采购的国家和捷克空军采购的国家和", "answer": "专家委员会", "reading_system_answer": null}, {"question": "捷克共和国武装部队联合专家委员会批准为捷克空军采购的是什么型号", "answer": "12架UH", "reading_system_answer": "12架UH-1Y"}, {"question": "捷克共和国武装部队联合专家委员会批准为捷克空军采购的国家在捷克空军采用的是什么", "answer": "捷克共和国国防部", "reading_system_answer": null}, {"question": "捷克共和国国防部和捷克空军采购的国家在捷克空军采购的国家在捷克空军采用的是什么", "answer": "捷克共和国武装部队", "reading_system_answer": null}, {"question": "捷克共和国武装部队联合专家委员会批准为捷克空军采购的国家和捷克共和国武装部队联", "answer": "捷克空军", "reading_system_answer": null}]}, {"text": "同时", "qa_pairs": [{"question": "同时时同时同时同时同时同同同同同同同同同同同同同同同同同同同同同同同方对同同同", "answer": "", "reading_system_answer": null}]}, {"text": "据报道", "qa_pairs": [{"question": "据报道道道道道道道道道报报报报报据据据据据据据据据据据据据据据据据据据据据据据", "answer": "", "reading_system_answer": null}]}, {"text": "事实上", "qa_pairs": [{"question": "事实上实上实上事实上事事事事事事事事实实上上实实上上事事事事事事事实实上上事事", "answer": "", "reading_system_answer": null}]}, {"text": "捷克共和国武装部队只有2.22亿欧元的批准预算用于购买直升机", "qa_pairs": [{"question": "捷克共和国武装部队只有2.22亿欧元的批准预算用于购买什么", "answer": "直升机", "reading_system_answer": null}, {"question": "捷克共和国武装部队只有哪几个", "answer": "2.22亿", "reading_system_answer": null}, {"question": "捷克共和国武装部队购买直升机的国家在2.22亿欧元的批准预算用于购买直升机的国", "answer": "捷克共和国武装部队", "reading_system_answer": null}]}, {"text": "而美国在对外军售框架下出售12架直升机的成本则将近5亿欧元", "qa_pairs": [{"question": "美国在对外军售框架下出售12架直升机的成本则将近5亿欧元的直升机的成本则将近5", "answer": "5亿", "reading_system_answer": null}, {"question": "美国在对外军售框架下出售12架直升机的成本则将近5亿欧元的国家在2架直升机的成", "answer": "美国", "reading_system_answer": null}, {"question": "美国在对外军售框架下出售12架直升机的成本则将近5亿欧元的直升机的成本则将近5", "answer": "框架", "reading_system_answer": null}, {"question": "美国在对外军售框架下出售12架直升机的直升机其成近本则将近5亿架直机的国家售售", "answer": "成本", "reading_system_answer": null}, {"question": "美国在对外军售框架下出售12架直升机的成本则将近5亿欧元的直升机的成本则将近5", "answer": "12架直升机", "reading_system_answer": null}]}, {"text": "AH-1Z“蝰蛇”武装直升机   　　捷克未来共计划采购30-35架新型多用途直升机和武装直升机", "qa_pairs": [{"question": "ah1z“蝰蛇”武装直升机捷克未来共计划采购30-35架新型多用途直升机和武装", "answer": "计划", "reading_system_answer": null}, {"question": "ah蝰蛇”武装直升机的武装直升机是哪种", "answer": "捷克", "reading_system_answer": "AH-1Z"}, {"question": "a1z“蝰蛇”武装直升机的武装直升机是哪种", "answer": "30", "reading_system_answer": "AH-1Z"}, {"question": "ah1z“蝰蛇”武装直升机捷克未来共计划采购30-35架新型多用途直升机和武装", "answer": "多用途直升机", "reading_system_answer": null}, {"question": "a1z“蝰蛇”武装直升机的武装直升机是哪种", "answer": "1Z", "reading_system_answer": "AH-1Z"}, {"question": "ah1z“蝰蛇”武装直升机的武装直升机是哪个", "answer": "蝰蛇", "reading_system_answer": "AH-1Z"}, {"question": "ah1z“蝰蛇”武装直升机捷克未来共计划采购30-35架新型多用途直升机和武装", "answer": "武装直升机", "reading_system_answer": null}, {"question": "a11z“蝰蛇”武装直升机的武装直升机是什么", "answer": "AH", "reading_system_answer": "AH-1Z"}, {"question": "ah1z“蝰蛇”武装直升机的新型多用途直升机和武装直升机的国家在3蝰蛇”武装直", "answer": "35架", "reading_system_answer": null}]}, {"text": "用来取代空军目前装备的米-35、米-8和米-17直升机", "qa_pairs": [{"question": "用35、米-8和米-17直升机是哪个型号", "answer": "空军", "reading_system_answer": null}, {"question": "用空军目前装备的米-35、米-8和米-17直升机是哪一款飞机", "answer": "35", "reading_system_answer": null}, {"question": "-35、米-8和米-17直升机的直升机是哪个型号", "answer": "米", "reading_system_answer": null}, {"question": "用35、87-87-878735、米-35、米-37、1升机是哪个", "answer": "17直升机", "reading_system_answer": "米-17"}, {"question": "用35、米-8和米-17直升机的直升机采用的是什么型号的直升机", "answer": "装备", "reading_system_answer": null}, {"question": "-8、8、8-8-米-8和米-17直升机的直升机是哪个", "answer": "8", "reading_system_answer": "米-35"}]}, {"text": "此外", "qa_pairs": [{"question": "外方对外此此外外外此此外此外此外此外此外此外此外此外此外此外此外此外此外此外此", "answer": "", "reading_system_answer": null}]}, {"text": "贝尔直升机公司建议捷克不仅采购UH-1Y多用途直升机", "qa_pairs": [{"question": "贝尔直升机公司建议捷克不仅采购uh-1y多用途直升机的国家采用的是什么升机", "answer": "UH", "reading_system_answer": null}, {"question": "贝尔直升机公司建议捷克不仅采购uh-1y多用途直升机是什么", "answer": "1Y多用途直升机", "reading_system_answer": null}, {"question": "贝尔直升机公司建用途直升机是哪个", "answer": "贝尔直升机公司建议捷克", "reading_system_answer": "UH-1Y"}]}, {"text": "还应该采购AH-1Z“蝰蛇”武装直升机", "qa_pairs": [{"question": "a-1z“蝰蛇”武装直升机是哪个型号", "answer": "1Z", "reading_system_answer": null}, {"question": "a-1z“蝰蛇”武装直升机的直升机是哪个", "answer": "蝰蛇", "reading_system_answer": "AH-1Z"}, {"question": "a-1z“蝰蛇”武装直升机是哪个型号", "answer": "AH", "reading_system_answer": null}, {"question": "ah1z“蝰蛇”武装直升机采用的是什么型号的", "answer": "武装直升机", "reading_system_answer": "AH-1Z"}]}, {"text": "AH-1Z是在AH-1W直升机的基础上改进的", "qa_pairs": [{"question": "ah1z直升机的基础上改进的是哪种型号", "answer": "1Z", "reading_system_answer": "AH-1Z"}, {"question": "a1z直升机的基础上改进的是哪个型号", "answer": "AH", "reading_system_answer": "AH-1Z"}, {"question": "ah1w直升机的基础上改进的基础上改进的基础上改进的基础w1w直升机的基础是哪", "answer": "基础", "reading_system_answer": "AH-1Z"}, {"question": "a1z直升机的基础上改进的是哪种型号", "answer": "1W直升机", "reading_system_answer": "AH-1Z"}]}, {"text": "能够携带更多的武器和负载", "qa_pairs": [{"question": "能够携带更多的武器和负载的武器是什么", "answer": "武器", "reading_system_answer": null}]}, {"text": "是一款更有效的作战平台", "qa_pairs": [{"question": "一款更有效的作战平台是什么", "answer": "平台", "reading_system_answer": null}, {"question": "一款更有效的作战平台是什么", "answer": "一款", "reading_system_answer": null}]}, {"text": "机上的传感器更先进", "qa_pairs": [{"question": "机上的传感进行先进战斗机的传器更先进的机上的传感器更先进的机上的先进战斗机机上", "answer": "机上", "reading_system_answer": null}, {"question": "机上的传感器有什么先进", "answer": "传感器", "reading_system_answer": null}]}, {"text": "对气候的依赖性大大减小", "qa_pairs": [{"question": "对气候的依赖性大大减小的赖性大大减小的赖性大大减小的对气候的依赖性大大减小的对", "answer": "气候", "reading_system_answer": null}, {"question": "对气候的依赖性大大减小的大大减小的大点是什么", "answer": "依赖性", "reading_system_answer": null}]}, {"text": "因此能在更远的距离外识别敌方目标", "qa_pairs": [{"question": "敌方目标要在更远的距离外识别是什么", "answer": "敌方目标", "reading_system_answer": null}, {"question": "敌方目标是什么", "answer": "距离", "reading_system_answer": null}]}, {"text": "打击更多目标", "qa_pairs": [{"question": "打击更多目标击更多目标击更多目标是什么", "answer": "多目标", "reading_system_answer": null}]}]}