{"passage": "位于意大利西西里岛东部的卡塔尼亚，背靠皑皑白雪覆顶的埃特纳活火山，面向碧波粼粼的爱奥尼亚海。这里气候温和，风光秀丽，却在历史上多次被火山、地震摧毁，而后又多次重建。“我从自己的灰烬中再生”，卡塔尼亚大时钟上的铭文镌刻下这座城市的历史，也同样记录了第三届世界军人运动会举办的不易。  第三届军运会选址一再受挫。原定由美国承办，但美国中途退出，后定于2003年9月13日至20日，在西班牙首都马德里举行。不过当时西班牙陷入经济衰退，军运会筹备遇到了难以解决的资金和技术问题，最后只得异地延期举行。最后在时任国际军体主席、意大利人詹尼 戈拉上校的不懈努力下，意大利卡塔尼亚出手“救场”，才让这项新兴赛事不至于刚举办了两届便黯然退场。  除了传说、古迹、宜人的气候及美味的佳肴，卡塔尼亚还有完备的体育设施。这里曾于1997年举办过第19届世界大学生运动会，所以尽管筹备时间非常短，卡塔尼亚还是迅速做好了承办军运会的各项准备工作。  2003年12月4日，第三届军运会的圣火在埃特纳火山脚下的马西米诺体育场点燃。筹备仓促使这届比赛项目和参赛人数都比上届大为减少。在为期8天的赛程中，共有来自87个国家的3217名军人，参加了篮球、拳击、自行车、击剑、足球、柔道、现代五项、游泳、帆船、田径、排球11个大项、120个小项的比赛。尽管12月并非举行世界大赛的最佳月份，但许多运动员还是表现出坚韧的毅力和强大的适应能力，创造了一系列新纪录，多达51个代表团斩获奖牌。  在国际军体事业遭遇困难的严峻时刻，中国和俄罗斯等重要成员显示了足够的责任感。我军体育代表团一如既往派出了精兵强将组成强大阵容参赛，共有152名运动员出征意大利，参加8个大项的比赛，共夺得31枚金牌、16枚银牌、13枚铜牌，名列奖牌榜第二位。作为前两届军运会的金牌霸主，俄罗斯代表团派出了多名奥运冠军选手征战军运会，以33枚金牌位列榜首。  意大利本土选手在这次运动会上也扮演了重要的角色。凭借军队中合理的军事体育系统，意军不少运动员创造了很好的运动成绩，为提高赛会整体竞赛水平作出了自己的贡献。  本届军运会上，我军运动员取得了不少新突破。由于时间仓促，我军派出的运动员较前两届有所减少，参赛项目数量也同样有所下降，但在多个项目中取得突破，打破了2项世界纪录、3项国际军体纪录，在世界大赛上首次获得游泳男子项目金牌和现代五项金牌，在军运会上首次获得田径项目金牌。游泳运动员程嘉茹、齐晖分别夺得7枚金牌，创造了国际军体单届个人金牌数的新纪录。  在传统强项游泳项目上，我军就派出了齐晖、周雅菲和程嘉茹等世界名将参赛。在全部36个游泳项目的争夺中，我军游泳选手囊括了女子项目全部17枚金牌，并且打破了多项世界军体纪录。其中程嘉茹和齐晖分别夺得7枚游泳金牌，创造了国际军体运动历史上的奇迹。男选手的成绩同样十分出色，赵涛在200米自由泳和200米混合泳比赛中相继夺冠，实现了我军男运动员在世界军人运动会游泳项目金牌“零”的突破。  第一次参加水上救生的国际大赛，我军选手准备充分，战术得当，表现不俗，四块金牌的含金量相当高——他们打破了水上救生4×50米混合接力、女子100米假人拖带的两项世界纪录，为本届军运会增色不少。  在跳水项目上，我军派出了名将彭勃压阵，顶住了俄罗斯名将萨乌丁的冲击，抢得3金入账，并且将国际军体的跳水竞赛水平提到了一个新高度。  31枚的金牌总数，不仅超越了上届30枚金牌的成绩，并且在军事五项和射击等优势项目缺席的情况下，以2枚金牌之差位居本届赛事金牌榜第二位，显示了我军体育在国际军体领域的强大实力和良好发展势头。  通过本次世界军人运动会，人们都看到了国际军体事业未来的希望。“艰难的时刻已经过去。越来越多的国家已经意识到举办军体赛事对提升其国际形象的重要性。”国际军事体育理事会主席詹尼·戈拉上校这样表示。  当然，戈拉上校的乐观是有道理的。作为世界军人之间文化交流的平台，世界军人运动会的知名度和影响力逐渐提升，越来越成为各国军人欢聚一堂的盛会。", "sentences": [{"text": "位于意大利西西里岛东部的卡塔尼亚", "qa_pairs": [{"question": "位于意大利西西里岛东部的卡塔尼亚是哪个", "answer": "卡塔尼亚", "reading_system_answer": null}, {"question": "卡塔尼亚是由哪个国家部队的", "answer": "意大利西西里岛", "reading_system_answer": null}]}, {"text": "背靠皑皑白雪覆顶的埃特纳活火山", "qa_pairs": [{"question": "背靠皑皑白雪覆顶的埃特纳活火山的是哪种", "answer": "埃特纳活火山", "reading_system_answer": null}, {"question": "背靠皑皑白雪覆顶的埃特纳活火山的覆顶的埃特纳活火山的覆顶的覆顶的覆顶的覆顶山背", "answer": "白雪覆顶", "reading_system_answer": null}]}, {"text": "面向碧波粼粼的爱奥尼亚海", "qa_pairs": [{"question": "爱奥尼亚海向爱奥尼亚海向爱奥尼亚海军的爱粼的爱奥尼亚是哪个", "answer": "面向碧波", "reading_system_answer": null}, {"question": "爱波粼粼的爱亚海海是哪个", "answer": "爱奥尼亚海", "reading_system_answer": null}]}, {"text": "这里气候温和", "qa_pairs": [{"question": "里里气候温和温和温和温候这一款气候温和温气的气候和温气是什么", "answer": "气候", "reading_system_answer": null}]}, {"text": "风光秀丽", "qa_pairs": [{"question": "风光秀丽的秀丽是哪个", "answer": "", "reading_system_answer": null}]}, {"text": "却在历史上多次被火山、地震摧毁", "qa_pairs": [{"question": "在历史上多次被火山、地震摧毁的国家在历史上多次被火山、地震摧毁的国家在被称为什", "answer": "地震", "reading_system_answer": "却"}, {"question": "在历史上多次被火山、地震摧毁的国家在历史上多次被火山、地震摧毁的国家在、被被称", "answer": "多次", "reading_system_answer": null}, {"question": "在历史上多次被火山、地震摧毁的国家在历史上多次被火山、地震摧毁的国家在历史上多", "answer": "火山", "reading_system_answer": null}]}, {"text": "而后又多次重建", "qa_pairs": [{"question": "重次重建的重次重建是什么", "answer": "多次", "reading_system_answer": null}]}, {"text": "“我从自己的灰烬中再生”", "qa_pairs": [{"question": "“我国在“中再生”的中再生”是什么", "answer": "灰烬", "reading_system_answer": "从自己的灰烬中再生"}]}, {"text": "卡塔尼亚大时钟上的铭文镌刻下这座城市的历史", "qa_pairs": [{"question": "卡塔尼亚大时钟上的历史是什么", "answer": "铭文", "reading_system_answer": null}, {"question": "卡塔尼亚大时钟上的铭文镌刻下这座城市的历史是", "answer": "卡塔尼亚", "reading_system_answer": null}, {"question": "卡塔尼亚大时钟上的铭文镌刻下这座城市的历史是", "answer": "历史", "reading_system_answer": null}, {"question": "卡塔尼亚大时钟上的铭文镌刻下这座城市的历史是", "answer": "座城市", "reading_system_answer": null}, {"question": "卡塔尼亚大时钟上的铭文镌刻下这座城市的历史是", "answer": "时钟", "reading_system_answer": null}]}, {"text": "也同样记录了第三届世界军人运动会举办的不易", "qa_pairs": [{"question": "第三届世界人动会举办的不易中同样记录第三届世界人动会举办的不易是什么", "answer": "记录", "reading_system_answer": null}, {"question": "第三届世界军人运动会举办的不易是什么", "answer": "第三届世界军人运动会", "reading_system_answer": null}]}, {"text": "第三届军运会选址一再受挫", "qa_pairs": [{"question": "第三届军运会选址一再受挫是什么", "answer": "选址", "reading_system_answer": null}, {"question": "第三届军运会选址一再受挫址一再受挫的军运会选址一再受挫是什么", "answer": "第三届", "reading_system_answer": null}]}, {"text": "原定由美国承办", "qa_pairs": [{"question": "美国承办的美国承办的美国承办的美国承办的美国承办的美国承办的美国承办的美国承由", "answer": "美国", "reading_system_answer": null}]}, {"text": "但美国中途退出", "qa_pairs": [{"question": "美国中途退出的国家中途退出的国家中途退美国退美国中退美国中退美国中退美国中退美", "answer": "美国", "reading_system_answer": null}]}, {"text": "后定于2003年9月13日至20日", "qa_pairs": [{"question": "2月13月至2003年9月至2003年9月至20日至2日于2003日至于200", "answer": "20日", "reading_system_answer": null}, {"question": "2月13月至20日至2003年9月13日至20很定于", "answer": "2003年9月13日", "reading_system_answer": null}]}, {"text": "在西班牙首都马德里举行", "qa_pairs": [{"question": "在西班牙首都马德里举行的首都马德里举行中首都举行中首都举行的首都首举行是", "answer": "西班牙", "reading_system_answer": null}, {"question": "在西班牙首都马德里举行的首都举行中举行中举行中马德里举行的首都举行中举牙举行的", "answer": "马德里", "reading_system_answer": null}]}, {"text": "不过当时西班牙陷入经济衰退", "qa_pairs": [{"question": "西班牙陷入经济衰退的西班牙陷入经济衰退的西班牙陷入经济衰退入退入退入退出的是哪", "answer": "西班牙", "reading_system_answer": null}]}, {"text": "军运会筹备遇到了难以解决的资金和技术问题", "qa_pairs": [{"question": "军运会筹备遇到了难以解决的资金和技术问题的军事情金是什么", "answer": "资金", "reading_system_answer": null}, {"question": "军运会筹备遇到了难以解决的资金和技术问题的目的是什么", "answer": "技术问题", "reading_system_answer": null}]}, {"text": "最后只得异地延期举行", "qa_pairs": [{"question": "最后只得异地延期举行中国举行的举行中国举行中国举行的异地延期延期延期延举行中举", "answer": "异地", "reading_system_answer": null}]}, {"text": "最后在时任国际军体主席、意大利人詹尼 戈拉上校的不懈努力下", "qa_pairs": [{"question": "最后在时任国际军体主席、意大利人詹尼戈拉上校的不懈努力下的国家最后在时任国际军", "answer": "意大利人詹尼", "reading_system_answer": null}, {"question": "、意大利人詹尼戈拉上校的不懈努力下是什么", "answer": "时任国际军体主席", "reading_system_answer": null}]}, {"text": "意大利卡塔尼亚出手“救场”", "qa_pairs": [{"question": "意大利卡塔尼亚出手“救场”的是哪个", "answer": "意大利卡塔尼亚", "reading_system_answer": null}, {"question": "意大利卡塔尼亚出手“救场””的救场”救场”出手“救场”出意大利卡塔尼亚出手“救", "answer": "救场", "reading_system_answer": null}]}, {"text": "才让这项新兴赛事不至于刚举办了两届便黯然退场", "qa_pairs": [{"question": "黯然退场是哪个", "answer": "两届", "reading_system_answer": null}, {"question": "刚举办了两届便黯然退场的国家举办的两届便黯然退场是什么", "answer": "退场", "reading_system_answer": null}, {"question": "刚举办了两届便黯然退场的国家的退场是什么", "answer": "赛事", "reading_system_answer": "新兴赛事"}]}, {"text": "除了传说、古迹、宜人的气候及美味的佳肴", "qa_pairs": [{"question": "、古迹、宜人的气候及美味的佳肴的佳肴的佳肴的佳肴的佳肴的佳肴的气候及美味的佳肴", "answer": "佳肴", "reading_system_answer": null}, {"question": "、古迹、宜人的气候及美味的佳肴的气候及美味的佳肴的气候及美味的佳肴的气候人的佳", "answer": "气候", "reading_system_answer": null}, {"question": "除了传了佳候及美味的古迹、的佳候及美味的古迹肴的气候及美味的传人的传肴的传肴的", "answer": "传说", "reading_system_answer": null}, {"question": "、古迹、宜人的气候及美味的佳肴是什么", "answer": "古迹", "reading_system_answer": null}]}, {"text": "卡塔尼亚还有完备的体育设施", "qa_pairs": [{"question": "卡塔尼亚是哪个公司设施的", "answer": "卡塔尼亚", "reading_system_answer": null}, {"question": "卡塔尼亚还有完备的体育设施是什么", "answer": "体育设施", "reading_system_answer": null}]}, {"text": "这里曾于1997年举办过第19届世界大学生运动会", "qa_pairs": [{"question": "第19届世界大学生运动会的第19届世界大学生运动会是什么时候", "answer": "1997年", "reading_system_answer": "1997年"}, {"question": "9年举办过第19届世界大学生运动会的国家曾于1997年举办的国家曾于1997年", "answer": "第19届", "reading_system_answer": null}]}, {"text": "所以尽管筹备时间非常短", "qa_pairs": [{"question": "以管筹备时间非尽尽备常短筹备时间非管以非管以非时非尽的间间以常短筹以常短常短常", "answer": "时间", "reading_system_answer": null}]}, {"text": "卡塔尼亚还是迅速做好了承办军运会的各项准备工作", "qa_pairs": [{"question": "卡塔尼亚是迅速做好了承办军运会的各项准备工作是什么", "answer": "卡塔尼亚", "reading_system_answer": null}]}, {"text": "2003年12月4日", "qa_pairs": [{"question": "2003312年是什么", "answer": "2003年12月4日", "reading_system_answer": null}]}, {"text": "第三届军运会的圣火在埃特纳火山脚下的马西米诺体育场点燃", "qa_pairs": [{"question": "第三届军运会的圣火在埃特纳火山脚下的马西米诺体育场点燃是", "answer": "马西米诺体育场", "reading_system_answer": null}, {"question": "第三届军运会的马西米诺体育场点燃的火山脚下的圣火在埃特纳火山脚下的马西米诺体育", "answer": "圣火", "reading_system_answer": null}, {"question": "第三届军运会的圣火在埃特纳火山脚下的马西米诺体育场点燃的火山脚下的马西米诺体育", "answer": "埃特纳火山", "reading_system_answer": null}, {"question": "圣火在埃特纳火山脚下的马西米诺体育场点燃的国家在埃特纳火山脚下的马西米诺体育场", "answer": "第三届", "reading_system_answer": "第三届军运会"}]}, {"text": "筹备仓促使这届比赛项目和参赛人数都比上届大为减少", "qa_pairs": [{"question": "筹备仓促使用上届大为减少的国家其参加目和参赛人数都比上届大为减少的国家在筹备仓", "answer": "参赛人数", "reading_system_answer": null}, {"question": "筹备仓促使这届比赛赛人数都比上届大为减少的国家其参加的目的是什么", "answer": "比赛项目", "reading_system_answer": null}]}, {"text": "在为期8天的赛程中", "qa_pairs": [{"question": "在为期8天的赛程中为期8天的赛程中为期为的天为的天为的天为的赛在8天为的天为的", "answer": "赛程", "reading_system_answer": null}, {"question": "在为期8天的赛程中赛程中赛程中赛的8天的赛在在为期8天的赛在在为期8天的程中程", "answer": "8天", "reading_system_answer": null}]}, {"text": "共有来自87个国家的3217名军人", "qa_pairs": [{"question": "共有来自87个国家的3217名军人的国家共有来自87个国家的3217名军人是什", "answer": "87个国家", "reading_system_answer": null}, {"question": "共有来自87个国家的3217名军人是什么", "answer": "3217名军人", "reading_system_answer": null}]}, {"text": "参加了篮球、拳击、自行车、击剑、足球、柔道、现代五项、游泳、帆船、田径、排球11个大项、120个小项的比赛", "qa_pairs": [{"question": "、拳击、自行车、击剑、拳击、自行车、帆船、田径、排球11个大项、120个小项的", "answer": "篮球", "reading_system_answer": "篮球、拳击、自行车、击剑、足球、柔道、现代五项、游泳、帆船、田径、排球"}, {"question": "参拳击、自行车、击剑、足球、柔道代现代五项、游泳径、排球11个大项、120个小", "answer": "柔道", "reading_system_answer": null}, {"question": "、1、帆船、田径、排球11个大项、120个小项的比赛是哪个", "answer": "自行车", "reading_system_answer": "篮球、拳击、自行车、击剑、足球、柔道、现代五项、游泳、帆船、田径、排球"}, {"question": "参拳击、自行车、击剑、足球、柔道、现代五项、游泳径、排球11个大项、120个小", "answer": "120个小项", "reading_system_answer": null}, {"question": "、拳击、自行车、击剑、拳击、自行车、帆船、田径、排球11个大项、120个小项的", "answer": "足球", "reading_system_answer": "篮球、拳击、自行车、击剑、足球、柔道、现代五项、游泳、帆船、田径、排球"}, {"question": "参拳击、自行车、击剑、足球、柔道、现代五项、游泳径、排球11个小项的比赛是哪一", "answer": "排球11个大项", "reading_system_answer": "参加了篮球、拳击、自行车、击剑、足球、柔道、现代五项、游泳、帆船、田径、排球"}, {"question": "参1、帆船、田径、排球11个大项、120径、排球11个小项的比赛是哪个", "answer": "田径", "reading_system_answer": null}, {"question": "参拳击、自行车、击剑、足球、柔道、现代五项、游泳、帆船、田径、排球11个小项的", "answer": "现代五项", "reading_system_answer": "篮球、拳击、自行车、击剑、足球、柔道、现代五项、游泳、帆船、田径、排球11个大项、120个小项"}, {"question": "参拳击、自行车、击剑、足球、柔道、现代五项、游泳径、排球11个大项、120船、", "answer": "帆船", "reading_system_answer": "参加了"}]}, {"text": "尽管12月并非举行世界大赛的最佳月份", "qa_pairs": [{"question": "尽管12月并非举行世界大赛的最佳月份最佳月份的最佳月份是什么", "answer": "12月", "reading_system_answer": "12月"}, {"question": "世界大赛最佳的最佳最佳是", "answer": "月份", "reading_system_answer": "12月"}]}, {"text": "但许多运动员还是表现出坚韧的毅力和强大的适应能力", "qa_pairs": [{"question": "许多运动员还是表现出坚韧的毅力和强大的适应能力是什么", "answer": "许多运动员", "reading_system_answer": null}, {"question": "许多运动员还是表现出坚韧的毅力和强大的适应能力是什么", "answer": "毅力", "reading_system_answer": null}, {"question": "许多运动员还是表现出坚韧的毅力和强大的适应能力是什么", "answer": "适应能力", "reading_system_answer": null}]}, {"text": "创造了一系列新纪录", "qa_pairs": [{"question": "创造了一系列新纪录的目的是什么", "answer": "一系列新纪录", "reading_system_answer": null}]}, {"text": "多达51个代表团斩获奖牌", "qa_pairs": [{"question": "多达51个代表团斩获奖牌是什么", "answer": "奖牌", "reading_system_answer": null}, {"question": "多达51个代表团斩获奖牌是什么", "answer": "51个代表团", "reading_system_answer": null}]}, {"text": "在国际军体事业遭遇困难的严峻时刻", "qa_pairs": [{"question": "在国际军体事业遭遇困难的严峻时刻为什么要遇困难的严峻时刻业遭遇困难的严峻时刻业", "answer": "国际军体事业遭遇", "reading_system_answer": null}, {"question": "在国际军体事业遭遇困难的严峻时刻业遭遇困难的严峻时刻业遭遇困难的时严峻在严事业", "answer": "时刻", "reading_system_answer": null}]}, {"text": "中国和俄罗斯等重要成员显示了足够的责任感", "qa_pairs": [{"question": "中国和俄罗斯等重要成员显示了足够的责任感的国家重要成员显示了足够的责任感是什么", "answer": "中国", "reading_system_answer": null}, {"question": "中国和俄罗斯等重要成责任感的足够的责任感是什么", "answer": "成员", "reading_system_answer": null}, {"question": "中国罗斯等示足够的要成员显示了足够的责任感是什么", "answer": "责任感", "reading_system_answer": null}, {"question": "中国和俄罗斯等重要成员显示了足够的责任感的国家和俄罗斯等重要成员显示了足够的责", "answer": "俄罗斯", "reading_system_answer": null}]}, {"text": "我军体育代表团一如既往派出了精兵强将组成强大阵容参赛", "qa_pairs": [{"question": "我军体育代表团一如既往派出了精兵强将组成强大阵容参赛的国家将组成强大阵容参赛的", "answer": "我军", "reading_system_answer": null}, {"question": "我军体育代表团一如既往派出了精兵强将组成强大阵容参赛的国家参加了强大阵容参赛的", "answer": "代表团", "reading_system_answer": null}, {"question": "我军体育代表团一如既往派出了精兵强将组成强大阵容参赛的国家将组成强大阵容参赛的", "answer": "阵容参赛", "reading_system_answer": null}]}, {"text": "共有152名运动员出征意大利", "qa_pairs": [{"question": "共有152名运动员出征意大利的1名运动员出征意大利是哪个", "answer": "意大利", "reading_system_answer": null}, {"question": "共有152名运动员出征意大利是哪一个", "answer": "152名运动员", "reading_system_answer": null}]}, {"text": "参加8个大项的比赛", "qa_pairs": [{"question": "参加8个大项的比赛是什么", "answer": "8个大项", "reading_system_answer": null}]}, {"text": "共夺得31枚金牌、16枚银牌、13枚铜牌", "qa_pairs": [{"question": "共夺得31枚金牌、16枚银牌、13枚铜牌的国家在31枚金牌、16枚银牌的国家在", "answer": "16枚银牌", "reading_system_answer": null}, {"question": "共夺得31枚金牌、16枚银牌、的是哪一型号", "answer": "13枚铜牌", "reading_system_answer": null}, {"question": "共夺得31枚金牌、16枚银牌、13枚铜牌的国家在31枚金牌、16枚银牌、的国家", "answer": "31枚金牌", "reading_system_answer": null}]}, {"text": "名列奖牌榜第二位", "qa_pairs": [{"question": "名列奖牌榜第二位奖牌第二位奖榜第二位奖牌牌第二的国家列奖榜第二奖是", "answer": "名列奖牌榜第二位", "reading_system_answer": null}]}, {"text": "作为前两届军运会的金牌霸主", "qa_pairs": [{"question": "前两届军运会的金牌霸主时期的主要金牌霸主时主要金牌霸主要的主要主要牌届军运会主", "answer": "两届", "reading_system_answer": null}, {"question": "前两届军运会的金牌霸主是什么", "answer": "金牌霸主", "reading_system_answer": null}]}, {"text": "俄罗斯代表团派出了多名奥运冠军选手征战军运会", "qa_pairs": [{"question": "俄罗斯代表团派出了多名奥运冠军选手征战军运会的国家在奥运冠军选手征战军运会的国", "answer": "多名奥运冠军", "reading_system_answer": null}, {"question": "俄罗斯代表团派出了多名奥运冠军选手征战军运会的国家在俄罗斯代表团派出的国家运会", "answer": "俄罗斯代表团", "reading_system_answer": null}]}, {"text": "以33枚金牌位列榜首", "qa_pairs": [{"question": "以33枚金牌位列榜首首首首首首首首首首首是", "answer": "33枚金牌", "reading_system_answer": null}, {"question": "以33枚金牌位列榜首首首首首首首首首首首首首首首首3枚金牌位列榜榜榜3枚位牌以", "answer": "榜首", "reading_system_answer": null}]}, {"text": "意大利本土选手在这次运动会上也扮演了重要的角色", "qa_pairs": [{"question": "意大利本土选手在这次运动会上也扮演了重要的角色的国家在这次运动会上也扮演了重要", "answer": "运动会", "reading_system_answer": null}, {"question": "意大利本土选手在这次运动会上也扮演了重要的角色的国家在意大利本土选了重要的角色", "answer": "意大利本土", "reading_system_answer": null}, {"question": "意大利本土选手在这次运动会上也扮演了重要的角色是什么", "answer": "角色", "reading_system_answer": null}]}, {"text": "凭借军队中合理的军事体育系统", "qa_pairs": [{"question": "凭借军队中合理的军事体育系统是什么", "answer": "系统", "reading_system_answer": null}, {"question": "凭借军队中合理的军事体育系统的军事体育系统是什么", "answer": "军队", "reading_system_answer": null}]}, {"text": "意军不少运动员创造了很好的运动成绩", "qa_pairs": [{"question": "意军不少运动员创造了很好的运动成绩是什么", "answer": "运动员", "reading_system_answer": null}, {"question": "意不少运动动动中中军事事件事件中国成好的运动动动中中国成功的运绩是什么", "answer": "成绩", "reading_system_answer": null}, {"question": "意军不少运动员创造的国家运动成绩是什么", "answer": "意军", "reading_system_answer": null}]}, {"text": "为提高赛会整体竞赛水平作出了自己的贡献", "qa_pairs": [{"question": "为提高赛会整体竞赛水平作出了自己的贡献是什么", "answer": "贡献", "reading_system_answer": null}, {"question": "为提高赛会整体竞赛水平作出了自己的贡献的水平是什么", "answer": "水平", "reading_system_answer": null}, {"question": "为什么说竞赛会整体竞赛水平作出了自己的贡献", "answer": "整体", "reading_system_answer": "为提高赛会整体竞赛水平"}]}, {"text": "本届军运会上", "qa_pairs": [{"question": "本届军运会上运会上运会上运会上运会会上有什么", "answer": "军运", "reading_system_answer": null}]}, {"text": "我军运动员取得了不少新突破", "qa_pairs": [{"question": "我军运动员取得了不少新突破的原因是什么", "answer": "我军运动员", "reading_system_answer": null}]}, {"text": "由于时间仓促", "qa_pairs": [{"question": "由于由于时时仓促的仓促中仓促中仓促中仓于仓牲时仓于仓牲时仓于仓牲时仓于仓牲时仓", "answer": "时间", "reading_system_answer": null}]}, {"text": "我军派出的运动员较前两届有所减少", "qa_pairs": [{"question": "我军派出的运动员较前两届有所减少的国家出的运动员较前两届有所减少是什么", "answer": "我军", "reading_system_answer": null}, {"question": "我军派出的运动员较前两届有所减少我军派出的运动员较前两届有所减少我军派出的运动", "answer": "运动员", "reading_system_answer": null}, {"question": "我军派出的运动员较前两届有所减少的原因是什么", "answer": "两届有所", "reading_system_answer": null}]}, {"text": "参赛项目数量也同样有所下降", "qa_pairs": [{"question": "参赛项目数量也同样有所下降的目同样的目同样的目数量也同样有什么", "answer": "参赛项目数量", "reading_system_answer": null}, {"question": "参加了有量也同样所有有目数量样的目同赛的态所降所下降所下的同因是什么", "answer": "有所", "reading_system_answer": "参赛项目数量"}]}, {"text": "但在多个项目中取得突破", "qa_pairs": [{"question": "在多个项目中取得突破的突目取得突破的突目中取得在多个项目中取得在多个项目但取得", "answer": "多个项目", "reading_system_answer": null}]}, {"text": "打破了2项世界纪录、3项国际军体纪录", "qa_pairs": [{"question": "打破了2项世界纪录的意义是什么", "answer": "3项国际军体纪录", "reading_system_answer": null}, {"question": "打破了2项世界纪录、3项国际军体纪录的国家打破了2项世界纪录、3项国际军体纪录", "answer": "2项", "reading_system_answer": null}]}, {"text": "在世界大赛上首次获得游泳男子项目金牌和现代五项金牌", "qa_pairs": [{"question": "在世界大赛上首次获得游泳男子项目金牌和现代五项金牌的国家在在世界大赛上首次获得", "answer": "首次", "reading_system_answer": null}, {"question": "在世界大赛上首次获得游泳男子项目金牌和现代五项金牌是什么", "answer": "现代五项金牌", "reading_system_answer": null}, {"question": "在世界大赛上首次获得游泳男子项目金牌和现代五项金牌是什么", "answer": "男子项目金牌", "reading_system_answer": null}]}, {"text": "在军运会上首次获得田径项目金牌", "qa_pairs": [{"question": "在军运会上首次获得田径项目金牌的国家在军运会上首次获得田径项目金牌是什么", "answer": "军运", "reading_system_answer": null}, {"question": "在军运会上首次获得田径项目金牌的国家其首次获得田径项目金牌是哪一次", "answer": "首次", "reading_system_answer": null}, {"question": "在军运会上首次获得田径项目金牌的国家在军运会上首次获得田径项目金牌是什么", "answer": "金牌", "reading_system_answer": null}]}, {"text": "游泳运动员程嘉茹、齐晖分别夺得7枚金牌", "qa_pairs": [{"question": "游泳运动员程嘉茹、齐晖分别夺得7枚金牌是什么", "answer": "7枚金牌", "reading_system_answer": null}, {"question": "游泳运动员程嘉茹、齐晖分别夺得7枚金牌是哪个", "answer": "运动员程嘉茹", "reading_system_answer": null}, {"question": "游泳运动员程嘉茹、齐晖分别夺得7枚金牌的国家夺得7枚金牌是哪个", "answer": "齐晖", "reading_system_answer": null}]}, {"text": "创造了国际军体单届个人金牌数的新纪录", "qa_pairs": [{"question": "创造了国际军体单届个人金牌数的新纪录的牌数是", "answer": "国际军体", "reading_system_answer": null}, {"question": "创造了国际军体单届个人金牌数的新纪录的目的是什么", "answer": "新纪录", "reading_system_answer": null}, {"question": "创造了国际军体单届个人金牌数的新纪录的牌数是什么", "answer": "个人金牌数", "reading_system_answer": null}]}, {"text": "在传统强项游泳项目上", "qa_pairs": [{"question": "在传统强项游泳项目上有什么", "answer": "传统强项", "reading_system_answer": null}, {"question": "在传统强项游泳项目上在在传统强项游泳项目上的游泳项目上有什么", "answer": "项目", "reading_system_answer": null}]}, {"text": "我军就派出了齐晖、周雅菲和程嘉茹等世界名将参赛", "qa_pairs": [{"question": "我军就派出了齐晖、周雅菲和程嘉茹等世界名将参赛的国家和齐晖、周雅菲和程嘉茹等世", "answer": "齐晖", "reading_system_answer": null}, {"question": "我军茹等世界名将参赛的参数是", "answer": "我军", "reading_system_answer": "齐晖、周雅菲和程嘉茹"}, {"question": "我军就派出了齐晖、周雅菲和程嘉茹等世界名将参赛的国家和齐晖、周雅菲和程嘉茹等世", "answer": "世界名将参赛", "reading_system_answer": null}, {"question": "我军就派出了齐晖、周雅菲和程嘉茹等世界名将参赛的国家将参赛的哪个国家和齐晖、周", "answer": "周雅菲", "reading_system_answer": null}, {"question": "我军就派出了齐晖、周雅菲和程嘉茹等世界名将参赛的国家和齐晖、周雅菲和程嘉茹等世", "answer": "程嘉茹", "reading_system_answer": null}]}, {"text": "在全部36个游泳项目的争夺中", "qa_pairs": [{"question": "在全部36个游泳项目的争夺中是什么", "answer": "全部36个", "reading_system_answer": null}, {"question": "在全部36个游泳项目的争夺中是什么", "answer": "项目", "reading_system_answer": null}]}, {"text": "我军游泳选手囊括了女子项目全部17枚金牌", "qa_pairs": [{"question": "我军游泳选手囊括了女子项目全部17枚金牌的国家在我国的哪个部队牌子项目全部17", "answer": "我军", "reading_system_answer": null}, {"question": "我军游泳选手囊括了什么部牌", "answer": "女子项目全部17枚金牌", "reading_system_answer": "女子项目全部17枚"}]}, {"text": "并且打破了多项世界军体纪录", "qa_pairs": [{"question": "并且打破了多项世界军体纪录的目的是什么", "answer": "多项世界军体纪录", "reading_system_answer": null}]}, {"text": "其中程嘉茹和齐晖分别夺得7枚游泳金牌", "qa_pairs": [{"question": "中程嘉茹和齐晖分别夺得7枚游泳金牌的游泳金牌是哪一年游泳金牌", "answer": "7枚", "reading_system_answer": null}, {"question": "中程嘉茹和齐晖分别夺得7枚游泳金牌的游泳金牌是哪个", "answer": "程嘉茹", "reading_system_answer": null}, {"question": "中程嘉茹和齐晖分别夺得7枚游泳金牌的国家夺得7枚游泳金牌是哪个", "answer": "齐晖", "reading_system_answer": null}, {"question": "其中程嘉茹和齐晖分别夺得7枚游泳金牌的国家夺得7枚游泳金牌是哪个", "answer": "金牌", "reading_system_answer": null}]}, {"text": "创造了国际军体运动历史上的奇迹", "qa_pairs": [{"question": "创造了国际军体运动历史上的奇迹的运动历史上的奇迹是什么", "answer": "国际军体", "reading_system_answer": null}, {"question": "创造了国际军体运动历史上的奇迹是什么", "answer": "历史", "reading_system_answer": null}, {"question": "创造了国际军体运动历史上的奇迹的国家创造的运动历史上的奇迹是什么", "answer": "奇迹", "reading_system_answer": null}]}, {"text": "男选手的成绩同样十分出色", "qa_pairs": [{"question": "男选手的成绩同样十分出色是什么", "answer": "男", "reading_system_answer": null}, {"question": "男选手的成绩同样十分出色是什么", "answer": "十分", "reading_system_answer": null}, {"question": "男的出色是什么", "answer": "成绩", "reading_system_answer": null}]}, {"text": "赵涛在200米自由泳和200米混合泳比赛中相继夺冠", "qa_pairs": [{"question": "赵涛在200米自由泳和200米混合泳比赛中相继夺冠的原因是什么", "answer": "200米混合泳", "reading_system_answer": null}, {"question": "赵涛在200米自由泳和200米混合泳比赛中相继夺冠的原因是什么", "answer": "200米", "reading_system_answer": null}, {"question": "赵涛0米自由泳和200米混合泳比赛中相继夺冠的国家在200米自由泳和200米混", "answer": "赵涛", "reading_system_answer": null}]}, {"text": "实现了我军男运动员在世界军人运动会游泳项目金牌“零”的突破", "qa_pairs": [{"question": "我国金牌“零”的突破是哪个", "answer": "世界军人运动会", "reading_system_answer": "实现了我军男运动员"}, {"question": "我国金牌“零”的突破是哪个", "answer": "我军男运动员", "reading_system_answer": "实现了我军男运动员"}, {"question": "我军男运动会游泳项目金牌“零”的突破是哪个", "answer": "零", "reading_system_answer": null}, {"question": "我军男运动会游泳项目金牌“零”的突破是哪个", "answer": "项目金牌", "reading_system_answer": null}]}, {"text": "第一次参加水上救生的国际大赛", "qa_pairs": [{"question": "第一次参加水上救生的国际大赛是哪个", "answer": "国际大赛", "reading_system_answer": null}, {"question": "第一次参加水上救生的国际大赛是哪一次", "answer": "第一次", "reading_system_answer": null}]}, {"text": "我军选手准备充分", "qa_pairs": [{"question": "我军选手准备充分中手准备充分中选分中手准充充的国家选分是什么", "answer": "我军", "reading_system_answer": null}, {"question": "我军选手准备充分中军选手准备充分是什么", "answer": "准备充分", "reading_system_answer": null}]}, {"text": "战术得当", "qa_pairs": [{"question": "战术得当当当当当当当当当得得战术战术战术战术战中战术战得得得得为什么", "answer": "战术", "reading_system_answer": null}]}, {"text": "表现不俗", "qa_pairs": [{"question": "现不俗表不俗的现不俗中现不俗的现不俗表现不现不俗表俗表现俗不现不现俗表表现俗不", "answer": "", "reading_system_answer": null}]}, {"text": "四块金牌的含金量相当高——他们打破了水上救生4×50米混合接力、女子100米假人拖带的两项世界纪录", "qa_pairs": [{"question": "四00米假人拖带的两项世界纪录的世界纪录的0项相当高——他们打破了水上救生4×", "answer": "两项", "reading_system_answer": "水上救生4×50米混合接力"}, {"question": "四块金牌的含金量相当高——他们打破的假人拖带的两项世界纪录的国家其含4×50米", "answer": "含金量", "reading_system_answer": null}, {"question": "四块金牌的含金量相当高——他们打破了水上救生4×50米混合接力、女子100米假", "answer": "人拖带", "reading_system_answer": "假人拖带"}, {"question": "四50米混合接力、女子100米假人拖带的两项世界纪录的国家的四块金牌的含金量相", "answer": "女子100米", "reading_system_answer": null}, {"question": "四50米假人拖带的两项世界纪录的含同国家打破了水上救生4×50米混合接力、女子", "answer": "四块金牌", "reading_system_answer": null}, {"question": "四块金牌的含金量相当高——他们打破了水上救生4×500米假人拖带的两项世界纪录", "answer": "50米", "reading_system_answer": null}]}, {"text": "为本届军运会增色不少", "qa_pairs": [{"question": "为本届军运会增色不少色不少色为什么要增色为本届军运会增色为本届军运会会少不少", "answer": "增色", "reading_system_answer": null}]}, {"text": "在跳水项目上", "qa_pairs": [{"question": "在跳水项目上的跳水项目上有什么", "answer": "项目", "reading_system_answer": null}]}, {"text": "我军派出了名将彭勃压阵", "qa_pairs": [{"question": "我军派出了名将彭勃压阵的国家出了名将彭勃压阵的国家出了名将将了彭勃压阵的国家派", "answer": "我军", "reading_system_answer": null}, {"question": "我军派出了名将彭勃压阵的压阵将名为什么", "answer": "名将彭勃压阵", "reading_system_answer": null}]}, {"text": "顶住了俄罗斯名将萨乌丁的冲击", "qa_pairs": [{"question": "顶住了萨乌丁的冲击的国家将萨乌丁的冲击是哪一艘", "answer": "俄罗斯名将萨乌丁", "reading_system_answer": null}]}, {"text": "抢得3金入账", "qa_pairs": [{"question": "抢得3金入账的3金入账的抢得3金入账的抢得3抢得3抢得金抢了什么入账", "answer": "3金", "reading_system_answer": null}]}, {"text": "并且将国际军体的跳水竞赛水平提到了一个新高度", "qa_pairs": [{"question": "跳水竞赛水平提到了一个新高度的跳水竞赛水平提到了一个新高度的跳水竞赛体的跳水竞", "answer": "国际军体", "reading_system_answer": null}, {"question": "提到了一个新高度的水平提到了一个新高度的国家跳水竞赛水平提到了一个新高度的国家", "answer": "高度", "reading_system_answer": "将国际军体的跳水竞赛水平"}, {"question": "并且将国际军体的跳水竞赛水平提到了一个新高度的国家的跳水竞赛水平提到了一个新高", "answer": "水平", "reading_system_answer": null}, {"question": "并且将国际军体的跳水竞赛水平提到了一个新高度的国家的跳水竞赛水平提到了一个新高", "answer": "一个", "reading_system_answer": null}]}, {"text": "31枚的金牌总数", "qa_pairs": [{"question": "31枚的金牌总数是多少", "answer": "31枚", "reading_system_answer": null}, {"question": "31枚的金牌总数是什么", "answer": "金牌总数", "reading_system_answer": null}]}, {"text": "不仅超越了上届30枚金牌的成绩", "qa_pairs": [{"question": "不仅超越了上届30枚金牌的成绩是什么", "answer": "30枚金牌", "reading_system_answer": null}, {"question": "3月3牌牌牌牌牌牌牌牌牌牌锋枪的成金是什么", "answer": "成绩", "reading_system_answer": null}]}, {"text": "并且在军事五项和射击等优势项目缺席的情况下", "qa_pairs": [{"question": "并且在军事五项和射击等优势项目情况下的缺席的情况下的缺席的情况下的目的是什么", "answer": "优势项目缺席", "reading_system_answer": null}, {"question": "在军事五项和射击等优势项目缺席的情况下的目的是什么", "answer": "情况", "reading_system_answer": null}, {"question": "在军事五项和射击等优势项目缺席的情况下的射击等优势项目缺席的情况下的射击等五项", "answer": "军事五项", "reading_system_answer": null}]}, {"text": "以2枚金牌之差位居本届赛事金牌榜第二位", "qa_pairs": [{"question": "以2枚金牌之差位居本届赛事金牌榜第二位是什么", "answer": "赛事金牌榜第二位", "reading_system_answer": null}, {"question": "金牌榜第二战争中金牌第十六十年位的金牌第十六枚位位榜赛牌牌牌牌牌牌牌牌牌牌牌牌", "answer": "差", "reading_system_answer": "2枚"}, {"question": "以2枚金牌之差位居本届赛事金牌榜第二位的第二位金牌之差位居本届赛事金牌榜第二位", "answer": "2枚金牌", "reading_system_answer": null}]}, {"text": "显示了我军体育在国际军体领域的强大实力和良好发展势头", "qa_pairs": [{"question": "我军体育在国际军体领域的强大实力和良好发展势头的国家在国际军体领域的强大实力和", "answer": "我军", "reading_system_answer": null}, {"question": "我军体育在国际军体领域的强大实力和良好发展势头的国家在国际军体领域的强大实力和", "answer": "国际军体领域", "reading_system_answer": null}, {"question": "我军体育在国际军体领域的强大实力和良好发展势头的国家在国际军体领域的强大实力和", "answer": "实力", "reading_system_answer": null}]}, {"text": "通过本次世界军人运动会", "qa_pairs": [{"question": "通过本次世界人运动会的目的是什么", "answer": "世界军人运动会", "reading_system_answer": null}]}, {"text": "人们都看到了国际军体事业未来的希望", "qa_pairs": [{"question": "人们都看来的希望的希望是什么", "answer": "人们", "reading_system_answer": "国际军体事业"}, {"question": "人们都看到了国际军体事业未来的希望的未来的军体事业未来未来未到了什么", "answer": "国际军体事业", "reading_system_answer": null}]}, {"text": "“艰难的时刻已经过去", "qa_pairs": [{"question": "“已经过去的时经过去的时经过去的时已经过去的时已经过已经刻艰的时刻经难的艰难难", "answer": "时刻", "reading_system_answer": null}]}, {"text": "越来越多的国家已经意识到举办军体赛事对提升其国际形象的重要性", "qa_pairs": [{"question": "越来越多的国家已经意识到举办军体赛事对提升其国际形象的重要性是什么", "answer": "国际形象", "reading_system_answer": null}, {"question": "越多的国家已经意识到举办军体赛事对提升其国际形象的重要性是什么", "answer": "多", "reading_system_answer": null}, {"question": "越多的国家已经意识到举办军体赛事对提升其国际形象的重要性是什么", "answer": "国家", "reading_system_answer": null}, {"question": "越来越多的国家已经意识到举办军体赛事对提升其国际形象的重要性是什么", "answer": "军体赛事", "reading_system_answer": null}, {"question": "越来越多的国家已经意识到举办军体赛事对提升其国际形象的重要性是什么", "answer": "重要性", "reading_system_answer": null}, {"question": "越多的国家已经意识到举办军体赛的国家其已经意识到举办军事赛的国家其已经意识的国", "answer": "意识", "reading_system_answer": null}]}, {"text": "”国际军事体育理事会主席詹尼·戈拉上校这样表示", "qa_pairs": [{"question": "”戈拉上校这样表示的主席詹尼·戈拉上校这样表示是什么", "answer": "国际", "reading_system_answer": null}, {"question": "”戈拉上校这样表示是什么", "answer": "理事会主席詹尼", "reading_system_answer": null}]}, {"text": "当然", "qa_pairs": [{"question": "当然为当然然然当当然然然然然然然然然然然然然然然然然然当当当当当当当当当当当当", "answer": "", "reading_system_answer": null}]}, {"text": "戈拉上校的乐观是有道理的", "qa_pairs": [{"question": "戈拉上校的乐观是有什么", "answer": "道理", "reading_system_answer": null}]}, {"text": "作为世界军人之间文化交流的平台", "qa_pairs": [{"question": "世界军人之间文化交流的平台是什么", "answer": "世界军人", "reading_system_answer": null}, {"question": "世界军人之间文化交流的平台是什么", "answer": "文化交流", "reading_system_answer": null}, {"question": "世界军人之间文化交流的平台是什么", "answer": "平台", "reading_system_answer": null}]}, {"text": "世界军人运动会的知名度和影响力逐渐提升", "qa_pairs": [{"question": "世界军人运动会的知名度和影响力逐渐提升的运动会的知名度和影响力逐渐提升的运动会", "answer": "世界军人运动会", "reading_system_answer": null}, {"question": "世界军人运动会的知名度和影响力逐渐提升的世界军人运动会的知名度和影响力逐渐提升", "answer": "知名度", "reading_system_answer": null}, {"question": "世界军人运动会的知名度和影响力逐渐提升的响逐渐提升是什么", "answer": "影响力", "reading_system_answer": null}]}, {"text": "越来越成为各国军人欢聚一堂的盛会", "qa_pairs": [{"question": "越来越成为各国军人欢聚一堂的盛会是什么", "answer": "军人", "reading_system_answer": null}, {"question": "越来越成为各国军人欢聚一堂的盛会是什么", "answer": "盛会", "reading_system_answer": null}]}]}