{"passage": "下图为交付泰国海军的DW3000F型护卫舰471Tachin舰，是韩国FFX-II“大邱”级护卫舰的改进版，由韩国大宇造船承建。而“大邱”级护卫舰是韩国FFX计划中的第二阶段，与FFX-I“仁川”级一样具备强大的对地对海打击能力，3650吨的满载排水量装备127毫米主炮和8枚反舰导弹，还可携带对地攻击导弹和“一坑多弹”方式携带防空导弹，在4000吨级以下护卫舰中属于上等打击水平。    韩国海军在中轻型舰艇中其实是很强调打击能力的，这源于韩国海军历次与朝鲜多次海上交战的吃亏。下图为2002年第二次延坪海战现场视频截图，交战双方为朝鲜80吨“清津”级炮艇（一说135吨级62炮艇）和韩国175吨“虎头海雕357”高速炮艇。虽然韩国“虎头海雕”在吨位上占优势，但是只配备1门40毫米主炮和2门20毫米速射副炮，而朝鲜方面装备的是85毫米坦克炮。在交战过程中“虎头海雕357”重伤并在拖行中沉没，其中朝鲜方面第1发85毫米主炮炮弹直接命中357舰桥，艇长尹永夏上尉当场阵亡。   下面几张图是打捞上来的357艇，红点处都是中弹位置，其中相当一部分直接击穿。朝鲜海军炮艇虽然也是重伤状态，但是最终还是成功脱离战场并返回朝鲜。       这种火力不足带来的一系列问题使得韩国海军在之后建造的舰艇中格外重视对地对海打击，“虎头海雕”已经不能应对这种中低规模的海上冲突。下图为以357艇艇长尹永夏命名的580吨级导弹艇PKX-A，配备1门57毫米主炮、1门40毫米双管舰炮和8枚反舰导弹。而中国出口给巴基斯坦的“阿兹玛特”级570吨导弹艇配备的25毫米主炮和8枚反舰导弹。而接替“虎头海雕”的“PKX-B”型巡逻炮艇则直接装备1座12联装130毫米制导火箭弹发射装置和1门76毫米主炮，该艇排水量只有210吨，相比较“虎头海雕”40毫米和20毫米火炮有了大幅度提升。   PKX-A“尹永夏”级导弹艇  PKX-B，注意舰艉出火箭发射器 FFX护卫舰计划本来就是用于替代老旧的“浦项”级和“东海”级护卫舰，前者1986年服役，后者1982年服役。这两型护卫舰本身的建造目的除了用于直接面对海上冲突更重要的就是应对朝鲜方面的炮艇和间谍船。所以新的FFX护卫舰计划除了要具备“浦项”级和“东海”级的功能之外额外增强火力以避免再次出现357的悲剧。   “浦项”级护卫舰 排水量只有1200吨 无 FFX-I“仁川”级护卫舰是FFX项目第一阶段，满载排水量3215吨，配备1门美制MK-45Mod4型127毫米主炮、1门MK-15“密集阵”20毫米近防炮、1座二十一联装海拉姆防空导弹发射装置、2座SSM-700K四联装反舰导弹发射装置和2座三联装324毫米鱼雷发射管，舰艉设置直升机飞行甲板。这样看来FFX-1同时具备对海、对舰和反潜打击能力，拥有一定的近程防空能力。应该说像127毫米这种级别的火炮通常出现在5000吨级以上的作战舰艇而非3000吨级，整体火力水平和多用途水平在世界中低吨位的护卫舰中还算不错。参加2019年4月23日青岛海上阅兵的就是“仁川”二号舰“京畿”号     而这次我们说的FFX-II“大邱”级是FFX计划中的第二阶段，排水量进一步提升至3650吨，比“大邱”级要高400多吨。装备泰雷兹SMART-S MK-2 E/F频轻型相控阵雷达，除了保留原先的127毫米主炮、1座“密集阵”、2座三联装324毫米鱼雷发射管和2座SSM-700K四联装反舰导弹之外，“大邱”级还增加16单元垂直发射装置，可以以“一坑四弹”的方式发射K-SAAM近程防空导弹，另外还可以携带韩国国产的“红鲨”反潜导弹和“天龙”对地攻击巡航导弹。这样舰上16单元垂直发射装置就可以携带8枚反潜导弹或对地巡航导弹和32枚近程防空导弹。在极端模式下，“大邱”的2座四联装发射装置和16单元垂直发射装置可以携带24枚反舰导弹或对地攻击巡航导弹。再加上1架反潜直升机，“大邱”级综合作战能力其实比“仁川”级要高不少，在应对朝鲜方面炮艇袭击和小型潜艇渗透方面还是非常有力的。可以这么说，FFX-II“大邱”远远超过1艘3000吨级护卫舰应有的反舰对地能力。   FFX-II“大邱”预计建造计划为24艘，全面替代老旧的“浦项”和“东海”，其地位相当于054A在中国的地位，属于中近海作战的“小钢炮”。近些年来韩国韩军逐步收缩自己的“雄心勃勃”的远洋奔袭目标，开始将眼光重新回到韩国近海以应对来自日本和中国的海上崛起。这种3000吨级的中轻型护卫舰同时具备对地、对海和反潜作战，其实还是非常适合处于“战争状态”的韩国。", "sentences": [{"text": "下图为交付泰国海军的DW3000F型护卫舰471Tachin舰", "qa_pairs": [{"question": "泰国海军的dw3000000000000000舰是哪一艘", "answer": "护卫舰471Tachin舰", "reading_system_answer": "DW3000F型护卫舰"}, {"question": "泰国海军的dw3000000000型护卫舰471tcn舰是什么型号", "answer": "DW3000F", "reading_system_answer": "DW3000F型"}, {"question": "t3000f型护卫舰471tachin舰的国家的dw3000f型护卫舰471t", "answer": "泰国海军", "reading_system_answer": null}]}, {"text": "是韩国FFX-II“大邱”级护卫舰的改进版", "qa_pairs": [{"question": "韩ii“大邱”级护卫舰的改进版是什么", "answer": "韩国FFX", "reading_system_answer": null}, {"question": "韩国ffx-ii“大邱”级护卫舰的改进版是什么", "answer": "级护卫舰", "reading_system_answer": null}, {"question": "韩国ffxii“大邱”级护卫舰的改进版是", "answer": "大邱", "reading_system_answer": null}, {"question": "韩国ffx-ii“大邱”级护卫舰的改进版是什么", "answer": "II", "reading_system_answer": null}]}, {"text": "由韩国大宇造船承建", "qa_pairs": [{"question": "由韩国大宇造船承建的造船承建的造船由哪个造船造造", "answer": "韩国大宇造船", "reading_system_answer": null}]}, {"text": "而“大邱”级护卫舰是韩国FFX计划中的第二阶段", "qa_pairs": [{"question": "“大邱”级护卫舰是哪个计划中的第二阶段", "answer": "韩国FFX计划", "reading_system_answer": "韩国FFX计划"}, {"question": "韩国ffx计划中的第二阶段是韩国ffx计划中的第二阶段的护卫舰是哪一艘", "answer": "级护卫舰", "reading_system_answer": "大邱”级护卫舰"}, {"question": "韩国ffx计划中的第二阶段是韩国ffx计划中的第二阶段的护卫舰是哪个公司级的", "answer": "大邱", "reading_system_answer": "大邱”级护卫舰"}]}, {"text": "与FFX-I“仁川”级一样具备强大的对地对海打击能力", "qa_pairs": [{"question": "与地对海打击能力的川fx级一样具备强大的对地对海打击能力的国家与i“级一样具备", "answer": "级", "reading_system_answer": "与FFX-I“仁川"}, {"question": "与地对地对地对地对地””级级一样对地对海打击能力的国家具-级iii川川川川川具", "answer": "海", "reading_system_answer": "与FFX-I“仁川”级"}, {"question": "与ffx-i“仁川”级一样具备强大的对地对海打击能力的国家对f“级一样具备强大", "answer": "仁川", "reading_system_answer": null}, {"question": "与地对海打击能力的国家具级一样具备强大的对地对海打击能力的国家与f“级一样具备", "answer": "FFX", "reading_system_answer": "与FFX-I“仁川”级"}, {"question": "与ffx-i“仁川”级一样具备强大的对地对海打击能力的对地对海打击能力的国家在", "answer": "能力", "reading_system_answer": null}]}, {"text": "3650吨的满载排水量装备127毫米主炮和8枚反舰导弹", "qa_pairs": [{"question": "3650吨的满载排水量是多少", "answer": "3650吨", "reading_system_answer": null}, {"question": "3650吨的满载排水量装备127毫米主炮和8枚反舰导弹的国家的3650吨的满载", "answer": "8枚", "reading_system_answer": null}, {"question": "3650吨的满载排水量装备有哪些", "answer": "排水量装备127毫米主炮", "reading_system_answer": null}]}, {"text": "还可携带对地攻击导弹和“一坑多弹”方式携带防空导弹", "qa_pairs": [{"question": "和一坑多弹”方式携带防空导弹是哪种导弹", "answer": "导弹", "reading_system_answer": "对地攻击导弹"}, {"question": "“一坑多弹”方式携带防空导弹的国家携带对地攻击导弹和“一坑多弹”方式携带防空导", "answer": "方式", "reading_system_answer": null}, {"question": "”一坑多弹”方式携带防空导弹的国家携带带攻击导弹和“一坑多弹”方式携带带攻击导", "answer": "地", "reading_system_answer": "对地攻击导弹"}, {"question": "”方式携带防空导弹的导弹是什么", "answer": "一坑多弹", "reading_system_answer": "对地攻击导弹"}]}, {"text": "在4000吨级以下护卫舰中属于上等打击水平", "qa_pairs": [{"question": "在40000吨级以下护卫舰中属于上等打击水平的国家在4000吨级以下护卫舰中属", "answer": "4000", "reading_system_answer": null}, {"question": "在4000吨级以下护卫舰中属于上等打击水平的国家在4000吨级以下护卫舰中属于", "answer": "水平", "reading_system_answer": null}, {"question": "在4000吨级以下护卫舰中属于上等打击水平的国家在4000吨级以下护卫舰中属于", "answer": "护卫舰", "reading_system_answer": null}]}, {"text": "韩国海军在中轻型舰艇中其实是很强调打击能力的", "qa_pairs": [{"question": "韩国海军在中轻型舰艇中其实是很强调打击能力的国家在中轻型舰艇中其实是很强调打击", "answer": "舰艇", "reading_system_answer": null}, {"question": "韩国海军在中轻型舰艇中其中国在中国在中国力调打击中国的轻型舰艇能力的国家在在中", "answer": "中", "reading_system_answer": null}, {"question": "韩国海军在中轻型舰艇中其实是很强调打击能力的国家在中轻型舰艇中其实是很强调打击", "answer": "韩国海军", "reading_system_answer": null}, {"question": "韩国海军在中轻型舰艇中其实是很强调打击能力的国家在中轻型舰艇中其实是很强调打击", "answer": "能力", "reading_system_answer": null}]}, {"text": "这源于韩国海军历次与朝鲜多次海上交战的吃亏", "qa_pairs": [{"question": "韩国海军历次与朝鲜多次海上交战的吃亏是什么", "answer": "朝鲜多次", "reading_system_answer": null}, {"question": "韩国海军历次与朝鲜多次海上交战的吃亏是什么", "answer": "韩国海军", "reading_system_answer": null}]}, {"text": "下图为2002年第二次延坪海战现场视频截图", "qa_pairs": [{"question": "2年第二次延坪海战现场视频截图的现场002年第二次延坪海战现场视频截图是什么", "answer": "现场视频", "reading_system_answer": null}, {"question": "2月2002年第二次延坪海战现场视频截图的海战现场视频截图是什么", "answer": "2002年第二次延坪", "reading_system_answer": null}]}, {"text": "交战双方为朝鲜80吨“清津”级炮艇（一说135吨级62炮艇）和韩国175吨“虎头海雕357”高速炮艇", "qa_pairs": [{"question": "）级炮艇（一说135吨级62炮艇）和韩国175吨“虎头海雕357”高速炮艇的国", "answer": "朝鲜80吨", "reading_system_answer": "朝鲜80吨“清津”级炮艇"}, {"question": "）级炮艇（级炮艇（级62吨级62吨级65吨“虎头海雕357”高速炮艇是哪一型号", "answer": "炮艇", "reading_system_answer": "清津”级炮艇（一说135吨级62炮艇"}, {"question": "“1级级炮艇级和”虎头海雕357级6“级炮艇和虎1吨“清津“清津”清吨的国家的", "answer": "一", "reading_system_answer": "175吨"}, {"question": "）级炮艇（级炮艇（级62吨级62吨级65吨“虎头海雕357”高速炮艇是什么", "answer": "62炮艇", "reading_system_answer": "清津”级炮艇（一说135吨级62炮艇）"}, {"question": "朝级炮艇（一说135吨级62吨“虎头海雕357吨“虎头海雕357吨“高速炮艇的", "answer": "韩国175吨", "reading_system_answer": "（一说135吨级62炮艇）和"}, {"question": "交级炮艇炮艇）和韩国175吨级62吨级62吨“虎头海雕357”高速炮艇的国家交", "answer": "双方", "reading_system_answer": "朝鲜80吨“清津”级炮艇"}, {"question": "）虎头海雕357吨级62炮艇（和韩国175吨“级炮艇（一说135吨级62吨“级", "answer": "级炮艇", "reading_system_answer": "朝鲜80吨“清津”级炮艇"}, {"question": "朝级炮艇（级炮艇（级炮艇）虎头海雕357吨级62炮艇）和韩国175吨“虎头海雕", "answer": "135", "reading_system_answer": "朝鲜80吨“清津”级炮艇"}, {"question": "朝级炮艇（级炮艇和级62吨级62吨级62吨“虎头海雕357”高速炮艇是什么", "answer": "虎头海雕357", "reading_system_answer": "清津”级炮艇"}, {"question": "）级炮艇炮艇）和韩国175吨“虎头海雕357”高速炮艇的国家“清津”级炮艇（一", "answer": "清津", "reading_system_answer": "135吨级62炮艇"}]}, {"text": "虽然韩国“虎头海雕”在吨位上占优势", "qa_pairs": [{"question": "韩国“虎头海雕”在吨位上占优势的国家在吨位上占优势的国家在吨虎头海雕”虎头海雕", "answer": "吨位", "reading_system_answer": null}, {"question": "韩国“虎头海雕”在吨位上占优势的国家在吨位上占优势的国家在吨位上占优势是什么", "answer": "韩国", "reading_system_answer": null}, {"question": "韩国“虎头海雕”在吨位上占优势的”虎头海雕”在吨位上占优势是什么", "answer": "虎头海雕", "reading_system_answer": null}]}, {"text": "但是只配备1门40毫米主炮和2门20毫米速射副炮", "qa_pairs": [{"question": "1门40毫米主炮和2门20毫米速射副炮是什么", "answer": "1门40毫米主炮", "reading_system_answer": null}, {"question": "1门40毫米主炮是什么", "answer": "2门20毫米速射副炮", "reading_system_answer": null}]}, {"text": "而朝鲜方面装备的是85毫米坦克炮", "qa_pairs": [{"question": "朝鲜方面装备的是什么", "answer": "85毫米坦克炮", "reading_system_answer": null}, {"question": "朝鲜方面装备的是85毫米坦克炮的坦克炮是什么", "answer": "朝鲜方面装备", "reading_system_answer": null}]}, {"text": "在交战过程中“虎头海雕357”重伤并在拖行中沉没", "qa_pairs": [{"question": "“虎头海雕357”重伤并在拖行中沉没的是什么", "answer": "虎头海雕357", "reading_system_answer": null}, {"question": "“虎头海雕357””重伤并在拖行中沉没的国家在交战过程中“虎头海雕357”重伤", "answer": "过程", "reading_system_answer": null}]}, {"text": "其中朝鲜方面第1发85毫米主炮炮弹直接命中357舰桥", "qa_pairs": [{"question": "朝鲜方面第1发85毫米主炮炮弹直接命中357毫米主炮炮弹直接命中357舰桥是什", "answer": "357舰桥", "reading_system_answer": null}, {"question": "朝鲜方面第1发85毫米主炮炮弹直接命中357舰桥是什么", "answer": "朝鲜方面第1", "reading_system_answer": null}, {"question": "朝鲜方面第1发85毫米主炮炮弹直接命中357舰桥是什么", "answer": "85毫米主炮炮弹", "reading_system_answer": null}]}, {"text": "艇长尹永夏上尉当场阵亡", "qa_pairs": [{"question": "艇长尹永夏上尉当场阵亡的尉夏艇长是", "answer": "艇长尹永夏上尉", "reading_system_answer": null}]}, {"text": "下面几张图是打捞上来的357艇", "qa_pairs": [{"question": "打捞上来的357艇是打捞上来的是什么艇", "answer": "357艇", "reading_system_answer": null}, {"question": "打捞上来的357艇是哪个", "answer": "几张图", "reading_system_answer": null}]}, {"text": "红点处都是中弹位置", "qa_pairs": [{"question": "中红点处都是中弹位置的弹弹是什么", "answer": "中弹", "reading_system_answer": null}, {"question": "红点处都是中弹位置的红点处都是中弹位置的弹位置是", "answer": "红点处", "reading_system_answer": null}]}, {"text": "其中相当一部分直接击穿", "qa_pairs": [{"question": "其中相当一部分直接击穿的直升机穿击穿中分别是什么", "answer": "一部分", "reading_system_answer": null}]}, {"text": "朝鲜海军炮艇虽然也是重伤状态", "qa_pairs": [{"question": "朝鲜海军炮艇虽然也是重伤状态的国家在朝鲜海军炮艇虽然也是重伤状态的国家其炮艇状", "answer": "状态", "reading_system_answer": null}, {"question": "朝鲜海军炮艇虽然也是重伤状态的海军炮艇是什么", "answer": "朝鲜海军炮艇", "reading_system_answer": null}]}, {"text": "但是最终还是成功脱离战场并返回朝鲜", "qa_pairs": [{"question": "最终还是成功脱离战场并返回朝鲜的国家最终还是成功脱离战场并返回朝鲜的国家最终还", "answer": "战场", "reading_system_answer": null}, {"question": "最终还是成功脱离战场并返回朝鲜的国家最终还是成功脱离战场并返回朝鲜的国家最终还", "answer": "朝鲜", "reading_system_answer": null}]}, {"text": "这种火力不足带来的一系列问题使得韩国海军在之后建造的舰艇中格外重视对地对海打击", "qa_pairs": [{"question": "韩国海军在之后建造的舰艇中格外重视对地对海打击的国家在韩国海军在之后建造的舰艇", "answer": "韩国海军", "reading_system_answer": null}, {"question": "韩国海军在之后建造的舰艇中格外重视对地对海打击的国家在之后建造的舰艇中格外重视", "answer": "舰艇", "reading_system_answer": "这种火力不足带来的一系列问题"}, {"question": "韩国格外的建后得之韩国海军在之后建造的火力不的国家在之足带来的国家在之足造的火", "answer": "海", "reading_system_answer": null}, {"question": "韩国海军在之后建造的舰艇中格外重视对地对海打击的国家在韩国海军在之后建造的舰艇", "answer": "火力", "reading_system_answer": null}, {"question": "韩国海军在之后建造的舰艇中格外重视对地对海打击的国家在韩国海军在之后建造的舰艇", "answer": "一系列问题", "reading_system_answer": null}]}, {"text": "“虎头海雕”已经不能应对这种中低规模的海上冲突", "qa_pairs": [{"question": "“虎头海雕”已经不能应对这种中低规模的海上冲突是什么", "answer": "规模", "reading_system_answer": null}, {"question": "“虎头海雕”已经不能应对这种中低规模的海上冲突是什么", "answer": "虎头海雕", "reading_system_answer": null}]}, {"text": "下图为以357艇艇长尹永夏命名的580吨级导弹艇PKX-A", "qa_pairs": [{"question": "下图为以357艇艇长尹永夏命名的580吨级导弹艇的型号是什么", "answer": "导弹艇PKX", "reading_system_answer": null}, {"question": "pkx-aakx-艇艇长尹永夏命名的580吨级导弹艇pkx-aak5长尹永夏命", "answer": "357艇艇长尹永夏命名", "reading_system_answer": null}, {"question": "5月命名的580吨级导弹艇pkx-a命名的导弹艇艇艇长尹永夏命名的580吨级导", "answer": "580", "reading_system_answer": null}]}, {"text": "配备1门57毫米主炮、1门40毫米双管舰炮和8枚反舰导弹", "qa_pairs": [{"question": "配备1门57毫米主炮的是什么型号", "answer": "1门40毫米双管舰炮", "reading_system_answer": null}, {"question": "、1门40毫米双管舰炮和8枚反舰导弹的国家配备的、1门40毫米双管舰炮和8枚反", "answer": "8枚", "reading_system_answer": null}, {"question": "、1门毫米主管舰炮和8枚反舰导弹的原因是什么", "answer": "1门57毫米主炮", "reading_system_answer": null}]}, {"text": "而中国出口给巴基斯坦的“阿兹玛特”级570吨导弹艇配备的25毫米主炮和8枚反舰导弹", "qa_pairs": [{"question": "中国出口给巴基斯坦”级570吨导弹艇配备的25毫米主炮是什么", "answer": "25毫米主炮", "reading_system_answer": null}, {"question": "中国出口给巴基斯坦”级570吨导弹艇配备的25毫米主炮和8枚反舰导弹的国家玛特", "answer": "级570吨导弹艇", "reading_system_answer": null}, {"question": "中国出口给巴基斯坦的“阿兹玛特”级570吨导弹艇配备的25毫米主炮和8枚反舰导", "answer": "阿兹玛", "reading_system_answer": null}, {"question": "中国出口给巴基斯坦”级570吨导弹艇配备的25毫米主炮和8枚反舰导弹的国家玛特", "answer": "巴基斯坦", "reading_system_answer": null}, {"question": "中国阿兹玛特”级570吨导弹艇配备的25毫米主炮和8枚反舰导弹的国家出口给巴基", "answer": "中国", "reading_system_answer": null}, {"question": "中国出口给巴基斯坦”级570吨导弹艇配备的25毫米主炮和8枚反舰导弹的国家玛特", "answer": "8枚", "reading_system_answer": null}]}, {"text": "而接替“虎头海雕”的“PKX-B”型巡逻炮艇则直接装备1座12联装130毫米制导火箭弹发射装置和1门76毫米主炮", "qa_pairs": [{"question": "“pkx-b”型巡逻炮艇的主装置是", "answer": "130毫米制导火箭弹发射装置", "reading_system_answer": null}, {"question": "“pkx-b”型巡逻炮艇的“pkx-b”型巡逻炮艇的主装置和1门76毫米制导火", "answer": "炮艇", "reading_system_answer": null}, {"question": "“pkx-b”型巡逻炮艇的直升机装备的是什么型号的", "answer": "装备1座12", "reading_system_answer": null}, {"question": "“虎头海雕”的“pkx-b”型巡逻炮艇则直接装备1座123毫米制导火箭弹发射装", "answer": "PKX", "reading_system_answer": null}, {"question": "“虎头海雕”的“pkx-b”型巡逻炮艇的主装置和哪种", "answer": "1门76毫米主炮", "reading_system_answer": null}, {"question": "“pkx-b”型巡逻炮艇的“型号是", "answer": "虎头海雕", "reading_system_answer": "接替“虎头海雕"}]}, {"text": "该艇排水量只有210吨", "qa_pairs": [{"question": "该艇排水量是多少", "answer": "210吨", "reading_system_answer": null}, {"question": "该艇排水量只有210吨的排水量是什么", "answer": "艇排水量", "reading_system_answer": null}]}, {"text": "相比较“虎头海雕”40毫米和20毫米火炮有了大幅度提升", "qa_pairs": [{"question": "“虎头海雕”40毫米火炮有了大幅度提升的国家的“虎头海雕”40毫米和20毫米火", "answer": "40毫米", "reading_system_answer": null}, {"question": "“虎头海雕”40毫米和20毫米火炮有哪些", "answer": "20毫米火炮", "reading_system_answer": null}, {"question": "“虎头海雕”40毫米火炮有了大幅度提升的国家的“虎头海雕”40毫米火炮有了大幅", "answer": "虎头海雕", "reading_system_answer": "相比较“虎头海雕”40毫米和20毫米火炮"}]}, {"text": "PKX-A“尹永夏”级导弹艇  PKX-B", "qa_pairs": [{"question": "pkx-a“级导弹艇pkx-bkx-”级导弹艇的型号是什么", "answer": "级导弹艇", "reading_system_answer": "PKX-A“尹永夏”级导弹艇"}, {"question": "pkx-a“级导弹艇pkx-bx-a“级导弹艇的型号是什么", "answer": "尹永夏", "reading_system_answer": "PKX-A“尹永夏”级导弹艇"}, {"question": "pkx-a“级导弹艇的制造型号是什么", "answer": "PKX", "reading_system_answer": "PKX-A"}]}, {"text": "注意舰艉出火箭发射器 FFX护卫舰计划本来就是用于替代老旧的“浦项”级和“东海”级护卫舰", "qa_pairs": [{"question": "ffx护卫舰计划本来就是用于替代老旧的“浦项”级和“东海”级护卫舰的国家其舰艉", "answer": "级护卫舰", "reading_system_answer": null}, {"question": "ffx护卫舰计划本来就是用于替代老旧的“浦项”级和“级护卫舰的国家其舰艉出火箭", "answer": "东海", "reading_system_answer": null}, {"question": "ffx护卫舰计划本来就是用于替代老旧的“浦项”级和“东海”级护卫舰的国家其舰艉", "answer": "浦项", "reading_system_answer": null}, {"question": "ffx护卫舰计划本来就是用于替代老旧的“浦项”级和“东海”级护卫舰的国家其舰艉", "answer": "火箭发射器", "reading_system_answer": null}, {"question": "ffx护卫舰替划本来就是用于替意舰艉出火箭发射器ffx护卫舰的国家其舰艉项”级", "answer": "替代", "reading_system_answer": null}, {"question": "ffx护卫舰计划本来就是用于替代老旧的“浦项”级和“东海”级护卫舰的国家其舰艉", "answer": "级", "reading_system_answer": null}, {"question": "注级和“东海”级护卫舰计划本来就是用于替代老旧的“浦项”级和“东海”级护卫舰计", "answer": "FFX护卫舰计划", "reading_system_answer": null}]}, {"text": "前者1986年服役", "qa_pairs": [{"question": "前者1986年服役的意义是什么", "answer": "前者1986年服役", "reading_system_answer": null}]}, {"text": "后者1982年服役", "qa_pairs": [{"question": "8月8年2年服役的意义是", "answer": "后者1982年服役", "reading_system_answer": null}]}, {"text": "这两型护卫舰本身的建造目的除了用于直接面对海上冲突更重要的就是应对朝鲜方面的炮艇和间谍船", "qa_pairs": [{"question": "目两型护卫舰本身的炮艇和间谍船的护卫舰的国家在两接面对海上冲突更重要的就是应对", "answer": "护卫舰", "reading_system_answer": null}, {"question": "两型护卫舰本身的炮艇和间谍船的国家的两型护卫舰本的除了用于直接面对海上冲突的国", "answer": "朝鲜方面", "reading_system_answer": null}, {"question": "目两型护卫舰本身的炮艇和间谍船的护卫舰的炮艇和间谍船的国家的两型护卫舰本的除了", "answer": "炮艇", "reading_system_answer": null}, {"question": "两船和间谍船的护卫舰本身的建造的护卫舰的目的是什么", "answer": "目的", "reading_system_answer": null}, {"question": "目两型护卫舰本身的炮艇和间谍船是什么", "answer": "间谍船", "reading_system_answer": null}]}, {"text": "所以新的FFX护卫舰计划除了要具备“浦项”级和“东海”级的功能之外额外增强火力以避免再次出现357的悲剧", "qa_pairs": [{"question": "f级和“东海”级的功能之外额外增强火力以避免再次出现357的悲剧是", "answer": "357", "reading_system_answer": "FFX护卫舰计划"}, {"question": "ffx护卫舰计划除了要具备“浦项”级和“级的功能之外额外增强火力以避免再次出现", "answer": "东海", "reading_system_answer": null}, {"question": "ffx护卫舰计划除了要具备“浦项”级和“东海”级的功能之外额外增强火力的国家其", "answer": "浦项", "reading_system_answer": null}, {"question": "ffx护卫舰的悲剧是什么", "answer": "悲剧", "reading_system_answer": "除了要具备“浦项”级和“东海”级的功能之外额外增强火力以避免再次出现357"}, {"question": "ffx护卫舰计划除了要具备“浦项”级和“东海”级的功能之外额外增强火力以避免再", "answer": "级", "reading_system_answer": null}, {"question": "ff的计划除了要新新的舰的计划能了什么之额", "answer": "功能", "reading_system_answer": null}, {"question": "f级和“东海”级的功能之外额外增强火力以避免再次出现357的悲剧是", "answer": "FFX护卫舰计划", "reading_system_answer": "FFX护卫舰计划"}, {"question": "ffx护卫舰计划除了要具备“浦项”级和“东海”级的功能之外额外增强火力的国家其", "answer": "火力", "reading_system_answer": null}]}, {"text": "“浦项”级护卫舰 排水量只有1200吨 无 FFX-I“仁川”级护卫舰是FFX项目第一阶段", "qa_pairs": [{"question": "f“级护卫舰是ffx项目第一阶段的国家的第一阶段是", "answer": "级护卫舰", "reading_system_answer": "FFX-I“仁川”级护卫舰"}, {"question": "“浦项”级护卫舰排水量是多少", "answer": "1200吨", "reading_system_answer": "1200吨"}, {"question": "f级护卫舰是ffx项目第一阶段的国家的第一阶段是", "answer": "浦项", "reading_system_answer": "FFX-I“仁川”级护卫舰"}, {"question": "“级护卫舰的排水量是多少", "answer": "排水量", "reading_system_answer": "1200吨"}, {"question": "“浦项”级护卫舰是哪一项目第一阶段", "answer": "FFX项目", "reading_system_answer": "FFX项目"}, {"question": "f”级护卫舰是ffx项目第一阶段的国家的第一阶段是", "answer": "仁川", "reading_system_answer": "FFX-I“仁川”级护卫舰"}, {"question": "“浦项”级护卫舰是哪个公司项目第一阶段", "answer": "FFX", "reading_system_answer": "FFX项目"}]}, {"text": "满载排水量3215吨", "qa_pairs": [{"question": "满载排水量3215吨的是什么", "answer": "排水量3215吨", "reading_system_answer": null}]}, {"text": "配备1门美制MK-45Mod4型127毫米主炮、1门MK-15“密集阵”20毫米近防炮、1座二十一联装海拉姆防空导弹发射装置、2座SSM-700K四联装反舰导弹发射装置和2座三联装324毫米鱼雷发射管", "qa_pairs": [{"question": "美15m7毫米鱼雷发射管的发射装置是什么", "answer": "发射装置", "reading_system_answer": "2座SSM-700K四联装反舰导弹发射装置"}, {"question": "、1002型127毫米鱼雷发射管的是哪一款", "answer": "1门美制MK", "reading_system_answer": "配备1门美制MK-45Mod4型127毫米主炮、1门MK-15“密集阵”20毫米近防炮、1座二十一联装海拉姆防空导弹发射装置、2座SSM-700K"}, {"question": "美1012型127毫米鱼雷发射管的国家配15m700k四联装反舰导弹发射装置的", "answer": "密集阵", "reading_system_answer": "配备1门美制MK-45Mod4型127毫米主炮、1门MK-15“密集阵”20毫米近防炮、1座二十一联装海拉姆防空导弹发射装置、2座"}, {"question": "美15mod4型127毫米主炮的主装置和2座三联装32毫米近防炮的国家配备的、", "answer": "20毫米", "reading_system_answer": "配备1门美制MK-45Mod4型127毫米主炮"}, {"question": "美100km157毫米主炮的发射装置是什么", "answer": "2座三联装324毫米鱼雷发射管", "reading_system_answer": "2座SSM-700K四联装反舰导弹发射装置"}, {"question": "美15m700km4型127毫米鱼雷发射管的发射装置是什么", "answer": "导弹发射装置", "reading_system_answer": "2座SSM-700K四联装反舰导弹发射装置"}, {"question": "美1012型127毫米近防炮的国家配备的m1k-15“70集阵”20毫米近防炮", "answer": "2座SSM", "reading_system_answer": "配备1门美制MK-45Mod4型127毫米主炮、1门"}, {"question": "美15mod4型127毫米鱼雷发射管的国家配15“7毫米近防炮、1门mk-15", "answer": "700K四联", "reading_system_answer": null}, {"question": "美1012型127毫米鱼雷发射管的国家配备的、15“700k四联装反舰导弹发射", "answer": "15", "reading_system_answer": null}, {"question": "美1002型127毫米主炮的主装置和2座三联装反舰导弹发射装置的国家配备的、1", "answer": "127毫米主炮", "reading_system_answer": "配备1门美制MK-45Mod4型127毫米主炮、1门MK-15“密集阵”20毫米近防炮、1座二十一联装海拉姆防空导弹发射装置、2座SSM-700K四联装反舰导弹发射装置"}, {"question": "美制mk-45m700km1型号的主炮是哪一个", "answer": "1座二十一", "reading_system_answer": "1门美制MK-45Mod4型127毫米主炮、1门MK-15“密集阵”20毫米近防炮"}, {"question": "美1012型127毫米鱼雷发射管的是哪一型号", "answer": "1门MK", "reading_system_answer": "MK-45Mod4型127毫米主炮、1门MK-15“密集阵”20毫米近防炮、1座二十一联装海拉姆防空导弹发射装置、2座SSM-700K"}, {"question": "、100k四联装反舰导弹发射装置的国家配备的哪种型号的主炮、1门mk-10毫米", "answer": "45Mod4", "reading_system_answer": "MK-45Mod4型127毫米主炮"}]}, {"text": "舰艉设置直升机飞行甲板", "qa_pairs": [{"question": "舰艉设置直升机飞行甲板的飞行甲板是什么", "answer": "直升机", "reading_system_answer": null}, {"question": "舰艉设置直升机飞行甲板的飞行甲板是什么", "answer": "甲板", "reading_system_answer": null}]}, {"text": "这样看来FFX-1同时具备对海、对舰和反潜打击能力", "qa_pairs": [{"question": "f-1同时具备对海、对舰和反潜打击能力的国家具有什么特点", "answer": "FFX", "reading_system_answer": null}, {"question": "ffx1同来海、对舰和反潜打击能力的潜击击击对舰和反潜打击能力的国家其x1看潜", "answer": "海", "reading_system_answer": null}, {"question": "ffx1同时具备对海、对舰和反潜打击能力的国家对海、对舰和反潜打击能力的国家对", "answer": "能力", "reading_system_answer": null}]}, {"text": "拥有一定的近程防空能力", "qa_pairs": [{"question": "近的近程防空能力的原因是什么", "answer": "近程", "reading_system_answer": null}, {"question": "拥有一定的近程防空能力的能力是什么", "answer": "能力", "reading_system_answer": null}]}, {"text": "应该说像127毫米这种级别的火炮通常出现在5000吨级以上的作战舰艇而非3000吨级", "qa_pairs": [{"question": "在5000吨级以上的作战舰艇而非300吨级以上的作战舰艇而非300吨级的0别的", "answer": "火炮", "reading_system_answer": "127毫米"}, {"question": "应该000吨级以上的作战舰艇而非3000吨级以上的作战舰艇而非3000吨级的0", "answer": "5000", "reading_system_answer": "127毫米"}, {"question": "应该说像127毫米级别的火炮通常出现在5000吨级以上的作战舰艇而非3000吨", "answer": "级别", "reading_system_answer": null}, {"question": "在5000吨级以上的作战舰艇而非3000吨级的0别的火炮通常出现在5000吨级", "answer": "舰艇", "reading_system_answer": "127毫米"}, {"question": "应该000吨级以上的作战舰艇而非3000吨级以上的作战舰艇而非3000吨级的0", "answer": "3000", "reading_system_answer": "127毫米"}, {"question": "应该000吨级以上的作战舰艇而非3000吨级以上的作战舰艇而非3000吨级的国", "answer": "127毫米", "reading_system_answer": "127毫米"}]}, {"text": "整体火力水平和多用途水平在世界中低吨位的护卫舰中还算不错", "qa_pairs": [{"question": "整体火力水平和多用途水平在世界中低吨位的护卫舰中还算不错的水平和多用途水平在世", "answer": "吨位", "reading_system_answer": null}, {"question": "在世界中低吨位的护卫舰中还算不错的水平和多用途水平在世界中低吨位的护卫舰中还算", "answer": "护卫舰", "reading_system_answer": "整体火力水平和多用途水平"}, {"question": "整体火力水平和多用途水平在世界中低吨位的护卫舰中还算不错的水平是什么", "answer": "整体火力水平", "reading_system_answer": null}, {"question": "整体火力水平和多用途水平在世界中低吨位的护卫舰中还算不错的国家在世界中低吨位的", "answer": "世界", "reading_system_answer": null}, {"question": "整体火力水平和多用途水平在世界中低吨位的护卫舰中还算不错的水平和多用途水平在世", "answer": "多用途水平", "reading_system_answer": null}]}, {"text": "参加2019年4月23日青岛海上阅兵的就是“仁川”二号舰“京畿”号     而这次我们说的FFX-II“大邱”级是FFX计划中的第二阶段", "qa_pairs": [{"question": "“级19年4月23日青岛海上阅兵的就是“仁川”二号舰“ii“大邱”级的国家的第", "answer": "FFX", "reading_system_answer": "FFX-II"}, {"question": "f级19年4月23日青岛海上阅兵的第二阶段是", "answer": "大邱", "reading_system_answer": "FFX-II“大邱”级"}, {"question": "fii“大邱”级是ffx-ii“大邱”级的第二阶段的国家在“019年4月23日", "answer": "级", "reading_system_answer": "FFX-II“大邱”级"}, {"question": "ffxii“大邱”级是ffx-ii“大邱”级的第二阶段的国家在“3日青岛海上阅", "answer": "二号", "reading_system_answer": "FFX-II“大邱”级"}, {"question": "ff大邱”级是ffx-ii“大邱”级的第二阶段的国家在2月2月的第二阶段是", "answer": "2019年4月23日青岛", "reading_system_answer": "FFX-II“大邱”级"}, {"question": "“级19年4月23日青岛海上阅兵的就是“仁川”二号舰“ii“大邱”级的国家的第", "answer": "FFX计划", "reading_system_answer": "FFX-II"}, {"question": "“级19年4月23日青岛海上阅兵的第二阶段是", "answer": "II", "reading_system_answer": "FFX-II“大邱”级"}, {"question": "f”大邱”级是ffx-ii“大邱”级的第二阶段的国家在“3日青岛海上阅兵的就是", "answer": "仁川", "reading_system_answer": "仁川”二号舰“京畿”号"}, {"question": "ffx-ii“大邱”级是ffx-ii“大邱”级的第二阶段的国家在“319年4月", "answer": "号", "reading_system_answer": "FFX-II“大邱”级"}]}, {"text": "排水量进一步提升至3650吨", "qa_pairs": [{"question": "排水量进一步提升至过何", "answer": "3650吨", "reading_system_answer": null}, {"question": "排水量进一步提升至3650吨的排水量进一步提升至3650吨的排水量进一步提升至", "answer": "排水量", "reading_system_answer": null}]}, {"text": "比“大邱”级要高400多吨", "qa_pairs": [{"question": "比“大邱”级要高400多吨的原型是什么", "answer": "400多吨", "reading_system_answer": null}, {"question": "“大邱”级要高400多吨的0级要高400多吨的”级要高400多吨的”大邱”级“", "answer": "级", "reading_system_answer": null}, {"question": "比“大邱”级要高400多吨的00多吨的”级要高400多吨的”级要高400多吨的", "answer": "大邱", "reading_system_answer": null}]}, {"text": "装备泰雷兹SMART-S MK-2 E/F频轻型相控阵雷达", "qa_pairs": [{"question": "装备泰雷兹sm2em2e/f-f-f频f频f频f频st-st-smk频的国家的", "answer": "F频", "reading_system_answer": null}, {"question": "装备泰雷兹sm2e-2e/f频f频f-的国家的哪种型号的雷达", "answer": "装备泰雷兹SMART", "reading_system_answer": "SMART-S"}, {"question": "泰雷兹smart-smk-2e/f频轻型相控阵雷达是什么", "answer": "相控阵雷达", "reading_system_answer": null}, {"question": "装备泰雷兹sm2轻型相控阵雷达的国家装备的s/f频轻型相控阵雷达是哪个型号", "answer": "MK", "reading_system_answer": "SMART-S MK-2"}]}, {"text": "除了保留原先的127毫米主炮、1座“密集阵”、2座三联装324毫米鱼雷发射管和2座SSM-700K四联装反舰导弹之外", "qa_pairs": [{"question": "、100k四联装反舰导弹之外的装备是什么", "answer": "1座", "reading_system_answer": null}, {"question": "除100k四联装反舰导弹之外的装备是什么", "answer": "密集阵", "reading_system_answer": null}, {"question": "除100k四联装反舰导弹之外的是哪一款", "answer": "2座三联装324毫米鱼雷发射管", "reading_system_answer": "除了保留原先的127毫米主炮、1座“密集阵”、2座三联装324毫米鱼雷发射管和2座SSM-700K"}, {"question": "、10k四联装反舰导弹之外的是哪一个座", "answer": "2座SSM", "reading_system_answer": "除了保留原先的127毫米主炮、1座“密集阵”、2座三联装324毫米鱼雷发射管和2座"}, {"question": "、1座“密集阵”、2座三联装32毫米鱼雷发射管和2座ssm-700k四联装反舰", "answer": "700K四联", "reading_system_answer": null}, {"question": "除100k四联装反舰导弹之外的、1座三联装32毫米鱼雷发射管和2座ssm-70", "answer": "127毫米主炮", "reading_system_answer": null}]}, {"text": "“大邱”级还增加16单元垂直发射装置", "qa_pairs": [{"question": "“大邱”级还增加16单元垂直发射装置的国家”大邱”级还增加16单元垂直发射装置", "answer": "级", "reading_system_answer": null}, {"question": "“大邱”级还增加16单元垂直发射装置的直升机装备有什么特点", "answer": "发射装置", "reading_system_answer": null}, {"question": "“大邱”级还增加16单元垂直发射装置的国家”大邱”级还增加16单元垂直发射装置", "answer": "大邱", "reading_system_answer": null}, {"question": "“大邱”级还增加16单元垂直发射装置的国家”大邱”级还增加16单元垂直发射装置", "answer": "16单元", "reading_system_answer": null}]}, {"text": "可以以“一坑四弹”的方式发射K-SAAM近程防空导弹", "qa_pairs": [{"question": "”saam近程防空导弹的方式发射k-saam近程防空导弹的方式发射k-saam", "answer": "一坑四弹", "reading_system_answer": null}, {"question": "ssaam近程防空导弹的方式发射k-saam近程防空导弹的方法是什么", "answer": "导弹", "reading_system_answer": null}, {"question": "可saam近程防空导弹的方式发射k-saam近程防空导弹的导弹是哪种", "answer": "方式", "reading_system_answer": null}, {"question": "可saam近程防空导弹的方式发射k-saam近程防空导弹的国家以以以“一坑四弹", "answer": "SAAM近程", "reading_system_answer": null}]}, {"text": "另外还可以携带韩国国产的“红鲨”反潜导弹和“天龙”对地攻击巡航导弹", "qa_pairs": [{"question": "“天龙”对地攻击巡航导弹的国家对反潜导弹和“天龙”对地攻击巡航导弹的国家”反潜", "answer": "导弹", "reading_system_answer": null}, {"question": "韩国“红击巡导弹的所属国在红天龙”对地攻击巡导弹的国家的“反潜导弹和“天龙”对", "answer": "地", "reading_system_answer": null}, {"question": "韩天龙”对地攻击巡航导弹是哪种", "answer": "巡航导弹", "reading_system_answer": "“红鲨”反潜导弹"}, {"question": "“天龙”对地攻击巡航导弹的国家对红鲨”反潜导弹和“天龙”对地攻击巡航导弹是哪个", "answer": "韩国国产", "reading_system_answer": "“红鲨”反潜导弹"}]}, {"text": "这样舰上16单元垂直发射装置就可以携带8枚反潜导弹或对地巡航导弹和32枚近程防空导弹", "qa_pairs": [{"question": "1月16枚近程防空导弹的国家在82枚近程防空导弹的国家的1枚近程防空导弹是哪种", "answer": "导弹", "reading_system_answer": "8枚反潜导弹"}, {"question": "1月16枚近程防空导弹的发射装置是什么", "answer": "发射装置", "reading_system_answer": null}, {"question": "1月16单元垂直发射装置的国家舰上单航导弹和32枚近程防空导弹的国家舰上单航导", "answer": "16单元", "reading_system_answer": "8枚"}, {"question": "1月16枚近程防空导弹的对地巡航导弹和32枚近程防空导弹的国家的1枚反潜导弹或", "answer": "地巡航导弹", "reading_system_answer": "8枚"}, {"question": "16单元垂直发射装置是什么", "answer": "8枚", "reading_system_answer": null}, {"question": "16单元垂直发射装置的近巡航导弹和哪两年反潜导弹或对地巡航导弹", "answer": "32枚近程", "reading_system_answer": "8枚"}]}, {"text": "在极端模式下", "qa_pairs": [{"question": "在极端模式下下模模模式下极端模式极端极在极端模极在模式极端极在模式极端极在模式", "answer": "极端模式", "reading_system_answer": null}]}, {"text": "“大邱”的2座四联装发射装置和16单元垂直发射装置可以携带24枚反舰导弹或对地攻击巡航导弹", "qa_pairs": [{"question": "“大邱”的2座四联装发射装置和16单元垂直发射装置可以携带24枚反舰导弹或对地", "answer": "发射装置", "reading_system_answer": null}, {"question": "“大邱”的2座四联装发射装置和16单元垂直发射装置可以携带24枚反舰导弹或对地", "answer": "大邱", "reading_system_answer": null}, {"question": "“大邱”的2座四联装发射装置和哪种型号的单元垂直发射装置", "answer": "16单元", "reading_system_answer": "16"}, {"question": "“大邱”的2座四联装发射装置和16单元垂直发射装置可以携带多少枚反舰导弹", "answer": "24枚", "reading_system_answer": "24枚"}, {"question": "“的2座四联装射弹置用的是什么巡击", "answer": "地", "reading_system_answer": null}, {"question": "“大邱”的2座四联装发射装置和16单元垂直发射装置可以携带24枚反舰导弹的国家", "answer": "2座四联", "reading_system_answer": null}, {"question": "“大邱”的2座四联装发射装置可以携带24枚反舰导弹或对地攻击巡航导弹的国家的“", "answer": "巡航导弹", "reading_system_answer": "16单元垂直发射装置"}]}, {"text": "再加上1架反潜直升机", "qa_pairs": [{"question": "再加上1架反潜直升机为什么要反潜机", "answer": "直升机", "reading_system_answer": null}, {"question": "1架反潜直升机是哪一架", "answer": "1架", "reading_system_answer": null}]}, {"text": "“大邱”级综合作战能力其实比“仁川”级要高不少", "qa_pairs": [{"question": "“仁川”级要高不少的”级综合作战能力其实比“仁川”级要高不少的”级综合作战能力", "answer": "级", "reading_system_answer": "“大邱”级"}, {"question": "“大邱”级综合作战能力其实比“仁川”级要高不少的”级综合作战能力其实比“仁川”", "answer": "大邱", "reading_system_answer": null}, {"question": "“大邱”级综合作战能力其实比“仁川”级要高不少的”级综合作战能力其实比“仁川”", "answer": "仁川", "reading_system_answer": null}, {"question": "“大邱”级综合作战能力其实比“仁川”级要高不少的”级综合作战能力其实比“仁川”", "answer": "能力", "reading_system_answer": null}]}, {"text": "在应对朝鲜方面炮艇袭击和小型潜艇渗透方面还是非常有力的", "qa_pairs": [{"question": "在应对朝鲜方面炮艇袭击和小型潜艇渗透方面还是非常有力的的潜艇渗透方面还是非常有", "answer": "潜艇", "reading_system_answer": null}, {"question": "在朝鲜方面炮艇袭击和小型潜艇渗透方面还是非常有力的潜艇渗透方面还是非对朝鲜方面", "answer": "有力", "reading_system_answer": null}, {"question": "在应对朝鲜方面炮艇袭击和小型潜艇渗透方面还是非常有力的国家袭击和小型潜艇渗透方", "answer": "方面", "reading_system_answer": null}, {"question": "在应对朝鲜方面炮艇袭击和小型潜艇渗透方面还是非常有力的的潜艇渗透方面是什么", "answer": "朝鲜方面炮艇", "reading_system_answer": null}]}, {"text": "可以这么说", "qa_pairs": [{"question": "可以这么说可以这么说可以这么说可以这么说可以这么说可以以以以以以以以以以以以以", "answer": "", "reading_system_answer": null}]}, {"text": "FFX-II“大邱”远远超过1艘3000吨级护卫舰应有的反舰对地能力", "qa_pairs": [{"question": "ffxii“大邱”远远超过多少艘3000吨级护卫舰", "answer": "1艘3000", "reading_system_answer": "1艘"}, {"question": "ffxii“大邱”远远超过1艘300吨级护卫舰应有的反舰对地能力的护卫舰是什么", "answer": "护卫舰", "reading_system_answer": null}, {"question": "ffxii“大邱”远远超过1艘3000吨级护卫舰的国家x大邱”远远超过1艘30", "answer": "大邱", "reading_system_answer": "FFX-II“大邱”"}, {"question": "ffx-ii“大邱”远远超过1艘300吨级护卫舰应有的反舰对地能力的国家“ii", "answer": "反舰", "reading_system_answer": null}, {"question": "ffxii“大邱”远远超过1艘300吨级护卫舰应有的反舰对地能力是什么", "answer": "地能力", "reading_system_answer": null}, {"question": "f“ii“ii-ii-iixi000吨级护卫舰的国家在”300吨级护卫舰的国家", "answer": "II", "reading_system_answer": null}, {"question": "f“大邱”远远超过1艘3000吨级护卫舰的国家在”ii“大邱”远远超过1艘30", "answer": "FFX", "reading_system_answer": null}]}, {"text": "FFX-II“大邱”预计建造计划为24艘", "qa_pairs": [{"question": "ffxii“大邱”预计建造计划为24艘的”预计建造计划为24艘的”预计建造计划", "answer": "计划", "reading_system_answer": null}, {"question": "f“ii“大邱”预计建造的x-ii“大邱”预计建造的x-ii“大邱”预计为24", "answer": "FFX", "reading_system_answer": null}, {"question": "ffxii“大邱”预计建造计划为24艘ii“大邱”预计建造计划为24艘的国家x", "answer": "大邱", "reading_system_answer": null}, {"question": "ffii“大邱”预计建造的x型号是什么", "answer": "II", "reading_system_answer": null}, {"question": "ffxii“大邱”预计建造计划为什么", "answer": "24艘", "reading_system_answer": null}]}, {"text": "全面替代老旧的“浦项”和“东海”", "qa_pairs": [{"question": "全和“东海”的替代老旧的“浦项”和“东海”是什么", "answer": "全面替代", "reading_system_answer": null}, {"question": "全面替代老旧的“浦项”和“东海”是哪个", "answer": "东海", "reading_system_answer": null}, {"question": "全面替代老旧的“浦项”和“东海”是什么", "answer": "浦项", "reading_system_answer": null}]}, {"text": "其地位相当于054A在中国的地位", "qa_pairs": [{"question": "4月4a在中国的地位是什么", "answer": "中国", "reading_system_answer": null}, {"question": "a在中国的地位是什么", "answer": "054A", "reading_system_answer": null}, {"question": "其位位相当于054a在中国的地位是", "answer": "地位", "reading_system_answer": null}]}, {"text": "属于中近海作战的“小钢炮”", "qa_pairs": [{"question": "属于中近海作战的“小钢炮”的“小钢炮”是什么", "answer": "小钢炮", "reading_system_answer": null}]}, {"text": "近些年来韩国韩军逐步收缩自己的“雄心勃勃”的远洋奔袭目标", "qa_pairs": [{"question": "韩国韩军逐步收缩自己的“雄心勃勃”的远洋奔袭的目的是什么", "answer": "目标", "reading_system_answer": null}, {"question": "韩国韩军逐步收缩自己的“雄心勃勃”的远洋奔袭目标是什么", "answer": "韩国韩军", "reading_system_answer": null}, {"question": "韩国韩军逐步收缩自己的“雄心勃勃”的远洋奔袭目标是什么", "answer": "远洋", "reading_system_answer": null}]}, {"text": "开始将眼光重新回到韩国近海以应对来自日本和中国的海上崛起", "qa_pairs": [{"question": "中国海上崛起中国海上崛起中国海合应眼光重新回到韩国近海上崛起的崛本的崛和中国的", "answer": "日本", "reading_system_answer": null}, {"question": "中本和中国的海上崛起的崛起的崛起海上崛起的崛国近回到韩国近海以应对来自日本和中", "answer": "中国", "reading_system_answer": null}, {"question": "自眼光重新回到韩国近海上崛起的国家海上崛起的国家的海以应对来自日本和中国的海上", "answer": "眼光", "reading_system_answer": null}, {"question": "自日本和中国的海上崛起的崛起的崛起海上崛起的国家的国家的海以应对来自眼光重新回", "answer": "韩国", "reading_system_answer": "韩国近海"}]}, {"text": "这种3000吨级的中轻型护卫舰同时具备对地、对海和反潜作战", "qa_pairs": [{"question": "3000吨级的中轻型护卫舰同时具备对地、对海和反潜作战的护卫舰同时具备对地、对", "answer": "护卫舰", "reading_system_answer": null}, {"question": "中国轻型护卫舰的时具有什么战争", "answer": "海", "reading_system_answer": null}, {"question": "000吨级的中轻型护卫舰的作时具备对地、对海和反潜作战中对地潜艇的中轻型护卫舰", "answer": "地", "reading_system_answer": null}, {"question": "中国轻型护卫舰同时具备对地、对海和反潜作战的护卫舰的国家其3000吨级的中轻型", "answer": "3000", "reading_system_answer": null}, {"question": "中种0000卫卫舰的中级轻型护卫舰的同型是什么", "answer": "中", "reading_system_answer": "这种3000吨级"}]}, {"text": "其实还是非常适合处于“战争状态”的韩国", "qa_pairs": [{"question": "”战争状态”的韩国是什么", "answer": "战争状态", "reading_system_answer": null}, {"question": "“战争状态”的韩国是哪两国家", "answer": "韩国", "reading_system_answer": null}]}]}