{"passage": "2016年4月23日是知青旅行团福建长线游的第15天，今天我们由福建长汀到江西瑞金，参观共和国摇篮之红色景点，然后再回到福建永安落脚。我们走地面319国道，离开福建界时，有一块漂亮的石碑：“福建欢迎您再来”，还有一座横跨公路的牌楼：“欢迎您再来福建”。而江西界的牌楼看上去更精致一些：“江西欢迎您”，随后又立有一块“赣州公路”的巨石。如此看来，这条319国道的跨省交接似乎相当隆重。     瑞金共和国摇篮景区位于江西省瑞金市，占地面积4550亩，由叶坪、红井、二苏大、中华苏维埃纪念园这四大景区组成，是全国爱国主义教育示范基地，也是全国红色旅游经典景区之一。2015年7月，瑞金共和国摇篮景区成为5A级旅游景区。我们先到叶坪景区，该景区占地160余亩，包括中共苏区中央局、中央政府旧址、红军烈士纪念塔、红军检阅台等22处旧址和纪念建筑物，其中全国重点文物保护单位就有16处。  1931年11月7日，中华苏维埃第一次全国代表大会在叶坪召开，向全世界宣告中华苏维埃共和国临时中央政府成立，诞生了第一个全国性红色政权。大会会址原是已有几百年历史的谢氏宗祠，这里是中华苏维埃共和国临时中央政府的诞生地，也是1931年11月至1933年4月期间的临时中央政府驻地。当年来自闽西、赣东北、湘赣、湘鄂西、琼崖、中央苏区等根据地红军部队，以及在国统区的全国总工会、全国海员总工会的610名代表出席了大会。  我们正巧遇上互动表演，几位游客穿上红军的军装，上台模拟当年开会情景。景区工作人员扮演毛泽东并发表演说，另一位工作人员扮演大会主持人，代表们正在表决毛泽东当选为苏维埃临时中央政府主席。大会结束时，全体代表起立高呼口号，会场里的全体游客也都跟着起立高呼口号。     叶坪的毛泽东旧居与中央局办公地连在一起，旧居边有棵大树长得枝干苍劲瘢痕累累，而又枝繁叶茂生机勃勃。树干上有一枚国民党军扔下的炸弹，却没有爆炸，树下就是毛泽东的读书阅报处。    叶坪景区内的旧居旧址还包括：中国共产党苏维埃区域中央局旧址、中华苏维埃共和国中央对外贸易总局旧址、中华苏维埃共和国国家政治保卫局旧址、中华苏维埃共和国中央邮政局旧址、中华苏维埃共和国中央印刷厂旧址、红军检阅台、公略亭、博生堡、中华苏维埃共和国国家银行旧址、红军无线电总队旧址、中央出版局旧址、全国总工会苏区执行局旧址等。   叶坪景区内树木茂盛，绿草如茵，当年的旧址旧居散落在花园之中，一些房屋的外墙依稀可见当年的标语口号。我们的团友与当地老乡攀谈，有位手持红军旗帜的先生名叫杨华，他是一位老红军的孙子，也是瑞金市长征酱业有限公司的总经理。今天他到景区来做义工，身着红军服，手举红军旗，脚穿草鞋，到各个旧址前与游客们合影，这都是免费的。     红井景区也就是沙洲坝，是中华苏维埃临时中央政府1933年4月至1934年7月的办公地点。主要景点有著名的红井、中央执行委员会旧址（毛主席旧居）、中央人民委员会旧址，以及中央各部委旧址等。景区有旧居旧址35处，其中全国重点文物保护单位10处。离红井景区大门口不远处，是“群众路线广场”。国家银行旧址里面，有第一任行长毛泽民的雕塑，以及中国人民银行历任行长的照片资料。     景区内的旧居旧址还包括：中央人民委员会旧址、中央革命军事委员会旧址、中华苏维埃共和国中共中央局旧址、中华苏维埃共和国少共中央局旧址、中华全国总工会苏区中央执行局旧址、中国工农红军总政治部旧址、中华苏维埃共和国粮食人民委员部旧址、中华苏维埃共和国财政人民委员部旧址、中华苏维埃共和国审计人民委员部旧址、中华苏维埃共和国土地人民委员部旧址、中华苏维埃共和国国民经济人民委员部旧址等。        当年毛泽东来沙洲坝后，发现这个地方的群众饮水非常困难，便亲自勘察地下水源，他带领干部、红军官兵与当地群众一道开挖了一口水井。红军主力长征后，国民党军用砂石填塞这口水井，沙洲坝人民为护井进行了顽强斗争。1950年，瑞金人民为迎接中央南方老根据地慰问团的到来，修复了这口水井，取名为“红井”。并在红井边立一块石碑，上书“吃水不忘挖井人，时刻想念毛主席。”     这口井现为全国重点文物保护单位，很多小学生都在语文课本《吃水不忘挖井人》中读到过红井的故事。很多游客在这里尝饮红井水，我也取了一瓢井水饮用，还真是凉爽甘甜。红井边的雕塑，表现了当年毛主席带领工作人员、红军战士及当地百姓一起开挖水井的情景。    红井边的雕塑  我作为一名老法官，自然很有兴趣仔细观看共和国最早的法院。中华苏维埃共和国最高法院成立于1934年2月17日，旧址位于江西瑞金沙洲坝村。最高法院设院长1人，副院长2人，董必武任最高法院首任院长。最高法院内设刑事法庭、民事法庭、军事法庭等机构，各法庭设庭长1人。最高法院实行审检合一制，内设检察长1人，副检察长1人，检察员若干人。至1934年10月中央红军长征前，中华苏维埃共和国最高法院审理和复核了有关刑事、民事、军事案件1000余件。     最高法院旧址的庭院里有一尊独角兽雕塑，法律人都知道这是代表公平正义的廌（zhì）。最高法院的审判法庭前放有一桶水，应该是表示公平之意。最高法院旧址内的展示厅，陈列了人民法院诞生和发展的历史进程，还有最高人民法院历任院长的题词。     “二苏大”景区距离市区5公里，临时中央政府从叶坪搬迁到沙洲坝后，在这里召开了中华苏维埃共和国第二次全国代表大会。主要景点包括中央政府大礼堂、防空洞、诗山梅园、中央革命博物馆旧址、人民民主专政广场、人大旧址、人大陈列馆等。", "sentences": [{"text": "2016年4月23日是知青旅行团福建长线游的第15天", "qa_pairs": [{"question": "知青旅行团福建长线游的第15天是什么", "answer": "2016年4月23日", "reading_system_answer": "2016年4月23日"}, {"question": "2月23日是知青旅行团福建长线游的第15天是", "answer": "第15天", "reading_system_answer": "2016年4月23日"}, {"question": "2月23日知青旅行团福建长线游的第15天是", "answer": "知青旅行团福建长线", "reading_system_answer": "2016年4月23日"}]}, {"text": "今天我们由福建长汀到江西瑞金", "qa_pairs": [{"question": "今天我们由福建长汀到江西瑞金的汀到江西瑞金是什么", "answer": "福建长汀", "reading_system_answer": null}, {"question": "今天我们由福建长汀到江西瑞金的国家由福建长汀到江西瑞金是什么", "answer": "江西瑞金", "reading_system_answer": null}]}, {"text": "参观共和国摇篮之红色景点", "qa_pairs": [{"question": "参观共和国摇篮之红色景点是什么", "answer": "红色景点", "reading_system_answer": null}, {"question": "参观共和国摇篮之红色景点是什么", "answer": "参观共和国", "reading_system_answer": null}]}, {"text": "然后再回到福建永安落脚", "qa_pairs": [{"question": "福建永安落脚后美国福建永安落脚后建到福建永安落脚的原因是什么", "answer": "福建永安", "reading_system_answer": null}]}, {"text": "我们走地面319国道", "qa_pairs": [{"question": "我国走地面319国道走地面319国道走地面319国道走地我国我国走地面我国道走", "answer": "地面319国道", "reading_system_answer": null}]}, {"text": "离开福建界时", "qa_pairs": [{"question": "离开福建界时建开福建界时建开福福离福时建开离福时建开的福时建开的福时建开离福时", "answer": "福建界", "reading_system_answer": null}]}, {"text": "有一块漂亮的石碑：“福建欢迎您再来”", "qa_pairs": [{"question": "：“福建欢迎您再来”的石碑：“福建欢迎您再来”的石碑：“福建欢迎您", "answer": "一块", "reading_system_answer": null}, {"question": "：“福建欢迎您再来”的石碑：“福建欢迎您再来”的石碑：“福福“““：漂漂漂漂漂", "answer": "石碑", "reading_system_answer": null}, {"question": "：“福建欢迎您再来”的石碑：“福建欢迎您再来”的石碑：“福建欢迎您再来再一块漂", "answer": "福建", "reading_system_answer": null}]}, {"text": "还有一座横跨公路的牌楼：“欢迎您再来福建”", "qa_pairs": [{"question": "：“欢迎您再来福建”的公楼：“欢迎您再来福建”的公楼的牌楼是什么", "answer": "牌楼", "reading_system_answer": "横跨公路"}, {"question": "：“欢迎您再来福建”的公楼：“欢迎您再来福建”的公路的牌楼：“欢迎您再来建有一", "answer": "福建", "reading_system_answer": null}, {"question": "：“欢迎您再来福建”的横跨公路的牌楼：“欢迎您再来福建”的横跨公路的牌楼：“欢", "answer": "公路", "reading_system_answer": null}, {"question": "：“欢迎您再来福建”的横跨公路的牌楼：“欢迎您再来福建”的横跨公路的牌楼是什么", "answer": "一座", "reading_system_answer": null}]}, {"text": "而江西界的牌楼看上去更精致一些：“江西欢迎您”", "qa_pairs": [{"question": "江西界的牌楼看上去更精致一些：“江西欢迎您”的国家的江西欢迎您”的江西界的牌楼", "answer": "江西", "reading_system_answer": null}, {"question": "江西界的牌楼看上去更精致一些：“江西欢迎您”的国家的江西欢迎您”的国家的江西界", "answer": "江西界", "reading_system_answer": null}, {"question": "江西欢迎您”的江“江西欢迎您”的江楼看上去更精致一些：“江西欢迎您”的国家的牌", "answer": "牌楼", "reading_system_answer": "江西界的牌楼"}, {"question": "江“江西欢迎您”的：“江西欢迎您”的：““江江牌牌楼看上去更精致一些：“西的精", "answer": "一些", "reading_system_answer": "江西界的牌楼"}]}, {"text": "随后又立有一块“赣州公路”的巨石", "qa_pairs": [{"question": "“赣州公路”的巨石是什么", "answer": "一块", "reading_system_answer": null}, {"question": "“的巨石是哪个公路", "answer": "赣州公路", "reading_system_answer": "赣州公路"}, {"question": "“赣州公路”的巨石是什么", "answer": "巨石", "reading_system_answer": null}]}, {"text": "如此看来", "qa_pairs": [{"question": "如来看来看来看来看来看来如来看如如如如如如如如如如如如如来如如来看此此此此此此", "answer": "", "reading_system_answer": null}]}, {"text": "这条319国道的跨省交接似乎相当隆重", "qa_pairs": [{"question": "319国的跨省交接似乎相当隆重是多少", "answer": "这条319国道", "reading_system_answer": "这条319国道"}, {"question": "319国道的跨省交接似乎相当隆重是什么", "answer": "跨省", "reading_system_answer": null}]}, {"text": "瑞金共和国摇篮景区位于江西省瑞金市", "qa_pairs": [{"question": "瑞金共和国摇篮景区位于江西省瑞金市的国家共和国摇篮景区位于江西省瑞金市的国家共", "answer": "景区", "reading_system_answer": null}, {"question": "瑞金共和国摇篮景区位于江西省瑞金市的国家共和国摇篮景区位于江西省瑞金市的国家共", "answer": "江西省瑞金市", "reading_system_answer": null}, {"question": "瑞金共和国摇篮景区位于江西省瑞金市的共于江西省瑞金市的国家篮景区位于江西省瑞金", "answer": "瑞金共和国", "reading_system_answer": null}]}, {"text": "占地面积4550亩", "qa_pairs": [{"question": "占地面积4550亩是什么", "answer": "占地面积4550亩", "reading_system_answer": null}]}, {"text": "由叶坪、红井、二苏大、中华苏维埃纪念园这四大景区组成", "qa_pairs": [{"question": "由叶坪、红井、二苏大、中华苏维埃纪念园这四大景区组成的国家由叶坪、红井、二苏大", "answer": "叶坪", "reading_system_answer": null}, {"question": "由叶坪、红井、二苏大、中华苏维埃纪念园这四大景区组成的国家、二大景区组成的是哪", "answer": "红井", "reading_system_answer": "叶坪、红井、二苏大、中华苏维埃纪念园"}, {"question": "由叶坪、红井、二苏大、中华苏维埃纪念园这四大景区组成的国家其由叶坪、红井、二苏", "answer": "二苏大", "reading_system_answer": "由叶坪、红井、二苏大、中华苏维埃纪念园"}, {"question": "由叶坪、红井、二苏大、中华苏维埃纪念园这四大景区组成的国家其由叶坪、红井、二苏", "answer": "苏维埃纪念", "reading_system_answer": "由叶坪、红井、二苏大、中华苏维埃纪念园"}, {"question": "二苏大、中华苏维埃纪念园这四大景区组成的是哪个区组成", "answer": "景区", "reading_system_answer": "由叶坪、红井、二苏大、中华苏维埃纪念园"}]}, {"text": "是全国爱国主义教育示范基地", "qa_pairs": [{"question": "全国爱国主义教育示范基地是什么", "answer": "基地", "reading_system_answer": null}, {"question": "全国爱国主义教育示范基地是", "answer": "全国", "reading_system_answer": null}]}, {"text": "也是全国红色旅游经典景区之一", "qa_pairs": [{"question": "全国红色旅游经典景区之一的国家经典景区之一是什么", "answer": "经典景区", "reading_system_answer": null}, {"question": "全国红色旅游经典景区之一的国家是全国红色旅游经典景区之一的国家是全国红色旅游经", "answer": "全国", "reading_system_answer": null}]}, {"text": "2015年7月", "qa_pairs": [{"question": "20155年7月5年5年7月50101015年7月2年7月0222220022", "answer": "2015年7月", "reading_system_answer": null}]}, {"text": "瑞金共和国摇篮景区成为5A级旅游景区", "qa_pairs": [{"question": "瑞金共和国摇篮景区成为5a级旅游景区的国家共和国摇篮景区成为5a级旅游景区的国", "answer": "景区", "reading_system_answer": null}, {"question": "瑞金共和国摇篮景区成为5a级旅游景区的国家共和国摇篮景区成为5a级旅游景区的国", "answer": "5A级", "reading_system_answer": null}, {"question": "瑞金共和国摇篮景区成为5a级旅游景区的国家共和国摇篮景区成为5a级旅游景区是什", "answer": "瑞金共和国", "reading_system_answer": "瑞金共和国摇篮景区"}]}, {"text": "我们先到叶坪景区", "qa_pairs": [{"question": "我们先到叶坪景区区的景度是什么", "answer": "叶坪景区", "reading_system_answer": null}]}, {"text": "该景区占地160余亩", "qa_pairs": [{"question": "占地160余亩的原因是什么", "answer": "160余亩", "reading_system_answer": null}, {"question": "占地160余亩的0区景区占地160余亩的0区景区占地16占亩的0余亩是什么", "answer": "景区", "reading_system_answer": null}]}, {"text": "包括中共苏区中央局、中央政府旧址、红军烈士纪念塔、红军检阅台等22处旧址和纪念建筑物", "qa_pairs": [{"question": "苏区中央局、中央政府旧址、红军烈士纪念塔、红军检阅台等22处旧址和纪念建筑物的", "answer": "红军烈士纪念塔", "reading_system_answer": null}, {"question": "中国红军烈士纪念塔、府旧址、2处旧址和纪念建筑物的国家在央2月央政府央政检阅台", "answer": "旧址", "reading_system_answer": "中共苏区中央局"}, {"question": "、红军烈士纪念塔、红军检阅台等22处旧址和纪念建筑物的国家在、2旧址、红军烈士", "answer": "苏区中央局", "reading_system_answer": "中共苏区中央局、中央政府旧址"}, {"question": "中国、红军烈士纪念塔、红军检阅台等22处旧址和纪念建筑物的是哪个", "answer": "红军检阅台", "reading_system_answer": "中共苏区中央局、中央政府旧址"}, {"question": "苏区中央局、中央政府旧址、红军烈士纪念塔、红军检阅台等22处旧址和纪念建筑物的", "answer": "纪念建筑物", "reading_system_answer": null}, {"question": "、红军烈士纪念塔、红军检阅台等22处旧址和纪念建筑物的国家在、中央政府旧址、红", "answer": "中央政府旧址", "reading_system_answer": "中共苏区中央局"}, {"question": "中国红军烈士纪念塔、红军检阅台等22处旧址和纪念建筑物的国家旧址、红军烈士纪念", "answer": "22", "reading_system_answer": null}]}, {"text": "其中全国重点文物保护单位就有16处", "qa_pairs": [{"question": "全国重点文物保护单位就有16处是什么", "answer": "全国重点文物保护单位", "reading_system_answer": null}, {"question": "全国重点文物保护单位就有16处的护单位就有16处是", "answer": "16", "reading_system_answer": null}]}, {"text": "1931年11月7日", "qa_pairs": [{"question": "1月7日11111111111111111111111111111111111", "answer": "1931年11月7日", "reading_system_answer": null}]}, {"text": "中华苏维埃第一次全国代表大会在叶坪召开", "qa_pairs": [{"question": "中华苏维埃第一次全国代表大会在叶坪召开的国家在叶坪召开的召开是", "answer": "叶坪", "reading_system_answer": null}, {"question": "中华苏维埃第一次全国代表大会在叶坪召开的哪一次国家表大会在叶坪召开", "answer": "苏维埃第一次全国代表大会", "reading_system_answer": "中华苏维埃第一次全国代表大会"}]}, {"text": "向全世界宣告中华苏维埃共和国临时中央政府成立", "qa_pairs": [{"question": "向全世界宣告中华苏维埃共和国临时中央政府成立的是什么", "answer": "中央政府", "reading_system_answer": null}, {"question": "中国临时中央政府成立的是什么", "answer": "全世界宣告中华苏维埃共和国", "reading_system_answer": "中华苏维埃共和国"}]}, {"text": "诞生了第一个全国性红色政权", "qa_pairs": [{"question": "诞生了第一个全国性红色政权", "answer": "第一个全国性红色政权", "reading_system_answer": null}]}, {"text": "大会会址原是已有几百年历史的谢氏宗祠", "qa_pairs": [{"question": "大会会址原因有几百年历史的谢氏宗祠是", "answer": "谢氏宗祠", "reading_system_answer": null}, {"question": "大会会址是已有几百年历史的谢氏宗祠的国家其大会祠氏的谢氏宗祠是什么", "answer": "大会会址原", "reading_system_answer": null}, {"question": "大会会址原是已有几百年历史的谢氏宗祠的国家其史氏宗祠是什么", "answer": "几百年历史", "reading_system_answer": null}]}, {"text": "这里是中华苏维埃共和国临时中央政府的诞生地", "qa_pairs": [{"question": "中华苏维埃共和国临时中央政府的诞生地是什么", "answer": "中央政府", "reading_system_answer": "这里"}, {"question": "中华苏维埃共和国临时中央政府的诞生地是什么", "answer": "中华苏维埃共和国", "reading_system_answer": "这里"}, {"question": "中华苏维埃共和国临时中央政府的诞生地中国诞和国临时中央政府的诞生地是什么", "answer": "诞生地", "reading_system_answer": null}]}, {"text": "也是1931年11月至1933年4月期间的临时中央政府驻地", "qa_pairs": [{"question": "1月至1933年1月期间的临时中央政府驻地是", "answer": "中央政府驻地", "reading_system_answer": null}, {"question": "1月至1931年1月期间的临时中央政府驻地是哪一年", "answer": "1933年4月", "reading_system_answer": "1931年11月至1933年4月"}, {"question": "1月至1931年4月至193驻地中央政府驻地的国家是", "answer": "1931年11月", "reading_system_answer": null}]}, {"text": "当年来自闽西、赣东北、湘赣、湘鄂西、琼崖、中央苏区等根据地红军部队", "qa_pairs": [{"question": "当年来自闽西、赣东北、湘鄂西、琼崖、中央苏区等根据地红军部队的国家、湘鄂西、琼", "answer": "根据地红军部队", "reading_system_answer": null}, {"question": "当年来自闽西、赣东北、湘赣、湘鄂西、琼崖、中央苏区等根据地红军部队的国家其琼崖", "answer": "琼崖", "reading_system_answer": "闽西、赣东北、湘赣、湘鄂西、琼崖"}, {"question": "当年来自闽西、赣东北、湘鄂西、琼崖、中央苏区等根据地红军部队的国家、湘鄂西、琼", "answer": "中央苏区", "reading_system_answer": null}, {"question": "当年来自闽西、赣东北、湘鄂西、琼崖、中央苏区等根据地红军部队的国家其湘鄂西、琼", "answer": "闽西", "reading_system_answer": null}, {"question": "赣苏区等根据地红军部队的国家、湘鄂西、琼崖、中央苏区等根据地红军部队是哪个", "answer": "赣东北", "reading_system_answer": null}]}, {"text": "以及在国统区的全国总工会、全国海员总工会的610名代表出席了大会", "qa_pairs": [{"question": "、全国海员总工会的610名代表出席了大会的国家在国统区的全国总工会的610名代", "answer": "国统区", "reading_system_answer": null}, {"question": "在国统区的全国总工会、表出席了什么会代", "answer": "大会", "reading_system_answer": null}, {"question": "、10名代表出席了大会的国家在国统区的全国总工会的610名代表出席了大会的国家", "answer": "全国总工会", "reading_system_answer": null}, {"question": "以及在国统区的全国总工会、全国海员总工会的610名代表出席了大会的是什么", "answer": "610名代表", "reading_system_answer": null}, {"question": "以及在国统区的全国总工会的610名代表出席了大会的国家在国统区的全国总工会的6", "answer": "全国海员总工会", "reading_system_answer": null}]}, {"text": "我们正巧遇上互动表演", "qa_pairs": [{"question": "我国正巧遇上互动表演中中国巧遇上互动表演的互动表正演上正巧遇上演动中我们正巧遇", "answer": "", "reading_system_answer": null}]}, {"text": "几位游客穿上红军的军装", "qa_pairs": [{"question": "红军的军装是什么", "answer": "军装", "reading_system_answer": null}, {"question": "红军的军装是什么", "answer": "红军", "reading_system_answer": null}, {"question": "红军的军装是什么", "answer": "几位游客", "reading_system_answer": null}]}, {"text": "上台模拟当年开会情景", "qa_pairs": [{"question": "上台模拟当年开会情景的模拟当年开会情景是什么", "answer": "上台", "reading_system_answer": null}, {"question": "上台模拟当年开会情景的开发情景是什么", "answer": "情景", "reading_system_answer": null}]}, {"text": "景区工作人员扮演毛泽东并发表演说", "qa_pairs": [{"question": "景区工演毛泽东并发表演说的是什么样的", "answer": "景区工作人员", "reading_system_answer": null}, {"question": "景区工作人员扮演的扮表演习是什么", "answer": "毛泽东", "reading_system_answer": "景区工作人员扮演毛泽东"}]}, {"text": "另一位工作人员扮演大会主持人", "qa_pairs": [{"question": "人员扮演大会主持人的主要任务是什么", "answer": "大会主持人", "reading_system_answer": null}, {"question": "另一位工作人员扮演大会主持人是什么", "answer": "一位工作人员", "reading_system_answer": null}]}, {"text": "代表们正在表决毛泽东当选为苏维埃临时中央政府主席", "qa_pairs": [{"question": "苏维埃临时中央政府主席是", "answer": "代表", "reading_system_answer": "毛泽东"}, {"question": "代表们正在表决毛泽东当选为苏维埃临时中央政府主席", "answer": "中央政府主席", "reading_system_answer": null}, {"question": "苏维埃临时中央政府主席是", "answer": "毛泽东", "reading_system_answer": "毛泽东"}, {"question": "代表们正在表决毛泽东当选为苏维埃临时中央政府主席的国家在表决毛泽东当选为苏维埃", "answer": "苏维埃", "reading_system_answer": null}]}, {"text": "大会结束时", "qa_pairs": [{"question": "大会结束结束结束结束结束结束时大战时期期会束结束时会束时会束时会束结达到了什么", "answer": "时", "reading_system_answer": null}, {"question": "大会结束时结束时结束时结束时结束大会结结大会束时结会束时结会束会束会束会束会束", "answer": "大会", "reading_system_answer": null}]}, {"text": "全体代表起立高呼口号", "qa_pairs": [{"question": "全体代表起立高呼口号的口号是什么", "answer": "高呼口号", "reading_system_answer": null}, {"question": "全体代表起立高呼口号的口号是什么", "answer": "全体代表", "reading_system_answer": null}]}, {"text": "会场里的全体游客也都跟着起立高呼口号", "qa_pairs": [{"question": "会场里的全体游客也都跟着起立高呼口号的口号是什么", "answer": "全体游客", "reading_system_answer": null}, {"question": "会场里的全体游客也都跟着起立高呼口号的口号是", "answer": "高呼口号", "reading_system_answer": null}, {"question": "会立场里的全体游客也都跟着起立高呼口号的口号是什么", "answer": "会场", "reading_system_answer": null}]}, {"text": "叶坪的毛泽东旧居与中央局办公地连在一起", "qa_pairs": [{"question": "叶坪的毛泽东旧居与中央局办公地连在一起的旧居在毛泽东旧居与中央局办公地连在一起", "answer": "毛泽东旧居", "reading_system_answer": null}, {"question": "叶坪的毛泽东旧居与中央局办公地连在一起中国的哪个公司连起连在一起连在一起连与中", "answer": "中央局办公地", "reading_system_answer": null}, {"question": "叶坪的毛泽东旧居与中央局办公地连在一起办公地连在一起办与中央局办公地连在一起的", "answer": "叶坪", "reading_system_answer": null}]}, {"text": "旧居边有棵大树长得枝干苍劲瘢痕累累", "qa_pairs": [{"question": "旧居边有棵大树长得枝干苍劲瘢痕累累的国家居边有棵大树长得枝干苍劲瘢痕累累的瘢79", "answer": "枝干", "reading_system_answer": null}, {"question": "旧居有棵大树长得枝干苍劲瘢痕累累的国家居居有棵大树长得枝干苍劲瘢痕累累的国家其", "answer": "旧居", "reading_system_answer": null}, {"question": "旧居边有棵大树长得枝干苍劲瘢痕累累的国家在旧居边有棵大树长得枝干苍劲瘢痕累累的", "answer": "瘢痕", "reading_system_answer": null}, {"question": "旧居边有棵大树长得枝干苍劲瘢痕累累的国家的旧居边有棵大树长得枝干苍劲瘢痕累累的", "answer": "棵大树", "reading_system_answer": null}]}, {"text": "而又枝繁叶茂生机勃勃", "qa_pairs": [{"question": "枝繁叶茂生机勃勃的勃勃是哪个型号", "answer": "", "reading_system_answer": null}]}, {"text": "树干上有一枚国民党军扔下的炸弹", "qa_pairs": [{"question": "树干上有一枚国民党军扔下的炸弹是什么", "answer": "树干", "reading_system_answer": null}, {"question": "树干上有一枚国民党军扔下的炸弹是什么", "answer": "炸弹", "reading_system_answer": null}, {"question": "树干上有一枚国民党军扔下的炸弹是什么", "answer": "一枚国民党军", "reading_system_answer": null}]}, {"text": "却没有爆炸", "qa_pairs": [{"question": "没有爆炸中中国爆炸中爆炸中爆炸中爆锋枪没有有有有炸弹的爆炸中国产的爆枪爆锋枪爆", "answer": "", "reading_system_answer": null}]}, {"text": "树下就是毛泽东的读书阅报处", "qa_pairs": [{"question": "毛泽东的读书阅处是什么", "answer": "处", "reading_system_answer": "树下"}, {"question": "树下就读下就是毛书阅报处的国家读读泽的东旨报处是什么", "answer": "读书", "reading_system_answer": null}, {"question": "毛泽东的读书阅报处是什么", "answer": "毛泽东", "reading_system_answer": "树下"}]}, {"text": "叶坪景区内的旧居旧址还包括：中国共产党苏维埃区域中央局旧址、中华苏维埃共和国中央对外贸易总局旧址、中华苏维埃共和国国家政治保卫局旧址、中华苏维埃共和国中央邮政局旧址、中华苏维埃共和国中央印刷厂旧址、红军检阅台、公略亭、博生堡、中华苏维埃共和国国家银行旧址、红军无线电总队旧址、中央出版局旧址、全国总工会苏区执行局旧址等", "qa_pairs": [{"question": "、坪公略亭、博生堡、中华苏维埃区域中央局旧址居中华苏维埃共和国中央印政局旧址居", "answer": "叶坪景区", "reading_system_answer": "中国共产党苏维埃区域中央局旧址、中华苏维埃共和国中央对外贸易总局旧址、中华苏维埃共和国国家政治保卫局旧址、中华苏维埃共和国中央邮政局旧址、中华苏维埃共和国中央印刷厂旧址、红军检阅台、公略亭、博生堡、中华苏维埃共和国国家银行旧址、红军无线电总队旧址、中央出版局旧址、全国总工会苏区执行局旧址"}, {"question": "、、公略亭、博生堡的国家共和国中央印政局旧址居旧居中华苏维埃区域中央局旧址居中", "answer": "博生堡", "reading_system_answer": "中国共产党苏维埃区域中央局旧址、中华苏维埃共和国中央对外贸易总局旧址、中华苏维埃共和国国家政治保卫局旧址、中华苏维埃共和国中央邮政局旧址、中华苏维埃共和国中央印刷厂旧址、红军检阅台、公略亭、博生堡、中华苏维埃共和国国家银行旧址、红军无线电总队旧址、中央出版局旧址、全国总工会苏区执行局旧址"}, {"question": "、坪中华苏维埃共和国中央印政局的址址是", "answer": "中央出版局旧址", "reading_system_answer": "中国共产党苏维埃区域中央局旧址、中华苏维埃共和国中央对外贸易总局旧址、中华苏维埃共和国国家政治保卫局旧址、中华苏维埃共和国中央邮政局旧址、中华苏维埃共和国中央印刷厂旧址、红军检阅台、公略亭、博生堡、中华苏维埃共和国国家银行旧址、红军无线电总队旧址、中央出版局旧址、全国总工会苏区执行局旧址"}, {"question": "叶中华苏维埃共和国中央局旧址居中华苏维埃共和国中央局旧址、中华苏维埃共和国国家", "answer": "中华苏维埃共和国国家银行旧址", "reading_system_answer": null}, {"question": "、坪公略亭、博生堡、中华苏维埃共和国中央印政局旧址居中华苏维埃共和国中央邮政局", "answer": "红军", "reading_system_answer": "中国共产党苏维埃区域中央局旧址、中华苏维埃共和国中央对外贸易总局旧址、中华苏维埃共和国国家政治保卫局旧址、中华苏维埃共和国中央邮政局旧址、中华苏维埃共和国中央印刷厂旧址、红军检阅台、公略亭、博生堡、中华苏维埃共和国国家银行旧址、红军无线电总队旧址、中央出版局旧址、全国总工会苏区执行局旧址"}, {"question": "、坪的旧址、中华苏维埃共和国中央印政局旧址居旧址中华苏维埃共和国中央印政局旧址", "answer": "红军检阅台", "reading_system_answer": null}, {"question": "、坪公略亭、博生堡、中华苏维埃共和国中央印政局旧址居旧居中华苏维埃共和国中央邮", "answer": "全国总工会苏区执行局旧址", "reading_system_answer": "中国共产党苏维埃区域中央局旧址、中华苏维埃共和国中央对外贸易总局旧址、中华苏维埃共和国国家政治保卫局旧址、中华苏维埃共和国中央邮政局旧址、中华苏维埃共和国中央印刷厂旧址、红军检阅台、公略亭、博生堡、中华苏维埃共和国国家银行旧址、红军无线电总队旧址、中央出版局旧址、全国总工会苏区执行局旧址"}, {"question": "叶中华苏维埃共和国中央局旧址居中央局旧址居中华苏维埃共和国中央局旧址址中华苏维", "answer": "中华苏维埃共和国国家政治保卫局旧址", "reading_system_answer": null}, {"question": "、、博中华苏维埃共和国中央邮政局旧址居中华苏维埃共和国中央印刷厂的旧旧旧旧旧旧", "answer": "旧居旧址", "reading_system_answer": "中国共产党苏维埃区域中央局旧址、中华苏维埃共和国中央对外贸易总局旧址、中华苏维埃共和国国家政治保卫局旧址、中华苏维埃共和国中央邮政局旧址、中华苏维埃共和国中央印刷厂旧址、红军检阅台、公略亭、博生堡、中华苏维埃共和国国家银行旧址、红军无线电总队旧址、中央出版局旧址、全国总工会苏区执行局旧址"}, {"question": "、坪公略亭、博生堡、中华苏维埃共和国国家银行旧址、中国共产党红军检阅台、中央局", "answer": "中华苏维埃共和国中央印刷厂旧址", "reading_system_answer": "中国共产党苏维埃区域中央局旧址、中华苏维埃共和国中央对外贸易总局旧址、中华苏维埃共和国国家政治保卫局旧址、中华苏维埃共和国中央邮政局旧址、中华苏维埃共和国中央印刷厂旧址、红军检阅台、公略亭、博生堡、中华苏维埃共和国国家银行旧址、红军无线电总队旧址、中央出版局旧址、全国总工会苏区执行局旧址"}, {"question": "叶中华苏维埃共和国国家银行旧址、中华苏维埃共和国国家银行的国家共和国中国共产党", "answer": "中国共产党苏维埃区域中央局旧址", "reading_system_answer": "苏维埃区域中央局旧址"}, {"question": "叶坪公略亭、博生堡、中华苏维埃共和国国家银行旧址、中国共产党公工会苏区执行局址", "answer": "中华苏维埃共和国中央邮政局旧址", "reading_system_answer": null}, {"question": "、中华苏维埃区域中央局旧址居旧、中华苏维埃共和国中央印政局旧址居中华苏维埃共和", "answer": "总队旧址", "reading_system_answer": null}, {"question": "叶中华苏维埃共和国中国共产党红军检阅台、中央局旧址、中华苏维埃共和国国家银行的", "answer": "中华苏维埃共和国中央", "reading_system_answer": "中国共产党苏维埃区域中央局旧址、中华苏维埃共和国中央对外贸易总局旧址、中华苏维埃共和国国家政治保卫局旧址、中华苏维埃共和国中央邮政局旧址、中华苏维埃共和国中央印刷厂旧址、红军检阅台、公略亭、博生堡、中华苏维埃共和国国家银行旧址、红军无线电总队旧址、中央出版局旧址、全国总工会苏区执行局旧址"}, {"question": "、、公略亭、博生堡、中华苏维埃共和国中央印政局旧址居旧、红军检阅台、公略旧址、", "answer": "公略", "reading_system_answer": "中国共产党苏维埃区域中央局旧址、中华苏维埃共和国中央对外贸易总局旧址、中华苏维埃共和国国家政治保卫局旧址、中华苏维埃共和国中央邮政局旧址、中华苏维埃共和国中央印刷厂旧址、红军检阅台、公略亭、博生堡、中华苏维埃共和国国家银行旧址、红军无线电总队旧址、中央出版局旧址、全国总工会苏区执行局旧址"}, {"question": "、中华苏维埃共和国中央印政局旧址居旧、红军检阅台、公略亭、博生堡的国家其政治保", "answer": "总局旧址", "reading_system_answer": "国家政治保卫局旧址、中华苏维埃共和国中央邮政局旧址、中华苏维埃共和国中央印刷厂旧址、红军检阅台、公略亭、博生堡、中华苏维埃共和国国家银行旧址、红军无线电总队旧址、中央出版局旧址、全国总工会苏区执行局旧址"}]}, {"text": "叶坪景区内树木茂盛", "qa_pairs": [{"question": "叶坪景区内树木茂盛内树木茂盛内树木茂区内树木景区内树坪景区内盛坪景区树坪叶叶木", "answer": "叶坪景区内树木", "reading_system_answer": null}]}, {"text": "绿草如茵", "qa_pairs": [{"question": "绿草如茵绿草如何", "answer": "", "reading_system_answer": null}]}, {"text": "当年的旧址旧居散落在花园之中", "qa_pairs": [{"question": "旧园之中的旧址居散落在花园之中的旧址居散落在花园之中的旧址居散落是什么", "answer": "旧址旧居", "reading_system_answer": null}, {"question": "当年的旧址居散落在花园之中的花园之中国在花园之中的花居散落在旧园花址居散落的国", "answer": "花园", "reading_system_answer": null}]}, {"text": "一些房屋的外墙依稀可见当年的标语口号", "qa_pairs": [{"question": "外年的标语口号是什么", "answer": "外墙", "reading_system_answer": null}, {"question": "一些房屋的外墙依稀可见当年的标语口号是什么", "answer": "标语口号", "reading_system_answer": null}, {"question": "当年的标语口号是什么", "answer": "一些房屋", "reading_system_answer": null}]}, {"text": "我们的团友与当地老乡攀谈", "qa_pairs": [{"question": "我国的团友与当地老乡攀谈的当地老乡攀谈的是什么团友", "answer": "团友", "reading_system_answer": null}, {"question": "我们的团友与当地老乡攀谈的目的是什么", "answer": "老乡", "reading_system_answer": null}]}, {"text": "有位手持红军旗帜的先生名叫杨华", "qa_pairs": [{"question": "有位手持红军旗帜的杨华是什么", "answer": "先生", "reading_system_answer": null}, {"question": "有位手持红军旗帜的先生名叫什么", "answer": "杨华", "reading_system_answer": null}, {"question": "有位手持红军旗帜的先生名叫杨华的国家在杨华的哪个型号的红军的先生名叫杨华", "answer": "红军旗帜", "reading_system_answer": null}]}, {"text": "他是一位老红军的孙子", "qa_pairs": [{"question": "他国孙子的老红军的孙子是什么", "answer": "一位老红军", "reading_system_answer": null}, {"question": "一位老红军的孙子是什么", "answer": "孙子", "reading_system_answer": null}]}, {"text": "也是瑞金市长征酱业有限公司的总经理", "qa_pairs": [{"question": "瑞金市长征酱业有限公司的总经理是什么", "answer": "瑞金市长征酱业有限公司", "reading_system_answer": null}, {"question": "瑞金市长征酱业有限公司的总经理是什么", "answer": "总经理", "reading_system_answer": null}]}, {"text": "今天他到景区来做义工", "qa_pairs": [{"question": "今天他到景区来做什么要景区来做义工义工他到景区来做景工", "answer": "义工", "reading_system_answer": null}, {"question": "今天他到景区来做义工是什么", "answer": "景区", "reading_system_answer": null}]}, {"text": "身着红军服", "qa_pairs": [{"question": "身着红军服役的作为服役的红军服着服红身着服红军身的军事军事参数是什么", "answer": "红军", "reading_system_answer": null}]}, {"text": "手举红军旗", "qa_pairs": [{"question": "手举手红军旗的手举手手手军旗是哪个", "answer": "手", "reading_system_answer": null}, {"question": "手举红军旗的手举机是什么", "answer": "红军旗", "reading_system_answer": null}]}, {"text": "脚穿草鞋", "qa_pairs": [{"question": "脚脚脚脚脚脚草鞋的穿草鞋是什么", "answer": "脚", "reading_system_answer": null}, {"question": "脚穿草鞋的脚穿草鞋是什么", "answer": "草鞋", "reading_system_answer": null}]}, {"text": "到各个旧址前与游客们合影", "qa_pairs": [{"question": "到各个旧址与游客们合影的旧址是什么", "answer": "旧址", "reading_system_answer": null}, {"question": "到各个旧址前与游客们合影的游客们合影是什么", "answer": "合影", "reading_system_answer": null}, {"question": "到各个旧址前与游客们合影的游客们合影的游客们址前与游客们址前与旧址各个旧址前与", "answer": "游客", "reading_system_answer": null}]}, {"text": "这都是免费的", "qa_pairs": [{"question": "免费的是免费的免费是免费的是什么", "answer": "", "reading_system_answer": null}]}, {"text": "红井景区也就是沙洲坝", "qa_pairs": [{"question": "红井景区也就是沙洲坝的红井景区也就是沙洲坝的井景区也就是沙洲坝的井景区也就也就", "answer": "红井景区", "reading_system_answer": null}, {"question": "红井景区也就是沙洲坝的红井景区也就是沙洲坝的哪个型号的洲洲洲洲井井", "answer": "沙洲坝", "reading_system_answer": null}]}, {"text": "是中华苏维埃临时中央政府1933年4月至1934年7月的办公地点", "qa_pairs": [{"question": "中华苏维埃临时中央政府有多长时候", "answer": "1934年7月", "reading_system_answer": null}, {"question": "中华苏维埃临时中央政府1年4月至1934年7月至1934年4月的7月的办公地点", "answer": "办公地点", "reading_system_answer": null}, {"question": "中华苏维埃临时中央政府1933年4月至1934年7月的办公地点是什么", "answer": "中央政府1933年4月", "reading_system_answer": null}, {"question": "中华苏维埃临时中央政府193月至1934年4月的办公地点是什么", "answer": "苏维埃", "reading_system_answer": null}]}, {"text": "主要景点有著名的红井、中央执行委员会旧址（毛主席旧居）、中央人民委员会旧址", "qa_pairs": [{"question": "（、中央执行委员会旧址（毛主席旧居）、中央执行委员会旧址是什么", "answer": "中央人民委员会旧址", "reading_system_answer": "红井"}, {"question": "（、中央人民委员会旧址的、中央执行委员会旧址（毛主席旧居）、中央人民委员会旧址", "answer": "红井", "reading_system_answer": "著名的红井"}, {"question": "（、中央人民委员会旧址的旧居）毛主席旧居）、中央执行委员会旧址（毛主席旧居）、", "answer": "中央", "reading_system_answer": null}, {"question": "）、中央人民委员会旧址的旧址是什么", "answer": "毛主席旧居", "reading_system_answer": "中央执行委员会旧址（毛主席旧居"}, {"question": "主、中央人民委员会旧址的旧址是", "answer": "景点", "reading_system_answer": "中央执行委员会旧址"}, {"question": "（、中央人民委员会旧址是什么", "answer": "委员会旧址", "reading_system_answer": "中央执行委员会旧址（毛主席旧居"}]}, {"text": "以及中央各部委旧址等", "qa_pairs": [{"question": "中国央各部委旧址等是什么", "answer": "中央", "reading_system_answer": null}, {"question": "以及中央各部委旧址等是什么", "answer": "旧址", "reading_system_answer": null}]}, {"text": "景区有旧居旧址35处", "qa_pairs": [{"question": "景区有旧居旧址址35处的景区处是什么", "answer": "景区", "reading_system_answer": null}, {"question": "景区有什么要旧居旧址址35处", "answer": "旧居旧址35", "reading_system_answer": null}]}, {"text": "其中全国重点文物保护单位10处", "qa_pairs": [{"question": "全国重点文物保护单位10处中全国重点文物保护单位10处中全国重点文物保护单位1", "answer": "全国重点文物保护单位10", "reading_system_answer": null}]}, {"text": "离红井景区大门口不远处", "qa_pairs": [{"question": "离红井景区大门口不远处是什么", "answer": "红井景区大门口", "reading_system_answer": null}]}, {"text": "是“群众路线广场”", "qa_pairs": [{"question": "“群众路线广场”的路线广场”是什么", "answer": "广场", "reading_system_answer": null}]}, {"text": "国家银行旧址里面", "qa_pairs": [{"question": "国家银行旧址里面址里面银行旧址里面银行旧址里面银行国家家旧旧址银里面银行国家家", "answer": "国家银行旧址", "reading_system_answer": null}]}, {"text": "有第一任行长毛泽民的雕塑", "qa_pairs": [{"question": "有第一任行长毛泽民的雕塑是什么", "answer": "第一任行长毛泽民", "reading_system_answer": null}, {"question": "有第一任行长毛泽民的雕塑是什么", "answer": "雕塑", "reading_system_answer": null}]}, {"text": "以及中国人民银行历任行长的照片资料", "qa_pairs": [{"question": "中国人民银行历任行长的照片资料是什么", "answer": "中国人民银行历任行长", "reading_system_answer": null}, {"question": "以及中国人民银行历任行长的照片资料是什么", "answer": "照片资料", "reading_system_answer": null}]}, {"text": "景区内的旧居旧址还包括：中央人民委员会旧址、中央革命军事委员会旧址、中华苏维埃共和国中共中央局旧址、中华苏维埃共和国少共中央局旧址、中华全国总工会苏区中央执行局旧址、中国工农红军总政治部旧址、中华苏维埃共和国粮食人民委员部旧址、中华苏维埃共和国财政人民委员部旧址、中华苏维埃共和国审计人民委员部旧址、中华苏维埃共和国土地人民委员部旧址、中华苏维埃共和国国民经济人民委员部旧址等", "qa_pairs": [{"question": "、中华苏维埃共和国审计人民委员部旧址、中华苏维埃共和国审计中央局旧址居括：中央", "answer": "中央人民委员会旧址", "reading_system_answer": null}, {"question": "、中华苏维埃共和国审计人民委员部旧址、中华苏维埃共和国审计中央局旧址居中华苏维", "answer": "中华苏维埃共和国粮食人民委员部旧址", "reading_system_answer": null}, {"question": "、中华苏维埃共和国审计人民委员部旧址、中华苏维埃共和国审计中央局旧址居旧居中华", "answer": "中国工农红军总政治部旧址", "reading_system_answer": null}, {"question": "、中华苏维埃共和国审计人民委员部旧址、中华苏维埃共和国审计中央局旧址居括：中央", "answer": "中央革命军事委员会旧址", "reading_system_answer": null}, {"question": "、中华苏维埃共和国粮食人委员部旧址、中华苏维埃共和国粮食委员部旧址、中华苏维埃", "answer": "旧居旧址", "reading_system_answer": null}, {"question": "、中华苏维埃共和国审计人民委员部旧址、中华苏维埃共和国审计中央局旧址居中华苏维", "answer": "中华苏维埃共和国财政人民委员部旧址", "reading_system_answer": null}, {"question": "、中华苏维埃共和国审计人民委员部旧址址、中华革命军事委员会旧址、中华苏维埃共和", "answer": "中华苏维埃共和国", "reading_system_answer": null}, {"question": "、中华苏维埃共和国审计人民委员部旧址址址中华苏维埃共和国审计人民委员部旧址址中", "answer": "中华全国总工会苏区中央执行局旧址", "reading_system_answer": null}, {"question": "、中华苏维埃共和国审计人民委员部旧址、中华苏维埃共和国审计人民委员部旧址、中华", "answer": "人民委员部旧址", "reading_system_answer": null}, {"question": "、中华苏维埃共和国审计人民委员部旧址、中华苏维埃共和国审计中央局旧址居中华苏维", "answer": "中华苏维埃共和国国民经济人民委员部旧址", "reading_system_answer": null}, {"question": "、中华苏维埃共和国审计人民委员部旧址、中华苏维埃共和国审计中央局旧址居中华苏维", "answer": "中华苏维埃共和国土地人民委员部旧址", "reading_system_answer": null}, {"question": "、中华苏维埃共和国粮食人民委员部旧址址址中华苏维埃共和国粮食委员部旧址址的国家", "answer": "中央局旧址", "reading_system_answer": "中共中央局旧址"}, {"question": "、中央革命军事委员会旧址、中华苏维埃共和国审计人民委员部工会的国家共和国粮食人", "answer": "中华苏维埃共和国中共中央局旧址", "reading_system_answer": null}, {"question": "、中华苏维埃共和国粮食人委员部旧址等中华苏维埃共和国粮食委员部旧址、中华苏维埃", "answer": "景区", "reading_system_answer": null}]}, {"text": "当年毛泽东来沙洲坝后", "qa_pairs": [{"question": "当年毛泽东来沙洲坝后的沙洲坝后是哪一型号", "answer": "毛泽东", "reading_system_answer": null}, {"question": "当年毛泽东来沙洲坝后的沙洲坝后是哪一型号", "answer": "沙洲坝", "reading_system_answer": null}]}, {"text": "发现这个地方的群众饮水非常困难", "qa_pairs": [{"question": "发现这个地方的群众饮水非常困难的国家发现群众饮水非常困难的国家发现的饮水困难是", "answer": "地方", "reading_system_answer": "发现这"}, {"question": "发现这个地方的群众饮水非常困难是什么", "answer": "群众饮水", "reading_system_answer": "发现这"}]}, {"text": "便亲自勘察地下水源", "qa_pairs": [{"question": "便亲自勘察地下水源下水源的水源是什么", "answer": "地下水", "reading_system_answer": null}]}, {"text": "他带领干部、红军官兵与当地群众一道开挖了一口水井", "qa_pairs": [{"question": "红军官兵与当地群众一道开挖了一口水井的国家带部、红军官兵与当地群众一道开挖了一", "answer": "干部", "reading_system_answer": null}, {"question": "、红军官兵与当地群众一道开挖了什么型号的口水", "answer": "一口水井", "reading_system_answer": null}, {"question": "红军官兵与当地群众一道开挖了一口水井的国家带部、红军官兵与当地群众一道开挖了一", "answer": "群众一道", "reading_system_answer": null}, {"question": "与当地群众一道开挖了一口水井的国家带领干部、红军官兵与当地群众一道开挖了一口水", "answer": "红军官兵", "reading_system_answer": null}]}, {"text": "红军主力长征后", "qa_pairs": [{"question": "红力长征后的主力长征后", "answer": "红军主力长征", "reading_system_answer": null}]}, {"text": "国民党军用砂石填塞这口水井", "qa_pairs": [{"question": "国民党军用砂石填塞这口水井是哪个", "answer": "国民党军用砂石", "reading_system_answer": null}, {"question": "国民党军用砂石填塞这口水井的口水井是哪一款", "answer": "口水井", "reading_system_answer": null}]}, {"text": "沙洲坝人民为护井进行了顽强斗争", "qa_pairs": [{"question": "沙洲坝人民为护井进行了顽强斗争的哪个型号的坝人民为护井进行了顽强斗争", "answer": "沙洲坝人民", "reading_system_answer": null}, {"question": "沙洲坝人民为护井进行了顽强斗争的国家的沙洲坝人民为护井进行了顽强斗争的国家的沙", "answer": "护井", "reading_system_answer": null}]}, {"text": "1950年", "qa_pairs": [{"question": "1月5年00000000005年为什么", "answer": "1950年", "reading_system_answer": null}]}, {"text": "瑞金人民为迎接中央南方老根据地慰问团的到来", "qa_pairs": [{"question": "瑞金人民为迎接中央南方老根据地慰问团的到来的国家为迎接中央南方老根据地慰问团的", "answer": "中央", "reading_system_answer": null}, {"question": "瑞金人民为迎接中央南方老根据地慰问团的到来的是哪个公司迎接中央南方老根据地慰问", "answer": "瑞金人民", "reading_system_answer": null}, {"question": "瑞金人民为迎接中央南方老根据地慰问团的到来的是什么问团的", "answer": "老根据地慰问团", "reading_system_answer": null}]}, {"text": "修复了这口水井", "qa_pairs": [{"question": "修复了这口水井的口井的口井是什么", "answer": "口水井", "reading_system_answer": null}]}, {"text": "取名为“红井”", "qa_pairs": [{"question": "取名为“红井”的井红取名为“”的井红机取名为取名“”的井取是什么", "answer": "红井", "reading_system_answer": null}]}, {"text": "并在红井边立一块石碑", "qa_pairs": [{"question": "红井边立一块石碑的红井边立一块石碑是", "answer": "一块石碑", "reading_system_answer": null}, {"question": "在红井边立一块石碑的红块石碑是", "answer": "红", "reading_system_answer": null}]}, {"text": "上书“吃水不忘挖井人", "qa_pairs": [{"question": "上书“吃水不忘挖井人的原因是什么", "answer": "挖井人", "reading_system_answer": null}]}, {"text": "时刻想念毛主席", "qa_pairs": [{"question": "时念想念毛主席是想念毛刻想念想主席的国家刻毛刻主席的主要主要主要主要主要主要主", "answer": "时刻", "reading_system_answer": null}, {"question": "时刻想念毛主席是什么", "answer": "毛主席", "reading_system_answer": null}]}, {"text": "”     这口井现为全国重点文物保护单位", "qa_pairs": [{"question": "”这口井现为全国重点文物保护单位的口井现为全国重点文物保护单位的口井现为什么要", "answer": "口", "reading_system_answer": null}, {"question": "”这口井现为全国重点文物保护单位是什么", "answer": "全国重点文物保护单位", "reading_system_answer": null}]}, {"text": "很多小学生都在语文课本《吃水不忘挖井人》中读到过红井的故事", "qa_pairs": [{"question": "》中读到过红井的故事是什么", "answer": "语文课", "reading_system_answer": "《吃水不忘挖井人》"}, {"question": "在中读到过红井的故事是什么", "answer": "井", "reading_system_answer": "《吃水不忘挖井人》"}, {"question": "》》的事事事事事事事事事事事事事事事中读到语文课本吃水不忘挖井人的国家其《故过", "answer": "故事", "reading_system_answer": "红井"}, {"question": "》小学生挖井人》中读到过红井的故事是什么", "answer": "很多小学生", "reading_system_answer": "语文课本《吃水不忘挖井人》"}, {"question": "在中读到过红井的故事是什么", "answer": "挖井人", "reading_system_answer": "《吃水不忘挖井人》"}]}, {"text": "很多游客在这里尝饮红井水", "qa_pairs": [{"question": "在尝饮红井水的游饮红井水的井水是什么", "answer": "很多游客", "reading_system_answer": null}, {"question": "很多游客在这里尝饮红井水的国家在尝饮红井的国家在尝饮红里里尝游客的国家在尝饮红", "answer": "红井水", "reading_system_answer": null}]}, {"text": "我也取了一瓢井水饮用", "qa_pairs": [{"question": "我国取了什么", "answer": "一瓢井水饮用", "reading_system_answer": null}]}, {"text": "还真是凉爽甘甜", "qa_pairs": [{"question": "凉爽甘甜是什么", "answer": "甘甜", "reading_system_answer": null}]}, {"text": "红井边的雕塑", "qa_pairs": [{"question": "红井边的雕塑是什么", "answer": "雕塑", "reading_system_answer": null}]}, {"text": "表现了当年毛主席带领工作人员、红军战士及当地百姓一起开挖水井的情景", "qa_pairs": [{"question": "、红起开挖水井的情景是什么", "answer": "情景", "reading_system_answer": null}, {"question": "、毛主席带领工作人员、红军战士及当地百姓一起开挖水井的情景是什么", "answer": "百姓一起", "reading_system_answer": null}, {"question": "、毛主席带领工作人员、红军战士及当地百姓一起开挖水井的情景的战士及当地百姓一起", "answer": "红军战士", "reading_system_answer": null}, {"question": "、毛主席带领工作人员、红军战士及当地百姓一起开挖水井的情景的国家在、毛主席及当", "answer": "毛主席", "reading_system_answer": null}, {"question": "、红起开挖水井的情景是什么", "answer": "工作人员", "reading_system_answer": null}, {"question": "、毛主席带领工作人员、红军战士及当地百姓一起开挖水井的情景是什么", "answer": "水井", "reading_system_answer": null}]}, {"text": "红井边的雕塑  我作为一名老法官", "qa_pairs": [{"question": "红井边的雕塑我作为一名老法官的老法官是什么", "answer": "一名", "reading_system_answer": null}, {"question": "红井边的雕塑我作为一名老法官的目的是什么", "answer": "法官", "reading_system_answer": null}, {"question": "红井边的雕塑我作为一名老法官的边雕塑我作为一名老法官的国家的红井边的雕塑是什么", "answer": "雕塑", "reading_system_answer": null}]}, {"text": "自然很有兴趣仔细观看共和国最早的法院", "qa_pairs": [{"question": "自然很有兴趣仔细观看共和国最早的法院是什么", "answer": "兴趣仔细观看共和国", "reading_system_answer": null}, {"question": "自然很有兴趣仔细观看共和国最早的法院是", "answer": "法院", "reading_system_answer": null}]}, {"text": "中华苏维埃共和国最高法院成立于1934年2月17日", "qa_pairs": [{"question": "中华苏维埃共和国最高法院成立于什么时", "answer": "1934年2月17日", "reading_system_answer": "1934年"}, {"question": "中华苏维埃共和国最高法院成立于1934年2月17日立于1934年2月17日法华", "answer": "中华苏维埃共和国最高法院", "reading_system_answer": null}]}, {"text": "旧址位于江西瑞金沙洲坝村", "qa_pairs": [{"question": "旧位于江西瑞金沙洲坝村的国家坝村的旧位于江西瑞金沙洲坝村的国家在旧位址坝村的坝", "answer": "旧址", "reading_system_answer": null}, {"question": "旧址位于江西瑞金沙洲村的国家旧址于哪里", "answer": "江西瑞金沙洲坝村", "reading_system_answer": "旧址位于江西瑞金沙洲坝"}]}, {"text": "最高法院设院长1人", "qa_pairs": [{"question": "最高法院设院长1人的最高法院设院长1人是什么", "answer": "最高法院", "reading_system_answer": null}, {"question": "最高法院设院长1人是什么", "answer": "院长1人", "reading_system_answer": null}]}, {"text": "副院长2人", "qa_pairs": [{"question": "副院长2人2222222人院长是什么", "answer": "院长2人", "reading_system_answer": null}]}, {"text": "董必武任最高法院首任院长", "qa_pairs": [{"question": "董必武任最高法院首任院长是", "answer": "最高法院首任院长", "reading_system_answer": null}, {"question": "董必武任最高法院首任院长是", "answer": "董必武", "reading_system_answer": null}]}, {"text": "最高法院内设刑事法庭、民事法庭、军事法庭等机构", "qa_pairs": [{"question": "法国、民事法庭等机构是什么", "answer": "机构", "reading_system_answer": "刑事法庭、民事法庭、军事法庭"}, {"question": "最高法院内设刑事法庭、民事法庭、军事法庭等机构的原因是什么", "answer": "民事法庭", "reading_system_answer": null}, {"question": "最高法院内设刑事法庭、民事法庭等军事法庭等机构的是哪些国家", "answer": "军事法庭", "reading_system_answer": null}, {"question": "法国最民事法庭、民事法庭、民事法庭等民构的内容是什么", "answer": "最高法院内设刑事法庭", "reading_system_answer": null}]}, {"text": "各法庭设庭长1人", "qa_pairs": [{"question": "各法庭设庭长1人的长是", "answer": "庭长1人", "reading_system_answer": null}, {"question": "各法庭设庭长1人的长度是什么", "answer": "法庭", "reading_system_answer": null}]}, {"text": "最高法院实行审检合一制", "qa_pairs": [{"question": "最高法院实行审检合一制的是什么", "answer": "最高法院", "reading_system_answer": null}, {"question": "最高法院实行审制的一款一运中法国合行审制的法院是什么", "answer": "制", "reading_system_answer": "最高法院"}]}, {"text": "内设检察长1人", "qa_pairs": [{"question": "内设检察长1人人长是多少", "answer": "内设检察长1人", "reading_system_answer": null}]}, {"text": "副检察长1人", "qa_pairs": [{"question": "副检察长1人人的副事察长是", "answer": "副检察长1人", "reading_system_answer": null}]}, {"text": "检察员若干人", "qa_pairs": [{"question": "检察员若干人员若干人员若干人员若若若若是什么", "answer": "检察员若干人", "reading_system_answer": null}]}, {"text": "至1934年10月中央红军长征前", "qa_pairs": [{"question": "中国的哪一艘军舰长征前中央红军长征前", "answer": "1934年10月中央红军长征", "reading_system_answer": "1934年10月"}]}, {"text": "中华苏维埃共和国最高法院审理和复核了有关刑事、民事、军事案件1000余件", "qa_pairs": [{"question": "中华苏维埃共和国最高法院审理和复核了有关刑事、民事案件的是什么", "answer": "军事案件1000余件", "reading_system_answer": null}, {"question": "中华苏维埃共和国最高法院审理和复核了有关刑事件1000余件的国家共和国最高法院", "answer": "民事", "reading_system_answer": "刑事、民事、军事案件"}, {"question": "中华苏维埃共和国最高法院审理和复核了有关刑事、民事案件1000余件的国家其华苏", "answer": "中华苏维埃共和国最高法院", "reading_system_answer": null}]}, {"text": "最高法院旧址的庭院里有一尊独角兽雕塑", "qa_pairs": [{"question": "最高法院旧的庭院里有什么", "answer": "一尊独角兽雕塑", "reading_system_answer": null}, {"question": "最高法院的址址是什么", "answer": "最高法院旧址", "reading_system_answer": null}, {"question": "最高法院旧址的庭院里有一尊独角兽雕塑是什么", "answer": "庭院", "reading_system_answer": null}]}, {"text": "法律人都知道这是代表公平正义的廌（zhì）", "qa_pairs": [{"question": "法律人都知道这是代表公平正义的廌（zhì）的正z）ììììììììzzzz正正", "answer": "法律人", "reading_system_answer": null}, {"question": "法国（zhì）是什么", "answer": "代表公平正义", "reading_system_answer": "代表公平正义的"}, {"question": "法律人都知道这是代表公平正义的廌（zhì）的zì是", "answer": "zh", "reading_system_answer": null}]}, {"text": "最高法院的审判法庭前放有一桶水", "qa_pairs": [{"question": "最高法院的审判法庭前放有什么放有一桶水", "answer": "一桶水", "reading_system_answer": null}, {"question": "法国最高法院的审判法庭前放有一桶水有什么审判法庭前放有一桶水", "answer": "最高法院", "reading_system_answer": null}, {"question": "最高法院的审判法庭前放有一桶水有一桶水有什么放判", "answer": "法庭", "reading_system_answer": null}]}, {"text": "应该是表示公平之意", "qa_pairs": [{"question": "应该是表示公平之意的国家在表示意是公平之意的国家其表示之之之之之之之之之之之之", "answer": "公平", "reading_system_answer": null}]}, {"text": "最高法院旧址内的展示厅", "qa_pairs": [{"question": "最高法院旧址内的展示厅是什么", "answer": "展示厅", "reading_system_answer": null}, {"question": "最高法院旧的内的展示厅是什么", "answer": "最高法院旧址", "reading_system_answer": null}]}, {"text": "陈列了人民法院诞生和发展的历史进程", "qa_pairs": [{"question": "陈列了人民法院诞生和发展的历史进程是什么", "answer": "人民法院", "reading_system_answer": null}, {"question": "陈列了人民法院诞生和发展的历史进程是什么", "answer": "历史进程", "reading_system_answer": null}, {"question": "陈列了人民法院诞生和发展的历史进程的陈列了人民法院诞生和发展的历史进程是", "answer": "陈列", "reading_system_answer": null}]}, {"text": "还有最高人民法院历任院长的题词", "qa_pairs": [{"question": "法国最高人民法院历任院长的题历院长是", "answer": "题词", "reading_system_answer": null}, {"question": "还有最高人民法院历任院长的题词是什么", "answer": "最高人民法院历任院长", "reading_system_answer": null}]}, {"text": "“二苏大”景区距离市区5公里", "qa_pairs": [{"question": "“5公里的”二大”景区距离市区5公里的”二大”景区距离市区5公里的”二大“区区", "answer": "二苏大", "reading_system_answer": null}, {"question": "“二苏大”景区距离市区5公里的景度是什么", "answer": "景区距离市区", "reading_system_answer": null}, {"question": "“二苏大”景区距离市区5公里的景二苏大”景区距离市区5公里的”二苏大”景区距离", "answer": "公里", "reading_system_answer": null}]}, {"text": "临时中央政府从叶坪搬迁到沙洲坝后", "qa_pairs": [{"question": "中国沙洲坝后从叶坪搬迁到沙洲坝后的国家从叶坪搬迁到沙洲坝后的国家从叶坪搬迁到沙", "answer": "中央政府", "reading_system_answer": null}, {"question": "中央政府从叶坪搬迁到沙洲坝后的叶坪叶坪叶坪搬迁到沙洲坝后的国家从叶坪搬迁到沙洲", "answer": "沙洲坝", "reading_system_answer": null}, {"question": "中央政府从叶坪搬迁到沙洲坝后的沙洲坝后是什么", "answer": "叶坪", "reading_system_answer": null}]}, {"text": "在这里召开了中华苏维埃共和国第二次全国代表大会", "qa_pairs": [{"question": "在这里召开了中华苏维埃共和国第二次全国表大会的国家在在这代表大会是什么", "answer": "中华苏维埃共和国第二次全国代表大会", "reading_system_answer": null}]}, {"text": "主要景点包括中央政府大礼堂、防空洞、诗山梅园、中央革命博物馆旧址、人民民主专政广场、人大旧址、人大陈列馆等", "qa_pairs": [{"question": "、、人民主专政广场、人民主专政广大礼址、人民民主专政馆人大陈列馆等是什么", "answer": "旧址", "reading_system_answer": null}, {"question": "、、人民主专政广场、人大礼堂中央革命博物馆的国家在、、防空洞、诗山梅园、中央革", "answer": "诗山梅园", "reading_system_answer": "中央政府大礼堂、防空洞、诗山梅园、中央革命博物馆旧址、人民民主专政广场、人大旧址、人大陈列馆"}, {"question": "、、人民主专政广场、人大礼堂中央革命博物馆的国家在、、人民民主专政广场大礼堂中", "answer": "中央", "reading_system_answer": "中央政府大礼堂、防空洞、诗山梅园"}, {"question": "、、防空洞、诗山梅园、中央革命博物馆的国家在、、防空洞、诗山梅园堂中央革命博物", "answer": "人民民主专政广场", "reading_system_answer": null}, {"question": "、、防空洞、诗山梅园、中央革命博物馆的国家在、、人民主专政广场、人大旧址、人民", "answer": "中央政府大礼堂", "reading_system_answer": "中央政府大礼堂、防空洞、诗山梅园、中央革命博物馆旧址、人民民主专政广场、人大旧址、人大陈列馆"}, {"question": "、、人民主专政广场、人大旧址、人民民主专政广场、人大礼堂中央革命博物馆的国家命", "answer": "博物馆旧址", "reading_system_answer": "中央政府大礼堂、防空洞、诗山梅园、中央革命博物馆旧址、人民民主专政广场、人大旧址、人大陈列馆"}, {"question": "、、人民民主专政广场、人大礼堂中央革命博物馆的国家、、防空洞、诗山梅园、中央革", "answer": "防空洞", "reading_system_answer": null}, {"question": "、、防礼堂中央革命博物馆旧址、人民民主专政广场、人大旧址、人大陈列馆等的国家主", "answer": "景点", "reading_system_answer": "中央政府大礼堂、防空洞、诗山梅园"}, {"question": "、、人民主专政广场、人民主专政广场大旧址、人民民主专政广大旧址、人民大礼堂中央", "answer": "陈列馆", "reading_system_answer": "中央政府大礼堂、防空洞、诗山梅园、中央革命博物馆旧址、人民民主专政广场、人大旧址、人大陈列馆"}]}]}