{"passage": "央广网6月16日消息（记者王冰）新闻回顾：据报道，俄罗斯近日在克里米亚部署了“悬崖”岸基反舰导弹系统，有媒体评论，这型使用涡轮喷气发动机的井式“悬崖”岸基反舰导弹系统可以被视为“军舰杀手”。  “悬崖”反舰导弹系统究竟性能如何？俄罗斯在克里米亚地区持续强化部署又有怎样的战略意图？就相关话题，军事观察员杜文龙将为您深入解析。   “悬崖”反舰导弹系统。(资料图)  苏联解体后，“悬崖”反舰导弹系统曾经一度停止使用。俄罗斯于2016年恢复该系统的作战值班。现在俄罗斯对这一导弹进行了全面现代化升级，配备最新型远程和机动型导弹，军事观察员杜文龙认为，升级之后的“悬崖”反舰导弹系统能够更加精准地跟踪海上目标，并且其突防和毁伤能力也有了进一步提升。  杜文龙：  第一，导引头改进。冷战期间为了打击大型作战舰艇，导引头的精度不是太高，也不是特别敏感。这次改进加装了多模导引头。多模导引头的雷达、红外等多种模式能够独立使用或并联使用，这会使导弹对海上大型目标、中型目标、小型目标的截获和跟踪能力大幅度提高。  第二，战斗部调整。单一战斗部、半穿甲战斗部可能会加装燃烧战斗部或者其它战斗部，这样导弹对军舰的毁伤能力可以达到史上最高。  第三，按照预定的航路进行转弯点控制。如果这款导弹像以前那样按照低空平直弹道对目标攻击，那么很有可能被对方发现，容易被拦截，而如果这款导弹设定转弯点，结合现行反舰导弹的基本性能，它突破对方多层预警防御的能力也会有所进步和发展。  第四，采取固定岸基发射。如果在岸基大量配备、重复配备，那么导弹对海面目标构成的威胁比以前要大得多。  军事观察员杜文龙认为，“悬崖”反舰导弹系统能够与俄罗斯在克里米亚地区的其它兵力部署进行协同，强化俄罗斯对相关海上通道的控制权。  杜文龙：  这款导弹的使用一定要跟无人机、卫星以及空中侦察力量进行链接，如果信号能够通过空中平台提供给反舰导弹的发射指挥系统，导弹就可以在短时间内跟踪瞄准目标，设定诸元，对目标发动攻击。这样，无论是在近海地区还是远海地区，这款导弹对重要航路的封控作用以及对港口的保护作用都将会有较大的进步。  当然，如果这款导弹和其他的反舰导弹相互配合，它的能力也会提高。除了“悬崖”导弹之外，俄罗斯之前也在克里米亚应急部署了“棱堡”反舰导弹系统和“天王星”反舰导弹系统。如果这三款反舰导弹同时看守黑海的大门，将有利于俄罗斯提高对相关海上通道的控制能力。   俄军“舞会”岸基导弹系统试射“天王星”反舰导弹。（资料图）  军事观察员杜文龙表示，以美国为首的北约持续对俄罗斯采取激进态度，是俄罗斯强化相关地区军事部署的根本原因，这种大国博弈并不利于地区和平稳定。  杜文龙：  俄罗斯在克里米亚半岛部署“悬崖”导弹的主要目标是强化克里米亚的桥头堡作用，因为这个半岛地区有俄罗斯的重要军港和重要军事设施，它的地理位置和战略位置都非常重要，是控制黑海最核心的一个要点。美国、北约包括乌克兰如果对克里米亚发动攻击，很有可能会遭受到俄罗斯多种武器的打击，所以强化反舰导弹的反舰能力以及防空导弹的防空反导能力，对保卫克里米亚有重要作用。  如果今后S-400防空导弹系统、“棱堡” 反舰导弹系统、“天王星” 反舰导弹系统和“悬崖”反舰导弹系统能够组成一个反舰体系，这将对遏制北约舰队在黑海的活动发挥重要的作用。   S-400防空导弹系统。（资料图）  目前美国和北约在黑海的军事存在正在逐渐提高，在波罗的海的各种军事演练也很频繁。所以目前美国和北约对俄罗斯的基本意图是两海联动、南北结合，把刺刀尖抵到俄罗斯的胸膛上。  近期美国还在波兰、罗马尼亚等新东欧地区大量部署各种武器装备，美国武器甚至已经成了这个地区的常态，在这种情况下，俄罗斯必须强化在周边的进攻能力和防御作战能力，只有这样才能够应对有可能突然发生的各种打击行动。  所以强化在黑海的军事存在，提高进攻能力，增加对舰队的反制能力和打击能力，本身也是俄罗斯反制美国和北约再次东扩的一个重要手段。随着大国竞争战略的逐渐展开，未来类似的行动、类似的部署将在这个地区重复出现。", "sentences": [{"text": "央广网6月16日消息（记者王冰）新闻回顾：据报道", "qa_pairs": [{"question": "央广网6月16日消息（记者王冰）新闻回顾：据报道的）新闻回顾：据报道新6日消息", "answer": "记者王冰", "reading_system_answer": null}, {"question": "央6日消息（记者王冰）新闻回顾：据报道的国家）6日消息（记者王冰）新闻回顾：据", "answer": "网6月16日消息", "reading_system_answer": "央广网6月16日消息（记者王冰）新闻回顾："}, {"question": "央广网6月16日消息（记者王冰）新闻回顾：据报道的）新王冰新者闻回顾：据报道回", "answer": "新闻", "reading_system_answer": null}]}, {"text": "俄罗斯近日在克里米亚部署了“悬崖”岸基反舰导弹系统", "qa_pairs": [{"question": "俄罗斯近日在克里米亚部署了“悬崖”岸基反舰导弹系统的国家近日在克里米亚部署了“", "answer": "岸基", "reading_system_answer": null}, {"question": "俄罗斯近日“悬崖”岸基反舰导弹系统的近日在克里米亚部署了“悬崖”岸基反舰导弹系", "answer": "俄罗斯", "reading_system_answer": null}, {"question": "俄罗斯近日在克里米亚部署了“悬崖”岸基反舰导弹系统的国家在克里米亚部署了“悬崖", "answer": "悬崖", "reading_system_answer": null}, {"question": "俄罗斯近日在克里米亚部署了“悬崖”岸基反舰导弹系统的国家近日在克里米亚部署了“", "answer": "部署", "reading_system_answer": null}, {"question": "俄罗斯近日在克里米亚部署了“悬崖”岸基反舰导弹系统的国家近日反舰导弹系统是哪个", "answer": "系统", "reading_system_answer": null}]}, {"text": "有媒体评论", "qa_pairs": [{"question": "有媒体评论论有什么意义", "answer": "媒体评论", "reading_system_answer": null}]}, {"text": "这型使用涡轮喷气发动机的井式“悬崖”岸基反舰导弹系统可以被视为“军舰杀手”", "qa_pairs": [{"question": "井悬崖”岸基反舰导弹系统的国家在“悬手”的导弹系统的国家使用涡轮喷气发动机的井", "answer": "岸基", "reading_system_answer": null}, {"question": "井反舰导弹系统的井式喷气发动机的井式“悬崖”岸基反舰导弹系统的发动机是什么", "answer": "涡轮喷气发动机", "reading_system_answer": "涡轮喷气发动机"}, {"question": "井轮喷气发动机的井式“悬崖”岸基反舰导弹系统可以被视为“军舰杀手”的国家其型使", "answer": "悬崖", "reading_system_answer": "这型使用涡轮喷气发动机"}, {"question": "井反舰导弹系统的反舰导弹系统的舰杀手”是什么", "answer": "军舰", "reading_system_answer": "这型使用涡轮喷气发动机的井式“悬崖”岸基反舰导弹系统"}, {"question": "井悬崖”岸基反舰导弹系统的“悬手”的井式“悬崖”岸基反舰导弹系统的“井轮喷气发", "answer": "井式", "reading_system_answer": "涡轮喷气发动机"}, {"question": "井反舰导弹系统的反舰导弹系统是什么", "answer": "系统", "reading_system_answer": "井式“悬崖”岸基反舰导弹系统"}]}, {"text": "“悬崖”反舰导弹系统究竟性能如何？俄罗斯在克里米亚地区持续强化部署又有怎样的战略意图？就相关话题", "qa_pairs": [{"question": "“悬崖”反舰导弹系统究竟性能如何？图？就相关话题的", "answer": "俄罗斯", "reading_system_answer": "俄罗斯在克里米亚地区持续强化部署又有怎样的战略意图？"}, {"question": "“悬崖”反舰导弹系统究竟性能如何？俄罗斯在克里米亚地区持续强化部署的国家在克里", "answer": "悬崖", "reading_system_answer": "俄罗斯在克里米亚地区持续强化部署又有怎样的战略意图"}, {"question": "？悬崖”反舰导弹系统究竟性能如何？俄罗斯在克里米亚地区持续强化部署的国家在克里", "answer": "部署", "reading_system_answer": "俄罗斯在克里米亚地区持续强化部署又有怎样的战略意图"}, {"question": "？悬崖”反舰导弹系统究竟性能如何？俄罗斯在克里米亚地区持续强化部署的国家在克里", "answer": "系统", "reading_system_answer": "俄罗斯在克里米亚地区持续强化部署又有怎样的战略意图"}, {"question": "“悬崖”反舰导弹系统究竟性能如何？俄罗斯在克里米亚地区持续强化部署又有怎样的战", "answer": "战略意图", "reading_system_answer": "俄罗斯在克里米亚地区持续强化部署又有怎样的战略意图"}, {"question": "？悬崖”反舰导弹系统究竟性能如何", "answer": "性能", "reading_system_answer": null}, {"question": "？悬崖”反舰导弹系统究竟性能如何？俄罗斯在克里米亚地区持续强化部署的国家在克里", "answer": "地区", "reading_system_answer": "俄罗斯在克里米亚地区持续强化部署又有怎样的战略意图"}, {"question": "？？就相关的意图？就相关化题是什么", "answer": "话题", "reading_system_answer": null}]}, {"text": "军事观察员杜文龙将为您深入解析", "qa_pairs": [{"question": "军事观察员龙文龙将为您深入解析的国家将为您深入解析的国家将为您事察员龙为军事观", "answer": "军事观察员杜", "reading_system_answer": null}]}, {"text": "“悬崖”反舰导弹系统", "qa_pairs": [{"question": "“悬崖”反舰导弹系统是什么", "answer": "系统", "reading_system_answer": null}, {"question": "“悬崖”反舰导弹系统的反舰导弹系统是什么", "answer": "悬崖", "reading_system_answer": null}]}, {"text": "(资料图)  苏联解体后", "qa_pairs": [{"question": "()苏联解体后的解体后苏))苏联解体后()资图图图苏资料解体解体解体解体解体解", "answer": "资料图", "reading_system_answer": null}, {"question": "(资料图)苏联解体后的解体后是什么", "answer": "苏联解体", "reading_system_answer": null}]}, {"text": "“悬崖”反舰导弹系统曾经一度停止使用", "qa_pairs": [{"question": "“悬崖”反舰导弹系统曾经一度停止使用的导弹系统曾经一度停止使用的导弹系统曾经一", "answer": "系统", "reading_system_answer": null}, {"question": "“悬崖”反舰导弹系统曾经一度停止使用的是什么", "answer": "一度", "reading_system_answer": null}, {"question": "“悬崖”反舰导弹系统曾经一度停止使用的是什么", "answer": "悬崖", "reading_system_answer": null}]}, {"text": "俄罗斯于2016年恢复该系统的作战值班", "qa_pairs": [{"question": "俄罗斯于2016年恢复该系统的作战值班的系统是什么", "answer": "系统", "reading_system_answer": null}, {"question": "俄罗斯于2016年恢复该系统的作战值班的国家于哪十年恢复", "answer": "2016年", "reading_system_answer": "2016年"}, {"question": "俄罗斯于2016年恢复该系统的作战值班的国家于2016年恢复该系统的作战值班是", "answer": "俄罗斯", "reading_system_answer": null}]}, {"text": "现在俄罗斯对这一导弹进行了全面现代化升级", "qa_pairs": [{"question": "现在俄罗斯对这一导弹进行了全面现代化升级的国家在现代化升级的导弹进行了全面现代", "answer": "一导弹", "reading_system_answer": null}, {"question": "现在俄罗斯对这一导弹进行了全面现代化升级的国家在现代化升级的国家在现代化进行了", "answer": "全面", "reading_system_answer": null}, {"question": "现在俄罗斯对这一导弹进行了全面现代化升级的国家在俄罗斯对这一导弹进行了全面现代", "answer": "俄罗斯", "reading_system_answer": null}]}, {"text": "配备最新型远程和机动型导弹", "qa_pairs": [{"question": "配备最新型远程和机动型导弹的导弹是什么", "answer": "导弹", "reading_system_answer": null}, {"question": "配备最新型远程和机动型导弹使用的是什么导弹", "answer": "机动", "reading_system_answer": null}, {"question": "配备最新型远程和机动型导弹的导弹使用的是什么导弹", "answer": "远程", "reading_system_answer": null}]}, {"text": "军事观察员杜文龙认为", "qa_pairs": [{"question": "军事观察员龙认为什么要为杜事观察员龙认为文龙员龙", "answer": "军事观察员杜", "reading_system_answer": null}]}, {"text": "升级之后的“悬崖”反舰导弹系统能够更加精准地跟踪海上目标", "qa_pairs": [{"question": "升级之后的“悬崖”反舰导弹系统能够更加精准地跟踪海上目标是什么", "answer": "系统", "reading_system_answer": null}, {"question": "升悬崖”反舰导弹系统能够更加精准地跟踪海上目标是什么", "answer": "精准", "reading_system_answer": null}, {"question": "“悬崖”反舰导弹系统跟踪海上目的是什么", "answer": "目标", "reading_system_answer": null}, {"question": "升级之后的“悬崖”反舰导弹系统能够更加精准地跟踪海上目标是什么", "answer": "悬崖", "reading_system_answer": null}]}, {"text": "并且其突防和毁伤能力也有了进一步提升", "qa_pairs": [{"question": "并且其突防和毁伤力也有了进一步提升的国家的突力也有了进一步提升的国家其一和毁伤", "answer": "能力", "reading_system_answer": "突防和毁伤能力"}]}, {"text": "杜文龙：  第一", "qa_pairs": [{"question": "杜文龙：第一一一一一：龙：第一的第一文龙杜文龙杜文：第一的第一杜文：第一的第一", "answer": "第一", "reading_system_answer": null}, {"question": "杜文龙：第一的第一的第一的第一龙龙龙龙龙杜文：：第一的：型号是", "answer": "杜", "reading_system_answer": null}]}, {"text": "导引头改进", "qa_pairs": [{"question": "导引头改进的导弹头改进的引头改进的引头改引进进导导导导导导导导导导导导导导导导", "answer": "导引头", "reading_system_answer": null}]}, {"text": "冷战期间为了打击大型作战舰艇", "qa_pairs": [{"question": "冷战期间为了打击大型作战舰艇的国家打击大型作战舰艇是哪一艘", "answer": "舰艇", "reading_system_answer": null}]}, {"text": "导引头的精度不是太高", "qa_pairs": [{"question": "导引头的精度是什么", "answer": "精度", "reading_system_answer": null}, {"question": "导引头的精度不是太高的导弹头的精度不是太高的导弹头的精度不是太高的引头的引头是", "answer": "导引头", "reading_system_answer": null}]}, {"text": "也不是特别敏感", "qa_pairs": [{"question": "特别敏感的敏感是什么", "answer": "", "reading_system_answer": null}]}, {"text": "这次改进加装了多模导引头", "qa_pairs": [{"question": "改进加装了多模导引头的导弹是什么", "answer": "导引头", "reading_system_answer": null}]}, {"text": "多模导引头的雷达、红外等多种模式能够独立使用或并联使用", "qa_pairs": [{"question": "、红达、红外等多种模式能够独立使用或并联使用的是什么样的", "answer": "并联", "reading_system_answer": "多模导引头"}, {"question": "多模导引头的雷达、红外等多种模式能够独立使用或并联使用的是什么样的", "answer": "红外", "reading_system_answer": null}, {"question": "多模导引头的雷达、红外等多种模式能够独立使用或并联使用的是什么模式", "answer": "多种模式", "reading_system_answer": null}, {"question": "多模导引头的雷达、红外等多种模式能够独立使用或并联使用的是什么雷达", "answer": "雷达", "reading_system_answer": null}, {"question": "多模导引头的雷达、红外等多种模式能够独立使用或并联使用的是什么导引头的雷达、红", "answer": "导引头", "reading_system_answer": null}]}, {"text": "这会使导弹对海上大型目标、中型目标、小型目标的截获和跟踪能力大幅度提高", "qa_pairs": [{"question": "对海上大型目标的截获和跟踪能力大幅度提高的国家其标、小型目标的截获和跟踪弹对海", "answer": "导弹", "reading_system_answer": null}, {"question": "对海上大型目标、小型目标的截获和跟踪能力大幅度提高的国家其标弹中型目标、小型目", "answer": "目标", "reading_system_answer": "这会使"}, {"question": "目标、小型目标的截获和跟踪能力大幅度提高是海上大型目标、中型目标、小型目标的截", "answer": "能力", "reading_system_answer": null}]}, {"text": "第二", "qa_pairs": [{"question": "第二第二第二第二任上二战上上二上二战上二战上二战上二", "answer": "第二", "reading_system_answer": null}]}, {"text": "战斗部调整", "qa_pairs": [{"question": "战斗部调整整整战斗部调整整战斗部调战斗部调战斗战调战战战战战战战战战战战斗战战", "answer": "战斗部", "reading_system_answer": null}]}, {"text": "单一战斗部、半穿甲战斗部可能会加装燃烧战斗部或者其它战斗部", "qa_pairs": [{"question": "单一战斗部、半穿甲战斗部或者其战斗部或者其战斗部或者其战斗部可能会加装燃烧战斗", "answer": "战斗部", "reading_system_answer": null}, {"question": "单、半穿甲战斗部或者其它战斗部可能会加装燃烧战斗部或者其它战斗部的国家单、半穿", "answer": "半", "reading_system_answer": "单一战斗部"}]}, {"text": "这样导弹对军舰的毁伤能力可以达到史上最高", "qa_pairs": [{"question": "对军舰的毁伤能力可以达到史上最高的最高是", "answer": "导弹", "reading_system_answer": null}, {"question": "对军舰的毁伤能力可以达到史上最高的最高是什么", "answer": "能力", "reading_system_answer": null}, {"question": "到达到史上最高能力可以达到史上最高的国家对军舰的毁伤能力可以达到史上最高的国家", "answer": "军舰", "reading_system_answer": null}]}, {"text": "第三", "qa_pairs": [{"question": "第三第三第三第三第三第三第三第三第三第三第三第三第三第三第三第三第三第三第三第", "answer": "第三", "reading_system_answer": null}]}, {"text": "按照预定的航路进行转弯点控制", "qa_pairs": [{"question": "按照预定的航路进行转弯点控制的航路进行转弯点是什么", "answer": "航路", "reading_system_answer": null}, {"question": "航路进行转弯点控制的控枪控制的优点是什么", "answer": "点", "reading_system_answer": null}]}, {"text": "如果这款导弹像以前那样按照低空平直弹道对目标攻击", "qa_pairs": [{"question": "如果这款导弹像以前那样按照低空平直弹道对目标攻击", "answer": "款导弹", "reading_system_answer": null}, {"question": "低空平直弹道对目那种按照低空平直弹道对目标攻击", "answer": "目标", "reading_system_answer": null}, {"question": "如果这款导弹像以前那样按照低空平直弹道对目标攻击", "answer": "低空", "reading_system_answer": null}, {"question": "如果这款导弹像以前那样按照低空平直弹道对目标攻击", "answer": "弹道", "reading_system_answer": null}]}, {"text": "那么很有可能被对方发现", "qa_pairs": [{"question": "对方对很有可被对方对对对方对很有可能被对方么发现的方法国现发现发现的方法国现有", "answer": "对方", "reading_system_answer": null}]}, {"text": "容易被拦截", "qa_pairs": [{"question": "容易被拦截的拦截是什么", "answer": "", "reading_system_answer": null}]}, {"text": "而如果这款导弹设定转弯点", "qa_pairs": [{"question": "如果这款导弹设定转弯点是什么", "answer": "款导弹", "reading_system_answer": null}, {"question": "如果这款导弹设定转弯点是什么", "answer": "点", "reading_system_answer": null}]}, {"text": "结合现行反舰导弹的基本性能", "qa_pairs": [{"question": "结合现行反舰导弹的基本是什么", "answer": "基本性能", "reading_system_answer": null}, {"question": "现基本性能的导弹的基本性能是什么", "answer": "现行", "reading_system_answer": null}]}, {"text": "它突破对方多层预警防御的能力也会有所进步和发展", "qa_pairs": [{"question": "预警防御的能力也会有所进步和方多层预警防御的能力也会有所进步和发展的突破对方多", "answer": "对方多层", "reading_system_answer": null}, {"question": "对于预力御御的会层有展习的步所进所进行中会警枪发力的会步定和能对中方方面有展力", "answer": "有所", "reading_system_answer": null}, {"question": "它突破对方多层预警防御的能力也会有所进步和发展的防御的能力也会有所进步和发展的", "answer": "能力", "reading_system_answer": null}]}, {"text": "第四", "qa_pairs": [{"question": "第四第四战上上上上上上上的三战上四战上四战上四战上四战上四", "answer": "第四", "reading_system_answer": null}]}, {"text": "采取固定岸基发射", "qa_pairs": [{"question": "采用固定岸基发射的基础是什么", "answer": "岸基", "reading_system_answer": null}]}, {"text": "如果在岸基大量配备、重复配备", "qa_pairs": [{"question": "如果在岸基大量配备、重复配备的岸基大量配备、重复配备的岸基大量配备的是什么", "answer": "岸基大量", "reading_system_answer": null}]}, {"text": "那么导弹对海面目标构成的威胁比以前要大得多", "qa_pairs": [{"question": "那一型护锋导弹对海面目标构成的威胁比以前要大得多少目那", "answer": "海面目标", "reading_system_answer": null}, {"question": "对海面目标构成的威胁比以前要大得多少导弹的国家其导弹导弹导弹导弹导弹导弹导弹导", "answer": "导弹", "reading_system_answer": null}]}, {"text": "军事观察员杜文龙认为", "qa_pairs": [{"question": "军事观察员龙认为什么要为杜事观察员龙认为文龙员龙", "answer": "军事观察员杜", "reading_system_answer": null}]}, {"text": "“悬崖”反舰导弹系统能够与俄罗斯在克里米亚地区的其它兵力部署进行协同", "qa_pairs": [{"question": "“悬崖”反舰导弹系统的反舰导弹与俄罗斯在克里米亚地区的其兵力部署进行协同的国家", "answer": "兵力部署", "reading_system_answer": null}, {"question": "“悬崖”反舰导弹系统的反舰导弹是哪个公司协同", "answer": "俄罗斯", "reading_system_answer": "俄罗斯在克里米亚地区的其它兵力部署"}, {"question": "“悬崖”反舰导弹系统的反舰导弹协同是什么", "answer": "悬崖", "reading_system_answer": "能够与俄罗斯在克里米亚地区的其它兵力部署"}, {"question": "“悬崖”反舰导弹系统的反舰导弹协同有哪些", "answer": "协同", "reading_system_answer": null}, {"question": "“悬崖”反舰导弹系统能够与俄罗斯在克里米亚地区的其它兵力部署进行协同的国家在克", "answer": "系统", "reading_system_answer": null}, {"question": "“悬崖”反舰导弹系统的反舰导弹与俄罗斯在克里米亚地区的其它兵力部署进行协同的国", "answer": "地区", "reading_system_answer": null}]}, {"text": "强化俄罗斯对相关海上通道的控制权", "qa_pairs": [{"question": "俄罗斯对相关海上通道的控制权是什么", "answer": "控制权", "reading_system_answer": null}, {"question": "俄罗斯对相关海上通道的控制权是什么", "answer": "俄罗斯", "reading_system_answer": null}]}, {"text": "杜文龙：  这款导弹的使用一定要跟无人机、卫星以及空中侦察力量进行链接", "qa_pairs": [{"question": "杜文龙：的使用一定要跟无人机、卫星的使用一定要跟无人机、卫星的使用一中侦察力量", "answer": "链接", "reading_system_answer": null}, {"question": "杜文龙：这款导弹的使用一定要跟无人机、卫星以及空中侦察力量进行链接的国家其龙：", "answer": "款导弹", "reading_system_answer": null}, {"question": "杜文龙：的所属国在杜文的导弹的链接是什么", "answer": "杜", "reading_system_answer": "这款导弹的使用一定要跟无人机、卫星以及空中侦察力量"}, {"question": "杜文龙：这款导弹的使用一定要跟无人机、卫星以及空中侦察力量进行链接的国家其龙：", "answer": "卫星", "reading_system_answer": null}, {"question": "杜文龙：这款导弹的使用一定要跟无人机、卫星以及空中侦察力量进行链接的国家其导弹", "answer": "力量", "reading_system_answer": null}]}, {"text": "如果信号能够通过空中平台提供给反舰导弹的发射指挥系统", "qa_pairs": [{"question": "如果信号能够通过空中平台提供给反舰导弹的发射指挥系统的导弹是什么", "answer": "平台", "reading_system_answer": null}, {"question": "如果信号能够通过空中平台提供给反舰导弹的发射指挥系统是什么", "answer": "指挥系统", "reading_system_answer": null}, {"question": "如果信号能够通过空中平台提供给反舰导弹的发射指挥系统的导弹的发射指挥系统是什么", "answer": "信号", "reading_system_answer": null}]}, {"text": "导弹就可以在短时间内跟踪瞄准目标", "qa_pairs": [{"question": "导弹准目标是什么", "answer": "短时间内", "reading_system_answer": null}, {"question": "导弹准目标是什么", "answer": "导弹", "reading_system_answer": null}, {"question": "导弹准目内跟踪瞄准的目的是什么", "answer": "目标", "reading_system_answer": null}]}, {"text": "设定诸元", "qa_pairs": [{"question": "设定诸元设定诸元诸元诸元诸元诸设定设定设定元诸设定元诸设定元诸设定元诸设定元诸", "answer": "诸元", "reading_system_answer": null}]}, {"text": "对目标发动攻击", "qa_pairs": [{"question": "对目标发动攻击中目的目的是什么", "answer": "目标", "reading_system_answer": null}]}, {"text": "这样", "qa_pairs": [{"question": "样样的意样是", "answer": "", "reading_system_answer": null}]}, {"text": "无论是在近海地区还是远海地区", "qa_pairs": [{"question": "无论是在近海地区还是远海地区的国家在近海地区还是远论是在近海地区还是远论是在近", "answer": "远海地区", "reading_system_answer": null}, {"question": "无论是近海地区还是远海地区还是远海地区的国家在近海地区还是远论是在近海地区的国", "answer": "地区", "reading_system_answer": null}]}, {"text": "这款导弹对重要航路的封控作用以及对港口的保护作用都将会有较大的进步", "qa_pairs": [{"question": "对于重要航路的封控作用的航路进步中的国家的款导弹对重要航路的封控作用的是什么导", "answer": "款导弹", "reading_system_answer": "对港口的保护作用"}, {"question": "对于港口的保护作用都将会有较大的进步中的航路的封控作用的是什么样的", "answer": "航路", "reading_system_answer": null}, {"question": "这款导弹对重要航路的封控作用的是什么样的", "answer": "港口", "reading_system_answer": null}]}, {"text": "当然", "qa_pairs": [{"question": "当然为当然然然当当然然然然然然然然然然然然然然然然然然当当当当当当当当当当当当", "answer": "", "reading_system_answer": null}]}, {"text": "如果这款导弹和其他的反舰导弹相互配合", "qa_pairs": [{"question": "如果这款导弹和其他的反舰导弹相互配合的导弹相互配合的导弹是什么", "answer": "款导弹", "reading_system_answer": null}]}, {"text": "它的能力也会提高", "qa_pairs": [{"question": "它的能提高是什么", "answer": "能力", "reading_system_answer": null}]}, {"text": "除了“悬崖”导弹之外", "qa_pairs": [{"question": "除了“悬崖”导弹之外的导弹是什么", "answer": "导弹", "reading_system_answer": null}, {"question": "除了“悬崖”导弹之外的导弹除外之外导弹除了“悬崖”悬崖”悬崖”悬崖导悬“悬崖除", "answer": "悬崖", "reading_system_answer": null}]}, {"text": "俄罗斯之前也在克里米亚应急部署了“棱堡”反舰导弹系统和“天王星”反舰导弹系统", "qa_pairs": [{"question": "俄罗斯之反舰导弹系统和“天王星”反舰导弹系统是哪个系统", "answer": "系统", "reading_system_answer": "棱堡”反舰导弹系统"}, {"question": "俄罗斯之前也在克里米亚应急部署了“棱堡”反舰导弹系统的国家“反舰导弹系统的”反", "answer": "天王星", "reading_system_answer": null}, {"question": "俄罗斯之前也在克里米亚应急部署了“棱堡”反舰导弹系统的国家在反舰导弹系统的国家", "answer": "部署", "reading_system_answer": null}, {"question": "俄罗斯之前也在克里米亚应急部署了“棱堡”反舰导弹系统的国家在克里米亚应急部署了", "answer": "俄罗斯", "reading_system_answer": null}]}, {"text": "如果这三款反舰导弹同时看守黑海的大门", "qa_pairs": [{"question": "如果这三款反舰导弹同时看守黑海的大门是哪个", "answer": "黑海", "reading_system_answer": null}, {"question": "如果这三款反舰导弹同时看守黑海的大门是什么", "answer": "大门", "reading_system_answer": null}, {"question": "如果这三款反舰导弹同时看守黑海的大门是哪一款", "answer": "三款", "reading_system_answer": null}]}, {"text": "将有利于俄罗斯提高对相关海上通道的控制能力", "qa_pairs": [{"question": "将有利于俄罗斯提高对相关海上通道的控制能力是什么", "answer": "控制能力", "reading_system_answer": null}, {"question": "将有利于俄罗斯提高对相关海上通道的控制能力是什么", "answer": "俄罗斯", "reading_system_answer": null}]}, {"text": "俄军“舞会”岸基导弹系统试射“天王星”反舰导弹", "qa_pairs": [{"question": "俄军“舞会”岸基导弹系统试射“天王星”反舰导弹的导弹是哪个", "answer": "天王星", "reading_system_answer": null}, {"question": "俄军“舞会”岸基导弹系统试射“天王星”反舰导弹的导弹是哪个", "answer": "舞会", "reading_system_answer": null}, {"question": "俄军“舞会”岸基导弹系统试射“天王星”反舰导弹系统试射“天王星”反舰导弹系统试", "answer": "岸基导弹系统", "reading_system_answer": null}]}, {"text": "（资料图）  军事观察员杜文龙表示", "qa_pairs": [{"question": "（）军事观察员龙表示的是什么", "answer": "资料图", "reading_system_answer": null}, {"question": "（资军事观察员龙表示的是什么", "answer": "军事观察员杜", "reading_system_answer": null}]}, {"text": "以美国为首的北约持续对俄罗斯采取激进态度", "qa_pairs": [{"question": "以美国为首的北约持续对俄罗斯采取激进态度的国家其采用激进态度的国家其采用激进态", "answer": "北约", "reading_system_answer": null}, {"question": "以美国为首的北约持激进态度的激进态度是什么", "answer": "态度", "reading_system_answer": "持续对俄罗斯"}, {"question": "以美国为首的北约持续对俄罗斯采取激进态度的国家采用的是什么采用", "answer": "美国", "reading_system_answer": null}, {"question": "以美国为首的北约持续对俄罗斯采取激进态度的国家采用的是什么采用", "answer": "俄罗斯", "reading_system_answer": null}]}, {"text": "是俄罗斯强化相关地区军事部署的根本原因", "qa_pairs": [{"question": "俄罗斯强化相关地区军事部署的根本原因是什么", "answer": "地区军事部署", "reading_system_answer": null}, {"question": "俄罗斯强化相关地区军事部署的根本是什么", "answer": "根本原因", "reading_system_answer": null}, {"question": "俄罗斯强化相关地区军事部署的根本原因是什么", "answer": "俄罗斯", "reading_system_answer": null}]}, {"text": "这种大国博弈并不利于地区和平稳定", "qa_pairs": [{"question": "博于地区和平稳定的国家并不利于地区和平稳定的国家并不利于地区和平稳定的国家并不", "answer": "大国", "reading_system_answer": "这种大国博弈"}, {"question": "博于地区和平稳定的国家并不利于地区和平稳定的国家并不利于地区和平稳定的国家并不", "answer": "地区", "reading_system_answer": "这种大国博弈"}]}, {"text": "杜文龙：  俄罗斯在克里米亚半岛部署“悬崖”导弹的主要目标是强化克里米亚的桥头堡作用", "qa_pairs": [{"question": "杜文龙：俄罗斯在克里米亚半岛部署“悬崖”导弹的主要目标是强化克里米亚的桥头堡作", "answer": "导弹", "reading_system_answer": null}, {"question": "杜文龙：俄罗斯在克里米亚半岛部署“悬崖”导弹的主要目标是强化克里米亚的桥头堡作", "answer": "目标", "reading_system_answer": null}, {"question": "杜文龙：导弹的主要目标是强化克里桥头堡的国家在克里米亚半岛部署“悬崖”导弹的主", "answer": "桥头堡", "reading_system_answer": null}, {"question": "杜文龙：导弹的主要目标是强化克里米亚的桥头堡作用的是什么型号", "answer": "俄罗斯", "reading_system_answer": "俄罗斯在克里米亚半岛部署“悬崖”导弹"}, {"question": "俄罗斯在克里米亚半岛部署“悬崖”导弹的主要目标是强化克里米亚的桥头堡作用的是什", "answer": "杜", "reading_system_answer": null}, {"question": "杜文龙：俄罗斯在克里米亚半岛部署“悬崖”导弹的主要目标是强化克里米亚的桥头堡作", "answer": "悬崖", "reading_system_answer": null}, {"question": "杜文龙：俄罗斯在克里米亚半岛部署“悬崖”导弹的主要目标是强化克里桥头堡的国家在", "answer": "克里米亚半岛部署", "reading_system_answer": null}]}, {"text": "因为这个半岛地区有俄罗斯的重要军港和重要军事设施", "qa_pairs": [{"question": "俄罗斯的重要军事设施的俄罗斯的重要军事设施是什么", "answer": "半岛地区", "reading_system_answer": "重要军港"}, {"question": "俄罗斯的重要军港和重要军事设施是什么", "answer": "军事设施", "reading_system_answer": "因为这个半岛地区"}, {"question": "俄罗斯的重要军港和重要军事设施的军事设施是什么", "answer": "军港", "reading_system_answer": "因为这个半岛地区"}, {"question": "因为这个半岛地区有俄罗斯的重要军事设施的国家的重要军事设施是什么", "answer": "俄罗斯", "reading_system_answer": "重要军港"}]}, {"text": "它的地理位置和战略位置都非常重要", "qa_pairs": [{"question": "它的地理位置和战略位置都非常重要的位置是什么", "answer": "地理位置", "reading_system_answer": "它的地理位置和战略位置"}, {"question": "它的地理位置和战略位置都非常重要的位置是什么", "answer": "战略", "reading_system_answer": "它的地理位置和战略位置"}]}, {"text": "是控制黑海最核心的一个要点", "qa_pairs": [{"question": "控制黑海最核心的一个要点是什么", "answer": "核心", "reading_system_answer": null}, {"question": "控制黑海最核心的一个要点是什么", "answer": "一个要点", "reading_system_answer": null}, {"question": "控制黑海最核心的一个要点是什么", "answer": "黑海", "reading_system_answer": null}]}, {"text": "美国、北约包括乌克兰如果对克里米亚发动攻击", "qa_pairs": [{"question": "美国、北约包括乌克兰如果对克里米亚发动攻击的国家包括乌克兰如果对克里米亚发动攻", "answer": "北约", "reading_system_answer": null}, {"question": "美国、北约包括乌克兰如果对克里米亚发动攻击的国家如果对克里米亚发动攻击的国家如", "answer": "乌克兰", "reading_system_answer": null}, {"question": "乌克兰如果对克里米亚发动攻击的国家约乌克兰如果对克里米亚发动攻击的国家约包括乌", "answer": "美国", "reading_system_answer": "美国、北约"}]}, {"text": "很有可能会遭受到俄罗斯多种武器的打击", "qa_pairs": [{"question": "遭到俄罗斯多种武器的打击是什么", "answer": "俄罗斯多种武器", "reading_system_answer": null}]}, {"text": "所以强化反舰导弹的反舰能力以及防空导弹的防空反导能力", "qa_pairs": [{"question": "反舰导弹的反舰导弹的反舰导弹的反舰导弹的反舰能力以及防空导弹的防空反导能力的导", "answer": "导弹", "reading_system_answer": "所以"}, {"question": "以强化反舰导弹的反舰能力以及防空导弹的防空反导能力的反舰能力以及防空导弹的防空", "answer": "反舰能力", "reading_system_answer": "所以"}, {"question": "反舰导弹的反舰能力以及防空导弹的防空反导能力的反舰导弹的反舰导弹的反舰能力以及", "answer": "能力", "reading_system_answer": null}]}, {"text": "对保卫克里米亚有重要作用", "qa_pairs": [{"question": "对保卫克里米亚有重要作用的重要作用是什么", "answer": "", "reading_system_answer": null}]}, {"text": "如果今后S-400防空导弹系统、“棱堡” 反舰导弹系统、“天王星” 反舰导弹系统和“悬崖”反舰导弹系统能够组成一个反舰体系", "qa_pairs": [{"question": "s-400防空导弹系统的反舰导弹系统能够组成一个反舰体系的国家后反舰导弹系统和", "answer": "天王星", "reading_system_answer": "S-400防空导弹系统、“棱堡” 反舰导弹系统、“天王星” 反舰导弹系统和“悬崖”反舰导弹系统"}, {"question": "s-400防空导弹系统的反舰导弹系统是什么", "answer": "导弹系统", "reading_system_answer": "S-400防空导弹系统、“棱堡” 反舰导弹系统、“天王星” 反舰导弹系统和“悬崖”反舰导弹系统"}, {"question": "s-400防空导弹系统的反舰导弹系统是什么", "answer": "悬崖", "reading_system_answer": "S-400防空导弹系统、“棱堡” 反舰导弹系统、“天王星” 反舰导弹系统和“悬崖”反舰导弹系统"}, {"question": "s“棱堡”反舰导弹系统的导弹系统、“棱堡导弹系统的导弹系统能“40防空导弹系统", "answer": "400", "reading_system_answer": null}, {"question": "s-400防空导弹系统能“棱堡导弹系统和“悬崖”反舰导弹系统能够组成什么系统", "answer": "一个反舰体系", "reading_system_answer": null}, {"question": "s“棱堡”反舰导弹系统、“棱堡导弹系统和“天王星”反舰导弹系统能够组成一个反舰", "answer": "系统", "reading_system_answer": "S-400防空导弹系统、“棱堡” 反舰导弹系统、“天王星” 反舰导弹系统和“悬崖”反舰导弹系统"}]}, {"text": "这将对遏制北约舰队在黑海的活动发挥重要的作用", "qa_pairs": [{"question": "北约舰队在黑海的活动发挥重要的作用是什么", "answer": "北约舰队", "reading_system_answer": "遏制北约舰队在黑海的活动"}, {"question": "北约舰队在黑海的活动发挥重要的作用是什么", "answer": "黑海", "reading_system_answer": "遏制北约舰队在黑海的活动"}]}, {"text": "S-400防空导弹系统", "qa_pairs": [{"question": "s-400防空导弹系统的导弹系统是什么", "answer": "400", "reading_system_answer": null}, {"question": "s-400防空导弹系统是什么", "answer": "导弹系统", "reading_system_answer": null}]}, {"text": "（资料图）  目前美国和北约在黑海的军事存在正在逐渐提高", "qa_pairs": [{"question": "（））目前美国和北约在黑海的军事存在正在逐渐提高什么", "answer": "资料图", "reading_system_answer": null}, {"question": "（）和北约在黑海的军事存在正在逐渐提高什么型号的", "answer": "北约", "reading_system_answer": null}, {"question": "（）和北约在黑海的军事存在正在逐渐提高什么", "answer": "军事", "reading_system_answer": null}, {"question": "（）目前美国和北约在黑海的军事存在正在逐渐提高什么型号的", "answer": "黑海", "reading_system_answer": null}, {"question": "（）和北约在黑海的军事存在正在逐渐提高的国家在黑海的军事存在正在逐渐提高什么", "answer": "美国", "reading_system_answer": null}]}, {"text": "在波罗的海的各种军事演练也很频繁", "qa_pairs": [{"question": "在波罗的海的各种军事演练中很频繁的国家在波罗的海的各种军事演练也很频繁是什么", "answer": "军事", "reading_system_answer": null}, {"question": "在波罗的海的各种军事演练也很频繁的国家在波罗的海的各种军事演练也很频繁是什么", "answer": "波罗的海", "reading_system_answer": null}]}, {"text": "所以目前美国和北约对俄罗斯的基本意图是两海联动、南北结合", "qa_pairs": [{"question": "美国和北约对俄罗斯的基本意图是两海联动、南北结合的国家目前和俄罗斯的基本意图是", "answer": "北约", "reading_system_answer": null}, {"question": "美国和北约对俄罗斯的基本意图是两海联动、南北结合的国家的两两国家目前北约对俄罗", "answer": "俄罗斯", "reading_system_answer": null}, {"question": "美国和北约对俄罗斯的基本意图是两海联动、南北结合的国家目前北约对俄罗斯的基本意", "answer": "美国", "reading_system_answer": null}, {"question": "美国和北约对俄罗斯的基本意图是两海联动、南北结合的国家目前北约对俄罗斯的基本意", "answer": "南北", "reading_system_answer": null}, {"question": "两海联动、南北结合的国家目前北约对俄罗斯的基本意图是两海联动、南北结合的国家目", "answer": "基本意图", "reading_system_answer": null}]}, {"text": "把刺刀尖抵到俄罗斯的胸膛上", "qa_pairs": [{"question": "把刺刀尖抵到俄罗斯的胸膛上的胸膛上的胸膛上的胸膛尖抵到俄罗斯的胸膛把俄罗斯的胸", "answer": "胸膛", "reading_system_answer": null}, {"question": "把刺刀尖抵到俄罗斯的胸膛上的胸膛上的胸膛上的胸刀尖抵到俄罗斯的胸膛上的抵到俄罗", "answer": "刺刀", "reading_system_answer": null}, {"question": "把刺刀尖抵到俄罗斯的胸膛上的胸膛上的胸膛上的胸抵到俄罗斯的胸膛尖把俄罗斯的膛尖", "answer": "俄罗斯", "reading_system_answer": null}]}, {"text": "近期美国还在波兰、罗马尼亚等新东欧地区大量部署各种武器装备", "qa_pairs": [{"question": "近期美国还在波兰、罗马尼亚等新东欧地区大量部署各种武器装备的国家尼亚等新东欧地", "answer": "东欧地区大量部署", "reading_system_answer": null}, {"question": "近期美国还在波兰、罗马尼亚等新东欧地区大量部署各种武器装备的国家尼亚等新东欧地", "answer": "罗马尼亚", "reading_system_answer": null}, {"question": "近期在波兰、罗马尼亚等新东欧地区大量部署各种武器装备的国家在波兰、罗马尼亚等新", "answer": "美国", "reading_system_answer": null}, {"question": "近期美国还在波兰、罗马尼亚等新东欧地区大量部署各种武器装备的国家尼亚等新东欧地", "answer": "波兰", "reading_system_answer": null}]}, {"text": "美国武器甚至已经成了这个地区的常态", "qa_pairs": [{"question": "美国武器甚至已经成了这个地区的常态是什么", "answer": "美国武器", "reading_system_answer": "美国武器甚至已经成了这"}, {"question": "美国武器甚至已经成了这个地区的常态区的常态是", "answer": "常态", "reading_system_answer": "美国武器甚至已经成了这"}, {"question": "美国武器甚至已经成了这个地区的常态是什么", "answer": "地区", "reading_system_answer": "美国武器甚至已经成了这"}]}, {"text": "在这种情况下", "qa_pairs": [{"question": "在这种情况下下况这种情况下下况这种情况下下况这种情况这种这种情这况这情这情这况", "answer": "情况", "reading_system_answer": null}]}, {"text": "俄罗斯必须强化在周边的进攻能力和防御作战能力", "qa_pairs": [{"question": "俄罗斯必须强化在周边的进攻能力和防御作战能力的作用是什么", "answer": "能力", "reading_system_answer": null}, {"question": "俄罗斯必须强化在周边的进攻能力和防御作战能力的国家在周边的进攻能力和防御作战能", "answer": "俄罗斯", "reading_system_answer": null}]}, {"text": "只有这样才能够应对有可能突然发生的各种打击行动", "qa_pairs": [{"question": "打击行动的打击行动的打击行动中的种型号是什么", "answer": "", "reading_system_answer": null}]}, {"text": "所以强化在黑海的军事存在", "qa_pairs": [{"question": "在黑海的军事存在黑海的军事存在黑海的军事存在黑化在黑海的军事存在黑化在黑化强化", "answer": "军事", "reading_system_answer": null}, {"question": "在黑海的军事存在黑海的军事存在哪里", "answer": "黑海", "reading_system_answer": null}]}, {"text": "提高进攻能力", "qa_pairs": [{"question": "提高进攻能力提高进攻能力的提高进攻能力是什么", "answer": "能力", "reading_system_answer": null}]}, {"text": "增加对舰队的反制能力和打击能力", "qa_pairs": [{"question": "增加对舰队的反制能力和打击能力的舰队的反制能力和打击能力的增加对舰队的反制能力", "answer": "舰队", "reading_system_answer": null}, {"question": "增加对舰队的反制能力和打击能力的能能能对舰队的反制能力和打击能力的能力和打击能", "answer": "能力", "reading_system_answer": null}]}, {"text": "本身也是俄罗斯反制美国和北约再次东扩的一个重要手段", "qa_pairs": [{"question": "俄罗斯反制美国和北约再次东扩的一个重要手段是什么", "answer": "北约", "reading_system_answer": null}, {"question": "俄罗斯反制美国和北约再次东扩的一个重要手段是什么", "answer": "俄罗斯", "reading_system_answer": null}, {"question": "俄罗斯反制美国和北约再次东扩的一个重要手段是什么", "answer": "手段", "reading_system_answer": null}, {"question": "俄罗斯反制美国和北约再次东扩的一个重要手段手段是什么", "answer": "美国", "reading_system_answer": null}, {"question": "俄罗斯反制美国和北约再次东扩的一个重要手段是什么", "answer": "一个", "reading_system_answer": null}, {"question": "俄罗斯反制美国和北约再次东扩的一个重要手段是什么", "answer": "东扩", "reading_system_answer": null}]}, {"text": "随着大国竞争战略的逐渐展开", "qa_pairs": [{"question": "随着大国竞争战略的逐渐展开的战略的逐渐展开是什么", "answer": "战略", "reading_system_answer": null}, {"question": "随着大国竞争战略的逐渐展开的战国竞争战略的逐渐展开是什么", "answer": "大国", "reading_system_answer": null}]}, {"text": "未来类似的行动、类似的部署将在这个地区重复出现", "qa_pairs": [{"question": "未来类似的行动、类区重复出现的重复出现是什么", "answer": "部署", "reading_system_answer": "未来类似的行动、类似的部署"}, {"question": "未来类似的行动、类区重复出现的重复出现的地区的部署是", "answer": "地区", "reading_system_answer": "未来类似的行动、类似的部署将在这"}]}]}