{"passage": "面对强势的印度海军，巴基斯坦近年来加大海军的投入。5月17日，巴基斯坦海军又一艘“新舰”下水，这艘由荷兰达门（Damen）造船集团位于罗马尼亚的造船厂建造的2300吨级战舰，实则是一艘“低配置”的近海巡逻舰。  5月17日当天，巴基斯坦海军在社交媒体上“官宣”，当天，这艘新的“轻型护卫舰”在罗马尼亚多瑙河畔的加拉茨市的达门造船厂下水，这艘战舰去年4月铺设龙骨后施工，经过了1年的建造，就已下水，由于人工便宜，加拉茨造船厂被达门集团收购后，曾为荷兰海军建造过后2艘“荷兰”级近海巡逻舰。   图片：下水方式很独特 2017年6月，巴基斯坦海军和达门集团签订了2艘新的“轻型护卫舰”合同，实则是近海巡逻舰（OPV）。这2艘新舰将基于达门的OPV2400方案建造，造价总计为1.8亿欧元，首舰计划在今年年底前交付，另一艘计划在2020年中交付。   图片：加拉茨位于多瑙河畔 这型护卫舰整体配置上依然和各国海军作为日常执勤、不执行高强度作战任务的近海巡逻舰差不多，舰长为90米，采用全柴动力，最高航速为23节，比各国2000吨级护卫舰普遍超25节的航速慢一些，主要武器是舰艏一门奥托76mm舰炮和舰尾直升机库两侧的2门20mm炮，没有任何导弹武器。   图片：达门的OPV2400 2艘新舰，平均造价约1亿美元，从成本上来说，和中国向孟加拉国海军出口的C13B，也就是056轻型护卫舰差不多，不过后者是正儿八经的轻型护卫舰，虽然吨位仅1300吨，但包括4枚鹰击83反舰导弹，红旗10舰空导弹，反潜对海对空作战能力远胜于这两艘OPV。   图片：C13B型护卫舰 不过，巴基斯坦海军可能另有考虑。  由于常年和印度海军对峙，巴基斯坦海军既需要引进4艘中国造的054A型护卫舰这样的高端战舰，也需要引进一种能够有较大自持力，长时间在阿拉伯海“刷存在”的近海巡逻舰，而C13B毕竟是1000吨出头的轻型护卫舰，自持力方面要比2000吨级的这型战舰弱不少，此外，这两艘新舰都是带有直升机平台和机库的，而056/056A都是只有直升机起降平台而没有机库。   图片：巴铁订购了4艘054A 另一方面，巴基斯坦总体上经济实力比较弱，对外军购时“场外因素”很多，从实际使用来看，包括新一代护卫舰、AIP潜艇等杀手锏武器都很务实的选择了中国货，但来自中东油霸的资金，也会让他们去选择欧洲、土耳其等国的军备作为补充，因此作出这样的选择并不奇怪。", "sentences": [{"text": "面对强势的印度海军", "qa_pairs": [{"question": "印度海军的印度海军是哪个", "answer": "印度海军", "reading_system_answer": null}, {"question": "印度海军的印度海军的海势的印度是什么", "answer": "强势", "reading_system_answer": null}]}, {"text": "巴基斯坦近年来加大海军的投入", "qa_pairs": [{"question": "巴基斯坦近年来加大海军的投入的近年来加大海军的投入的近年来加大海军的投入坦基斯", "answer": "巴基斯坦", "reading_system_answer": null}, {"question": "巴基斯坦近年来加大海军的投入巴基斯坦近年来加大海军的投入巴基斯坦近年来加大海军", "answer": "海军", "reading_system_answer": null}]}, {"text": "5月17日", "qa_pairs": [{"question": "5月17日5月17日5月17日5月17日5月15555月7日515555555", "answer": "5月17日", "reading_system_answer": null}]}, {"text": "巴基斯坦海军又一艘“新舰”下水", "qa_pairs": [{"question": "巴基斯坦海军又一艘“新舰”下水的海军是哪个", "answer": "巴基斯坦海军", "reading_system_answer": null}, {"question": "巴基斯坦海军又一艘“新舰”下水的是哪一艘", "answer": "一艘", "reading_system_answer": null}, {"question": "巴基斯坦海军又一艘“新舰”下水的原因是什么", "answer": "新舰", "reading_system_answer": null}]}, {"text": "这艘由荷兰达门（Damen）造船集团位于罗马尼亚的造船厂建造的2300吨级战舰", "qa_pairs": [{"question": "（damen）造船集团位于罗马尼亚的造船厂建造的2300吨级战舰是哪一艘", "answer": "艘", "reading_system_answer": null}, {"question": "由荷兰达门（damen）造船集团位于罗马尼亚的造船厂建造的2300吨级战舰是哪", "answer": "Damen", "reading_system_answer": null}, {"question": "（damen）造船集团位于罗马尼亚的造船厂建造的230吨级战舰是哪个", "answer": "荷兰", "reading_system_answer": null}, {"question": "（damen）造船集团位于罗马尼亚的造船厂建造的2300吨级战舰是哪一型号", "answer": "战舰", "reading_system_answer": null}, {"question": "（damen）造船集团位于罗马尼亚的造船厂建造的2300吨级战舰是哪个", "answer": "罗马尼亚", "reading_system_answer": null}, {"question": "（damen）造船集团位于罗马尼亚的造船厂建造的2300吨级战舰是哪一型号", "answer": "2300", "reading_system_answer": null}, {"question": "（damen）造船集团位于罗马尼亚的造船厂建造的2300吨级战舰是哪个", "answer": "造船厂", "reading_system_answer": null}, {"question": "（damen）造船集团位于罗马尼亚的造船厂建造的2300吨级战舰是哪个", "answer": "造船集团", "reading_system_answer": null}]}, {"text": "实则是一艘“低配置”的近海巡逻舰", "qa_pairs": [{"question": "””的实海巡逻克巡逻克于“则近配置的巡艘逻实逻点是什么", "answer": "实则", "reading_system_answer": null}, {"question": "“低配置”的近海巡逻舰的近海巡逻舰是哪一艘", "answer": "一艘", "reading_system_answer": null}, {"question": "实则是一艘“低配置”的近海巡逻舰的国家其海巡逻舰是哪艘", "answer": "巡逻舰", "reading_system_answer": null}]}, {"text": "5月17日当天", "qa_pairs": [{"question": "5月17日当天57日当天的17日当天的177月1月5月5日5月5日日天当日当日", "answer": "5月17日", "reading_system_answer": null}]}, {"text": "巴基斯坦海军在社交媒体上“官宣”", "qa_pairs": [{"question": "巴基斯坦海军在社交媒体上“官宣”的宣官宣”是什么", "answer": "社交媒体", "reading_system_answer": null}, {"question": "巴基斯坦海军在社交媒体上“官宣”的坦军在社交媒体上“官宣”的海军在社交媒体上宣", "answer": "巴基斯坦海军", "reading_system_answer": null}, {"question": "巴基斯坦海军在社交媒体上“官宣”的宣官是什么", "answer": "官宣", "reading_system_answer": null}]}, {"text": "当天", "qa_pairs": [{"question": "当天当天当天天当当当当当当当当当当当当当当当当当当当当当当当当当天天天天天天天", "answer": "", "reading_system_answer": null}]}, {"text": "这艘新的“轻型护卫舰”在罗马尼亚多瑙河畔的加拉茨市的达门造船厂下水", "qa_pairs": [{"question": "”轻型护卫舰的加拉茨市的达门造船厂下水的加拉茨市的达门造船厂下水的加拉茨畔的加", "answer": "艘", "reading_system_answer": null}, {"question": "“轻型护卫舰的加拉茨市的达门造厂下水是什么", "answer": "市", "reading_system_answer": null}, {"question": "”轻型护卫舰的加拉茨市的达门造船厂下水是什么", "answer": "护卫舰", "reading_system_answer": null}, {"question": "“轻型护卫舰的加拉茨市的达门造船厂下水是什么", "answer": "罗马尼亚多瑙河畔", "reading_system_answer": null}, {"question": "”轻型护卫舰的加拉茨市的达门造船厂下水是什么", "answer": "造船厂", "reading_system_answer": null}]}, {"text": "这艘战舰去年4月铺设龙骨后施工", "qa_pairs": [{"question": "去年4月铺设龙骨后施工的国家战舰去年4月铺设龙骨后施工的战舰骨工是什么", "answer": "龙骨", "reading_system_answer": null}, {"question": "去年4月铺设龙骨后施工的战舰去年4月铺设龙骨后施工的战舰去得何时候", "answer": "4月", "reading_system_answer": "这艘战舰去年4月"}, {"question": "去年4月铺设龙骨后施工的战舰去年4月铺设龙骨后施工的战舰去年4月铺设龙骨后施工", "answer": "艘战舰", "reading_system_answer": null}]}, {"text": "经过了1年的建造", "qa_pairs": [{"question": "1年的建造的1年的建造是什么时候", "answer": "1年", "reading_system_answer": null}]}, {"text": "就已下水", "qa_pairs": [{"question": "已下水下下水的水系是什么", "answer": "", "reading_system_answer": null}]}, {"text": "由于人工便宜", "qa_pairs": [{"question": "由于人工便宜的人工便宜有什么要便宜", "answer": "人工", "reading_system_answer": null}]}, {"text": "加拉茨造船厂被达门集团收购后", "qa_pairs": [{"question": "加拉茨造船厂被达门集团收购后被达门集团收购后的造船厂造船厂造船加拉茨造船厂造门", "answer": "造船厂", "reading_system_answer": null}, {"question": "加拉茨造船厂被达门集团收购后的造船厂团收购后被达门集团收购后的造船厂造门加拉茨", "answer": "集团", "reading_system_answer": null}]}, {"text": "曾为荷兰海军建造过后2艘“荷兰”级近海巡逻舰", "qa_pairs": [{"question": "荷兰海军建造过后2艘“荷兰”级近海巡逻舰的国家在2艘“荷兰”级近海巡逻舰的国家", "answer": "荷兰海军", "reading_system_answer": null}, {"question": "荷兰海军建造过后2艘“荷兰”级近海巡逻舰的国家在2艘“荷兰”级近海巡逻舰的国家", "answer": "荷兰", "reading_system_answer": null}, {"question": "荷兰”级近海巡逻舰的所属国在荷兰海军建造过后2艘“荷兰”级近海巡逻舰的国家建造", "answer": "级", "reading_system_answer": null}, {"question": "曾为荷兰海军建造过后2艘“荷兰”级近海巡逻舰的国家在2“荷兰”级近海巡逻舰的国", "answer": "巡逻舰", "reading_system_answer": null}, {"question": "曾为荷兰海军建造过后2艘“荷兰”级近海巡逻舰的国家建造过后海巡逻舰的国家建造的", "answer": "2艘", "reading_system_answer": null}]}, {"text": "图片：下水方式很独特 2017年6月", "qa_pairs": [{"question": "：下水方式很独特2017年6月下水方式很独特2017年6月下水方式很独特201", "answer": "图片", "reading_system_answer": null}, {"question": "图片：下水方式很独特2017年6月6月6月6片：下水方式很独特2017年6月6", "answer": "方式", "reading_system_answer": null}, {"question": "图片：下水方式很独特2是什么时候", "answer": "2017年6月", "reading_system_answer": null}]}, {"text": "巴基斯坦海军和达门集团签订了2艘新的“轻型护卫舰”合同", "qa_pairs": [{"question": "巴基斯坦海军和达门新的“轻型护卫舰”合同的海军和达门集团签订了2艘新的护卫舰”", "answer": "巴基斯坦海军", "reading_system_answer": null}, {"question": "巴基斯坦海军和达门新的“轻型护卫舰”合同的护卫舰是哪个", "answer": "集团", "reading_system_answer": null}, {"question": "巴基斯坦海军和达门新的“轻型护卫舰”合同的护卫舰是哪一艘", "answer": "护卫舰", "reading_system_answer": "巴基斯坦海军和达门集团签订了2艘"}, {"question": "巴基斯坦海军和达门集团签订了2艘新的“轻型护卫舰”合同的护卫舰是哪艘", "answer": "2艘", "reading_system_answer": null}]}, {"text": "实则是近海巡逻舰（OPV）", "qa_pairs": [{"question": "近海巡逻舰的原因是什么", "answer": "实则", "reading_system_answer": null}, {"question": "近海巡逻舰（opv）的巡逻舰是哪艘", "answer": "巡逻舰", "reading_system_answer": null}, {"question": "近海巡逻舰（opv）的v舰是什么", "answer": "OPV", "reading_system_answer": null}]}, {"text": "这2艘新舰将基于达门的OPV2400方案建造", "qa_pairs": [{"question": "opv2400方案建造的新舰艘新舰将基于达门的opv2400方案建造的是哪艘", "answer": "2艘", "reading_system_answer": "2艘新舰"}, {"question": "2艘新舰将基于达门的什么案建造", "answer": "OPV2400方案", "reading_system_answer": "OPV2400方案"}]}, {"text": "造价总计为1.8亿欧元", "qa_pairs": [{"question": "1.8亿欧元为1.8亿欧元的国家价总计为1.8亿欧元的国家价价欧元的总计造计造", "answer": "总计", "reading_system_answer": null}, {"question": "造价总计为1.8亿欧元的国家造价总计为1.8亿欧元的国家造价总计造成的是哪一款", "answer": "1.8亿", "reading_system_answer": null}]}, {"text": "首舰计划在今年年底前交付", "qa_pairs": [{"question": "首舰计划在今年年底前交付的首舰计划在今年年底前交付的首舰计划在今年年底前交付的", "answer": "首舰计划", "reading_system_answer": null}]}, {"text": "另一艘计划在2020年中交付", "qa_pairs": [{"question": "另一艘计划在2020年中交付的是什么", "answer": "2020年", "reading_system_answer": null}, {"question": "在2020年中交付的2艘020年中交付的一艘计划在2020年中交付的一艘计划在", "answer": "一艘计划", "reading_system_answer": null}]}, {"text": "图片：加拉茨位于多瑙河畔 这型护卫舰整体配置上依然和各国海军作为日常执勤、不执行高强度作战任务的近海巡逻舰差不多", "qa_pairs": [{"question": "：加拉茨位于多瑙河畔这型护卫舰整体配置上依然和各国海军作为日常执勤、不执行高强", "answer": "巡逻舰", "reading_system_answer": "图片："}, {"question": "：加拉茨位于多瑙河畔的国家其海军作为日常执勤、不执行高强度作战任务的近海巡逻舰", "answer": "多瑙河畔", "reading_system_answer": "图片：加拉茨位于多瑙河畔 这型护卫舰"}, {"question": "：加拉茨位于多瑙河畔这型护卫舰整体配置上依然和各国海军作为日常执勤、不执行高强", "answer": "高强度", "reading_system_answer": "图片："}, {"question": "：：的整体配置上依然和多行、护卫舰的国家其海军的国家作为日常执勤、护卫舰的国家", "answer": "任务", "reading_system_answer": null}, {"question": "：加拉茨位于多瑙河畔的型护卫舰整体配置上依然和各国海军作为日常执勤、不执行高强", "answer": "图片", "reading_system_answer": "图片："}, {"question": "图加拉茨位于多瑙河畔的型护卫舰整体配置上依然和各国海军作为日常执勤、不执行高强", "answer": "护卫舰整体", "reading_system_answer": "图片：加拉茨位于多瑙河畔 这型护卫舰"}, {"question": "：加拉茨位于多瑙河畔这型护卫舰整体配置上依然和各国海军作为日常执勤、不执行高强", "answer": "海军", "reading_system_answer": "图片："}]}, {"text": "舰长为90米", "qa_pairs": [{"question": "90米长为什么", "answer": "舰长", "reading_system_answer": null}, {"question": "90米0长为什么", "answer": "90米", "reading_system_answer": null}]}, {"text": "采用全柴动力", "qa_pairs": [{"question": "采用全柴动力的态度", "answer": "全柴动力", "reading_system_answer": null}]}, {"text": "最高航速为23节", "qa_pairs": [{"question": "最高航速为23节的航速是", "answer": "23", "reading_system_answer": null}, {"question": "最高航速为23节的航速是", "answer": "航速", "reading_system_answer": null}]}, {"text": "比各国2000吨级护卫舰普遍超25节的航速慢一些", "qa_pairs": [{"question": "比各国2000吨级护卫舰普遍超25节的航速慢一些是什么", "answer": "2000", "reading_system_answer": null}, {"question": "比各国2000吨级护卫舰普遍超25节的航速慢一些是什么", "answer": "护卫舰", "reading_system_answer": null}, {"question": "比各国2000吨级护卫舰普遍超25节的航速慢一些是什么", "answer": "航速", "reading_system_answer": null}, {"question": "比各国2000吨级护卫舰普遍超25节的航速慢一些是什么", "answer": "25节", "reading_system_answer": null}, {"question": "比各国2000吨级护卫舰普遍超25节的航速慢一些是什么", "answer": "一些", "reading_system_answer": null}]}, {"text": "主要武器是舰艏一门奥托76mm舰炮和舰尾直升机库两侧的2门20mm炮", "qa_pairs": [{"question": "奥托76mm舰炮和舰尾直升机库两侧的2门20mm炮的国家在6艏一门奥托76mm", "answer": "一门", "reading_system_answer": null}, {"question": "奥托76mm舰炮和舰尾直升机库两侧的2门20mm炮是舰艏一门奥托76m舰炮和舰", "answer": "2门20mm炮", "reading_system_answer": null}, {"question": "奥托76mm舰炮和舰尾直升机库两侧的2门20mm炮的直升机是哪一艘", "answer": "舰尾直升机库", "reading_system_answer": "一门"}, {"question": "奥托76mmmmmmmmmmmmmmmmmmmmmmmmmmmmmmmmmmm", "answer": "76mm舰炮", "reading_system_answer": null}, {"question": "奥托76mm舰炮和舰尾直升机库两侧的2门20mm炮的直器是哪个", "answer": "武器", "reading_system_answer": "一门"}]}, {"text": "没有任何导弹武器", "qa_pairs": [{"question": "没有任何导弹武器", "answer": "导弹武器", "reading_system_answer": null}]}, {"text": "图片：达门的OPV2400 2艘新舰", "qa_pairs": [{"question": "opv24002艘新舰是哪个", "answer": "图片", "reading_system_answer": "达门"}, {"question": "opv24002艘新舰是哪一艘", "answer": "2艘", "reading_system_answer": null}, {"question": "图片：达门的opv24002艘新舰是哪一型号", "answer": "OPV2400", "reading_system_answer": null}]}, {"text": "平均造价约1亿美元", "qa_pairs": [{"question": "平均造价约1亿美元是", "answer": "1亿美元", "reading_system_answer": null}]}, {"text": "从成本上来说", "qa_pairs": [{"question": "从成成说说来说来说来说来说上本本本本上来说上来成说的上本成本上上上上上上上上上", "answer": "成本", "reading_system_answer": null}]}, {"text": "和中国向孟加拉国海军出口的C13B", "qa_pairs": [{"question": "中国向孟加拉国海军出口的c13b是", "answer": "C13B", "reading_system_answer": null}, {"question": "中国海军出口的c13b13b13b13b1c13口径拉国海军出口的国家出口的国", "answer": "中国", "reading_system_answer": null}, {"question": "和中国向孟加拉国海军出口的c13b13b13b13的国家出口的c13b1是什么", "answer": "孟加拉国海军", "reading_system_answer": null}]}, {"text": "也就是056轻型护卫舰差不多", "qa_pairs": [{"question": "056轻型护卫舰差不多多少舰", "answer": "护卫舰", "reading_system_answer": null}, {"question": "056轻型护卫舰差不多多少0护卫舰", "answer": "056", "reading_system_answer": null}]}, {"text": "不过后者是正儿八经的轻型护卫舰", "qa_pairs": [{"question": "不过儿八经的轻型护卫舰是什么", "answer": "后者", "reading_system_answer": null}, {"question": "不过儿八经的轻型护卫舰是什么", "answer": "护卫舰", "reading_system_answer": null}]}, {"text": "虽然吨位仅1300吨", "qa_pairs": [{"question": "虽然吨位仅13000吨的000吨的03吨是什么", "answer": "吨位", "reading_system_answer": null}, {"question": "虽然吨位仅1300吨的原型是", "answer": "1300吨", "reading_system_answer": null}]}, {"text": "但包括4枚鹰击83反舰导弹", "qa_pairs": [{"question": "鹰击83反舰导弹的反舰导弹是哪一型号", "answer": "83", "reading_system_answer": null}, {"question": "鹰击83反舰导弹的反舰导弹是哪一年导弹", "answer": "4枚鹰", "reading_system_answer": "包括4枚"}]}, {"text": "红旗10舰空导弹", "qa_pairs": [{"question": "红旗10舰舰是什么", "answer": "红旗10舰空导弹", "reading_system_answer": null}]}, {"text": "反潜对海对空作战能力远胜于这两艘OPV", "qa_pairs": [{"question": "反潜对海对空作战能力远胜于什么", "answer": "两艘OPV", "reading_system_answer": null}, {"question": "反战能力远胜于这两艘opvpvv的国家其反战中对反空能力的国家对反这艘反战中对", "answer": "海", "reading_system_answer": "反潜对海对空作战能力"}, {"question": "反潜对海对空作战能力远胜于这两艘opv的国家其反潜反海能力远胜于这两艘opv的", "answer": "空", "reading_system_answer": null}, {"question": "反潜对海对空作战能力远胜于这两艘opv的国家其opv在opo反潜对海对空作战能", "answer": "能力", "reading_system_answer": null}]}, {"text": "图片：C13B型护卫舰 不过", "qa_pairs": [{"question": "：c13b型护卫舰不过什么不过", "answer": "图片", "reading_system_answer": null}, {"question": "：c13b型护卫舰不过哪种护卫舰不过不过不过不过不：c1", "answer": "C13B型护卫舰", "reading_system_answer": null}]}, {"text": "巴基斯坦海军可能另有考虑", "qa_pairs": [{"question": "巴基斯坦海军可能另有考虑的海军可能考虑是什么", "answer": "巴基斯坦海军", "reading_system_answer": null}]}, {"text": "由于常年和印度海军对峙", "qa_pairs": [{"question": "由于常年和印度海军对峙的国家对峙对印度海军对峙的国家其对印度海军常年和印度常有", "answer": "印度海军", "reading_system_answer": null}]}, {"text": "巴基斯坦海军既需要引进4艘中国造的054A型护卫舰这样的高端战舰", "qa_pairs": [{"question": "巴基斯坦海军既需要引进4艘中国造的054a型护卫舰这样的高端战舰是哪一艘", "answer": "高端战舰", "reading_system_answer": null}, {"question": "巴基斯坦海军既需要引进4艘中国造的054a型护卫舰是哪个", "answer": "巴基斯坦海军", "reading_system_answer": null}, {"question": "巴基斯坦海军既需要引进4艘中国造的054a型护卫舰是哪个", "answer": "4艘中国", "reading_system_answer": null}, {"question": "巴基斯坦海军既需要引进4艘中国造的054a型护卫舰是什么", "answer": "054A型护卫舰", "reading_system_answer": null}]}, {"text": "也需要引进一种能够有较大自持力", "qa_pairs": [{"question": "需要引进一种能够有较大自持力的自要有什么能要引进一种能够有较大自持力", "answer": "力", "reading_system_answer": null}, {"question": "也需要引进一种能够有较大自持力的自引进一种能够有较大自持力的自引进一种能够有较", "answer": "一种", "reading_system_answer": null}]}, {"text": "长时间在阿拉伯海“刷存在”的近海巡逻舰", "qa_pairs": [{"question": "长时间在阿拉伯海“刷存在”的近海巡逻舰的国家刷存在”的近海巡逻舰的国家刷存在阿", "answer": "巡逻舰", "reading_system_answer": null}, {"question": "长时间在阿拉伯海“刷存在”的近海巡逻舰的国家在阿拉伯海“的国家在阿拉伯海“的近", "answer": "阿拉伯海", "reading_system_answer": null}]}, {"text": "而C13B毕竟是1000吨出头的轻型护卫舰", "qa_pairs": [{"question": "c100吨出头的轻型护卫舰是哪艘", "answer": "护卫舰", "reading_system_answer": "C13B"}, {"question": "c13b毕竟是", "answer": "1000吨", "reading_system_answer": null}, {"question": "c13b毕竟是1000吨出头的轻型护卫舰是哪一型号", "answer": "C13B", "reading_system_answer": null}]}, {"text": "自持力方面要比2000吨级的这型战舰弱不少", "qa_pairs": [{"question": "自持力方面要比2000吨级的这型战舰弱不少的战舰是什么", "answer": "力方面", "reading_system_answer": null}, {"question": "自持力方面要比2000吨级的这型战舰弱不少是什么", "answer": "2000", "reading_system_answer": null}, {"question": "自持力方面要比2000吨级的这型战舰弱不少的战舰弱不少的战舰是什么", "answer": "战舰", "reading_system_answer": null}]}, {"text": "此外", "qa_pairs": [{"question": "外方对外此此外外外此此外此外此外此外此外此外此外此外此外此外此外此外此外此外此", "answer": "", "reading_system_answer": null}]}, {"text": "这两艘新舰都是带有直升机平台和机库的", "qa_pairs": [{"question": "带有直升机平台和机库的什么舰都是带有直升机平台和机库的", "answer": "两艘新舰", "reading_system_answer": "这两艘新舰"}, {"question": "带有直升机平台和机库的什么机型号的直升机带有直升机平台和机库的", "answer": "直升机平台", "reading_system_answer": null}, {"question": "带有直升机平台和机库的什么机型号的机都是带有直升机平台和机库的", "answer": "机库", "reading_system_answer": null}]}, {"text": "而056/056A都是只有直升机起降平台而没有机库", "qa_pairs": [{"question": "056/056a都是只有直升机起降平台的国家在6/6/056a都是只有直升机起", "answer": "直升机", "reading_system_answer": "056/056A都是只有直升机起降平台"}, {"question": "056/056a都是只有直升机起降平台的国家在6/6/056a都是只有直升机起", "answer": "平台", "reading_system_answer": "056/056A都是只有直升机起降平台"}, {"question": "056/056a056a056a都是只有直升机起降平台的国家其直升机起降平台的", "answer": "056056A", "reading_system_answer": "056/056A都是只有直升机起降平台"}, {"question": "056/056a都是只有直升机起降平台的直升机起降平台是什么", "answer": "机库", "reading_system_answer": "056/056A都是只有直升机起降平台"}]}, {"text": "图片：巴铁订购了4艘054A 另一方面", "qa_pairs": [{"question": "：片a另一方面是什么", "answer": "图片", "reading_system_answer": null}, {"question": "：054a另一方面是什么", "answer": "巴铁", "reading_system_answer": null}, {"question": "图片：巴铁订购了什么型号的飞机", "answer": "4艘054A", "reading_system_answer": "4艘054A"}]}, {"text": "巴基斯坦总体上经济实力比较弱", "qa_pairs": [{"question": "巴基斯坦总体上经济实力比较弱是什么", "answer": "巴基斯坦总体", "reading_system_answer": null}, {"question": "巴基斯坦总体上经济实力比较弱是什么", "answer": "经济实力", "reading_system_answer": null}]}, {"text": "对外军购时“场外因素”很多", "qa_pairs": [{"question": "对外军购时“场外因为什么要”很多素”很多素”很多素对外”场", "answer": "因素", "reading_system_answer": null}, {"question": "对外军购时“场外因为什么的素很因素”很因素”很因为对军购时“场外”场", "answer": "很多", "reading_system_answer": null}, {"question": "对素”很多”很多”场外因素”很多的军购时“场外因素”很多的军购买了什么", "answer": "军", "reading_system_answer": null}]}, {"text": "从实际使用来看", "qa_pairs": [{"question": "从实用来看使用来看使用来看使用来使用来使用来使用际从实看使用使用实实使使用使实", "answer": "实际", "reading_system_answer": null}]}, {"text": "包括新一代护卫舰、AIP潜艇等杀手锏武器都很务实的选择了中国货", "qa_pairs": [{"question": "、aip潜艇等杀手锏武器都很务实的选择是什么", "answer": "中国货", "reading_system_answer": null}, {"question": "、aip潜艇等杀手锏武器都很务实的选择了中国货的护卫舰、aip潜艇等杀手锏武器", "answer": "杀手锏武器", "reading_system_answer": null}, {"question": "、aip潜艇等杀手锏武器都很务实的选择了中国货的护卫舰、aip潜艇等杀手锏武器", "answer": "护卫舰", "reading_system_answer": null}, {"question": "、aip潜艇等杀手锏武器都很务实的选择了中国货的护卫舰、aip潜艇等杀手锏武器", "answer": "AIP潜艇", "reading_system_answer": null}]}, {"text": "但来自中东油霸的资金", "qa_pairs": [{"question": "东油霸的资金是什么", "answer": "资金", "reading_system_answer": null}, {"question": "中东油霸的资金是什么", "answer": "中东油霸", "reading_system_answer": null}]}, {"text": "也会让他们去选择欧洲、土耳其等国的军备作为补充", "qa_pairs": [{"question": "欧洲、土耳其等国的军备作为补充的、是什么", "answer": "土耳其", "reading_system_answer": null}, {"question": "欧洲、土耳其等国的军备作为补充了哪个国家的军备为欧洲、土耳其等国的军备补充", "answer": "国", "reading_system_answer": null}, {"question": "、的军备作为补充是什么", "answer": "欧洲", "reading_system_answer": null}, {"question": "欧洲、土耳其等国的军备作为补充了哪些军队", "answer": "军备", "reading_system_answer": null}]}, {"text": "因此作出这样的选择并不奇怪", "qa_pairs": [{"question": "因为不奇怪的奇怪的奇怪的奇怪的奇点是什么", "answer": "", "reading_system_answer": null}]}]}