{"passage": "12月19日，美国国防部授予洛•马公司价值4.5亿美元的合同，采购440枚联合防区外空地导弹（JASSM）。  据洛•马公司表示，在获得为芬兰F/A-18C/D战斗机以及澳大利亚皇家空军的F/A-18A/B战斗机提供JASSM导弹等里程碑式的国外军售合同之后，获得了该合同。合同的获得也代表着增程型JASSM导弹进入第3和第4批次的生产。2012年8月，增程型JASSM导弹通过了美国空军的初始作战测试和飞行测试评估。  公司已经获得了190枚基型JASSM导弹和40套增程型JASSM导弹系统的生产合同，共价值2.325亿美元。其中，3%的导弹将销往澳大利亚和芬兰。2012财年和2013财年的所获导弹采购款将用于支付该合同。根据《简氏世界空军》表示，最初，美国在向芬兰提供JASSM导弹时，表现得犹豫不决。然而，在2012年3月，空地联合防区外导弹交易终获批准，芬兰所有服役中的F/A-18“大黄蜂”（Hornet）战斗机将在2016年底进行升级。芬兰陆军和海军将把JASSM导弹用在地面袭击支持上。  同时，洛•马公司获得了美国空军的第二笔JASSM导弹生产合同，包括150枚基型JASSM导弹和60枚增程型JASSM导弹，2013财年和2014财年的导弹采购款将用于支付该合同。在该合同中并无对外军售。  目前，洛•马公司正在进行JASSM导弹第10批次的生产。大多数的近期合同主要面向第11批次、340枚基型JASSM导弹，以及12批次、100枚增程型JASSM导弹。这使得导弹的总订购数超过了2100枚。  JASSM导弹和增程型JASSM导弹在空军的长期战略规划和国防中发挥着重要作用。美国空军挂载JASSM导弹的战斗机机型有B-1B、B-2、B-52、F-16、F-15E，其中B-1B还挂载增程型JASSM导弹。将来，洛•马公司还将在美国版和国际版的F-35“闪电”II联合攻击型战斗机，以及其他国际平台上挂载JASSM导弹。  JASSM导弹可携带侵彻战斗部或爆炸成型战斗部。JASSM导弹和增程型JASSM导弹均可在各种天气条件下进行全天候自主巡航，并具有相同的毁伤能力和隐蔽特性。增程型JASSM导弹的射程是基型JASSM导弹的2.5倍。JASSM导弹使用红外导引头和全球定位系统来寻找打击目标。  依据当前的采购计划，2002年至2018年，美国空军将采购4900枚导弹，其中，基型AGM-158A JASSM导弹2210枚，AGM-158B增程型JASSM导弹1197枚。 ", "sentences": [{"text": "12月19日", "qa_pairs": [{"question": "12月19月19日12月19月1日12月1日11111111111111111", "answer": "12月19日", "reading_system_answer": null}]}, {"text": "美国国防部授予洛•马公司价值4.5亿美元的合同", "qa_pairs": [{"question": "美国国防部授予洛•马公司价值4.5亿美元的合同的国家授予洛•马公司价值4.5亿", "answer": "美国国防部", "reading_system_answer": null}, {"question": "美国国防部授予洛•马公司价值4.5亿美元的合同的国家授予洛•马公司价值4.5亿", "answer": "洛", "reading_system_answer": null}, {"question": "美国国防部授予洛•马公司价值4.5亿美元的合同的是什么", "answer": "马公司价值4.5亿美元", "reading_system_answer": null}]}, {"text": "采购440枚联合防区外空地导弹（JASSM）", "qa_pairs": [{"question": "采购440枚联合防区外空地导弹（jassm）的国家其采用什么导弹", "answer": "空地导弹", "reading_system_answer": null}, {"question": "（0枚联合防区外空地导弹（jassm）是什么", "answer": "440枚", "reading_system_answer": "采购440枚"}, {"question": "采购440枚联合防区外空地导弹的国家购买了什么型号", "answer": "JASSM", "reading_system_answer": "采购440枚联合防区外空地导弹"}, {"question": "（jassm）的联合防区外空地导弹（jassm）的联合防区外空地导弹（jass", "answer": "防区", "reading_system_answer": "采购440枚"}]}, {"text": "据洛•马公司表示", "qa_pairs": [{"question": "据洛•马公司表示示示表示表示马公司洛•马公司表示马公司洛•马公司洛•马公司洛•", "answer": "马公司", "reading_system_answer": null}, {"question": "洛•马公司表示为什么要表示马公司表示了马公司表示马•马公司示马", "answer": "洛", "reading_system_answer": null}]}, {"text": "在获得为芬兰F/A-18C/D战斗机以及澳大利亚皇家空军的F/A-18A/B战斗机提供JASSM导弹等里程碑式的国外军售合同之后", "qa_pairs": [{"question": "a-18c/d战斗机以及澳大利亚皇家空军的f/a/b战斗机提供jassm导弹的", "answer": "澳大利亚皇家空军", "reading_system_answer": null}, {"question": "以及澳大利亚皇家空军的f/a-18c/d战斗机提供jassm导弹的国家其a-1", "answer": "F", "reading_system_answer": null}, {"question": "以及澳大利亚皇家空军的f/a-18c/d战斗机提供jassm导弹的国家的哪种型", "answer": "18A", "reading_system_answer": "F/A-18C/D战斗机"}, {"question": "以及澳大利亚皇家空军的f/a-18c/dsm导弹等里程碑式的国外军售合同之后的", "answer": "18C", "reading_system_answer": null}, {"question": "以及澳大利亚皇家空军的f/a-18c/d战斗机提供jassm导弹的国家在获得为", "answer": "JASSM导弹", "reading_system_answer": "在获得为芬兰F/A-18C/D战斗机以及澳大利亚皇家空军的F/A-18A/B战斗机提供JASSM导弹等里程碑式的国外军售合同"}, {"question": "a-18c/d战斗机提供jassm导弹等里程碑式的国外军售合同之后的国家的f/", "answer": "战斗机", "reading_system_answer": null}, {"question": "a-18c/d战斗机的国家在获得为芬兰f/a-18c/d战斗机的国家其提供ja", "answer": "芬兰", "reading_system_answer": "在获得为芬兰F/A-18C/D战斗机以及澳大利亚皇家空军的F/A-18A/B战斗机提供JASSM导弹等里程碑式的国外军售合同"}]}, {"text": "获得了该合同", "qa_pairs": [{"question": "获得了该合同同了得了该合同同得得了该合同获得同合得获同的合了获得同合了合得同合", "answer": "", "reading_system_answer": null}]}, {"text": "合同的获得也代表着增程型JASSM导弹进入第3和第4批次的生产", "qa_pairs": [{"question": "jsm导弹进入第3批次的生产国在ssm导弹进入第4批次的生产国家获得也合同的获", "answer": "代表", "reading_system_answer": "增程型JASSM导弹"}, {"question": "jsm导弹进入第3批次的生产国在增程型jassm导弹进入第4和第4批次的生产的", "answer": "第4", "reading_system_answer": null}, {"question": "合同的获得也代表着增程型jassm导弹进入第3批次的生产", "answer": "JASSM导弹", "reading_system_answer": null}, {"question": "jsm导弹进入第3批次的生产国在增程型jassm导弹进入第4批次的生产的国家获", "answer": "第3", "reading_system_answer": "也代表着"}, {"question": "jassm导弹进入第3批次的生产国家获得也代表着增程型jassm导弹进入第4批", "answer": "增程", "reading_system_answer": null}]}, {"text": "2012年8月", "qa_pairs": [{"question": "20122年8月801012年8月2年8月2年2月02很01很02很22222", "answer": "2012年8月", "reading_system_answer": null}]}, {"text": "增程型JASSM导弹通过了美国空军的初始作战测试和飞行测试评估", "qa_pairs": [{"question": "增程型jassm导弹是哪个导弹", "answer": "JASSM导弹", "reading_system_answer": "增程型JASSM导弹"}, {"question": "增程型jassm导弹的增评估的增评估的增和飞行测试评估的国家的增试作战测试和飞", "answer": "增程", "reading_system_answer": null}, {"question": "增程型jassm导弹的初始作战测试和飞行测试评估的原因是什么", "answer": "美国空军", "reading_system_answer": null}]}, {"text": "公司已经获得了190枚基型JASSM导弹和40套增程型JASSM导弹系统的生产合同", "qa_pairs": [{"question": "公司jsm导弹系统的生产合同的导弹系统的生产合同的国家获得了190枚基型jas", "answer": "公司", "reading_system_answer": null}, {"question": "公司已经获得了190枚基型jm导弹的国家获得了190枚基型的国家在90套增程型", "answer": "190枚基型JASSM导弹", "reading_system_answer": "和"}, {"question": "公司已经获得了190枚基型jassm导弹系统的生产合同的导弹系统是什么", "answer": "JASSM导弹系统", "reading_system_answer": "40套增程型JASSM导弹系统"}, {"question": "公司已经获得了190枚基型jassm导弹系统的生产合同的是什么", "answer": "40套增程", "reading_system_answer": "40套增程型JASSM导弹系统"}]}, {"text": "共价值2.325亿美元", "qa_pairs": [{"question": "共价值2.325亿亿美元是", "answer": "价值2.325亿美元", "reading_system_answer": null}]}, {"text": "其中", "qa_pairs": [{"question": "中国其其其其中中中中中中中其其其其其其其其其其其其其其中中中中中中中中中中中中", "answer": "", "reading_system_answer": null}]}, {"text": "3%的导弹将销往澳大利亚和芬兰", "qa_pairs": [{"question": "3%的导弹将销往澳大利亚和芬兰芬兰芬兰芬大利亚和芬兰芬大利亚和3%的导弹将销往", "answer": "导弹", "reading_system_answer": null}, {"question": "3%的导弹将销往澳大利亚和芬兰芬兰芬大利亚和芬兰芬大利亚和芬大利亚澳国的导弹的", "answer": "芬兰", "reading_system_answer": null}, {"question": "3%的导弹将销往澳大利亚和芬兰芬大利亚和芬兰的导弹将销往澳大利亚和芬兰的导弹将", "answer": "澳大利亚", "reading_system_answer": null}]}, {"text": "2012财年和2013财年的所获导弹采购款将用于支付该合同", "qa_pairs": [{"question": "2012财年和2013财年的所获导弹采用的是什么时候开始服进的", "answer": "2013财年", "reading_system_answer": null}, {"question": "2012财年的所获导弹采用的是什么导弹", "answer": "导弹", "reading_system_answer": "2012财年和2013财年的所获导弹采购款"}, {"question": "2012财年和2013财年的所获导弹采用的是什么时候开始服进的", "answer": "2012财年", "reading_system_answer": null}, {"question": "2月2年和2012财年合同的导弹采用什么样的", "answer": "款", "reading_system_answer": null}]}, {"text": "根据《简氏世界空军》表示", "qa_pairs": [{"question": "根据《简氏世界空军》表示的是哪个国家", "answer": "简氏世界空军", "reading_system_answer": null}]}, {"text": "最初", "qa_pairs": [{"question": "最初最初最初最初最最最初最最最最最最最最最最最最最最最最最最最最最最最最最最最", "answer": "", "reading_system_answer": null}]}, {"text": "美国在向芬兰提供JASSM导弹时", "qa_pairs": [{"question": "美国在向芬兰提供jassm导弹时提供jassm导弹时导弹时导弹时导弹在美国提出", "answer": "芬兰", "reading_system_answer": null}, {"question": "美国在向芬兰提供的哪种型号的导弹时", "answer": "JASSM导弹时", "reading_system_answer": "JASSM导弹"}, {"question": "美国在向芬兰提供jassm导弹时的国家提供jassm导弹时在j兰提供j兰提出的", "answer": "美国", "reading_system_answer": null}]}, {"text": "表现得犹豫不决", "qa_pairs": [{"question": "犹豫不决的犹豫不决的犹豫不决的犹豫不决的犹豫不犹表得得不决的豫不犹表豫不现不决", "answer": "", "reading_system_answer": null}]}, {"text": "然而", "qa_pairs": [{"question": "然而而然然而然然然然然然然然然然然然然然然而然而然而然而然而然而然而然而然而然", "answer": "", "reading_system_answer": null}]}, {"text": "在2012年3月", "qa_pairs": [{"question": "在2012年3月2年3月2年2月20000002222222222年1在在21", "answer": "2012年3月", "reading_system_answer": null}]}, {"text": "空地联合防区外导弹交易终获批准", "qa_pairs": [{"question": "空地联合防区外导弹交易终获批准的外导弹交易终获批准的外导弹交易终获批准的外导弹", "answer": "导弹交易", "reading_system_answer": null}, {"question": "空地联合防区外导弹交易终获批准的外导弹交易终获批准的国家联合防区外导弹交易终获", "answer": "空地", "reading_system_answer": null}, {"question": "空地联合防区外导弹交易终获批准的外导弹交易终获批准的国家空地联合防区外导弹交易", "answer": "防区", "reading_system_answer": null}]}, {"text": "芬兰所有服役中的F/A-18“大黄蜂”（Hornet）战斗机将在2016年底进行升级", "qa_pairs": [{"question": "芬18“战斗机将在2016年底进行升级的国家服役中的f/a-18“战斗机将在2", "answer": "服役", "reading_system_answer": null}, {"question": "芬兰所有服役中的f/a-18“战斗机将在2016年底进行升级的国家在2年底进行", "answer": "F", "reading_system_answer": null}, {"question": "芬兰所有服役中的f/a-18“战斗机将在2016年底进行升级的国家在2年底进行", "answer": "2016", "reading_system_answer": null}, {"question": "芬兰所有服役中的f/a-186年底进行升级的国家在2016年底进行升级的国家在", "answer": "Hornet", "reading_system_answer": "芬兰所有服役中的F/A-18“大黄蜂”（Hornet）战斗机"}, {"question": "芬兰所有服役中的f/a-18“战斗机将在2016年底进行升级的国家在2年底进行", "answer": "18", "reading_system_answer": null}, {"question": "芬兰所有服役中的f/a-18“战斗机将在2016年底进行升级的国家将在2年底进", "answer": "大黄蜂", "reading_system_answer": null}, {"question": "芬18“战斗机将在2016年底进行升级的国家在2年底进行升级的国家在2年底大黄", "answer": "芬兰", "reading_system_answer": "F/A-18"}, {"question": "芬兰所有服役中的f/a-18“战斗机将在2016年底进行升级的国家在2年底进行", "answer": "战斗机", "reading_system_answer": null}]}, {"text": "芬兰陆军和海军将把JASSM导弹用在地面袭击支持上", "qa_pairs": [{"question": "芬兰陆军和海军将把jassm导弹用在地面袭击支持上的国家将把jassm导弹用在", "answer": "地面", "reading_system_answer": null}, {"question": "芬兰陆军和海军将把jassm导弹用在地面袭击支持上的是哪个国家", "answer": "芬兰陆军", "reading_system_answer": null}, {"question": "芬兰陆军和海军将把jassm导弹用在地面袭击支持上的国家在地面袭击支持上的国家", "answer": "海军", "reading_system_answer": null}, {"question": "芬兰陆军和海军将把jassm导弹用在地面袭击支持上的是什么型号", "answer": "JASSM导弹", "reading_system_answer": null}]}, {"text": "同时", "qa_pairs": [{"question": "同时时同时同时同时同时同同同同同同同同同同同同同同同同同同同同同同同方对同同同", "answer": "", "reading_system_answer": null}]}, {"text": "洛•马公司获得了美国空军的第二笔JASSM导弹生产合同", "qa_pairs": [{"question": "洛•马公司获得了美国空军的第二笔jassm导弹生产合同的国家的第二笔jassm", "answer": "马公司", "reading_system_answer": null}, {"question": "洛•马公司获得了美国空军的第二笔jassm导弹生产合同的是哪一型号的导弹生产", "answer": "第二笔JASSM导弹", "reading_system_answer": null}, {"question": "洛•马公司获得了美国空军的第二笔jassm导弹生产合同的第二笔jassm导弹生", "answer": "美国空军", "reading_system_answer": null}, {"question": "洛•马公司获得了美国空军的第二笔jassm导弹生产合同的国家的第二笔jassm", "answer": "洛", "reading_system_answer": null}]}, {"text": "包括150枚基型JASSM导弹和60枚增程型JASSM导弹", "qa_pairs": [{"question": "包括150枚基sassm导弹是什么", "answer": "150枚基型JASSM导弹", "reading_system_answer": null}, {"question": "包括150枚基型jassm导弹和60枚增程型jassm导弹的国家其导弹和60枚", "answer": "60枚增程", "reading_system_answer": null}, {"question": "包括150枚基型jassm导弹和60枚增程型的导弹是什么", "answer": "JASSM导弹", "reading_system_answer": "包括150枚基型JASSM导弹"}]}, {"text": "2013财年和2014财年的导弹采购款将用于支付该合同", "qa_pairs": [{"question": "2013财年和2014财年的导弹采用什么时候", "answer": "2013财年", "reading_system_answer": "2013财年和2014财年的导弹采购款"}, {"question": "2013财年和2014财年的导弹采用什么时候", "answer": "2014财年", "reading_system_answer": "2013财年和2014财年的导弹采购款"}, {"question": "2月2年和201财年合同的导弹采用什么样的", "answer": "款", "reading_system_answer": null}, {"question": "2013财年和2014财年的导弹采用什么导弹", "answer": "导弹", "reading_system_answer": "2013财年和2014财年的导弹采购款"}]}, {"text": "在该合同中并无对外军售", "qa_pairs": [{"question": "在该合同中并无对外军售对外军售为中国外同无对军售对军售对军售对军售对军售对军售", "answer": "", "reading_system_answer": null}]}, {"text": "目前", "qa_pairs": [{"question": "目前目前目前目前目前目前目前目前目前目前目前目前目前目目目目前目目目目前目前目", "answer": "", "reading_system_answer": null}]}, {"text": "洛•马公司正在进行JASSM导弹第10批次的生产", "qa_pairs": [{"question": "洛•马公司正在进行jassm导弹第10批次的生产国在进行jassm导弹第10批", "answer": "马公司", "reading_system_answer": null}, {"question": "洛•马公司正在进行jassm导弹第10批次的生产国在进行jassm导弹的国家在", "answer": "洛", "reading_system_answer": null}, {"question": "洛•马公司正在进行jassm导弹第10批次的生产", "answer": "JASSM导弹第10", "reading_system_answer": null}]}, {"text": "大多数的近期合同主要面向第11批次、340枚基型JASSM导弹", "qa_pairs": [{"question": "大多数的近期合同主要面向第11批次、340枚基型jassm导弹的国家在3批次、", "answer": "大多数", "reading_system_answer": null}, {"question": "大多数的近期合同主要面向第11批次、340枚基型jassm导弹的国家向面向第1", "answer": "面向第11", "reading_system_answer": null}, {"question": "大多数的近期合同主要面向第11批次、是", "answer": "340枚基型JASSM导弹", "reading_system_answer": null}]}, {"text": "以及12批次、100枚增程型JASSM导弹", "qa_pairs": [{"question": "以及12批次、100枚增程型jassm导弹的国家其批批次、100枚增程型jas", "answer": "100枚增程", "reading_system_answer": null}, {"question": "以及12批次、100枚增程型jassm导弹的国家其导弹是哪一款", "answer": "12", "reading_system_answer": null}, {"question": "以及12批次、100枚增程型jssssssssssssssssssssssss", "answer": "JASSM导弹", "reading_system_answer": null}]}, {"text": "这使得导弹的总订购数超过了2100枚", "qa_pairs": [{"question": "导弹的总订购数超过了什么", "answer": "2100枚", "reading_system_answer": null}, {"question": "2月2日使用导弹的总订购数超过了21000枚的国家使用导弹的总订购数超过了21", "answer": "导弹", "reading_system_answer": null}, {"question": "2月2日订得导弹的总订购数超过了2100枚的国家使用的000枚的0枚是什么", "answer": "数", "reading_system_answer": null}, {"question": "2月2枚21000000导弹的总订购数超过了2100枚的国家使用导弹的总订购数", "answer": "总", "reading_system_answer": null}]}, {"text": "JASSM导弹和增程型JASSM导弹在空军的长期战略规划和国防中发挥着重要作用", "qa_pairs": [{"question": "jassm导弹和增程型jassm导弹的国家在空军的长期战略规划和国防中发挥着重", "answer": "空军", "reading_system_answer": null}, {"question": "jassm导弹是增程型jassm导弹的国家在空军的长期战略规划和国防中发挥着重", "answer": "JASSM导弹", "reading_system_answer": "JASSM导弹"}, {"question": "jassm导弹和增程型jassm导弹的国家在空军的长期战略规划和国防中发挥着重", "answer": "战略规划", "reading_system_answer": null}, {"question": "jassm导弹和增程型jassm导弹的国家在空军的长期战略规划和国防中发挥着重", "answer": "增程", "reading_system_answer": null}, {"question": "jassm导弹和增程型jassm导弹的国家在空军的长期战略规划和国防中发挥着重", "answer": "国防", "reading_system_answer": null}]}, {"text": "美国空军挂载JASSM导弹的战斗机机型有B-1B、B-2、B-52、F-16、F-15E", "qa_pairs": [{"question": "美国空军挂载jassm导弹的战斗机机型有什么型号", "answer": "战斗机机型", "reading_system_answer": null}, {"question": "美国空军挂载jassm导弹的战斗机机型是什么型号", "answer": "1B", "reading_system_answer": "B-1B"}, {"question": "美国空军挂载jassm导弹的战斗机机型号是什么", "answer": "美国空军", "reading_system_answer": "B-1B"}, {"question": "美国空军挂载jas-16、f-16、f-16b-5型号的战斗机机型有什么型号", "answer": "JASSM导弹", "reading_system_answer": null}, {"question": "美国空军挂载jassm导弹的战斗机机型是什么型号", "answer": "B", "reading_system_answer": "B-1B"}, {"question": "美国空军挂载jassm导弹的战斗机机型是什么型号", "answer": "15E", "reading_system_answer": "B-1B"}, {"question": "美国空军挂载jassm导弹的战斗机机型是什么", "answer": "16", "reading_system_answer": "B-1B"}, {"question": "美国空军挂载jassm导弹的战斗机机型是哪一型号", "answer": "52", "reading_system_answer": "B-1B"}]}, {"text": "其中B-1B还挂载增程型JASSM导弹", "qa_pairs": [{"question": "b-1b还挂载增程型jassm导弹是哪种", "answer": "JASSM导弹", "reading_system_answer": null}, {"question": "b-1bm导弹的增程型jassm导弹是哪个", "answer": "增程", "reading_system_answer": "B-1B"}, {"question": "b-1bm导弹的导弹是什么型号", "answer": "1B", "reading_system_answer": null}]}, {"text": "将来", "qa_pairs": [{"question": "将来将来将来将将来将将来将将来将将来将将来将将来将将将将将将将将将将将将将将将", "answer": "", "reading_system_answer": null}]}, {"text": "洛•马公司还将在美国版和国际版的F-35“闪电”II联合攻击型战斗机", "qa_pairs": [{"question": "洛•马公司战斗机的所属国在洛•35“闪电”ii联合攻击型战斗机的国家在3版的f", "answer": "35", "reading_system_answer": null}, {"question": "洛•马公司还将在美国版和国际版的f-35“闪电”ii联合攻击型战斗机的国家在3", "answer": "马公司", "reading_system_answer": null}, {"question": "洛•马公司在美国版和国际版的f-35“闪电”ii联合攻击型战斗机是哪个", "answer": "国际版", "reading_system_answer": null}, {"question": "洛•马公司还将在美国版和国际版的f-35“闪电”ii联合攻击型战斗机的国家在马", "answer": "F", "reading_system_answer": null}, {"question": "洛•马公司还将在美国版和国际版的f-35“闪电”ii联合攻击型战斗机是哪个型号", "answer": "II", "reading_system_answer": null}, {"question": "洛•马公司在美国版和国际版的f-35“闪电”ii联合攻击型战斗机是哪一型号", "answer": "攻击型战斗机", "reading_system_answer": null}, {"question": "洛ii联合攻击型战斗机是哪个型号", "answer": "洛", "reading_system_answer": "F-35“闪电"}]}, {"text": "以及其他国际平台上挂载JASSM导弹", "qa_pairs": [{"question": "jassm导弹是哪个", "answer": "国际平台", "reading_system_answer": null}, {"question": "以及其他国际平台上挂载jassm导弹是哪种型号", "answer": "JASSM导弹", "reading_system_answer": null}]}, {"text": "JASSM导弹可携带侵彻战斗部或爆炸成型战斗部", "qa_pairs": [{"question": "jassm导弹可携带侵彻战斗部或爆炸成型战斗部的战斗部或爆炸成型战斗部的战斗部", "answer": "战斗部", "reading_system_answer": null}, {"question": "jassm导弹是哪个", "answer": "JASSM导弹", "reading_system_answer": null}, {"question": "jassm导弹可携带侵彻战斗部或爆炸成型战斗部的国家可携带侵彻战斗部或爆炸成型", "answer": "成型战斗部", "reading_system_answer": null}]}, {"text": "JASSM导弹和增程型JASSM导弹均可在各种天气条件下进行全天候自主巡航", "qa_pairs": [{"question": "jassm导弹是增程型jassm导弹的国家在各种天气条件下进行全天候自主巡航的", "answer": "JASSM导弹", "reading_system_answer": null}, {"question": "jassm导弹和增程型jassm导弹的主巡航条件是什么", "answer": "天气条件", "reading_system_answer": null}, {"question": "jassm导弹和增程型jassm导弹的国家在ssm导弹和增程型jassm导弹的", "answer": "增程", "reading_system_answer": null}, {"question": "jassm导弹和增程型jassm导弹的自主巡航是哪个", "answer": "全天候", "reading_system_answer": null}]}, {"text": "并具有相同的毁伤能力和隐蔽特性", "qa_pairs": [{"question": "并具有相同的毁伤能力和隐蔽特性是什么", "answer": "特性", "reading_system_answer": null}, {"question": "并具有相同的毁伤能特性是什么", "answer": "能力", "reading_system_answer": null}]}, {"text": "增程型JASSM导弹的射程是基型JASSM导弹的2.5倍", "qa_pairs": [{"question": "增程型jassm导弹的射程是", "answer": "射程", "reading_system_answer": null}, {"question": "增程型jassm导弹的射程是", "answer": "基型JASSM导弹", "reading_system_answer": null}, {"question": "增程型jassm导弹的射程是", "answer": "2.5倍", "reading_system_answer": null}, {"question": "增程型jassm导弹的射程是", "answer": "JASSM导弹", "reading_system_answer": null}, {"question": "增程型jassm导弹的射程是", "answer": "增程", "reading_system_answer": null}]}, {"text": "JASSM导弹使用红外导引头和全球定位系统来寻找打击目标", "qa_pairs": [{"question": "jassm导弹使用红外导引头和全球定位系统的系统是什么", "answer": "全球定位系统", "reading_system_answer": null}, {"question": "jassm导弹使用的是什么导弹", "answer": "JASSM导弹", "reading_system_answer": "红外导引头和全球定位系统"}, {"question": "jassm导弹使用的是什么导引头", "answer": "红外导引头", "reading_system_answer": "红外导引头"}]}, {"text": "依据当前的采购计划", "qa_pairs": [{"question": "依据当前的采购计划中的前的计购计划是什么", "answer": "采购计划", "reading_system_answer": null}]}, {"text": "2002年至2018年", "qa_pairs": [{"question": "2002年至2012年至2012年至200000000000000000000", "answer": "2002年", "reading_system_answer": null}, {"question": "20022年至2012年至201年至过", "answer": "2018年", "reading_system_answer": null}]}, {"text": "美国空军将采购4900枚导弹", "qa_pairs": [{"question": "美国空军将采购了什么型号的导弹", "answer": "4900枚导弹", "reading_system_answer": "4900枚"}, {"question": "美国空军将采购4900枚导弹的国家将采购4900枚导弹的国家将将采购4900枚", "answer": "美国空军", "reading_system_answer": null}]}, {"text": "其中", "qa_pairs": [{"question": "中国其其其其中中中中中中中其其其其其其其其其其其其其其中中中中中中中中中中中中", "answer": "", "reading_system_answer": null}]}, {"text": "基型AGM-158A JASSM导弹2210枚", "qa_pairs": [{"question": "基型agm-1581枚是什么", "answer": "基型AGM", "reading_system_answer": null}, {"question": "基型agm-158ajsm导弹的导弹是哪种", "answer": "158A", "reading_system_answer": null}, {"question": "基型agm-158ajsm1型号是什么", "answer": "JASSM导弹2210枚", "reading_system_answer": null}]}, {"text": "AGM-158B增程型JASSM导弹1197枚", "qa_pairs": [{"question": "agm-158b增程型jassm导弹的增程型jassm导弹的原因是什么", "answer": "158B增程", "reading_system_answer": null}, {"question": "agm-158b增程型的是哪一年", "answer": "JASSM导弹1197枚", "reading_system_answer": null}, {"question": "ag58158b增程型jassm导弹1197枚是什么", "answer": "AGM", "reading_system_answer": null}]}]}