{"passage": "俄罗斯国防部星期一表示，北极和极北地区防空分队将装备“道尔”-M2短程防空导弹系统，常规集团军防空分队将配备“银柳”便携式防空导弹系统。  道尔-M2是俄道尔-M1野战防空导弹系统最新改进型号。“道尔－M2”系统的性能大大优于陆军现在使用的“道尔－M1”系统。与国外同类产品相比，其优势在于对精确制导武器的高杀伤力，如巡航导弹、精确制导炸弹等。整个系统的信息处理与目标攻击最大限度地实现了自动化，它实际上是一个不需人工干预即可自行选择进攻目标的机器人。  道尔-M2DT是道尔-M2系统在北极地区使用的武器版本，主要是将道尔-M2安装在DT-30PM-T1两段式履带全地形车上，具备了强大的极地冰层机动能力。它的最核心变化是使用了全新的9M338K拦截导弹，9M338K更轻、更小、射程更远。  在俄军编制中，一套道尔-M2系统就是一个营的主战装备，包括1辆营指挥车和最多4辆发射车，定型前的道尔系统每部车只能携带8枚导弹，随着9M338K小型化导弹的出现，其携带数量甚至可增加至16枚。  9M338K的发射方式仍是俄式防空导弹惯用的“冷发射”，弹射到一定高度后，由位于导弹底部的燃气舵使其转向，然后攻击目标。关于对导弹命中精度至关重要的制导系统，耶莫雷耶夫称导弹仍采用传统的无线电指令制导，导弹也可以增加导引头更换制导方式，但是目前来看无线电指令制导是此类防空系统较为合适的选择。导弹使用数字式自动驾驶仪，通过指令和惯性制导系统，导弹可以达到极高的命中精度。  “银柳”便携式防空导弹系统可以借助先进的电子设备在攻击时分辨敌我。由于善于发现并攻击隐身导弹及无人机，其作战性能超过西方同类产品“毒刺”(Stinger)和“星光”(星纹防空导弹，Starstreak)地空导弹及其前身“针式”地空导弹。  “银柳”便携式导弹是2014年才列装的，采用9M336型导弹，弹头重量1.5千克，能打击10米到4500米高度的空中目标，攻击范围大，尤其针对雷达难以发现的低空目标，包括巡航导弹和无人机等得心应手。  此外，“银柳”系统使用新型自动化控制，导弹反应速度从几分钟缩短到8秒，大大增加了摧毁敌机的概率。同时其技术维护简单，只需要定期用氮气检查自动导引头的冷却系统，便于保持战斗力。", "sentences": [{"text": "俄罗斯国防部星期一表示", "qa_pairs": [{"question": "俄罗斯国防部星期一表示是什么", "answer": "俄罗斯国防部", "reading_system_answer": null}]}, {"text": "北极和极北地区防空分队将装备“道尔”-M2短程防空导弹系统", "qa_pairs": [{"question": "北极和极北地区防空分队将装备“道尔”-m2短程防空导弹系统的国家装备“2短程防", "answer": "M2", "reading_system_answer": null}, {"question": "北极和极北地区防空分队将装备“道尔”-m2短程防空导弹系统的导弹系统是什么", "answer": "分队", "reading_system_answer": null}, {"question": "北极和极北地区防空分队将装备“道尔”-m2短程防空导弹系统的导弹系统是什么", "answer": "导弹系统", "reading_system_answer": null}, {"question": "北地区防空分队将装备“道尔”-m2短程防空导弹系统的导弹系统是什么", "answer": "北极", "reading_system_answer": null}, {"question": "北极和极北地区防空分队将装备“道尔”-m2短程防空导弹系统的导弹系统是什么", "answer": "极北地区", "reading_system_answer": null}, {"question": "北极和极北地区防空分队将装备“道尔”-m2短程防空导弹系统的导弹系统是什么", "answer": "装备", "reading_system_answer": null}]}, {"text": "常规集团军防空分队将配备“银柳”便携式防空导弹系统", "qa_pairs": [{"question": "常规集团军防空分队将配备“银柳”便携式防空导弹系统的国家配备的“便携式防空导弹", "answer": "银柳", "reading_system_answer": null}, {"question": "“银柳”便携式防空导弹系统的导弹系统是什么", "answer": "分队", "reading_system_answer": null}, {"question": "“银柳”便携式防空导弹系统的团军防空分队将配备“银柳”便携式防空导弹系统的导弹", "answer": "常规集团军", "reading_system_answer": null}, {"question": "“银柳”便携式防空导弹系统是哪个导弹系统", "answer": "导弹系统", "reading_system_answer": null}]}, {"text": "道尔-M2是俄道尔-M1野战防空导弹系统最新改进型号", "qa_pairs": [{"question": "俄道尔-m1野战防空导弹系统最新改进型号是什么", "answer": "改进型号", "reading_system_answer": "道尔-M2"}, {"question": "俄道尔-m1野战防空导弹系统最新改进型号是哪个", "answer": "M2", "reading_system_answer": "道尔-M2"}, {"question": "俄道尔-m1野战防空导弹系统最新改进型号是哪个导弹系统", "answer": "导弹系统", "reading_system_answer": "道尔-M2"}, {"question": "俄道尔-m1野战防空导弹系统最新改进型号是哪个", "answer": "M1", "reading_system_answer": "道尔-M2"}, {"question": "尔-m1野战防空导弹系统最新改进型号是哪个型号", "answer": "俄", "reading_system_answer": "道尔-M2"}]}, {"text": "“道尔－M2”系统的性能大大优于陆军现在使用的“道尔－M1”系统", "qa_pairs": [{"question": "“系统的性能大大优于陆军现在使用的“道尔－m1”系统的”系统是", "answer": "M2", "reading_system_answer": "“道尔－M2"}, {"question": "“系统的性能大大优于陆军现在使用的“道尔－m1”系统的”系统是", "answer": "M1", "reading_system_answer": "“道尔－M2"}, {"question": "“m2”系统的性能大大优于陆军现在使用的“道尔－m1”系统是什么", "answer": "陆军", "reading_system_answer": null}, {"question": "“2”系统的性能大大优于陆军现在使用的“道尔－m1”系统是什么", "answer": "系统", "reading_system_answer": "“道尔－M2”系统"}, {"question": "“m2”系统的性能大大优于陆军现在使用的“道尔－m1”系统是什么", "answer": "性能", "reading_system_answer": null}]}, {"text": "与国外同类产品相比", "qa_pairs": [{"question": "与国外同类产品相比比比比比比比国外同类产品相同类产品相同类产品与同同相同同相同", "answer": "国外同类产品", "reading_system_answer": null}]}, {"text": "其优势在于对精确制导武器的高杀伤力", "qa_pairs": [{"question": "其优势在于对精确制导武器的高杀伤力的国家其优势在于对精确制导武器的高杀伤力的国", "answer": "制导武器", "reading_system_answer": null}, {"question": "其优势在于对精确制导武器的高杀伤力的国家优势在于对精确制导武器的高杀伤力的国家", "answer": "高杀伤力", "reading_system_answer": null}, {"question": "其优势在于对精确制导武器的高杀伤力的优势是什么", "answer": "优势", "reading_system_answer": null}]}, {"text": "如巡航导弹、精确制导炸弹等", "qa_pairs": [{"question": "如巡航导弹、精确制导炸弹等哪种型号的导弹", "answer": "制导炸弹", "reading_system_answer": null}, {"question": "如巡航导弹、精确制导炸弹等等国家、精确制导炸弹等、精确制导炸弹如何", "answer": "巡航导弹", "reading_system_answer": null}]}, {"text": "整个系统的信息处理与目标攻击最大限度地实现了自动化", "qa_pairs": [{"question": "整个系统的信息处理与目标攻击最大限度地实现了自动化的击击最大使用的是什么系统", "answer": "系统", "reading_system_answer": null}, {"question": "整个系统的信息处理与目标攻击最大限度地实现了自动化的攻击最大限度地实现了自动化", "answer": "目标", "reading_system_answer": null}, {"question": "整个系统的信息处理与目标攻击最大限度地实现了自动化的最大限度地实现了自动化的最", "answer": "信息处理", "reading_system_answer": null}, {"question": "整个系统的信息处理与目标攻击最大限度地实现了自动化的攻击限度地实现了自动化的攻", "answer": "限度", "reading_system_answer": null}]}, {"text": "它实际上是一个不需人工干预即可自行选择进攻目标的机器人", "qa_pairs": [{"question": "它实际上是一个不需人工干预即可自行选择进攻目标的机器人的国家在一个不需人工干预", "answer": "机器人", "reading_system_answer": null}, {"question": "它实际上是一个不需人工干预即可自行选择进攻目机器人的国家其标的机器人是什么", "answer": "目标", "reading_system_answer": null}, {"question": "它实际上是一个不需人工干预即可自行选择进攻目标的机器人的国家其一个不需人工干预", "answer": "一个", "reading_system_answer": null}]}, {"text": "道尔-M2DT是道尔-M2系统在北极地区使用的武器版本", "qa_pairs": [{"question": "道尔-m2系统在北极地区使用的武器版本是", "answer": "M2系统", "reading_system_answer": "道尔-M2DT"}, {"question": "道尔-m2系统在北极地区使用的武器版本是", "answer": "M2DT", "reading_system_answer": "道尔-M2DT"}, {"question": "m2系统在北极地区使用的武器版本是什么", "answer": "北极地区", "reading_system_answer": "道尔-M2DT"}, {"question": "m2系统在北极地区使用的武器版本是什么", "answer": "武器版本", "reading_system_answer": "道尔-M2DT"}]}, {"text": "主要是将道尔-M2安装在DT-30PM-T1两段式履带全地形车上", "qa_pairs": [{"question": "尔-m20pm-30段式履带全地形车上的两段式履带全地形车上是什么", "answer": "M2", "reading_system_answer": null}, {"question": "主要是将道尔-m20段式履带全地形车上的国家在d1两段式履带全地形车上的国家在", "answer": "DT", "reading_system_answer": null}, {"question": "m2安装在dt-30pm-t1两段式履带全地形车上的国家在d2安装在dt-30", "answer": "T1两段式履带", "reading_system_answer": "道尔-M2"}, {"question": "主要是将道尔-m20段式履带全地形车上的国家在dt-30段式履带全地形车上的国", "answer": "地形", "reading_system_answer": null}, {"question": "主要是将道尔-m2安装的国家在dt-30pm-t1两段式履带全地形车上的国家在", "answer": "30PM", "reading_system_answer": null}]}, {"text": "具备了强大的极地冰层机动能力", "qa_pairs": [{"question": "具备了强大的极地冰层机动能力是什么", "answer": "极地冰层机动能力", "reading_system_answer": null}]}, {"text": "它的最核心变化是使用了全新的9M338K拦截导弹", "qa_pairs": [{"question": "9m338k拦截导弹的最核心变化是使用了全新的9m338k拦截导弹的国家全新的", "answer": "核心", "reading_system_answer": null}, {"question": "它的最核心变化是使用了全新的9m338k拦截导弹的国家全新的9的最核心变化是使", "answer": "9M338K拦截导弹", "reading_system_answer": null}]}, {"text": "9M338K更轻、更小、射程更远", "qa_pairs": [{"question": "9m338k更轻、更小、射程更远是多少", "answer": "射程", "reading_system_answer": null}, {"question": "9m338k更轻、更小、射程更远是多少", "answer": "9M338K", "reading_system_answer": null}]}, {"text": "在俄军编制中", "qa_pairs": [{"question": "在俄军编制中编制中编制俄军编制中编在俄军编制俄军在在俄军俄俄俄俄俄俄俄军编制编", "answer": "", "reading_system_answer": null}]}, {"text": "一套道尔-M2系统就是一个营的主战装备", "qa_pairs": [{"question": "尔-m2系统就是一套营的主战装备的国家在m2系统的战个道尔-营的主战装备是什么", "answer": "一套", "reading_system_answer": null}, {"question": "一套道尔-m2系统是一个营的主战装备是什么", "answer": "M2系统", "reading_system_answer": null}, {"question": "尔-m2系统是什么", "answer": "一个营", "reading_system_answer": null}, {"question": "尔-m2系统就是一个营的主战装备是什么", "answer": "装备", "reading_system_answer": "一套"}]}, {"text": "包括1辆营指挥车和最多4辆发射车", "qa_pairs": [{"question": "包括1辆营指挥车和最多4辆发射车是什么", "answer": "1辆营指挥车", "reading_system_answer": null}, {"question": "包括1辆营指挥车和最多4辆发射车是什么", "answer": "多4辆", "reading_system_answer": null}]}, {"text": "定型前的道尔系统每部车只能携带8枚导弹", "qa_pairs": [{"question": "定型前的道尔系统每部车只能携带8枚导弹的导弹是什么", "answer": "系统", "reading_system_answer": null}, {"question": "定型前的道尔系统每部车只能携带多少导弹", "answer": "8枚导弹", "reading_system_answer": "8枚"}]}, {"text": "随着9M338K小型化导弹的出现", "qa_pairs": [{"question": "随着9m338k小型化导弹的出现是什么", "answer": "9M338K小型化导弹", "reading_system_answer": null}]}, {"text": "其携带数量甚至可增加至16枚", "qa_pairs": [{"question": "携带数量甚至可增加至16枚的优点是什么", "answer": "数量", "reading_system_answer": null}, {"question": "其携带数量甚至可增加至16枚的增加至16枚的增点是什么", "answer": "16枚", "reading_system_answer": null}]}, {"text": "9M338K的发射方式仍是俄式防空导弹惯用的“冷发射”", "qa_pairs": [{"question": "9m338k的发射方式是哪个型号", "answer": "方式", "reading_system_answer": "9M338K的发射方式仍是俄式防空导弹惯用的“冷发射"}, {"question": "9m338k的发射方式是俄式防空导弹惯用的“冷发射”的导弹惯用的“冷发射”是哪", "answer": "导弹惯用", "reading_system_answer": null}, {"question": "俄式防空导弹惯用的“冷发射”是哪个", "answer": "9M338K", "reading_system_answer": "9M338K"}]}, {"text": "弹射到一定高度后", "qa_pairs": [{"question": "弹射到一定高度后后弹射到一定高度后后弹射到一定高度后后弹射到一定高度后弹射的定", "answer": "高度", "reading_system_answer": null}]}, {"text": "由位于导弹底部的燃气舵使其转向", "qa_pairs": [{"question": "由位于导弹底部的燃气舵使其转向其于导弹底部的燃气舵使其转向其于由位于导弹底部的", "answer": "导弹", "reading_system_answer": null}, {"question": "由位于导弹底部的燃气舵使其转向其于导弹底部的燃气舵使其转向其于由位于导弹底部的", "answer": "燃气舵", "reading_system_answer": null}]}, {"text": "然后攻击目标", "qa_pairs": [{"question": "攻击目标击目标击目后攻击目的是什么", "answer": "目标", "reading_system_answer": null}]}, {"text": "关于对导弹命中精度至关重要的制导系统", "qa_pairs": [{"question": "关于对导弹命中精度至关重要的制导系统的导弹导弹导弹导弹导弹导弹导弹导弹导弹导弹", "answer": "导弹", "reading_system_answer": null}, {"question": "关于对导弹命中精度至关系统的导弹精度导弹精度导弹精度导弹精度至的制导系统的精要", "answer": "精度", "reading_system_answer": null}, {"question": "关于对导弹命中精度至关重要的制导系统是什么", "answer": "制导系统", "reading_system_answer": null}]}, {"text": "耶莫雷耶夫称导弹仍采用传统的无线电指令制导", "qa_pairs": [{"question": "耶莫雷耶夫称导弹仍采用传统的无线电指令制导弹的导弹导弹采用的是什么导弹", "answer": "导弹", "reading_system_answer": null}, {"question": "耶莫雷耶夫称导弹仍采用传制的导弹采用了什么样的", "answer": "传统", "reading_system_answer": null}, {"question": "耶莫雷耶夫称导弹仍采用传统的无线电指是什么", "answer": "指令制导", "reading_system_answer": null}]}, {"text": "导弹也可以增加导引头更换制导方式", "qa_pairs": [{"question": "导弹也可以增加导引头更换制导方式是导弹的导弹导弹导弹导弹导弹导弹导弹导弹导弹导", "answer": "导弹", "reading_system_answer": null}, {"question": "导弹也可以增加导引头更换制导方式是什么", "answer": "导引头", "reading_system_answer": null}, {"question": "导弹也可以增加导引头更换制导方式是什么", "answer": "制导方式", "reading_system_answer": null}]}, {"text": "但是目前来看无线电指令制导是此类防空系统较为合适的选择", "qa_pairs": [{"question": "目前来看无线电适的选择是什么", "answer": "系统", "reading_system_answer": "无线电指令制导"}, {"question": "目前来看无线电适的选择是什么", "answer": "指令制导", "reading_system_answer": "无线电指令制导"}]}, {"text": "导弹使用数字式自动驾驶仪", "qa_pairs": [{"question": "导弹使用数字式自动驾驶仪的导弹导弹导弹导弹导弹导弹导弹导弹导弹导弹导弹导弹导弹", "answer": "导弹", "reading_system_answer": null}, {"question": "导弹使用数字式自动驾驶仪的导弹动驾驶仪是什么", "answer": "数字式", "reading_system_answer": null}]}, {"text": "通过指令和惯性制导系统", "qa_pairs": [{"question": "通过指制导弹惯和性和统令统的指统的制过导弹惯系性系导弹惯系性的指在令性系过和制", "answer": "指令", "reading_system_answer": null}, {"question": "通过指令和惯性制导系统的优点是什么", "answer": "惯性制导系统", "reading_system_answer": null}]}, {"text": "导弹可以达到极高的命中精度", "qa_pairs": [{"question": "导弹可以达到极高的命中精度的导弹导弹导弹导弹导弹导弹导弹导弹导弹导弹导弹导弹导", "answer": "导弹", "reading_system_answer": null}, {"question": "导弹可以达到极高的命中精度的精度是什么", "answer": "精度", "reading_system_answer": null}]}, {"text": "“银柳”便携式防空导弹系统可以借助先进的电子设备在攻击时分辨敌我", "qa_pairs": [{"question": "“银柳”便携式防空导弹系统的导弹系统中的携式防空导弹系统的导弹系辨的导弹是什么", "answer": "银柳", "reading_system_answer": "“银柳”便携式防空导弹系统"}, {"question": "“银柳”便携式防空导弹系统有哪些优点", "answer": "导弹系统", "reading_system_answer": null}, {"question": "“银柳”便携式防空导弹系统可以借助先进的电子设备的导弹系统设备的导弹系统设备的", "answer": "电子设备", "reading_system_answer": null}, {"question": "“银柳”便携式防空导弹系统的攻击时分辨是什么", "answer": "敌我", "reading_system_answer": null}, {"question": "“”携敌击弹的分别是什么", "answer": "时", "reading_system_answer": null}]}, {"text": "由于善于发现并攻击隐身导弹及无人机", "qa_pairs": [{"question": "由于善于发现并攻击隐身导弹及无人机的国家于由于发现并攻击隐身导弹及无人机的国家", "answer": "导弹", "reading_system_answer": null}]}, {"text": "其作战性能超过西方同类产品“毒刺”(Stinger)和“星光”(星纹防空导弹", "qa_pairs": [{"question": "”(毒刺”(stinger)和“星光”(星纹防空导弹的国家其类毒“毒刺”(st", "answer": "毒刺", "reading_system_answer": null}, {"question": "”(毒刺”(stinger)和“星光”(星纹防空导弹的国家e毒刺”(sting", "answer": "导弹", "reading_system_answer": null}, {"question": "”(stinger)和“星光”(星纹防空导弹的国家”(stinger)和“星光", "answer": "Stinger", "reading_system_answer": "毒刺"}, {"question": "”(星纹防空导弹是哪个导弹", "answer": "同类产品", "reading_system_answer": "星光”"}, {"question": "”(毒刺”(stinger)和“星光”(星纹防空导弹的国家在”“毒刺”(sti", "answer": "星纹", "reading_system_answer": null}, {"question": "”(星纹防空导弹是哪个导弹的", "answer": "性能", "reading_system_answer": "星光”"}, {"question": "”(毒刺”(stinger)和“星光”(星纹防空导弹的国家在”“毒刺”(sti", "answer": "星光", "reading_system_answer": null}]}, {"text": "Starstreak)地空导弹及其前身“针式”地空导弹", "qa_pairs": [{"question": ")k)地空导弹是哪个型号", "answer": "Starstreak", "reading_system_answer": "Starstreak)地空导弹"}, {"question": "starstreak)地空导弹及其前身“针式”地空导弹是哪个地方", "answer": "针式", "reading_system_answer": null}, {"question": "starstreak)地空导弹及其前身“针式”地空导弹是什么", "answer": "地空导弹", "reading_system_answer": null}]}, {"text": "“银柳”便携式导弹是2014年才列装的", "qa_pairs": [{"question": "“银柳”便携式导弹是2014年才列装的", "answer": "导弹", "reading_system_answer": null}, {"question": "“银柳”便携式导弹是2014年才列装的", "answer": "银柳", "reading_system_answer": null}, {"question": "“银柳”便携式导弹是哪一年才列装的", "answer": "2014", "reading_system_answer": "2014年"}]}, {"text": "采用9M336型导弹", "qa_pairs": [{"question": "采用9m336型导弹的国家采用的是什么型号", "answer": "导弹", "reading_system_answer": null}, {"question": "采用9m336型导弹的国家在933型导弹采用的是什么型号", "answer": "9M336", "reading_system_answer": null}]}, {"text": "弹头重量1.5千克", "qa_pairs": [{"question": "弹头重量1.5千千量是什么", "answer": "弹头重量1.5千克", "reading_system_answer": null}]}, {"text": "能打击10米到4500米高度的空中目标", "qa_pairs": [{"question": "能打击10米到4500米高度的空中目标是什么", "answer": "4500米高度", "reading_system_answer": null}, {"question": "能打击10米高度的空中目标是什么", "answer": "目标", "reading_system_answer": null}, {"question": "能打击10米到4500米高度的空中目标是什么", "answer": "10米", "reading_system_answer": null}]}, {"text": "攻击范围大", "qa_pairs": [{"question": "攻击范围大大攻击攻击范围大大攻击攻击攻击攻击攻击攻击攻击攻击攻击攻击攻击攻击攻", "answer": "范围", "reading_system_answer": null}]}, {"text": "尤其针对雷达难以发现的低空目标", "qa_pairs": [{"question": "尤其针对雷达难以发现的低空目标是什么", "answer": "低空目标", "reading_system_answer": null}, {"question": "尤其针对雷达难以发现的低空目标是什么", "answer": "雷达", "reading_system_answer": null}]}, {"text": "包括巡航导弹和无人机等得心应手", "qa_pairs": [{"question": "包括巡航导弹和无人机等得心应手的导弹是什么", "answer": "巡航导弹", "reading_system_answer": "包括巡航导弹"}]}, {"text": "此外", "qa_pairs": [{"question": "外方对外此此外外外此此外此外此外此外此外此外此外此外此外此外此外此外此外此外此", "answer": "", "reading_system_answer": null}]}, {"text": "“银柳”系统使用新型自动化控制", "qa_pairs": [{"question": "“银柳”系统使用新型自动化控制的新型自动化控制的新型系统是什么", "answer": "系统", "reading_system_answer": null}, {"question": "“银柳”系统使用新型自动化控制的新型自动化控制的是什么", "answer": "银柳", "reading_system_answer": null}]}, {"text": "导弹反应速度从几分钟缩短到8秒", "qa_pairs": [{"question": "导弹反应速度从几分钟缩短到8秒的国家在导弹反应速度从几分钟缩短到8秒的国家在导", "answer": "8秒", "reading_system_answer": "几分钟"}, {"question": "导弹反应速度从几分钟缩短到8秒的国家的导弹反应速度从几分钟缩短到8秒的国家在导", "answer": "几分钟", "reading_system_answer": "几分钟"}, {"question": "导弹反应速度从几分钟缩短到8秒的反弹应速度从几分钟缩短到8秒的反弹应速度从几分", "answer": "导弹反应速度", "reading_system_answer": "几分钟"}]}, {"text": "大大增加了摧毁敌机的概率", "qa_pairs": [{"question": "大大增加了摧毁敌机的概率是什么", "answer": "大大增加", "reading_system_answer": null}, {"question": "大大增加了摧毁敌机的概率是什么", "answer": "敌机", "reading_system_answer": null}, {"question": "大大增加了摧毁敌机的概了摧毁敌机的概了摧毁敌机的概了摧毁敌机的增率是什么", "answer": "概率", "reading_system_answer": null}]}, {"text": "同时其技术维护简单", "qa_pairs": [{"question": "同时其技术维护简单的护简是什么", "answer": "技术", "reading_system_answer": null}]}, {"text": "只需要定期用氮气检查自动导引头的冷却系统", "qa_pairs": [{"question": "用氮气检查自动导引头的冷却系统是什么", "answer": "氮气", "reading_system_answer": null}, {"question": "氮气检查自动导引头的冷却系统是什么", "answer": "冷却系统", "reading_system_answer": null}, {"question": "查自动导引头的冷却系统是什么", "answer": "导引头", "reading_system_answer": "只需要定期用氮气"}]}, {"text": "便于保持战斗力", "qa_pairs": [{"question": "便于保持战斗力的战机是什么", "answer": "战斗力", "reading_system_answer": null}]}]}