{"passage": "中国《航空知识》杂志披露了轰-20隐形轰炸机的外观。据《俄罗斯报》9日报道，新型轰炸机从2008年开始由上海飞机设计研究院设计建造。新机外观就像“飞翼”。中国需要无需空中加油、最多可携带10吨武器的远程轰炸机。研发人员的主要任务是降低飞机的雷达可见度，因此使用了隐身技术。轰-20是中国第一代自主研制的轰炸机，整个的研制过程和细节在中国受到严格保密，任何细节未予披露。中国杂志公布的轰-20外观图片可以证明，中国最终确定了新型隐形轰炸机的外观。   从这次俄罗斯媒体根据中国《航空知识》杂志披露的研制中的隐形轰炸机的外观来看，与早前中国在一次航展上展示的一款模型类似，那款模型当时被广泛认为是中国一型战术隐身轰炸机的想象图。但更多的中国军迷相信，中国更需要一款大型远程的战略轰炸机，因此对于这款被称为轰-18（从机翼编号看也许称为轰-10更准确）的隐身轰炸机并不热情，这也导致该机虽然被公开展示过，但却很少被提及，以至于很多人几乎都忘记了。从图片来看，所谓的轰-18几乎是美国YF-23的放大版，但对其作了中国意义上的隐身修改，因为据说YF-23比最终演变为F-22的YF-22的隐身效果更好。   美国与YF-22竞争失败的YF-23战机 根据俄罗斯媒体的数据，这款被称为轰-20的战略轰炸机的载弹量是10吨，这一条就首先不符合国外战略轰炸机的标准，但考虑到中国可能是把“够用”作为先决条件，因此只需要在机腹内置弹舱携带有限数量——只能携带4枚每枚重量为2500公斤的导弹——比如采用埋入式进气道与折叠式弹翼的长剑-20巡航导弹，就可以作为战略轰炸机使用。但是，从图片来看，该机使用了两台发动机——应该是D-30KP-2航空发动机，所以在航程上想要达到打击北美的阵位——夏威夷以东的东太平洋，可能需要实施空中加油，这个现在中国还暂时做不到。   不过，俄罗斯媒体把所谓的轰-18称为轰-20也许是一种误解，毕竟满世界都在传说中国正在研发大型隐身战略轰炸机，只要稍微透露出一点消息，各界都会大力解读。如果判断没错的话，中国应该在同时研发一款中型隐身战术前线轰炸机和一款大型隐身战略轰炸机，这就分别是轰-18和轰-20。这也印证了俄媒的猜测，轰-18是由上海飞机设计研究院设计建造的，而不是西安飞机设计研究院。后者是中国大型军用飞机的第一研发梯队，比如运-8、运-9、轰-6K和运-20都是该所的杰作，轰-20也应该出自那里。    分析认为，根据中国面临的现实威胁，同时装备一款中型隐身战术前线轰炸机和一款大型隐身战略轰炸机，也许是很现实的选择。轰-18用来对付周边目标，包括日本、印度、美军第一和第二岛链的基地，而轰-20则主要针对北美，那需要更大更先进的型号，所以没有远程大型隐身战略轰炸机轰-20是不可能的。正如中国同时在发展歼-20和歼-31一样，中国是世界上同时研发隐身战机最多的国家，包括至少4个型号的隐身无人机，轰-18和轰-20的出现将丰富中国的隐身作战梯队。现在轰-18已露出些微真容，轰-20还会远吗？", "sentences": [{"text": "中国《航空知识》杂志披露了轰-20隐形轰炸机的外观", "qa_pairs": [{"question": "中国航空知识》杂志披露了轰-20隐形轰炸机的的外外轰炸机是哪个", "answer": "外观", "reading_system_answer": null}, {"question": "中国《航空知识》杂志披露了轰-20隐形轰炸机的外观的国家《《航空知识》杂志披露", "answer": "航空", "reading_system_answer": null}, {"question": "中0隐形轰炸机的外观是什么", "answer": "中国", "reading_system_answer": "轰-20"}, {"question": "中国航空知识》杂志披露了轰-20隐形轰炸机的的外观是什么", "answer": "杂志", "reading_system_answer": null}, {"question": "中国《航空知识》杂志披露了轰-20隐形轰炸机的外观的是什么", "answer": "20隐形轰炸机", "reading_system_answer": null}]}, {"text": "据《俄罗斯报》9日报道", "qa_pairs": [{"question": "《9日报道》9日报道》99《》》9《》》》99俄是", "answer": "俄罗斯报", "reading_system_answer": null}, {"question": "《9日报道》9日报道》9日报道》9《《9俄罗斯报》》9《》9《》99《》》9《", "answer": "9日", "reading_system_answer": null}]}, {"text": "新型轰炸机从2008年开始由上海飞机设计研究院设计建造", "qa_pairs": [{"question": "新型轰炸机从2008年开始由上海飞机设计研究院设计建造的新型轰炸机轰炸机从20", "answer": "轰炸机", "reading_system_answer": null}, {"question": "新型轰炸机从2008年开始由上海飞机设计研究院设计建造的新型轰炸机是哪一个", "answer": "上海飞机", "reading_system_answer": null}, {"question": "新型轰炸机从2008年开始由上海飞机设计研究院设计建造的新型轰炸机研制的新型轰", "answer": "研究院", "reading_system_answer": null}, {"question": "新型轰炸机从哪一年开始由上海飞机设计研究院设计建造", "answer": "2008年", "reading_system_answer": "2008年"}]}, {"text": "新机外观就像“飞翼”", "qa_pairs": [{"question": "新机外观就像“飞翼”的飞机是什么", "answer": "飞翼", "reading_system_answer": null}, {"question": "新机外观就像“飞翼”是什么", "answer": "新机外观", "reading_system_answer": null}]}, {"text": "中国需要无需空中加油、最多可携带10吨武器的远程轰炸机", "qa_pairs": [{"question": "中国最多可携带10吨武器的远程轰炸机是哪个", "answer": "中国", "reading_system_answer": null}, {"question": "中国需要无需空中加油、最多可携带多少武器", "answer": "10吨武器", "reading_system_answer": "10吨"}, {"question": "中国需要无需空中加油、最多可携带10吨武器的远程轰炸机是什么", "answer": "空中加油", "reading_system_answer": null}, {"question": "中国需要无需空中加油、最多可携带10吨武器的远程轰炸机是什么", "answer": "远程轰炸机", "reading_system_answer": null}]}, {"text": "研发人员的主要任务是降低飞机的雷达可见度", "qa_pairs": [{"question": "研发人员的主要任务是降低飞机的雷达可见度的飞机的雷达可见度是什么", "answer": "人员", "reading_system_answer": null}, {"question": "研发人员的主要任务是降低飞机的雷达可见度的什么雷达", "answer": "雷达", "reading_system_answer": null}, {"question": "研发人员的主要任务是降低飞机的雷达可见度的飞机的雷达可见度是什么", "answer": "飞机", "reading_system_answer": null}, {"question": "研制出低低飞机的雷达的任见度是什么", "answer": "任务", "reading_system_answer": null}]}, {"text": "因此使用了隐身技术", "qa_pairs": [{"question": "因为隐身技术的隐用了什么", "answer": "隐身技术", "reading_system_answer": null}]}, {"text": "轰-20是中国第一代自主研制的轰炸机", "qa_pairs": [{"question": "中国第一代自主研制的轰炸机是哪个", "answer": "轰炸机", "reading_system_answer": "轰-20"}, {"question": "中国第一代自主研制的轰炸机是哪一型号", "answer": "20", "reading_system_answer": "轰-20"}, {"question": "中国第一代自主研制的轰炸机是哪一个", "answer": "中国第一代", "reading_system_answer": "轰-20"}]}, {"text": "整个的研制过程和细节在中国受到严格保密", "qa_pairs": [{"question": "整个的研制过程和细节在中国受到严格保密的国家在中国受到严格保密的国家在中国细节", "answer": "中国", "reading_system_answer": null}, {"question": "整个的研制过程和细节在中国受到严格保密的国家在中国受到严格保密的国家在整个的研", "answer": "保密", "reading_system_answer": null}, {"question": "整个的研制过程和细节在中国受到严格保密的国家受到严格保密的国家在整个的研制过程", "answer": "细节", "reading_system_answer": null}, {"question": "中国受到严格保密的过严个的研制细节在中国受到严格保密的国家在整个的过过严格保密", "answer": "过程", "reading_system_answer": "整个的研制过程和细节"}]}, {"text": "任何细节未予披露", "qa_pairs": [{"question": "任何细节未予披露的态度未予披露", "answer": "细节", "reading_system_answer": "任何细节"}]}, {"text": "中国杂志公布的轰-20外观图片可以证明", "qa_pairs": [{"question": "中国杂志公布的轰-20外观图片可以证明是什么", "answer": "证明", "reading_system_answer": null}, {"question": "中国轰炸机轰-20外观图片可以证明哪个型号的轰炸机", "answer": "轰", "reading_system_answer": null}, {"question": "中国杂志公布的轰-20外观图片可以证明是什么", "answer": "20外观图片", "reading_system_answer": null}, {"question": "中国杂志公布的轰-20外观图片可以证明是什么", "answer": "中国杂志", "reading_system_answer": null}]}, {"text": "中国最终确定了新型隐形轰炸机的外观", "qa_pairs": [{"question": "中国最终确定了新型隐形轰炸机的外观的国家最终确定了新型隐形轰炸机的外观是什么", "answer": "中国", "reading_system_answer": null}, {"question": "中国最终确定了新型隐形轰炸机的外观的是什么", "answer": "隐形轰炸机", "reading_system_answer": null}, {"question": "中国最终确定了新型隐形轰炸机的的外外型隐形轰炸机是什么", "answer": "外观", "reading_system_answer": null}]}, {"text": "从这次俄罗斯媒体根据中国《航空知识》杂志披露的研制中的隐形轰炸机的外观来看", "qa_pairs": [{"question": "俄罗斯媒体根据中国《航空知识》杂志披露的研制中的隐形轰炸机的外观来看的轰炸机的", "answer": "俄罗斯媒体", "reading_system_answer": null}, {"question": "从这次俄罗斯媒体根据中国《航空知识》杂志披露的研制中的隐形轰炸机的外观来看的轰", "answer": "隐形轰炸机", "reading_system_answer": null}, {"question": "从俄罗斯媒体根据中国航空知识》杂志披露的国家的《航炸机的外隐形轰炸机的外隐观来", "answer": "外观", "reading_system_answer": null}, {"question": "从这次俄罗斯媒体根据中国《航空知识》杂志披露的研制中的隐形轰炸机的外观来看的是", "answer": "航空", "reading_system_answer": null}, {"question": "从这次俄罗斯媒体根据中国《航空知识》杂志披露的研制中的隐形轰炸机的外观来看的国", "answer": "中国", "reading_system_answer": null}, {"question": "从俄罗斯媒体根据中国《航空知识》杂志披露的国家研制的中国航炸机的外隐形轰炸机的", "answer": "杂志", "reading_system_answer": null}]}, {"text": "与早前中国在一次航展上展示的一款模型类似", "qa_pairs": [{"question": "与早前中国在一次航展上展示的一款模型类似的模型类似是什么", "answer": "中国", "reading_system_answer": null}, {"question": "与早前中国在一次航展上展示的一款模型类似的模型类似是什么", "answer": "一款模型", "reading_system_answer": null}, {"question": "与早前中国在一次航展上展示的一款模型类似的模型类似的模示的一次航展上展示的一款", "answer": "一次", "reading_system_answer": null}]}, {"text": "那款模型当时被广泛认为是中国一型战术隐身轰炸机的想象图", "qa_pairs": [{"question": "中国一型战术隐身轰炸机的想象图是什么", "answer": "想象图", "reading_system_answer": "那款模型"}, {"question": "中国一型战术隐身轰炸机的想象图是什么", "answer": "中国", "reading_system_answer": "那款模型"}, {"question": "被广泛认为是中国一型战术隐身轰炸机的想象图的战术隐身轰炸机的想象图是什么", "answer": "战术", "reading_system_answer": "那款模型"}, {"question": "中国一型战术隐身轰炸机的想象图是什么", "answer": "款模型", "reading_system_answer": "那款模型"}, {"question": "中国一型战术隐身轰炸机的想象图是什么", "answer": "轰炸机", "reading_system_answer": "那款模型"}]}, {"text": "但更多的中国军迷相信", "qa_pairs": [{"question": "中国军迷相信相信多的中国军迷相信相更多的中国军迷信相相相信是中国相信的相点是什", "answer": "中国军迷", "reading_system_answer": null}, {"question": "中国军迷相信中国军迷相信中国相多的中国军迷更信相多十十十十十十十十十十十十十十", "answer": "多", "reading_system_answer": null}]}, {"text": "中国更需要一款大型远程的战略轰炸机", "qa_pairs": [{"question": "中国更需要一款大型远程的战略轰炸机是哪一款", "answer": "一款", "reading_system_answer": null}, {"question": "中国更需要一款大型远程的战略轰炸机是哪个国家", "answer": "中国", "reading_system_answer": null}, {"question": "中国更需要一款大型远程的战略轰炸机是什么", "answer": "远程", "reading_system_answer": null}, {"question": "中国更需要一款大型远程的战略轰炸机是什么", "answer": "战略轰炸机", "reading_system_answer": null}]}, {"text": "因此对于这款被称为轰-18（从机翼编号看也许称为轰-10更准确）的隐身轰炸机并不热情", "qa_pairs": [{"question": "被称为轰-18（从机翼编号看也许称为轰-10更准确）的隐身轰炸机的国家其被称为", "answer": "机翼编号", "reading_system_answer": "轰-18"}, {"question": "轰-10更准确）的隐身轰炸机是哪个", "answer": "热情", "reading_system_answer": "轰-18"}, {"question": "轰-10更准确）的隐身轰炸机是哪一款飞机", "answer": "10", "reading_system_answer": "轰-18"}, {"question": "轰-10更准确）的隐身轰炸机是哪一款飞机", "answer": "18", "reading_system_answer": "轰-18"}, {"question": "被称为轰-18（从机翼编号看也许称为轰-10更准确）的隐身轰炸机的国家在18（", "answer": "轰炸机", "reading_system_answer": "轰-18"}]}, {"text": "这也导致该机虽然被公开展示过", "qa_pairs": [{"question": "被公开展示过被公开展示过的公致该机虽然被导致该机虽然这导致开展示过的公司公司公", "answer": "", "reading_system_answer": null}]}, {"text": "但却很少被提及", "qa_pairs": [{"question": "被被提及被提事方面中对少被提事峰及的提点是什么", "answer": "很少", "reading_system_answer": null}]}, {"text": "以至于很多人几乎都忘记了", "qa_pairs": [{"question": "以至于很多人几乎都忘记了什么", "answer": "很多人", "reading_system_answer": null}]}, {"text": "从图片来看", "qa_pairs": [{"question": "从图片来看的图片来看的图片是什么", "answer": "图片", "reading_system_answer": null}]}, {"text": "所谓的轰-18几乎是美国YF-23的放大版", "qa_pairs": [{"question": "美谓的轰-18几放大版的放动是美国yff-23的放大版的国家的轰炸机的几大版大", "answer": "轰", "reading_system_answer": null}, {"question": "美国yf-23的放大版是什么", "answer": "版", "reading_system_answer": "轰-18"}, {"question": "美国yf-23的放大版是什么", "answer": "23", "reading_system_answer": "轰-18"}, {"question": "轰-18几乎是美国yf-23的放大版的国家的yf-23的放大版是什么", "answer": "美国YF", "reading_system_answer": "轰-18"}, {"question": "美国yf-23的放大版是什么", "answer": "18", "reading_system_answer": "轰-18"}]}, {"text": "但对其作了中国意义上的隐身修改", "qa_pairs": [{"question": "中国意义上的隐身修改的国家其义上的隐身修改的国家其义上的隐身修改的国家其义上作", "answer": "中国意义", "reading_system_answer": null}]}, {"text": "因为据说YF-23比最终演变为F-22的YF-22的隐身效果更好", "qa_pairs": [{"question": "y23比最终演变的国家在22的隐身果更好的是什么型号", "answer": "F", "reading_system_answer": "YF-22"}, {"question": "y23比最终演变为f-22的隐身效果更好的是什么", "answer": "23", "reading_system_answer": null}, {"question": "yf-23比最终演变为f-22的隐身果更好的f-22的隐身果更好的f-22的y", "answer": "效果", "reading_system_answer": null}, {"question": "y23比最终演变的战争是什么", "answer": "YF", "reading_system_answer": "F-22"}, {"question": "y22比最终演变为f-22的隐身效果更好的yf-22的隐身效果更好的最终演变是", "answer": "22", "reading_system_answer": "YF-23比最终演变为F-22"}]}, {"text": "美国与YF-22竞争失败的YF-23战机 根据俄罗斯媒体的数据", "qa_pairs": [{"question": "美国与yf-22竞争失败的yf-23战机根据俄罗斯媒体的数据是什么", "answer": "俄罗斯媒体", "reading_system_answer": null}, {"question": "美国与yf-22竞争失败的yf-23战机根据俄罗斯媒体的数据俄罗斯媒体的数据是", "answer": "23战机", "reading_system_answer": null}, {"question": "yf-23战机根据俄罗斯媒体的数据yf-22竞争失败的yf-23战机根据俄罗斯", "answer": "美国", "reading_system_answer": "美国"}, {"question": "美国与yf-22竞争失败的yf-23战机根据俄罗斯媒体的数据是什么", "answer": "YF", "reading_system_answer": null}, {"question": "美国与yf-22竞争失败的yf-23战机根据俄罗斯媒体的数据俄罗斯媒体的数据y", "answer": "22", "reading_system_answer": null}, {"question": "f2战机根据y-23战机根据俄罗斯媒体的数据是", "answer": "数据", "reading_system_answer": null}]}, {"text": "这款被称为轰-20的战略轰炸机的载弹量是10吨", "qa_pairs": [{"question": "被称为轰-20的战略轰炸机的载弹量是", "answer": "20", "reading_system_answer": null}, {"question": "被称为轰-20的战略轰炸机的载弹量是", "answer": "10吨", "reading_system_answer": null}, {"question": "被称为轰-20的战略轰炸机的载弹量是", "answer": "载弹量", "reading_system_answer": null}, {"question": "被称为轰-20的战略轰炸机的载弹量是", "answer": "战略轰炸机", "reading_system_answer": null}]}, {"text": "这一条就首先不符合国外战略轰炸机的标准", "qa_pairs": [{"question": "就首先不符合国外战略轰炸机的标准是什么", "answer": "一条", "reading_system_answer": null}, {"question": "这一条就首先不符合国外战略轰炸机的标准是什么", "answer": "标准", "reading_system_answer": null}, {"question": "首先不符合国外战略轰炸机的标准是什么", "answer": "战略轰炸机", "reading_system_answer": null}]}, {"text": "但考虑到中国可能是把“够用”作为先决条件", "qa_pairs": [{"question": "中够用”作为先决条件的国家是中国“够用”够用”作为先决条件的国家其国家可能是把", "answer": "中国", "reading_system_answer": null}, {"question": "中够用”够用”作为先决条件的目的是什么", "answer": "先决条件", "reading_system_answer": null}]}, {"text": "因此只需要在机腹内置弹舱携带有限数量——只能携带4枚每枚重量为2500公斤的导弹——比如采用埋入式进气道与折叠式弹翼的长剑-20巡航导弹", "qa_pairs": [{"question": "——0巡航导弹的巡航导弹是什么", "answer": "导弹", "reading_system_answer": "采用埋入式进气道与折叠式弹翼的长剑-20"}, {"question": "——的导弹是什么", "answer": "2500公斤", "reading_system_answer": "采用埋入式进气道与折叠式弹翼的长剑-20"}, {"question": "——的导弹的巡航导弹是什么", "answer": "4枚", "reading_system_answer": "采用埋入式进气道与折叠式弹翼的长剑-20"}, {"question": "——0巡航导弹的长度是", "answer": "进气道", "reading_system_answer": "4枚"}, {"question": "—20巡航导弹的长剑-20巡航导弹的长度是", "answer": "长剑", "reading_system_answer": "4枚"}, {"question": "——0巡航导弹的优点是什么", "answer": "数量", "reading_system_answer": "只需要在机腹内置弹舱携带有限数量"}, {"question": "—20巡航导弹的优点是什么", "answer": "重量", "reading_system_answer": "只需要在机腹内置弹舱携带有限数量"}, {"question": "—20巡航导弹的长度是多少", "answer": "弹翼", "reading_system_answer": "4枚"}, {"question": "—20巡航导弹的置弹舱携带的导弹是什么", "answer": "机腹内置弹舱", "reading_system_answer": "只能携带4枚每枚重量为2500公斤的导弹"}, {"question": "——的导弹的巡航导弹是什么", "answer": "20巡航导弹", "reading_system_answer": "采用埋入式进气道与折叠式弹翼的长剑-20"}]}, {"text": "就可以作为战略轰炸机使用", "qa_pairs": [{"question": "战略轰炸机使用的是什么类型的", "answer": "战略轰炸机", "reading_system_answer": null}]}, {"text": "但是", "qa_pairs": [{"question": "但是是是但但但但但但但但但但但但但但但但但但但但但但但但但但但但但但但但但但但", "answer": "", "reading_system_answer": null}]}, {"text": "从图片来看", "qa_pairs": [{"question": "从图片来看的图片来看的图片是什么", "answer": "图片", "reading_system_answer": null}]}, {"text": "该机使用了两台发动机——应该是D-30KP-2航空发动机", "qa_pairs": [{"question": "——机航空发动机是什么", "answer": "航空发动机", "reading_system_answer": null}, {"question": "——2航空发动机是哪一款", "answer": "30KP", "reading_system_answer": "D-30KP-2"}, {"question": "—22航空发动机是哪个", "answer": "D", "reading_system_answer": "D-30KP-2"}, {"question": "——2航空发动机是什么", "answer": "两台发动机", "reading_system_answer": "D-30KP-2"}]}, {"text": "所以在航程上想要达到打击北美的阵位——夏威夷以东的东太平洋", "qa_pairs": [{"question": "——夏威夷以东的东太平洋的东太平洋是哪个", "answer": "航程", "reading_system_answer": null}, {"question": "——夏威夷以东的东太平洋是哪个", "answer": "东太平洋", "reading_system_answer": null}, {"question": "——夏威夷以东的东太平洋的国家在航程上想要达到打击北美的阵位——夏威夷以东的东", "answer": "夏威夷", "reading_system_answer": null}, {"question": "——夏威夷以东的东太平洋的东太平洋是哪个", "answer": "阵位", "reading_system_answer": null}, {"question": "——夏威夷以东的东太平洋的国家在航程上想要达到打击北美的阵位——夏威夷以东的东", "answer": "北美", "reading_system_answer": null}]}, {"text": "可能需要实施空中加油", "qa_pairs": [{"question": "可能需要实施空中加油的实施空中加油的实施是什么", "answer": "空中加油", "reading_system_answer": null}]}, {"text": "这个现在中国还暂时做不到", "qa_pairs": [{"question": "中国暂时做不到不到不到不到不到不中国还在中国还暂时做现个现在中国还暂时做现个中", "answer": "中国", "reading_system_answer": null}]}, {"text": "不过", "qa_pairs": [{"question": "不过不过不过新过不过新过不过不不过不不过不不过不不过不不过不不过不不过不不不过", "answer": "", "reading_system_answer": null}]}, {"text": "俄罗斯媒体把所谓的轰-18称为轰-20也许是一种误解", "qa_pairs": [{"question": "俄罗斯媒谓的轰种轰种轰种18称为轰-20也许把所谓的轰炸机解有哪些", "answer": "轰", "reading_system_answer": null}, {"question": "轰-20也许是一种误解的轰-是什么", "answer": "俄罗斯媒体", "reading_system_answer": "轰-18"}, {"question": "俄罗斯媒体把所谓的轰-10也许是一种误解的国家在轰-20也许是一种误解的国家其", "answer": "20", "reading_system_answer": "轰-18"}, {"question": "俄罗斯媒体把所谓的轰-10也许是一种误解的国家在轰-20也许是一种误解的国家其", "answer": "18", "reading_system_answer": "轰-18"}, {"question": "俄罗斯媒体把所谓的轰-18称为轰-20也许是一种误解的国家其轰-18称为轰-2", "answer": "一种", "reading_system_answer": null}]}, {"text": "毕竟满世界都在传说中国正在研发大型隐身战略轰炸机", "qa_pairs": [{"question": "中国正在研发大型隐身战略轰炸机是哪个国家", "answer": "世界", "reading_system_answer": "中国"}, {"question": "中国正在研发大型隐身战略轰炸机是哪个国家", "answer": "传说中国", "reading_system_answer": "中国"}, {"question": "世界都在传说中国正在研发大型隐身战略轰炸机的国家在研发大型隐身战略轰炸机是哪个", "answer": "战略轰炸机", "reading_system_answer": null}]}, {"text": "只要稍微透露出一点消息", "qa_pairs": [{"question": "微透露出什么消点", "answer": "一点消息", "reading_system_answer": null}]}, {"text": "各界都会大力解读", "qa_pairs": [{"question": "各界都会大力解读解读中国解读的解读解读中国解大力会解解解解会解读中国大力各界都", "answer": "大力", "reading_system_answer": null}]}, {"text": "如果判断没错的话", "qa_pairs": [{"question": "如果判断没错的话错的话错是什么", "answer": "", "reading_system_answer": null}]}, {"text": "中国应该在同时研发一款中型隐身战术前线轰炸机和一款大型隐身战略轰炸机", "qa_pairs": [{"question": "中国应该在同时研发一款中型隐身战术前线轰炸机和一款大型隐身战略轰炸机是哪一款", "answer": "一款", "reading_system_answer": null}, {"question": "中轰炸机和一款大型隐身战略轰炸机是哪个国家", "answer": "中国", "reading_system_answer": null}, {"question": "中国应该在同时研发一款中型隐身战术前线轰炸机和一款大型隐身战略轰炸机是什么", "answer": "战术前线轰炸机", "reading_system_answer": null}, {"question": "中国应该在同时研发一款中型隐身战术前线轰炸机和一款大型隐身战略轰炸机是什么", "answer": "战略轰炸机", "reading_system_answer": null}]}, {"text": "这就分别是轰-18和轰-20", "qa_pairs": [{"question": "轰-18和轰-20是轰-的是什么", "answer": "20", "reading_system_answer": null}, {"question": "轰-18和轰-20是轰-28和轰-20的国家其轰炸机轰炸机轰炸机的轰炸机是什么", "answer": "18", "reading_system_answer": "轰-18"}]}, {"text": "这也印证了俄媒的猜测", "qa_pairs": [{"question": "印证了俄媒的猜测的俄媒的猜测是什么", "answer": "", "reading_system_answer": null}]}, {"text": "轰-18是由上海飞机设计研究院设计建造的", "qa_pairs": [{"question": "轰-18是由上海飞机设计研究院设计建造的的轰机是哪个", "answer": "上海飞机", "reading_system_answer": null}, {"question": "轰-18是由上海飞机设计研究院设计建造的是哪个", "answer": "研究院", "reading_system_answer": null}, {"question": "轰-18是由上海飞机设计研究院设计建造的是哪一型号", "answer": "18", "reading_system_answer": "轰-18"}]}, {"text": "而不是西安飞机设计研究院", "qa_pairs": [{"question": "西安飞机设计研究院是什么", "answer": "研究院", "reading_system_answer": null}, {"question": "西安飞机设计研究院是什么", "answer": "西安飞机", "reading_system_answer": null}]}, {"text": "后者是中国大型军用飞机的第一研发梯队", "qa_pairs": [{"question": "中国大型军用飞机的第一研发梯队是", "answer": "后者", "reading_system_answer": null}, {"question": "中国大型军用飞机的第一研发梯队是", "answer": "梯队", "reading_system_answer": null}, {"question": "中国大型军用飞机的第一研发梯队是哪个国家研发梯队", "answer": "中国", "reading_system_answer": null}, {"question": "中国大型军用飞机的第一研发梯队的第一研发梯队是", "answer": "军用飞机", "reading_system_answer": null}, {"question": "中国大型军用飞机的第一研发梯队研制的第一研发梯队研制的第一军用飞机的第一型第一", "answer": "第一", "reading_system_answer": null}]}, {"text": "比如运-8、运-9、轰-6K和运-20都是该所的杰作", "qa_pairs": [{"question": "比、轰轰-6k和运-20都是该所的杰作是什么", "answer": "杰作", "reading_system_answer": "运-8、运-9"}, {"question": "比、轰轰运-9、轰-6k和运-20都是该所的杰作的是哪一型号", "answer": "20", "reading_system_answer": "运-8"}, {"question": "比、轰炸机的轰炸机是哪一个", "answer": "6K", "reading_system_answer": "运-8、运-9、轰-6K和运-20"}, {"question": "如9运-9、轰-6k和运-20都是该所的杰作的是哪一型号的运都", "answer": "运", "reading_system_answer": "运-8"}]}, {"text": "轰-20也应该出自那里", "qa_pairs": [{"question": "轰-20也应该出自那里出自那里出自那一-20", "answer": "20", "reading_system_answer": null}]}, {"text": "分析认为", "qa_pairs": [{"question": "分为分认为分为分为分为分为分为分为分为分为析认的国家态的态度的态度的国家为什么", "answer": "", "reading_system_answer": null}]}, {"text": "根据中国面临的现实威胁", "qa_pairs": [{"question": "根据中国临订为何回威政府", "answer": "现实", "reading_system_answer": null}, {"question": "根据中国面临的现实威胁是什么", "answer": "中国", "reading_system_answer": null}]}, {"text": "同时装备一款中型隐身战术前线轰炸机和一款大型隐身战略轰炸机", "qa_pairs": [{"question": "中国轰炸机和一款大型隐身战略轰炸机是哪一款", "answer": "装备一款", "reading_system_answer": null}, {"question": "中国轰炸机和一款大型隐身战略轰炸机是哪一款", "answer": "一款", "reading_system_answer": null}, {"question": "中国轰炸机和一款大型隐身战略轰炸机是什么", "answer": "战术前线轰炸机", "reading_system_answer": "中型隐身战术前线轰炸机"}, {"question": "中国轰炸机和一款大型隐身战略轰炸机是哪一款", "answer": "战略轰炸机", "reading_system_answer": null}]}, {"text": "也许是很现实的选择", "qa_pairs": [{"question": "现现选择有什么好处", "answer": "现实", "reading_system_answer": null}]}, {"text": "轰-18用来对付周边目标", "qa_pairs": [{"question": "轰-18用来对付周边目标是什么", "answer": "目标", "reading_system_answer": null}, {"question": "轰-18用来对付周边目标是什么", "answer": "18", "reading_system_answer": null}]}, {"text": "包括日本、印度、美军第一和第二岛链的基地", "qa_pairs": [{"question": "、美第一和第二岛链的基地是", "answer": "印度", "reading_system_answer": null}, {"question": "、美军第一和第二岛链的基地是", "answer": "基地", "reading_system_answer": null}, {"question": "本、印度、美军第一和第二岛链的基地是", "answer": "第一", "reading_system_answer": null}, {"question": "、、、第一和第二岛链的基地是", "answer": "日本", "reading_system_answer": null}, {"question": "、美军第一和第二岛链的基地是", "answer": "第二岛链", "reading_system_answer": null}]}, {"text": "而轰-20则主要针对北美", "qa_pairs": [{"question": "轰-20则主要针对北美主要针对北美的主要针对北美的主要对北美是", "answer": "20", "reading_system_answer": null}, {"question": "轰-20则主要针对北美北美轰炸中20则主要针对北美的主要对北美20则主要对北美", "answer": "北美", "reading_system_answer": null}]}, {"text": "那需要更大更先进的型号", "qa_pairs": [{"question": "那艘大更先进的型号是什么", "answer": "型号", "reading_system_answer": null}]}, {"text": "所以没有远程大型隐身战略轰炸机轰-20是不可能的", "qa_pairs": [{"question": "轰炸机轰-20是不可能的哪种型号的轰炸机", "answer": "20", "reading_system_answer": "远程大型隐身战略轰炸机"}, {"question": "轰炸机轰-20是不可能的轰炸机其轰炸机的国家没有远程大型隐身战略轰炸机轰炸机是", "answer": "远程", "reading_system_answer": "所以没有远程大型隐身战略轰炸机"}, {"question": "轰炸机轰炸机轰炸机轰炸机轰炸轰炸轰炸轰略轰炸机的轰略轰炸机是什么", "answer": "战略轰炸机", "reading_system_answer": "轰-2"}]}, {"text": "正如中国同时在发展歼-20和歼-31一样", "qa_pairs": [{"question": "中国同时在发展歼-20和歼-31和歼-31一样的国家在发展歼-20和歼-31一", "answer": "20", "reading_system_answer": null}, {"question": "歼-31一样的一样是什么", "answer": "中国", "reading_system_answer": "正如中国同时在发展歼-20"}, {"question": "中国同时在发展歼-20和歼-31和歼-31一样的一样是", "answer": "31", "reading_system_answer": null}]}, {"text": "中国是世界上同时研发隐身战机最多的国家", "qa_pairs": [{"question": "中国是世界上同时研发隐身战机最多的国家是", "answer": "国家", "reading_system_answer": null}, {"question": "中国研发隐身战机最多的国家是", "answer": "中国", "reading_system_answer": null}, {"question": "世界上同时研发隐身战机最多的国家是", "answer": "世界", "reading_system_answer": "中国"}, {"question": "中国是世界上同时研发隐身战机最多的国家是", "answer": "战机", "reading_system_answer": null}]}, {"text": "包括至少4个型号的隐身无人机", "qa_pairs": [{"question": "包括至少4个型号的隐身无人机是什么", "answer": "4个型号", "reading_system_answer": null}]}, {"text": "轰-18和轰-20的出现将丰富中国的隐身作战梯队", "qa_pairs": [{"question": "轰-18和轰-20的出现将丰富中国的隐身作战梯队是哪个", "answer": "20", "reading_system_answer": null}, {"question": "轰-20的国家将丰富中国的隐身作战梯队是哪个", "answer": "中国", "reading_system_answer": "轰-18"}, {"question": "轰-10的出现将丰富中国的隐身作战梯队是什么", "answer": "梯队", "reading_system_answer": "轰-18"}, {"question": "轰-18和轰-20的出现将丰富中国的隐身作战梯队是哪个", "answer": "18", "reading_system_answer": null}]}, {"text": "现在轰-18已露出些微真容", "qa_pairs": [{"question": "现在轰-18已露出些微真容的国家在轰-18已露出些微真容是什么", "answer": "真容", "reading_system_answer": null}, {"question": "现在轰-18已露出些微真容的国家在轰-18已露出些微真容是什么", "answer": "18", "reading_system_answer": null}]}, {"text": "轰-20还会远吗？", "qa_pairs": [{"question": "轰-20还会远吗？", "answer": "20", "reading_system_answer": "轰-20还会远吗"}]}]}