{"passage": "战争中，很多要素都是与战争的动机相联系的。一般来说，战争的动机越强烈、越明确，战争对整个民族所造成的影响就会越大，战前局势也就越显得紧张，战争也就越接近抽象状态。此时，战争就会上升到纯军事的状态，而与政治的关系变得疏远。反之，战争动机越显得模糊，局势就会变得越平和，政治规定的方向同战争暴力的自然趋向就越不一致，因而战争离开它的自然趋向就越远，政治目的也就凸显出来。  然而，为了避免误解，我们还必须强调一点，这里所指的自然趋向指的是哲学上的、纯粹逻辑意义上的，而不是实际情况中发生冲突时的各种力量的趋向。对此，我们可以从作战双方的作战情绪和激情入手。我们不能否认，有时，作战者的激情很高，甚至情绪高涨到已经很难保持在实现预定的政治轨道上。当然，这种情况一般是很难发生的，因为有这样强烈的斗志，就必须要有一个相应的、宏大的计划。假如计划追求的目的不高，那么群众的状态就会很低，这样往往需要激发他们的情绪，而不是加以抑制。   战争可以看作是政治的行为，归结起来，我们还是可以发现，战争是一种政治的行为。而假使表面上，政治在某一场战争中似乎消失了，却在另一场战争中表现得尤为明显，此时，我们仍然可以确信一点，这两种战争都是政治的，因为如果我们把政治上升到一个国家的头脑的高度，那么，产生前一种战争的各种条件必然包括在政治要考虑的范围之内，此时，我们只有不把政治理解为全面的智慧，而是按习惯的概念把它理解为一种避免使用暴力的、谨慎的、狡猾的甚至阴险的计谋，才可以认为后一种战争比前一种战争更具有政治色彩。  应当依据上面的观点理解战史和建立相应的理论基础  1援在任何时候、任何情况下，战争都是政治的工具，而不是独立的东西。理解了这一点，才有可能对战争有更深层次的理解，也才不致和全部战史发生冲突和矛盾。  2援根据以上观点，我们得出一个结论：由于战争动机和产生战争的条件各不相同，战争也不是千篇一律的，因此，任何政治家和战争统帅最重要的工作之一，也是最重大的和最有决定意义的判断是从战争这一角度上，以这种观点正确认识他所从事的战争，而不应该把那种不符合当时情况的战争看作是他应该从事的战争，也不应该使他所从事的战争成为那样的战争。这是所有战略问题中首要的、涉及面最广的问题，我们以后在论述战争计划时将进一步加以研究。  到这里，关于什么是战争这一问题，就告一段落了。   战争在理论上的结论  战争是易变的，在每一种具体的情况下甚至包括它的性质也或多或少会在某些情况下发生变化。而通过它的全部现象就其自身的主要倾向来看，还包括以下3个方面：  1、援援战争要素中的仇恨感和敌忾心，都可以看作是盲目的自然冲动；  2、援盖然性和偶然性能使战争成为一种自由的精神活动；  3、这作为政治工具的从属性，战争因属纯粹的理智行为。  3个方面涉及的也是不同的对象：它们分别与民众、统帅和其军队、政府有关。战争中迸发出来的激情并不是空穴来风，而是早已存在于人民中。在盖然性和偶然性的王国里，勇气和才智能在多大的范围内活动取决于统帅和军队的特点；而政治目的则纯粹是政府的事情。   这3种倾向就如同3条不同的规律，植根于战争的性质当中，并发挥着各自不同的作用。实际上，这三者也是相互制约的。任何一种理论，只要忽视这中间的任何一种倾向或者想任意确定这三者的关系都是行不通的，因为它会和现实产生矛盾。所以，我们如果希望理论站住脚，就必须在这3种倾向之间找到一个平衡点。  但是，不管怎样，这里确立的有关战争的概念是投射到我们理论基础上的第一道曙光，它有助于我们区分大量的现象，让我们能够清楚地认识战争。  我们不妨来发问：若希望战争成为政治目的的合适工具，那么战争应该追求什么样的目标呢？不难发现，真正的目标就如同战争的政治目的和战争的具体条件一样，也是复杂多变的。  假如还是摒弃战争的其他要素，只从战争的纯概念入手，那么，我们还是会得出这样的结论：战争的政治目的本来就是应该脱离战争的领域而存在的。对于这一点，我们还是要归结于对战争的正确认识，因为战争本身就是迫使对方屈从我们的意志的一种暴力行为，它要达到的直接目的便是打垮敌人，使之没有反抗的能力。这个从概念中推导出来的目的与现实中许多事情要达到的目的非常接近，所以我们先要在现实中来探讨。  在谈其他问题之前，我们在这里先要弄清敌人的军队、国土和意志这3个要素，因为它们是可以概括其他一切对象的总的对象。  在一般意义上，打败敌人指的是消灭敌人的军队，或者说使敌人的军队毫无还手之力。如果想要取得绝对胜利，还应当做得更为彻底一些———占领敌国，否则给敌人“翻身”的余地，敌人还可以再建立新的大规模部队。  再推进一步，即使我们在保证以上两点的情况下，只要敌国人民没有屈服、军队没有缴械投降，或者敌国政府没有签订投降合约，那我们依然不能掉以轻心，因为敌对的紧张状态和敌对力量的作用可能并未消除。在这种情况下，即便我们占领了这个国家，对方也很可能会在同盟国的参战下卷土重来。而一旦签订了合约，很多可能再度燃烧的火星就会熄灭，紧张也会趋于缓和。所以我们要承认：只要签订了合约，那么目的就已经达到，战争就算终止。", "sentences": [{"text": "战争中", "qa_pairs": [{"question": "战争中战争中中战争中中中中中中中中中争战战战战战战争战战争战中争战时争战时争战", "answer": "战争", "reading_system_answer": null}]}, {"text": "很多要素都是与战争的动机相联系的", "qa_pairs": [{"question": "与战争的动机相联系的是什么", "answer": "战争", "reading_system_answer": null}, {"question": "与战争的动机相联系的是什么", "answer": "很多要素", "reading_system_answer": null}, {"question": "与战争的动机相联系的是什么", "answer": "动机", "reading_system_answer": null}, {"question": "与战争的动机相联系的是什么系要", "answer": "联系", "reading_system_answer": null}]}, {"text": "一般来说", "qa_pairs": [{"question": "一般来说为一般来说的般一战中般说的般说是什么", "answer": "", "reading_system_answer": null}]}, {"text": "战争的动机越强烈、越明确", "qa_pairs": [{"question": "战争的动机越强烈、越明确是什么", "answer": "战争", "reading_system_answer": null}, {"question": "战争的动机越强烈、越明确是什么", "answer": "动机", "reading_system_answer": null}]}, {"text": "战争对整个民族所造成的影响就会越大", "qa_pairs": [{"question": "战争对整个民族所造成的影响就会越大造成的对越大国战争中对越大国战争中对越大国战", "answer": "战争", "reading_system_answer": null}, {"question": "战争对整个民族所造成的影响就会越大国战争中对整个民族所造成的影响就会越大国战争", "answer": "民族所", "reading_system_answer": null}]}, {"text": "战前局势也就越显得紧张", "qa_pairs": [{"question": "战前局势也就越显得紧张的越显得紧张是什么", "answer": "局势", "reading_system_answer": null}]}, {"text": "战争也就越接近抽象状态", "qa_pairs": [{"question": "战争也就越接近抽象状态的战争中中越接近抽象状态是什么", "answer": "战争", "reading_system_answer": null}, {"question": "战争也就越接近抽象状态的战争中战争中越接近抽象状态的原因是什么", "answer": "状态", "reading_system_answer": null}]}, {"text": "此时", "qa_pairs": [{"question": "时时此此此此时时此此时此此时此此此时此此此时此时此时此时此时此时此时此时此时此", "answer": "", "reading_system_answer": null}]}, {"text": "战争就会上升到纯军事的状态", "qa_pairs": [{"question": "战争中会上升到纯军事的状态是什么", "answer": "战争", "reading_system_answer": "战争"}, {"question": "战争中会上升到纯军事的状态是什么", "answer": "军事", "reading_system_answer": "战争"}, {"question": "战争中升到纯军事的状态是什么", "answer": "状态", "reading_system_answer": null}]}, {"text": "而与政治的关系变得疏远", "qa_pairs": [{"question": "与政治的关系变得疏远的关系变得疏远是什么", "answer": "政治", "reading_system_answer": null}, {"question": "与政治的关系变得疏远远远远远远远远疏得与政治的关系变得疏疏变得的关系政治与政治", "answer": "关系", "reading_system_answer": null}]}, {"text": "反之", "qa_pairs": [{"question": "反之反之反之反战中反之反战中反反战斗机是什么", "answer": "", "reading_system_answer": null}]}, {"text": "战争动机越显得模糊", "qa_pairs": [{"question": "战争动机越显得模糊的战争动机越显得模糊的战争动机战机战战战战中越糊模动中越糊战", "answer": "战争动机", "reading_system_answer": null}]}, {"text": "局势就会变得越平和", "qa_pairs": [{"question": "越势就会变得越平和越平和越势就会变得越平和平局就就就就就就就就就就就就就和越势", "answer": "局势", "reading_system_answer": null}]}, {"text": "政治规定的方向同战争暴力的自然趋向就越不一致", "qa_pairs": [{"question": "暴力的向一致向然趋向趋向越不一致向战争暴力的国家向向同方在越规定的战争中政治规", "answer": "方向", "reading_system_answer": null}, {"question": "越同战争中向规一向暴争中向致定的一十七七七七七七七运措附因为何岚鲁鲁点态态态态", "answer": "趋向", "reading_system_answer": null}, {"question": "政治规定的方向同战争暴力的自然趋向就越不一致是什么", "answer": "战争暴力", "reading_system_answer": null}, {"question": "政治规定的方向同战争暴力的自然趋向就越不一致是什么", "answer": "政治规定", "reading_system_answer": null}]}, {"text": "因而战争离开它的自然趋向就越远", "qa_pairs": [{"question": "因为战争离开它的自然趋向就越远就趋向就越远就趋而趋开它的自然趋向越远越远越远越", "answer": "战争", "reading_system_answer": null}, {"question": "因说为战争中向远开争中自远而趋向它的自离开争中自向的越然就向远而就就就向远而的", "answer": "趋向", "reading_system_answer": null}]}, {"text": "政治目的也就凸显出来", "qa_pairs": [{"question": "政治目的也就凸显出来的目的目的凸显出来的目的目的是", "answer": "政治目的", "reading_system_answer": null}]}, {"text": "然而", "qa_pairs": [{"question": "然而而然然而然然然然然然然然然然然然然然然而然而然而然而然而然而然而然而然而然", "answer": "", "reading_system_answer": null}]}, {"text": "为了避免误解", "qa_pairs": [{"question": "为什么说解免误解免误解免误解免误解免误避了了避误避避误解避免为了解误避误解的避", "answer": "", "reading_system_answer": null}]}, {"text": "我们还必须强调一点", "qa_pairs": [{"question": "我国还必须强调一点是什么", "answer": "一点", "reading_system_answer": null}]}, {"text": "这里所指的自然趋向指的是哲学上的、纯粹逻辑意义上的", "qa_pairs": [{"question": "、纯粹逻辑意义上的义上的是什么", "answer": "哲学", "reading_system_answer": null}, {"question": "指、的趋上的自上的意的自上的意的自上的意的自上的意的自上的意的自上的意的自上的", "answer": "趋向", "reading_system_answer": null}, {"question": "、向意辑意学上的所趋粹上的指逻指的指逻哲辑的自粹上的所上纯的指的所上的所上的所", "answer": "所指", "reading_system_answer": null}, {"question": "、纯粹逻辑意义上的是什么", "answer": "逻辑意义", "reading_system_answer": null}]}, {"text": "而不是实际情况中发生冲突时的各种力量的趋向", "qa_pairs": [{"question": "发生冲突时的各种力量的趋向的种力量的趋向的种力量的种力量是什么", "answer": "力量", "reading_system_answer": null}, {"question": "中国媒本中实际向中国力向中国力向中国力会量是各方的生制的情突的冲锋枪的趋量量是", "answer": "趋向", "reading_system_answer": null}, {"question": "发生冲突时的各种力量的趋向是什么", "answer": "发生冲突", "reading_system_answer": null}, {"question": "实际情况中发生冲突时的各种力量的趋向是什么", "answer": "实际情况", "reading_system_answer": null}]}, {"text": "对此", "qa_pairs": [{"question": "对于对对对对对对对对对对对对对对对对对此此此此此此此此此此此此此此此此此此此此", "answer": "", "reading_system_answer": null}]}, {"text": "我们可以从作战双方的作战情绪和激情入手", "qa_pairs": [{"question": "我国作战情绪和激情入手的作战双方的作战情绪和激情入手的作战双方的作战情绪和激情", "answer": "双方", "reading_system_answer": null}, {"question": "我们可以从作战双方的作战情绪和激情入手的作战情绪和激情入手的方面作战情绪和激情", "answer": "激情", "reading_system_answer": null}, {"question": "我们可以从作战双方的作战情绪和激情入手的作战情绪和激情入手的方面作战情绪和激情", "answer": "情绪", "reading_system_answer": null}]}, {"text": "我们不能否认", "qa_pairs": [{"question": "我国不能否认为我们不能否认为我们不能否认为我们否不能能能能能能能能能能能能能能", "answer": "", "reading_system_answer": null}]}, {"text": "有时", "qa_pairs": [{"question": "有时有时有时有时有时有时有时有时有有时有有时有有时有有时有有时时时时时时时时有", "answer": "", "reading_system_answer": null}]}, {"text": "作战者的激情很高", "qa_pairs": [{"question": "作战者的激情很高是什么", "answer": "激情", "reading_system_answer": null}]}, {"text": "甚至情绪高涨到已经很难保持在实现预定的政治轨道上", "qa_pairs": [{"question": "预定的政治轨道上有什么好处", "answer": "政治轨道", "reading_system_answer": null}]}, {"text": "当然", "qa_pairs": [{"question": "当然为当然然然当当然然然然然然然然然然然然然然然然然然当当当当当当当当当当当当", "answer": "", "reading_system_answer": null}]}, {"text": "这种情况一般是很难发生的", "qa_pairs": [{"question": "这种情况一般是很难发生的是什么", "answer": "情况", "reading_system_answer": null}]}, {"text": "因为有这样强烈的斗志", "qa_pairs": [{"question": "因为有这样强烈的斗志是什么", "answer": "斗志", "reading_system_answer": null}]}, {"text": "就必须要有一个相应的、宏大的计划", "qa_pairs": [{"question": "、宏大的计划中的一个相应的、宏大的计划是", "answer": "计划", "reading_system_answer": null}, {"question": "、宏大的计划的一个相应的、宏大的计划中宏大的计划中的一个相应的、宏大的计划中宏", "answer": "一个", "reading_system_answer": null}]}, {"text": "假如计划追求的目的不高", "qa_pairs": [{"question": "假如计划追求的目的不高是什么", "answer": "计划", "reading_system_answer": null}, {"question": "假如计划追求的目的不高的目的是什么", "answer": "目的", "reading_system_answer": null}]}, {"text": "那么群众的状态就会很低", "qa_pairs": [{"question": "那一艘状态就会很低的群众的状态是什么", "answer": "群众", "reading_system_answer": null}, {"question": "那一型号状态就会很低的群众的状态是什么", "answer": "状态", "reading_system_answer": null}]}, {"text": "这样往往需要激发他们的情绪", "qa_pairs": [{"question": "这样往往需要激发他们的情绪是什么", "answer": "情绪", "reading_system_answer": null}]}, {"text": "而不是加以抑制", "qa_pairs": [{"question": "加以抑制加以抑制的抑制的抑制是什么", "answer": "", "reading_system_answer": null}]}, {"text": "战争可以看作是政治的行为", "qa_pairs": [{"question": "战争可以看作是政治的行为什么", "answer": "战争", "reading_system_answer": null}, {"question": "战争可以看作是政治的行为什么", "answer": "政治", "reading_system_answer": null}]}, {"text": "归结起来", "qa_pairs": [{"question": "归结起来来结起来起结起来起结归归起起起起起起起起起起起起起起起起起起起起起起起", "answer": "", "reading_system_answer": null}]}, {"text": "我们还是可以发现", "qa_pairs": [{"question": "我国发现的发现发现是可以发现的发是我国的发是可以以现还是可以发现的发是我国发发", "answer": "", "reading_system_answer": null}]}, {"text": "战争是一种政治的行为", "qa_pairs": [{"question": "战争是一种政治的行为什么", "answer": "战争", "reading_system_answer": null}, {"question": "战争是一种政治的行为什么", "answer": "一种政治", "reading_system_answer": null}]}, {"text": "而假使表面上", "qa_pairs": [{"question": "假使使表假使表而假使表而假上而假上上上上上上上上上上上上上上上上上上上上上上上", "answer": "表面", "reading_system_answer": null}]}, {"text": "政治在某一场战争中似乎消失了", "qa_pairs": [{"question": "在某一场战争中似乎消失了什么", "answer": "政治", "reading_system_answer": "政治"}, {"question": "政治在某一场战争中似乎消失了什么", "answer": "消失", "reading_system_answer": null}, {"question": "政治在某一场战争中似乎消失了什么", "answer": "一场战争", "reading_system_answer": null}]}, {"text": "却在另一场战争中表现得尤为明显", "qa_pairs": [{"question": "中国在另一场战争中表现得尤为明显的国家在另一场战争中表得尤为明显的国家其战争中", "answer": "一场战争", "reading_system_answer": null}]}, {"text": "此时", "qa_pairs": [{"question": "时时此此此此时时此此时此此时此此此时此此此时此时此时此时此时此时此时此时此时此", "answer": "", "reading_system_answer": null}]}, {"text": "我们仍然可以确信一点", "qa_pairs": [{"question": "我国仍然可以确信一点是什么", "answer": "一点", "reading_system_answer": null}]}, {"text": "这两种战争都是政治的", "qa_pairs": [{"question": "这两种战争都是政治的政治的目的是", "answer": "政治", "reading_system_answer": null}, {"question": "两种战争都是政治的战争中政治的战争是什么", "answer": "两种战争", "reading_system_answer": null}]}, {"text": "因为如果我们把政治上升到一个国家的头脑的高度", "qa_pairs": [{"question": "如果我们把政治上升到一个国家的头脑的高度是什么", "answer": "政治", "reading_system_answer": "因为如果我们把政治上升到一"}, {"question": "我国头脑的高度的头脑的高度是什么", "answer": "高度", "reading_system_answer": "因为如果我们把政治"}, {"question": "我国把政治上升到一个国家的头脑的高度是什么", "answer": "一个国家", "reading_system_answer": null}, {"question": "我国把政治上升到一个国家的头脑的高度是什么", "answer": "头脑", "reading_system_answer": null}]}, {"text": "那么", "qa_pairs": [{"question": "那三十七十十十十十十十十十十十十十十十十十十十十十十十十十十十十十十十十十十十", "answer": "", "reading_system_answer": null}]}, {"text": "产生前一种战争的各种条件必然包括在政治要考虑的范围之内", "qa_pairs": [{"question": "产生前一种战争的各种条件必然包括在政治要考虑的范围之内的国家的一种战争的各种条", "answer": "政治", "reading_system_answer": null}, {"question": "产生前一种战争的各种条件必然包括在政治要考虑的范围之内的政治要考虑的范围之内的", "answer": "产生", "reading_system_answer": null}, {"question": "产生前一种战争的各种条件必然包括在政治要考虑的范围是什么", "answer": "范围", "reading_system_answer": null}, {"question": "产生前一种战争的各种条件必然包括在政治要考虑的范围之内的国家生产的一种战争的各", "answer": "条件", "reading_system_answer": null}, {"question": "产生前一种战争的各种条件必然包括在政治要考虑的范围之内的条件必然包括在政治要考", "answer": "一种战争", "reading_system_answer": null}]}, {"text": "此时", "qa_pairs": [{"question": "时时此此此此时时此此时此此时此此此时此此此时此时此时此时此时此时此时此时此时此", "answer": "", "reading_system_answer": null}]}, {"text": "我们只有不把政治理解为全面的智慧", "qa_pairs": [{"question": "我国只有不把政治理解为全面的智慧是什么", "answer": "政治", "reading_system_answer": null}, {"question": "我国政治理解为全面的智慧是什么", "answer": "全面", "reading_system_answer": null}, {"question": "我国只有不把政治理解为全面的智慧的目的是", "answer": "智慧", "reading_system_answer": null}]}, {"text": "而是按习惯的概念把它理解为一种避免使用暴力的、谨慎的、狡猾的甚至阴险的计谋", "qa_pairs": [{"question": "、狡猾的甚至阴险的计谋是什么", "answer": "计谋", "reading_system_answer": null}, {"question": "、狡的甚至它理解为一种避免谋的甚的的概习阴险的计谋的概用暴力的、谨的理险的理因", "answer": "概念", "reading_system_answer": "按习惯的概念"}, {"question": "、狡猾的甚至阴险的计谋是什么", "answer": "阴险", "reading_system_answer": null}, {"question": "、狡猾的甚至阴险的计谋的概念阴险的计免使用暴力的、谨为一种避免谋的概至它理解为", "answer": "习惯", "reading_system_answer": null}, {"question": "、狡猾的甚至阴险的计谋是什么", "answer": "一种", "reading_system_answer": null}]}, {"text": "才可以认为后一种战争比前一种战争更具有政治色彩", "qa_pairs": [{"question": "为什么以认为后一种战争比前一种战争更具有政治色彩", "answer": "政治色彩", "reading_system_answer": null}, {"question": "比前一种战争比前一种战争更具有政治色彩彩彩色", "answer": "一种战争", "reading_system_answer": "才可以认为"}]}, {"text": "应当依据上面的观点理解战史和建立相应的理论基础  1援在任何时候、任何情况下", "qa_pairs": [{"question": "应当上面的观点理解战史和建立相应的理论基础1援在任何时候、任何情况下", "answer": "情况", "reading_system_answer": null}, {"question": "上面、任何情况下的理论基础1援在任何时候、任何情况下的理论基础1援在任何时候、", "answer": "战史", "reading_system_answer": "1援在任何时候"}, {"question": "基础1援在任何时候、任何情况下的理论基础1援在任何时候、任何情点理解战史和建立", "answer": "1", "reading_system_answer": "任何时候"}, {"question": "应当依据上面的观点理解战史和建立相应的理论基础1援在任何时候、任何情况下", "answer": "理论基础", "reading_system_answer": null}, {"question": "应当何时观点理1111在任何时观应的任何情况下建立候基础1任何情况下", "answer": "时候", "reading_system_answer": "在任何时候"}, {"question": "应当上面的观、任何情况下的理论基础1援在任何时候、论理", "answer": "观点", "reading_system_answer": null}]}, {"text": "战争都是政治的工具", "qa_pairs": [{"question": "战争都是政治的工具是什么", "answer": "战争", "reading_system_answer": null}, {"question": "战争都是政治的工具是什么", "answer": "政治", "reading_system_answer": null}, {"question": "战争都是政治的工具有什么", "answer": "工具", "reading_system_answer": null}]}, {"text": "而不是独立的东西", "qa_pairs": [{"question": "独立的东西是什么", "answer": "东西", "reading_system_answer": null}]}, {"text": "理解了这一点", "qa_pairs": [{"question": "理解了这一点是什么", "answer": "一点", "reading_system_answer": null}]}, {"text": "才有可能对战争有更深层次的理解", "qa_pairs": [{"question": "有能能对战争有更深层次的理解是什么", "answer": "战争", "reading_system_answer": null}]}, {"text": "也才不致和全部战史发生冲突和矛盾", "qa_pairs": [{"question": "全部战史发生冲突和矛盾的发生冲突和矛盾的是什么", "answer": "全部战史发生冲突", "reading_system_answer": null}]}, {"text": "2援根据以上观点", "qa_pairs": [{"question": "2月以上观点的2根据以上观点是什么", "answer": "2", "reading_system_answer": null}, {"question": "2月2日援根据以上观点的上观上观根点是什么", "answer": "观点", "reading_system_answer": null}]}, {"text": "我们得出一个结论：由于战争动机和产生战争的条件各不相同", "qa_pairs": [{"question": "我国得出一个结论：由于战争动机和产生战争的条件各不相同的国家结论：由于战争动机", "answer": "产生战争", "reading_system_answer": null}, {"question": "我国得出一个结论：由于战争动机和产生战争的条件各不相同的国家结论：由于战争动机", "answer": "条件", "reading_system_answer": null}, {"question": "我国得出一个结论：由于战争动机和产生战争的条件各不相同的国家结论：由于战争动机", "answer": "战争动机", "reading_system_answer": null}, {"question": "我国得出一个结论：由于战争动机和产生战争的条件各不相同的国家结论：由于战争动机", "answer": "一个结论", "reading_system_answer": null}]}, {"text": "战争也不是千篇一律的", "qa_pairs": [{"question": "战争也不是千篇一律的战争是什么", "answer": "战争", "reading_system_answer": null}]}, {"text": "因此", "qa_pairs": [{"question": "因为因此因因因因因因因因因因因因因因因因因因因因因因因因因因因此此此此此此此此", "answer": "", "reading_system_answer": null}]}, {"text": "任何政治家和战争统帅最重要的工作之一", "qa_pairs": [{"question": "任何政治家和战争统帅最重要的工作之一是什么", "answer": "政治家", "reading_system_answer": null}, {"question": "任何政治家和战争统帅最重要的工作之一是什么", "answer": "战争统帅", "reading_system_answer": null}]}, {"text": "也是最重大的和最有决定意义的判断是从战争这一角度上", "qa_pairs": [{"question": "最重大的和最有决定意义的判断是从战争这一角度上的国家其最重大的和最有决定意义的", "answer": "战争", "reading_system_answer": "也是"}, {"question": "最重大的和最有决定意义的判断是从战争的一角度上是哪一个", "answer": "意义", "reading_system_answer": null}, {"question": "最重大的和最有决定意义的判断是从战争的什么一角度上", "answer": "一角度", "reading_system_answer": "从战争"}]}, {"text": "以这种观点正确认识他所从事的战争", "qa_pairs": [{"question": "以这种观点正确认识他所从事的战争是什么", "answer": "战争", "reading_system_answer": null}, {"question": "以这种观点从事的战争中所认识他所从事的观点是什么", "answer": "观点", "reading_system_answer": null}]}, {"text": "而不应该把那种不符合当时情况的战争看作是他应该从事的战争", "qa_pairs": [{"question": "他应该种不符合当时情况的战争看作是他应该从事的战争是哪一型", "answer": "战争", "reading_system_answer": null}, {"question": "战争中战争中战争中中战争中中战争中中战争中中战争中牺况的战争中中国的情况当时情", "answer": "情况", "reading_system_answer": null}]}, {"text": "也不应该使他所从事的战争成为那样的战争", "qa_pairs": [{"question": "不应该样的战争是哪一型号", "answer": "战争", "reading_system_answer": null}]}, {"text": "这是所有战略问题中首要的、涉及面最广的问题", "qa_pairs": [{"question": "中国涉战略问题中所有战略的最广的最广的最广问题是", "answer": "涉及面", "reading_system_answer": "这是"}, {"question": "中国涉及面最广的问题是什么", "answer": "战略问题", "reading_system_answer": null}, {"question": "中国涉战略的最广问问面最广的最问的最问的问及面问及面问题是", "answer": "问题", "reading_system_answer": null}]}, {"text": "我们以后在论述战争计划时将进一步加以研究", "qa_pairs": [{"question": "我国以后在论述战争计划时将进一步加以研究的战争计划时将进一步加以研究是什么", "answer": "战争计划", "reading_system_answer": null}]}, {"text": "到这里", "qa_pairs": [{"question": "到这里到到到到到到到这里里里里里里里这这这这到里这这这里这里这里这里这里这里这", "answer": "", "reading_system_answer": null}]}, {"text": "关于什么是战争这一问题", "qa_pairs": [{"question": "关于什么是战争这一问题的国家其战争中一问题的是什么", "answer": "战争", "reading_system_answer": "关于什么是战争"}, {"question": "关于什么是战争这一问题的目的是什么", "answer": "一问题", "reading_system_answer": null}]}, {"text": "就告一段落了", "qa_pairs": [{"question": "就一段落了什么", "answer": "", "reading_system_answer": "告一段落"}]}, {"text": "战争在理论上的结论  战争是易变的", "qa_pairs": [{"question": "战争在理论上的结论战争是易变的战争中在理论上的结论战争是易变的", "answer": "战争", "reading_system_answer": null}, {"question": "战争在理论上的结论战争中易变的战争中战争中战争中战争中战争中战争中战争中战争中", "answer": "结论", "reading_system_answer": null}, {"question": "战争在理论上的结论战争中易变的战争中战争中在理论上的结论战争中战争中在理论上的", "answer": "理论", "reading_system_answer": null}]}, {"text": "在每一种具体的情况下甚至包括它的性质也或多或少会在某些情况下发生变化", "qa_pairs": [{"question": "在每一种具体的情况下甚至包括它的性质下发生变化的情况下发生变会在某些情况下发生", "answer": "情况", "reading_system_answer": null}, {"question": "在每一种具体的情况下甚至包括它的性质也或多或少会在某些情况下发生变化的国家其每", "answer": "一种", "reading_system_answer": null}, {"question": "在每一种具体的情况下甚至包括它的性质也或多或少会在某些情况下发生变化的国家其每", "answer": "性质", "reading_system_answer": null}]}, {"text": "而通过它的全部现象就其自身的主要倾向来看", "qa_pairs": [{"question": "全部现象就其自身的主要倾向来看的现通过它的全部现象就其自身的主要倾向来看的现通", "answer": "全部现象", "reading_system_answer": null}]}, {"text": "还包括以下3个方面：  1、援援战争要素中的仇恨感和敌忾心", "qa_pairs": [{"question": "：1、援援战争中的：援援战争中的：援恨感和敌忾心是什么", "answer": "仇恨", "reading_system_answer": null}, {"question": "：1、援援战争中、1、援援战争中的：援援战的原因是什么", "answer": "3个方面", "reading_system_answer": null}, {"question": "：1、援援战争中、1、援援战争中、1个感和敌忾心的原因是什么", "answer": "心", "reading_system_answer": "仇恨感"}, {"question": "：1、援援战争要素中的仇恨感和敌忾心是什么", "answer": "战争要素", "reading_system_answer": null}]}, {"text": "都可以看作是盲目的自然冲动；  2、援盖然性和偶然性能使战争成为一种自由的精神活动；  3、这作为政治工具的从属性", "qa_pairs": [{"question": "、3、援盖然性和偶然性能使战争成为一种自由的精神活动；3、这作为政治工具的从属", "answer": "战争", "reading_system_answer": null}, {"question": "、3、援盖然性和偶然性能使战争成为一种自由的精神活动；3、这作为政治工具的从属", "answer": "政治工具", "reading_system_answer": null}, {"question": "、3、援盖然性和偶然性能使战争成为一种自由的精神活动；3、这作为政治工具的从属", "answer": "盖然性", "reading_system_answer": null}, {"question": "、2、援盖然性和偶然性能使战争成为一种自由的精神活动；3、这作为政治工具的从属", "answer": "盲目", "reading_system_answer": null}, {"question": "；3、援盖然性和偶然性能使战争成为一种自由的精神活动；3、这作为政治工具的从属", "answer": "精神", "reading_system_answer": null}, {"question": "、3、援盖然性和偶然性能使战争成为一种自由的精神活动；3、援盖然性和偶然性能使", "answer": "偶然性", "reading_system_answer": null}, {"question": "、2、援盖然性和偶然性能使战争成为一种自由的精神活动；3、的国家其自然冲动；2", "answer": "一种", "reading_system_answer": null}]}, {"text": "战争因属纯粹的理智行为", "qa_pairs": [{"question": "战争因属纯粹的理智行为什么", "answer": "理智", "reading_system_answer": null}, {"question": "战争因为什么要粹粹的理智行为", "answer": "战争因属", "reading_system_answer": null}]}, {"text": "3个方面涉及的也是不同的对象：它们分别与民众、统帅和其军队、政府有关", "qa_pairs": [{"question": "3个方面涉及的与民众、统帅和其军队、政府有关的军统帅和其军队、们分别与民众、政", "answer": "民众", "reading_system_answer": null}, {"question": "3：、统帅和其军队、政府有关众、统帅和其军队、们分别与民众、统面涉及的也是不同", "answer": "政府", "reading_system_answer": null}, {"question": "3：、政府有关众队统帅和其军队、政府有关的军队统帅和其军队方们分别与民众、政府", "answer": "统帅", "reading_system_answer": null}, {"question": "3个方面涉及其对象：它们分别与民众、统帅和其军队、政府有关的国家其是不同的对象", "answer": "3个方面", "reading_system_answer": null}, {"question": "3、政府有关众、统帅和其军队、政府有关的军队军队方面涉及的也是不同的对象：它们", "answer": "军队", "reading_system_answer": null}, {"question": "3、政府有关的军队对民众、统帅和其军队、们分别与民众方面涉及的也个有关的军统政", "answer": "对象", "reading_system_answer": null}]}, {"text": "战争中迸发出来的激情并不是空穴来风", "qa_pairs": [{"question": "战争中迸发出来的激情并不是空穴来风的国家其战争中迸发出来的激情并不是空穴来风的", "answer": "战争", "reading_system_answer": null}, {"question": "战争中迸发出来的激情并不是空穴来风的战争中空穴中迸发出来的激情并不是空穴来风的", "answer": "激情", "reading_system_answer": null}]}, {"text": "而是早已存在于人民中", "qa_pairs": [{"question": "早已存在于人民中已存在于人民中已存在于人民中的于人民已存中国存在早已存中国存中", "answer": "人民", "reading_system_answer": null}]}, {"text": "在盖然性和偶然性的王国里", "qa_pairs": [{"question": "在盖然性和偶然性的王国里里里里王国里里王国里性和偶然性的王国里里性和偶然性的国", "answer": "偶然性", "reading_system_answer": null}, {"question": "在盖然性和偶然性的王国里里里里王国里是什么", "answer": "盖然性", "reading_system_answer": null}, {"question": "在盖然性和偶然性的王国里是什么", "answer": "王国里", "reading_system_answer": null}]}, {"text": "勇气和才智能在多大的范围内活动取决于统帅和军队的特点；而政治目的则纯粹是政府的事情", "qa_pairs": [{"question": "勇气和才智能在多大的范围内活动取决于统帅和军队的特点；而政治目的则纯粹是政府的", "answer": "范围内", "reading_system_answer": null}, {"question": "勇气和才智能在多大的范围内活动取决于统帅和军队的特点是什么", "answer": "特点", "reading_system_answer": null}, {"question": "勇气和才智能在多大的范围内活动取决于统帅和军队的特点；而政治目的则纯粹是政府的", "answer": "政府", "reading_system_answer": null}, {"question": "勇气和才智能在多大的范围内活动取决于统帅和军队的特点；而政治目的则纯粹是政府的", "answer": "政治目的", "reading_system_answer": null}, {"question": "勇气和才智能在多大的范围内活动取决于统帅和军队的特点；而政治目的则纯粹是政府的", "answer": "多", "reading_system_answer": null}, {"question": "勇气的事情是什么", "answer": "勇气", "reading_system_answer": "勇气和才智能在多大的范围内活动取决于统帅和军队的特点"}, {"question": "勇气和才智能在多大的范围内活动取决于统帅和军队的特点；而政治目的则纯粹是政府的", "answer": "统帅", "reading_system_answer": null}, {"question": "勇气和才智能决于统帅和军队的特点；而政治目的则纯粹是政府的事情是什么", "answer": "智能", "reading_system_answer": "勇气和才智能在多大的范围内活动取决于统帅和军队的特点"}, {"question": "勇气和才智能在多大的范围内活动取决于统帅和军队的特点；而政治目的纯粹是政府的事", "answer": "事情", "reading_system_answer": null}, {"question": "勇气和才智能在多大的范围内活动取决于统帅和军队的特点是什么", "answer": "军队", "reading_system_answer": null}]}, {"text": "这3种倾向就如同3条不同的规律", "qa_pairs": [{"question": "3种倾向就如同3条不同的规律是什么", "answer": "3条", "reading_system_answer": null}, {"question": "3种倾向就如同3条不同的规律是什么", "answer": "3种", "reading_system_answer": null}, {"question": "3种倾向就如同3条不同的规律是什么", "answer": "规律", "reading_system_answer": null}]}, {"text": "植根于战争的性质当中", "qa_pairs": [{"question": "植根于战争的性质当中国植质当中国植根于战争的性质当中国植根于战争的性根当中国的", "answer": "战争", "reading_system_answer": null}, {"question": "植根于战争的性质当中国植根于战争的性质当中国植根于战争的性质当中国植根于战争的", "answer": "性质", "reading_system_answer": null}]}, {"text": "并发挥着各自不同的作用", "qa_pairs": [{"question": "发挥着各自不同的作用的发挥着各自不同的作用的发挥着各自不同的作用的各国发挥着自", "answer": "", "reading_system_answer": null}]}, {"text": "实际上", "qa_pairs": [{"question": "实际上际上际实际上际实际实际实际实际实上上上上上上上上上上上上上上上上上上上上", "answer": "", "reading_system_answer": null}]}, {"text": "这三者也是相互制约的", "qa_pairs": [{"question": "三者也是相互制约的约互是什么", "answer": "制约", "reading_system_answer": null}, {"question": "这三者也是相互制约的约的约互制约的是什么", "answer": "三者", "reading_system_answer": null}]}, {"text": "任何一种理论", "qa_pairs": [{"question": "任何一种理论任何一种理论任何理论任何理论任理", "answer": "一种理论", "reading_system_answer": null}]}, {"text": "只要忽视这中间的任何一种倾向或者想任意确定这三者的关系都是行不通的", "qa_pairs": [{"question": "中国任何一种倾向或者想任意确定这三者的关系都是行不通的", "answer": "关系", "reading_system_answer": null}, {"question": "中国任何一种倾向或者想任意确定这三者的关系都是行不通的", "answer": "三者", "reading_system_answer": null}, {"question": "中国任何一种的关系都是行不通的确的任何一种倾向或者想任意确定这三者的关系都是行", "answer": "一种", "reading_system_answer": null}]}, {"text": "因为它会和现实产生矛盾", "qa_pairs": [{"question": "现现现现生产产产生矛盾实和现为它盾盾的现实和生为因为实和实产的现实产生制立发出", "answer": "现实", "reading_system_answer": null}]}, {"text": "所以", "qa_pairs": [{"question": "以以以以以所所所所以以所所所以以以以以以以以所所所所所所所以以以以以以以以以以", "answer": "", "reading_system_answer": null}]}, {"text": "我们如果希望理论站住脚", "qa_pairs": [{"question": "我们如果希望理论站住脚中我们如果希望理论站住脚的目的是什么", "answer": "理论站住脚", "reading_system_answer": null}]}, {"text": "就必须在这3种倾向之间找到一个平衡点", "qa_pairs": [{"question": "3种倾向之间找到一个平衡点的国家在这一个平衡点的国家在3种倾向之间找到一个平衡", "answer": "3种", "reading_system_answer": null}, {"question": "就必须在这3种倾向之间找到什么", "answer": "一个平衡点", "reading_system_answer": null}]}, {"text": "但是", "qa_pairs": [{"question": "但是是是但但但但但但但但但但但但但但但但但但但但但但但但但但但但但但但但但但但", "answer": "", "reading_system_answer": null}]}, {"text": "不管怎样", "qa_pairs": [{"question": "不管怎样的管怎样的管怎样", "answer": "", "reading_system_answer": null}]}, {"text": "这里确立的有关战争的概念是投射到我们理论基础上的第一道曙光", "qa_pairs": [{"question": "投射到我们理论基础上的第一道曙光的国家第一道曙光是", "answer": "战争", "reading_system_answer": "这里确立的有关战争的概念"}, {"question": "我国理上的第一道曙光是什么", "answer": "概念", "reading_system_answer": "有关战争的概念"}, {"question": "投射到我们理论基础上的第一道曙光的国家的第一道曙光是", "answer": "第一道", "reading_system_answer": "这里确立的有关战争的概念"}, {"question": "投射到我们理论基础上的第一道曙光是", "answer": "理论基础", "reading_system_answer": "这里确立的有关战争的概念"}]}, {"text": "它有助于我们区分大量的现象", "qa_pairs": [{"question": "我国区分大量的现象分大量的现象是什么", "answer": "现象", "reading_system_answer": null}, {"question": "它有助于我们区分大量的现象是什么", "answer": "区分大量", "reading_system_answer": null}]}, {"text": "让我们能够清楚地认识战争", "qa_pairs": [{"question": "让我们能够清楚地认识战争中中我们能够清楚地认识战争中地认为战争中地认为战争中地", "answer": "战争", "reading_system_answer": null}]}, {"text": "我们不妨来发问：若希望战争成为政治目的的合适工具", "qa_pairs": [{"question": "我国不妨来发问：若希望战争成为政治目的的合适工具有什么", "answer": "战争", "reading_system_answer": null}, {"question": "我国希望战争中政治目的的合适工具有什么", "answer": "工具", "reading_system_answer": null}, {"question": "我国希望战争中我国为什么要：若希望战争成为政治目的的合适工具", "answer": "政治目的", "reading_system_answer": null}]}, {"text": "那么战争应该追求什么样的目标呢？不难发现", "qa_pairs": [{"question": "那一型号的战争中标呢", "answer": "战争", "reading_system_answer": null}, {"question": "目那么战争中不难发现的目标呢", "answer": "目标", "reading_system_answer": null}]}, {"text": "真正的目标就如同战争的政治目的和战争的具体条件一样", "qa_pairs": [{"question": "真正的目标就如同战争的政治目的和战争的政治目的和战争的具体条件一样是哪个", "answer": "战争", "reading_system_answer": null}, {"question": "真正的目和战争的政治目的和战争的政治目的是什么", "answer": "目标", "reading_system_answer": null}, {"question": "真正的目标就如同战争的政治目的和战争的具体条件一样是什么", "answer": "政治目的", "reading_system_answer": null}]}, {"text": "也是复杂多变的", "qa_pairs": [{"question": "复杂多变的复杂多变的复杂多变的复杂多也是复杂多变的复杂变是什么", "answer": "", "reading_system_answer": null}]}, {"text": "假如还是摒弃战争的其他要素", "qa_pairs": [{"question": "摒弃战争的其他要素是什么", "answer": "战争", "reading_system_answer": null}, {"question": "摒弃战争的其他要素是什么", "answer": "要素", "reading_system_answer": null}]}, {"text": "只从战争的纯概念入手", "qa_pairs": [{"question": "只从战争的纯概念入手的战争的纯概念入手是什么", "answer": "战争", "reading_system_answer": null}, {"question": "只从战争的纯概手的纯概手是什么", "answer": "纯概念", "reading_system_answer": "只从战争的纯概念"}]}, {"text": "那么", "qa_pairs": [{"question": "那三十七十十十十十十十十十十十十十十十十十十十十十十十十十十十十十十十十十十十", "answer": "", "reading_system_answer": null}]}, {"text": "我们还是会得出这样的结论：战争的政治目的本来就是应该脱离战争的领域而存在的", "qa_pairs": [{"question": "我国的结论：战争的政治目的本来就是应该脱离战争的领域而存在的的政治目的本来就是", "answer": "战争", "reading_system_answer": null}, {"question": "我国：战争的政治目的本来就是应该脱离战争的领域而存在的目的结论：战争的政治目的", "answer": "政治目的", "reading_system_answer": null}, {"question": "我国：战争中的：战争中的结论：治目的本来就是应得出这样的结论：治目的本来就是会", "answer": "结论", "reading_system_answer": null}, {"question": "我国：战争中的结论：战争的政治目的本来就是应该脱离战争的领域而存在的领离战争的", "answer": "领域", "reading_system_answer": null}]}, {"text": "对于这一点", "qa_pairs": [{"question": "对于这一点是对于这一点是什么", "answer": "一点", "reading_system_answer": null}]}, {"text": "我们还是要归结于对战争的正确认识", "qa_pairs": [{"question": "我国还是要归结于对战争的正确认识的战争的正确认识是什么", "answer": "战争", "reading_system_answer": null}]}, {"text": "因为战争本身就是迫使对方屈从我们的意志的一种暴力行为", "qa_pairs": [{"question": "从我们的意志的一种暴力行为什么", "answer": "战争", "reading_system_answer": null}, {"question": "战争本身就是迫使对方屈从我们的意志的一种暴力行为什么", "answer": "意志", "reading_system_answer": null}, {"question": "我国对一种暴力行为我国的一种暴使对意志的一种暴使对意志的暴使对意方是", "answer": "对方", "reading_system_answer": null}, {"question": "因为战争本身就是迫使对方屈从我们的意志的一种暴力行为什么", "answer": "一种暴力行为", "reading_system_answer": null}]}, {"text": "它要达到的直接目的便是打垮敌人", "qa_pairs": [{"question": "打垮敌人的目的是什么", "answer": "目的", "reading_system_answer": null}, {"question": "它要达到的直接目的便是打垮敌人的直人的直人是什么", "answer": "敌人", "reading_system_answer": null}]}, {"text": "使之没有反抗的能力", "qa_pairs": [{"question": "使之没有反抗的能力是什么", "answer": "能力", "reading_system_answer": null}]}, {"text": "这个从概念中推导出来的目的与现实中许多事情要达到的目的非常接近", "qa_pairs": [{"question": "现现现现现概念中推出的目的实达的中许事情从非念接出的目的是什么", "answer": "现实", "reading_system_answer": null}, {"question": "目的与现实常接导弹的目的是什么", "answer": "概念", "reading_system_answer": null}, {"question": "目推导出来的目的非常接近的非常接近是什么", "answer": "目的", "reading_system_answer": null}, {"question": "中国和许目的非常接近的目的是什么", "answer": "许多事情", "reading_system_answer": "这个从概念中推导出来的目的"}]}, {"text": "所以我们先要在现实中来探讨", "qa_pairs": [{"question": "现以我国实要在现来先要我国实要中来探讨中讨合中来实要中国先讨的现实中们以中国先", "answer": "现实", "reading_system_answer": "所以"}]}, {"text": "在谈其他问题之前", "qa_pairs": [{"question": "在在在谈其其问题之前问题之前他问题之其之其之其之其之其谈题是什么", "answer": "问题", "reading_system_answer": null}]}, {"text": "我们在这里先要弄清敌人的军队、国土和意志这3个要素", "qa_pairs": [{"question": "我国在这3个要素是什么", "answer": "意志", "reading_system_answer": "敌人的军队、国土和意志"}, {"question": "我国在这里先要弄清敌人的军队、和意志这3个要素是什么", "answer": "敌人", "reading_system_answer": "军队、国土和意志"}, {"question": "我国先要弄清敌人的军队、和意志这3个要素是什么", "answer": "国土", "reading_system_answer": "军队、国土和意志"}, {"question": "我国在这里先要弄清敌人的军队、和意志这3个要素是什么", "answer": "军队", "reading_system_answer": "军队、国土和意志"}, {"question": "我国先要弄清敌人的军队、和意志这3个要素是什么", "answer": "3个要素", "reading_system_answer": "军队、国土和意志"}]}, {"text": "因为它们是可以概括其他一切对象的总的对象", "qa_pairs": [{"question": "因为它们是可以概括其他一切对象的总的对象是", "answer": "对象", "reading_system_answer": null}]}, {"text": "在一般意义上", "qa_pairs": [{"question": "在一般意义上意义上一般意义上一般意义上一在意义一般一战中义一般义一战时义一战时", "answer": "意义", "reading_system_answer": null}]}, {"text": "打败敌人指的是消灭敌人的军队", "qa_pairs": [{"question": "打败敌人指的是消灭敌人的军队是", "answer": "军队", "reading_system_answer": null}, {"question": "打败敌人的军队是什么", "answer": "敌人", "reading_system_answer": null}]}, {"text": "或者说使敌人的军队毫无还手之力", "qa_pairs": [{"question": "使用毫无还手之力的国家的军队毫无还手之力的国家的军队使用的是什么队队", "answer": "军队", "reading_system_answer": null}, {"question": "敌人的军队毫无还手之力是什么", "answer": "力", "reading_system_answer": null}, {"question": "使用什么手人的军队毫无还手之力", "answer": "敌人", "reading_system_answer": "敌人的军队"}]}, {"text": "如果想要取得绝对胜利", "qa_pairs": [{"question": "如果想要取得绝对胜利胜利取得取得绝对胜利胜想要要绝对果想要取得如如想要得得绝胜", "answer": "", "reading_system_answer": null}]}, {"text": "还应当做得更为彻底一些———占领敌国", "qa_pairs": [{"question": "彻底一些———占领敌国是哪个国家", "answer": "敌国", "reading_system_answer": null}, {"question": "彻底一些———占领敌国的一底—占占占占——————————————一一一一一一", "answer": "一些", "reading_system_answer": null}]}, {"text": "否则给敌人“翻身”的余地", "qa_pairs": [{"question": "“翻身”的余地是什么", "answer": "余地", "reading_system_answer": null}, {"question": "“翻身”的余地是什么", "answer": "敌人", "reading_system_answer": null}]}, {"text": "敌人还可以再建立新的大规模部队", "qa_pairs": [{"question": "敌人还可以再建立新的大规模部队是", "answer": "部队", "reading_system_answer": null}, {"question": "敌人还可以再建立新的大规模部队是", "answer": "敌人", "reading_system_answer": null}]}, {"text": "再推进一步", "qa_pairs": [{"question": "再推进一步再推进一步再一再一步推进推进推进推进推进推进推推推进推推推推推推推推", "answer": "", "reading_system_answer": null}]}, {"text": "即使我们在保证以上两点的情况下", "qa_pairs": [{"question": "我国在保证以上两点的情况下的保证是什么", "answer": "情况", "reading_system_answer": null}, {"question": "即使我们在保证以上两点的情况下的两点是什么", "answer": "两点", "reading_system_answer": null}]}, {"text": "只要敌国人民没有屈服、军队没有缴械投降", "qa_pairs": [{"question": "、军队没有屈服、军队没有缴械投降的国家没有缴械投降的国家没有缴械投降的国家没有", "answer": "屈服", "reading_system_answer": "只要敌国人民"}, {"question": "、军队没有缴械投降的国家在只要敌国人民没有屈服、军队没有缴械投降的国家其敌国人", "answer": "敌国人民", "reading_system_answer": null}, {"question": "只要敌国人民没有屈服、军队没有缴械投降的国家没有缴械投降的国家没有缴械投降的国", "answer": "军队", "reading_system_answer": null}, {"question": "只要敌国人民没有屈服、军队没有缴械投降的原因是什么", "answer": "缴械投降", "reading_system_answer": null}]}, {"text": "或者敌国政府没有签订投降合约", "qa_pairs": [{"question": "敌国政府没有签订投降合约的国家签订投降合约的国家签订投降合约的国家签订没有敌国", "answer": "敌国政府", "reading_system_answer": null}, {"question": "敌国政府没有签订投降约的签订投降合合合者者没有签订投降约的目的是什么", "answer": "合约", "reading_system_answer": null}]}, {"text": "那我们依然不能掉以轻心", "qa_pairs": [{"question": "我国们依然不能掉以轻心的轻心是什么", "answer": "", "reading_system_answer": null}]}, {"text": "因为敌对的紧张状态和敌对力量的作用可能并未消除", "qa_pairs": [{"question": "敌对的紧张状态和敌对力量的作用可能并未消除的紧张状态和敌对力量的作用可能并未为", "answer": "敌对力量", "reading_system_answer": null}, {"question": "敌对的紧张状态和敌对力量的作用可能并未为敌对的紧张状态和敌对力量的作用可能并未", "answer": "敌对", "reading_system_answer": null}]}, {"text": "在这种情况下", "qa_pairs": [{"question": "在这种情况下下况这种情况下下况这种情况下下况这种情况这种这种情这况这情这情这况", "answer": "情况", "reading_system_answer": null}]}, {"text": "即便我们占领了这个国家", "qa_pairs": [{"question": "即便我们占领了这个国家的国家占领了这个国家是", "answer": "国家", "reading_system_answer": "即便我们占领了这"}]}, {"text": "对方也很可能会在同盟国的参战下卷土重来", "qa_pairs": [{"question": "对方盟国的参战下卷土重来的国家在同土重来的国家在同土战下卷土对土国的参加的国家", "answer": "同盟国", "reading_system_answer": null}, {"question": "对土战下卷土重来的国家在对卷盟国的参战下卷土方也很可能会会会能在对土战下参加的", "answer": "对方", "reading_system_answer": null}]}, {"text": "而一旦签订了合约", "qa_pairs": [{"question": "一旦签订了合约的合了什么", "answer": "合约", "reading_system_answer": null}]}, {"text": "很多可能再度燃烧的火星就会熄灭", "qa_pairs": [{"question": "很多多可能再度燃烧的火星是什么", "answer": "很多", "reading_system_answer": null}, {"question": "很多可能再度燃烧的火星是什么", "answer": "火星", "reading_system_answer": null}]}, {"text": "紧张也会趋于缓和", "qa_pairs": [{"question": "紧和缓和缓和缓张也会趋于缓和缓张也会趋于缓和紧张也会趋张的缓趋张中会张缓于紧张", "answer": "", "reading_system_answer": null}]}, {"text": "所以我们要承认：只要签订了合约", "qa_pairs": [{"question": "：：的合法国在：约了合认的国家订我国要承认要承认的：要签订了什么", "answer": "合约", "reading_system_answer": null}]}, {"text": "那么目的就已经达到", "qa_pairs": [{"question": "目那么目的就经达到目的目的就经达到目的目的目的目的目的目的目已经达到已经达到已", "answer": "目的", "reading_system_answer": null}]}, {"text": "战争就算终止", "qa_pairs": [{"question": "战争就算终止就算终止的战争算终就就就就就就就就就就就就就就就就就就就就就就争战", "answer": "战争", "reading_system_answer": null}]}]}