{"passage": "据美国《大众机械》6月18日报道称，俄罗斯国防部最近在一场会议中总结了其“天王星-9”型无人坦克在叙利亚的测试情况：由于遥控系统的不可靠，该车在战场频频“掉线”失控，而其他显示出离成熟尚有很大距离。    装载在卡车上参加红场阅兵的“天王星-9”  在圣彼得堡的库兹涅佐夫海军学院举行的“保护和安全的实际问题”会议上，俄罗斯国防部第三中央研究所高级研究员阿尼西莫夫报告了俄罗斯最近向叙利亚部署“天王星-9”无人坦克的情况，显示出了这种车辆目前存在的诸多问题。  俄军此前在宣传材料中宣称，操纵手可以在3000米远的地方遥控“天王星-9”。但在叙利亚的测试中，由于城市环境下建筑会阻断无线电信号，操纵手只能在1000英尺（约305米）到1600英尺（487米）左右的距离上进行操纵。  点击查看大图  “天王星-9”在叙利亚进行测试的图像  阿尼西莫夫表示在测试中，即便是很低矮的建筑也会严重阻碍“天王星-9”的传输信号：它曾经至少19次与遥控车辆失去联系，其中17次“掉线”时间在1分钟以内，但也有一次严重的掉线长达1.5小时。  从理论上讲，无人作战平台的一大优势就是允许操纵者躲在安全的后方，然而“天王星-9”的遥控距离如此之短，使得操纵车辆很容易暴露在敌方轻武器火力的打击之下。要知道突击步枪的射程一般都有300米以上，而便携式反坦克导弹的射程更是很容易超过1000米。    “天王星-9”的遥控方舱车，薄皮大馅  “掉线”会造成无人坦克完全无法动作，然而即便可以控制，这种战车也还有其他问题：它的履带式底盘不够可靠，经常损坏。该车的火控系统在移动中不能开火，而且有6次在发射武器前产生了延迟，还有一次发射失败。    “天王星-9”主炮射击   该车的态势感知依赖于车上安装的摄像机，然而由于操控员收到的图像不稳定，该车在任何交战距离都难以辨认目标。    “天王星-12”的遥控驾驶台，可见一个驾驶方舱内有多套遥控驾驶台，可以同时控制多台无人车作战  点击查看大图  “天王星-12”的火力遥控界面  火力很强大，造型也萌萌哒的“天王星-9”型坦克于2016年在俄罗斯的军事展览上首次亮相。它采用履带式地盘，装有一个大型的遥控武器站作为炮塔，全重仅有10吨，由于没有成员，该车尺寸十分紧凑，比例甚至显得有点圆润。  “天王星-12”固定装备是装备一挺30毫米的2A72机关炮，以及一挺7.62毫米PKT并列机枪，炮塔两侧的挂架可以选配4枚9M120-1“攻击”反坦克导弹，6枚“什米尔”单兵云爆火箭筒，如果需要面对空中威胁， 该车也可以携带4枚“针”式肩扛防空导弹。俄罗斯军队试图利用这种无人战斗车给步兵部队提供火力支援，因为它较轻的车重、紧凑的尺寸和履带式地盘提供了良好的通过性能，可以比有人战斗车辆更灵活地追随步兵。  此前“天王星-9”曾经多次装载在卡车上，出现在红场阅兵仪式中。在该车的遥控失灵问题曝光之后，我们也很容易理解为什么这种车辆没有自己走过红场了——也许红场的“城市环境”就足够影响他的遥控稳定性。    “天王星-9”每次都以这种形式走过红场  虽然“天王星-9”的测试似乎并不成功，但俄罗斯已经确定了大力发展无人地面作战平台的技术路线，俄罗斯国防部汽车装甲坦克总局局长亚历山大·舍甫琴科曾经在2016年表示，俄罗斯将在2018年推出T-14“阿玛塔”坦克的无人驾驶版本，并且自信地表示只需要解决“一些小问题”就可以完成。    2018年已经到了，“小问题”不知道解决的如何了  不过，阿联酋曾经对“天王星-9”表现出兴趣，也许对于一些财力充裕而人力不足的国家来说，这种灵活的无人战斗车辆很有吸引力。", "sentences": [{"text": "据美国《大众机械》6月18日报道称", "qa_pairs": [{"question": "》6月18日报道称的机械》6月18日报道称的机械》6月18日报道称大6大众机械", "answer": "大众机械", "reading_system_answer": null}, {"question": "美国《大众机械》6月18日报道称的机械》6月18日报道称的机械》6月18日报道", "answer": "6月18日", "reading_system_answer": null}, {"question": "《6月18日报道称的机械》6月18日报道称的机械》6月18日报道称1机械国《大", "answer": "美国", "reading_system_answer": "《大众机械"}]}, {"text": "俄罗斯国防部最近在一场会议中总结了其“天王星-9”型无人坦克在叙利亚的测试情况：由于遥控系统的不可靠", "qa_pairs": [{"question": "俄罗斯国防部最近在一场会议中总结了其“天王星-9”型无人坦克在叙利亚的测试情况", "answer": "天王星", "reading_system_answer": null}, {"question": "俄罗斯国防部最近在一场会议中总结了其“天王星-9”型无人坦克在叙利亚的测试情况", "answer": "情况", "reading_system_answer": null}, {"question": "俄罗斯国防部最近在一场会议中总结了其“天王星-9”型无人坦克在叙利亚的测试情况", "answer": "总结", "reading_system_answer": null}, {"question": "俄罗斯国防部最近在一场会议中总结了其“天王星-9”型无人坦克的测试情况：的坦克", "answer": "叙利亚", "reading_system_answer": null}, {"question": "俄罗斯国防部最近在一场会议中总结了其“天王星-9”型无人坦克的国家在叙利亚的测", "answer": "系统", "reading_system_answer": null}, {"question": "俄9型无人坦克最近在一场会议中总结了其“天王星-9”型无人坦克最近在叙利亚的测", "answer": "俄罗斯国防部", "reading_system_answer": null}, {"question": "俄罗斯国防部最近在一场会议中总结了其“天王星-9”型无人坦克在叙利亚的测试情况", "answer": "一场会议", "reading_system_answer": null}, {"question": "俄罗斯国防部最近在一场会议中总结了其“天王星-9”型无人坦克在叙利亚的测试情况", "answer": "无人坦克", "reading_system_answer": null}]}, {"text": "该车在战场频频“掉线”失控", "qa_pairs": [{"question": "在车在战场频频“掉线”失控的频频“掉线”失控是什么", "answer": "战场", "reading_system_answer": null}]}, {"text": "而其他显示出离成熟尚有很大距离", "qa_pairs": [{"question": "出离尚有很大距离熟成熟成熟尚有很大距离示出离他显示出离很大距尚有什么", "answer": "距离", "reading_system_answer": null}]}, {"text": "装载在卡车上参加红场阅兵的“天王星-9”  在圣彼得堡的库兹涅佐夫海军学院举行的“保护和安全的实际问题”会议上", "qa_pairs": [{"question": "-9”9在圣彼得堡的库兹涅佐夫海军学院举行的“保护和安全的实际问题”会议上的-", "answer": "天王星", "reading_system_answer": "天王星-9"}, {"question": "-9”9”天王星-9”保护和安全的实际问题”会议上的-9海军学院举行的“保护和", "answer": "卡车", "reading_system_answer": null}, {"question": "-天王星-9”在圣彼得堡的库兹涅佐夫海军学院举行的“保护和安全的实际问题”会在", "answer": "会议", "reading_system_answer": null}, {"question": "“9”在圣彼得堡的库兹涅佐夫海军学院举行的“保护和安全的实际问题”会议上的国家", "answer": "海军学院", "reading_system_answer": "装载在卡车上参加红场阅兵的“天王星-9"}, {"question": "-9”9”9在圣彼得堡的库兹涅佐夫海军学院举行的“保护和安全的实际问题”会议上", "answer": "实际问题", "reading_system_answer": "天王星-9"}, {"question": "“9”9在圣彼得堡的库兹涅佐夫海军学院举行的“保护和安全的实际问题”会议上的-", "answer": "红场", "reading_system_answer": "天王星-9"}, {"question": "“9””9”天王星-9在圣彼得堡的库兹涅佐夫海军学院举行的“保护和安全的实际问", "answer": "圣彼得堡", "reading_system_answer": "保护和安全的实际问题"}]}, {"text": "俄罗斯国防部第三中央研究所高级研究员阿尼西莫夫报告了俄罗斯最近向叙利亚部署“天王星-9”无人坦克的情况", "qa_pairs": [{"question": "俄罗斯最近向叙利亚部署“天王星的国家第三中央研究所高级研究员阿尼西莫夫报告了俄", "answer": "天王星", "reading_system_answer": "天王星-9”无人坦克"}, {"question": "俄罗斯国防部第三中央研究所高级研究员””无人坦克的情况是什么", "answer": "情况", "reading_system_answer": null}, {"question": "俄罗斯最近向叙利亚部署“天王星的国家最近向叙利亚部署“天王星的国家最近向叙利斯", "answer": "俄罗斯", "reading_system_answer": "天王星-9”无人坦克"}, {"question": "俄罗斯最近向叙利亚部署“天王星的国家最近向叙利亚部署“天王星的情况是什么", "answer": "叙利亚部署", "reading_system_answer": "天王星-9”无人坦克"}, {"question": "俄罗斯最近向叙利亚部署“天王星-9””无人坦克的情况是什么", "answer": "研究员阿尼西莫夫报告", "reading_system_answer": null}, {"question": "俄罗斯最近向叙利亚部署“天王星的国家最近向叙利亚部署“天王星的情况是什么", "answer": "俄罗斯国防部第三中央研究所", "reading_system_answer": "天王星-9”无人坦克"}, {"question": "俄罗斯最近向叙利亚部署“天王星-9”无人坦克的情况是什么", "answer": "无人坦克", "reading_system_answer": null}]}, {"text": "显示出了这种车辆目前存在的诸多问题", "qa_pairs": [{"question": "目前存在的诸多问题的车辆车辆目前存在的诸多问题的车辆车辆目前存在的诸多问题的多", "answer": "车辆", "reading_system_answer": null}, {"question": "出了这种车辆目前存在的诸多问题的多示出了这种车辆目前存在的诸多问题是什么", "answer": "诸多问题", "reading_system_answer": null}]}, {"text": "俄军此前在宣传材料中宣称", "qa_pairs": [{"question": "俄军此前在宣传材料中宣称的是什么", "answer": "宣传材料", "reading_system_answer": null}]}, {"text": "操纵手可以在3000米远的地方遥控“天王星-9”", "qa_pairs": [{"question": "操纵手可以在3000米远的地方遥控“天王星-9”的国家在3000米远的地方遥控", "answer": "天王星", "reading_system_answer": null}, {"question": "操纵手可以在哪几个型号的00米远的地方遥控“天王星", "answer": "3000米", "reading_system_answer": "天王星-9"}, {"question": "操方遥控“天的地方遥控“远王星-9远的手手在3000米远的手手可以在3000米", "answer": "手", "reading_system_answer": null}, {"question": "操纵手可以在3000米远的地方遥控“天王星-9”的国家在3000米远的地方遥控", "answer": "地方", "reading_system_answer": null}]}, {"text": "但在叙利亚的测试中", "qa_pairs": [{"question": "叙利亚的测试中的测试中是", "answer": "叙利亚", "reading_system_answer": null}]}, {"text": "由于城市环境下建筑会阻断无线电信号", "qa_pairs": [{"question": "由于城市环境下建筑会线电信号的国家在城市环境下建筑会线电信号的国家在由于城市环", "answer": "建筑", "reading_system_answer": null}, {"question": "由于城市环境下建筑会阻断无线电信号的环境下建筑会阻断无线电信号是什么", "answer": "城市环境", "reading_system_answer": null}, {"question": "由于城市环境下建筑会阻断无线电信号的电信号是什么", "answer": "信号", "reading_system_answer": null}]}, {"text": "操纵手只能在1000英尺（约305米）到1600英尺（487米）左右的距离上进行操纵", "qa_pairs": [{"question": "操纵手只能在10000英尺（约305米）左右的距离上进行操纵是什么", "answer": "1600英尺", "reading_system_answer": null}, {"question": "0000000只能在1年的国家纵手中尺离305英国和1的00000000000", "answer": "距离", "reading_system_answer": null}, {"question": "操纵手只能在1000000米距离上进行操（的国家的操305）47左右的距上进行", "answer": "手", "reading_system_answer": "1000英尺（约305米）"}, {"question": "操纵手只能在100000000英尺（约305米）的国家在10000000英尺的", "answer": "1000英尺", "reading_system_answer": null}, {"question": "操纵手只能在10000英尺（约多少米的", "answer": "305米", "reading_system_answer": "305米"}, {"question": "操纵手只能在10000英尺（约305米）到1600英尺（的原因是", "answer": "487米", "reading_system_answer": null}, {"question": "操纵手只能在1000英尺（约305米）到1600英尺（48米）左右的距离上进行", "answer": "左右", "reading_system_answer": null}]}, {"text": "点击查看大图  “天王星-9”在叙利亚进行测试的图像  阿尼西莫夫表示在测试中", "qa_pairs": [{"question": "“9”天王星-9”在叙利亚进行测试的图像阿尼西莫夫表示在测试中的-天王星是哪个", "answer": "天王星", "reading_system_answer": null}, {"question": "“9”9在天王星-9”天王星-9在天王星的““大图“天的图像阿尼西莫夫表示在测", "answer": "大图", "reading_system_answer": null}, {"question": "“9””9”天王星-9”天天天王尼西莫夫表示在叙利亚进行测试的图像阿尼西莫夫表", "answer": "图像", "reading_system_answer": null}, {"question": "“9”在叙利亚进行测试的图像阿尼西莫夫表示在测试中的国家在叙利亚进行测试的图像", "answer": "叙利亚", "reading_system_answer": "天王星-9"}, {"question": "“9”在叙利亚进行测试的图像阿尼西莫夫表示在测试中的“天王星-9”在叙利亚进行", "answer": "阿尼西莫夫", "reading_system_answer": "点击查看大图  “"}]}, {"text": "即便是很低矮的建筑也会严重阻碍“天王星-9”的传输信号：它曾经至少19次与遥控车辆失去联系", "qa_pairs": [{"question": "-9”的与遥控车辆失去联系的国家曾经至少19次与遥控车辆失去联系的国家曾经至少", "answer": "天王星", "reading_system_answer": "它曾经至少19次"}, {"question": "号：的与遥控车辆失去联系的国家建筑的遥9”的传输信号：9的传输信会严重阻碍“天", "answer": "建筑", "reading_system_answer": "即便是很低矮的建筑也会严重阻碍“天王星-9"}, {"question": "号：的与遥控车辆失去联系的国家曾经至少19次与遥控车辆失去联系的国家曾经至少1", "answer": "车辆", "reading_system_answer": "它曾经至少19次"}, {"question": "：：的与遥控车辆失去联系的国家在-”的传输信号的国家在-”的传输信号的国家其建", "answer": "信号", "reading_system_answer": "天王星-9"}, {"question": "号：的与遥控车辆失去联系是什么", "answer": "19次", "reading_system_answer": "它曾经至少19次"}, {"question": "号：它曾经至少19次与遥控车辆失去联系的国家曾经至少19次与遥控车辆失去联系的", "answer": "联系", "reading_system_answer": "”的传输信号："}]}, {"text": "其中17次“掉线”时间在1分钟以内", "qa_pairs": [{"question": "”7在1分钟以内容有什么间在1年", "answer": "时间", "reading_system_answer": "17次“掉线”时间"}, {"question": "”7次掉线在1分钟以内的原因是什么", "answer": "1分钟", "reading_system_answer": null}, {"question": "”7次掉线”时间在1分钟以内的中17次“掉线”时间在1分钟以内的中17次“中掉", "answer": "17", "reading_system_answer": null}]}, {"text": "但也有一次严重的掉线长达1.5小时", "qa_pairs": [{"question": "有一次严重的掉线长达多少小时", "answer": "长达1.5小时", "reading_system_answer": null}, {"question": "长达1.5小时的严重的掉线长达1.5小时的严重的掉线长达1次严重的掉线长达1次", "answer": "一次", "reading_system_answer": null}]}, {"text": "从理论上讲", "qa_pairs": [{"question": "从理论上讲讲理论上讲理论理讲理从理论上上上上上上上上上上上上上上上上上上上上上", "answer": "理论", "reading_system_answer": null}]}, {"text": "无人作战平台的一大优势就是允许操纵者躲在安全的后方", "qa_pairs": [{"question": "无人作战平台的一大优势是什么", "answer": "无人", "reading_system_answer": null}, {"question": "无人作战平台的一大优势是什么", "answer": "平台", "reading_system_answer": null}, {"question": "无人作战平台的一大优势是什么", "answer": "操纵者", "reading_system_answer": null}, {"question": "无人作战平台的一大优势是什么", "answer": "优势", "reading_system_answer": null}]}, {"text": "然而“天王星-9”的遥控距离如此之短", "qa_pairs": [{"question": "“9的遥控距离如多少王星", "answer": "天王星", "reading_system_answer": "天王星-9"}, {"question": "-天王星的9的的遥控距离是多少", "answer": "距离", "reading_system_answer": null}]}, {"text": "使得操纵车辆很容易暴露在敌方轻武器火力的打击之下", "qa_pairs": [{"question": "使得操纵车辆很容易暴露在敌方轻武器火力的打击之下的国家在敌方轻武器火力的打击之", "answer": "车辆", "reading_system_answer": null}, {"question": "使得操纵车辆很容易暴露在敌方轻武器火力的打击之下的是什么", "answer": "敌方轻武器火力", "reading_system_answer": null}]}, {"text": "要知道突击步枪的射程一般都有300米以上", "qa_pairs": [{"question": "要知道突击步枪的射程一般都有300米以上的射程是多少", "answer": "步枪", "reading_system_answer": null}, {"question": "突击步枪的射程是多少", "answer": "300米", "reading_system_answer": null}, {"question": "要知道突击步枪的射程是多少", "answer": "射程", "reading_system_answer": null}]}, {"text": "而便携式反坦克导弹的射程更是很容易超过1000米", "qa_pairs": [{"question": "携式反坦克导弹的射程是多少", "answer": "导弹", "reading_system_answer": null}, {"question": "携式反坦克导弹的射程是多少", "answer": "射程", "reading_system_answer": null}, {"question": "携式反坦克导弹的射程是多少", "answer": "1000米", "reading_system_answer": null}]}, {"text": "“天王星-9”的遥控方舱车", "qa_pairs": [{"question": "“9””的遥控方舱车是哪个", "answer": "天王星", "reading_system_answer": "天王星-9"}, {"question": "“天王星-9”的遥控方舱车是什么", "answer": "方舱", "reading_system_answer": null}]}, {"text": "薄皮大馅  “掉线”会造成无人坦克完全无法动作", "qa_pairs": [{"question": "”会造成无线”会造成无全无全无法”坦克完全无法动作是什么", "answer": "无法动作", "reading_system_answer": null}, {"question": "薄皮大馅“掉线”会造成无人坦克完全无法动作的国家掉全无法动的馅成是什么", "answer": "皮", "reading_system_answer": null}, {"question": "薄会造成无人坦克完全无法动作的坦克是哪个", "answer": "无人坦克", "reading_system_answer": "掉线"}]}, {"text": "然而即便可以控制", "qa_pairs": [{"question": "即便可以控制控制控制控即便可以控制控枪控枪控制控枪控枪即便然而然然而然而然即便", "answer": "", "reading_system_answer": null}]}, {"text": "这种战车也还有其他问题：它的履带式底盘不够可靠", "qa_pairs": [{"question": "：：的履带式底盘有什么好处", "answer": "问题", "reading_system_answer": null}, {"question": "：它的履带式底盘不够可靠可靠够可靠的国家战车也还有其他问题：它的履带式底盘不够", "answer": "底盘", "reading_system_answer": null}, {"question": "：它的履带式底盘不够可靠可靠够题：它的履带式底盘不够可靠的战车是什么", "answer": "战车", "reading_system_answer": null}]}, {"text": "经常损坏", "qa_pairs": [{"question": "经常损坏常损坏常损坏常损常经常坏常损常坏常损常坏损常坏损损经损常坏的常坏是什么", "answer": "", "reading_system_answer": null}]}, {"text": "该车的火控系统在移动中不能开火", "qa_pairs": [{"question": "在移动中不能开火的火控系统在移动中不能开火的火控系统是什么", "answer": "火控系统", "reading_system_answer": null}]}, {"text": "而且有6次在发射武器前产生了延迟", "qa_pairs": [{"question": "在发射武器前产生了延迟的6次在发射武器前产生了延迟的6次在发射武器前产生了延迟", "answer": "6", "reading_system_answer": null}, {"question": "发射武器前产生了延迟的发射武器前产生了延迟的发射武器前产生了延迟的发射国产生有", "answer": "产生", "reading_system_answer": "有6次"}, {"question": "前产生了延迟的发射武器前产生了延迟的发射武器前产生了延迟的武器是什么", "answer": "武器", "reading_system_answer": "有6次"}]}, {"text": "还有一次发射失败", "qa_pairs": [{"question": "还有一次发射失败还有一次发射失败的一次发射失败是什么", "answer": "一次", "reading_system_answer": null}]}, {"text": "“天王星-9”主炮射击   该车的态势感知依赖于车上安装的摄像机", "qa_pairs": [{"question": "“9主炮射击该车的态势感知依赖于车上安装的摄像机是什么", "answer": "天王星", "reading_system_answer": "天王星-9"}, {"question": "“9”主炮射击该车的态势感知依赖于车上安装的摄像机是什么", "answer": "主炮", "reading_system_answer": "天王星-9"}, {"question": "“天王星-9”主炮射击该车的态势感知依赖于车上安装的摄像机是什么", "answer": "摄像机", "reading_system_answer": null}, {"question": "“天王星-9””主炮射击该车的态势是什么", "answer": "态势", "reading_system_answer": null}]}, {"text": "然而由于操控员收到的图像不稳定", "qa_pairs": [{"question": "由于操控员收到的图像不稳定的优点是什么", "answer": "图像", "reading_system_answer": null}]}, {"text": "该车在任何交战距离都难以辨认目标", "qa_pairs": [{"question": "在任何交战距离都难以辨认目该车在任何交战距离都难以辨认", "answer": "目标", "reading_system_answer": null}, {"question": "任辨以目标战中任辨的离战中标要目标是什么", "answer": "距离", "reading_system_answer": null}]}, {"text": "“天王星-12”的遥控驾驶台", "qa_pairs": [{"question": "“12”的遥控驾驶台是什么", "answer": "天王星", "reading_system_answer": null}, {"question": "“12”的遥控驾驶台是什么", "answer": "12", "reading_system_answer": null}, {"question": "“12”的遥控驾驶台的遥控驾驶台是什么", "answer": "驾驶台", "reading_system_answer": "“天王星-12"}]}, {"text": "可见一个驾驶方舱内有多套遥控驾驶台", "qa_pairs": [{"question": "驾驶台舱内有多套遥控驾驶台的驾驶方舱内有哪些", "answer": "方", "reading_system_answer": null}, {"question": "可见一个驾驶方舱内有多套遥控驾驶台的遥控驾驶台是什么", "answer": "多套", "reading_system_answer": null}, {"question": "可见一个驾驶方舱内有多套遥控驾驶台的多套遥控驾驶台的驾驶方舱内有多套遥控驾驶台", "answer": "驾驶台", "reading_system_answer": null}, {"question": "可见一个驾驶方舱内有多套遥控驾驶台的驾驶方舱内有多套遥控驾驶台的驾驶驶方舱内有", "answer": "一个", "reading_system_answer": null}]}, {"text": "可以同时控制多台无人车作战  点击查看大图  “天王星-12”的火力遥控界面  火力很强大", "qa_pairs": [{"question": "“12”的火力遥控界面火力很强大的-12”的火力遥控界面火力很强大的-12作战", "answer": "天王星", "reading_system_answer": "天王星-12"}, {"question": "“12”的火力遥控界面火力很强大的无人车是哪个", "answer": "多台无人", "reading_system_answer": "天王星-12"}, {"question": "“12”的火力遥控界面火力很强大的火12”的火力遥控界面火力很强大的-12作战", "answer": "大图", "reading_system_answer": "天王星-12"}, {"question": "“12”的火力遥控界面火力很强大的-12”的火力遥控界面火力很强大的国家-12", "answer": "12", "reading_system_answer": "天王星-12"}, {"question": "“12”的火力遥控界面火力很强大的火力遥控界面火力很强大的国家以12”的火力遥", "answer": "火力", "reading_system_answer": "天王星-12"}, {"question": "“12”的火力遥控力很强大是哪个", "answer": "界面", "reading_system_answer": "天王星-12"}]}, {"text": "造型也萌萌哒的“天王星-9”型坦克于2016年在俄罗斯的军事展览上首次亮相", "qa_pairs": [{"question": "造9”型坦克于2016年在俄罗斯的军事展览上的坦星是哪个", "answer": "首次亮相", "reading_system_answer": "天王星-9"}, {"question": "造9型坦克于2016年在俄罗斯的军事展览上首次亮相的国家首次亮相的国家在201", "answer": "天王星", "reading_system_answer": "天王星-9”型坦克"}, {"question": "造9”型坦克于2016年在俄罗斯的军事展览上首次亮相的国家-9”型坦克于201", "answer": "坦克", "reading_system_answer": "天王星-9”型坦克"}, {"question": "造9”型坦克于2016年在俄罗斯的军事展览上首次亮相的国家-9”型坦克于201", "answer": "俄罗斯", "reading_system_answer": "天王星-9”型坦克"}, {"question": "-9型坦克于2016年在俄罗斯的军事展览上首次亮相的国家在2016年型坦克于2", "answer": "军事", "reading_system_answer": "天王星-9”型坦克"}, {"question": "-9型坦克于2016年在俄罗斯的军事展览上首次亮相的国家-9”型坦克于2016", "answer": "造型", "reading_system_answer": "天王星-9”型坦克"}, {"question": "造9型坦克于哪年在俄罗斯的军事展览上首次亮相", "answer": "2016年", "reading_system_answer": "2016年"}]}, {"text": "它采用履带式地盘", "qa_pairs": [{"question": "它采用履带式地盘的履带式地盘是什么", "answer": "地盘", "reading_system_answer": null}]}, {"text": "装有一个大型的遥控武器站作为炮塔", "qa_pairs": [{"question": "装有一个大型的遥控武器站作为炮塔的武器是什么", "answer": "武器", "reading_system_answer": null}, {"question": "装有一个大型的遥控武器站作为炮塔是什么", "answer": "炮塔", "reading_system_answer": null}, {"question": "装有一个大型的遥控武器站作为炮塔的武器装备是什么", "answer": "一个", "reading_system_answer": null}]}, {"text": "全重仅有10吨", "qa_pairs": [{"question": "全重仅有多少0吨", "answer": "10吨", "reading_system_answer": null}, {"question": "全重仅有10吨的10吨的重度是什么", "answer": "全重", "reading_system_answer": null}]}, {"text": "由于没有成员", "qa_pairs": [{"question": "由于没有成员成于没有成员成于没有成员员没没于由于有成员成于由于有成员没没员没有", "answer": "成员", "reading_system_answer": null}]}, {"text": "该车尺寸十分紧凑", "qa_pairs": [{"question": "寸尺寸十分紧凑的分别是什么", "answer": "尺寸十分", "reading_system_answer": null}]}, {"text": "比例甚至显得有点圆润", "qa_pairs": [{"question": "比例甚至有什么润点", "answer": "有点圆润", "reading_system_answer": null}, {"question": "比润例甚显得有点圆润的比圆得有点圆润例的甚点是什么", "answer": "比例", "reading_system_answer": null}]}, {"text": "“天王星-12”固定装备是装备一挺30毫米的2A72机关炮", "qa_pairs": [{"question": "“12机机的关炮是什么", "answer": "天王星", "reading_system_answer": null}, {"question": "“12”固定装备是什么", "answer": "装备一", "reading_system_answer": null}, {"question": "“12”固定装备是装备一挺30毫米的2a7关炮", "answer": "2A72机关炮", "reading_system_answer": null}, {"question": "“12”固定装备的一1机关炮是什么", "answer": "12", "reading_system_answer": "30毫米"}, {"question": "“12”固定装备是什么", "answer": "装备", "reading_system_answer": null}, {"question": "“12”2机机的关炮是什么", "answer": "30毫米", "reading_system_answer": "30毫米"}]}, {"text": "以及一挺7.62毫米PKT并列机枪", "qa_pairs": [{"question": "米米pkt62毫列机枪的枪枪是哪一款", "answer": "一", "reading_system_answer": null}, {"question": "以及一挺7.62毫米pkt并列机枪的国家其机枪是什么", "answer": "机枪", "reading_system_answer": null}, {"question": "以及一挺7.62毫米pkt并列机枪的国家其以什么型号的枪列", "answer": "7.62毫米PKT", "reading_system_answer": null}]}, {"text": "炮塔两侧的挂架可以选配4枚9M120-1“攻击”反坦克导弹", "qa_pairs": [{"question": "炮塔两侧的挂架可以选配几枚9m12攻击”反坦克导弹", "answer": "4枚9M120", "reading_system_answer": "4枚"}, {"question": "炮塔两侧的挂架可以选配4枚9m120-1“攻击”反坦克导弹的国家其反坦克导弹的", "answer": "导弹", "reading_system_answer": null}, {"question": "炮塔两侧的挂架可以选配4枚9m120-1“攻击”反坦克导弹的国家其炮塔两侧的挂", "answer": "炮塔", "reading_system_answer": null}]}, {"text": "6枚“什米尔”单兵云爆火箭筒", "qa_pairs": [{"question": "6枚“什米尔”单兵云爆火箭筒的爆火箭筒是什么", "answer": "单兵云", "reading_system_answer": null}, {"question": "6枚“什米尔”单兵云爆火箭筒的爆箭筒是什么", "answer": "6枚", "reading_system_answer": null}, {"question": "6枚“什么型号的火箭筒", "answer": "火箭筒", "reading_system_answer": "单兵云爆"}]}, {"text": "如果需要面对空中威胁", "qa_pairs": [{"question": "如果需要面对空中威胁的国家要要面对对果需要面威胁的国家其威胁是如何处", "answer": "", "reading_system_answer": null}]}, {"text": "该车也可以携带4枚“针”式肩扛防空导弹", "qa_pairs": [{"question": "“针”式肩扛防空导弹的携带4枚“针”式肩扛防空导弹是什么", "answer": "导弹", "reading_system_answer": null}, {"question": "“针”式肩扛防空导弹的“式肩扛防空导弹是什么型号", "answer": "4枚", "reading_system_answer": "该车也可以携带4枚"}, {"question": "“针”针”式肩扛防空导弹的所属国的携带4枚“针”式肩扛防空导弹的国家以以携带4", "answer": "肩", "reading_system_answer": "可以携带4枚"}]}, {"text": "俄罗斯军队试图利用这种无人战斗车给步兵部队提供火力支援", "qa_pairs": [{"question": "俄罗斯军队试图利用火力支援的国家试图战斗车给步兵部队提供火力支援是哪个", "answer": "利用", "reading_system_answer": null}, {"question": "俄罗斯军队试图利用火力支援的国家试人战斗车给步兵部队提供火力支援的国家试图战斗", "answer": "车", "reading_system_answer": null}, {"question": "俄罗斯军队试图利用这种无人战斗车给步兵部队提供火力支援的国家试图利用这种无人战", "answer": "步兵部队", "reading_system_answer": null}, {"question": "俄罗斯军队试图利用这种无人战斗车给步兵部队提供火力支援的国家试图利用这种无人战", "answer": "无人", "reading_system_answer": null}, {"question": "俄罗斯军队试图利用这种无人战斗车给步兵部队提供火力支援的国家给步兵部队提供火力", "answer": "火力", "reading_system_answer": null}, {"question": "俄罗斯军队试图利用这种无人战斗车给步兵部队提供火力支援的国家用什么支援", "answer": "俄罗斯军队", "reading_system_answer": null}]}, {"text": "因为它较轻的车重、紧凑的尺寸和履带式地盘提供了良好的通过性能", "qa_pairs": [{"question": "因为它较轻的车重、紧凑的尺寸和履带式地盘提供了良好的通过性能的重凑的尺寸和履带", "answer": "车重", "reading_system_answer": null}, {"question": "因为它较轻的车重、紧凑的尺寸和履带式地盘提供了良好的通过性能的履带式地盘提供了", "answer": "性能", "reading_system_answer": null}, {"question": "因为它较轻的车重、紧凑的尺寸和履带式地盘提供了良好的通过性能的履凑的尺寸和履带", "answer": "地盘", "reading_system_answer": null}, {"question": "因为它较轻的车重、紧凑的尺寸和履带式地盘提供了良好的通过性能的履凑的地盘提供了", "answer": "尺寸", "reading_system_answer": null}]}, {"text": "可以比有人战斗车辆更灵活地追随步兵", "qa_pairs": [{"question": "可以比有人战斗车辆更灵活地追随步兵的战斗车辆更灵活地追随步兵的战斗车辆更有以比", "answer": "车辆", "reading_system_answer": null}, {"question": "可以比有人战斗车辆更灵活地追随步兵的国家以比步兵的战斗车辆更灵活地追随步兵的战", "answer": "步兵", "reading_system_answer": null}]}, {"text": "此前“天王星-9”曾经多次装载在卡车上", "qa_pairs": [{"question": "“9”曾经多次装载在卡车上的-9王星-9”曾经多次装载在卡车上的-天王星是哪个", "answer": "天王星", "reading_system_answer": null}, {"question": "“9”曾经多次装载在卡车上的国家曾9”9”9次99次装载在卡车上的-9王星是哪", "answer": "多次", "reading_system_answer": "天王星-9"}, {"question": "“9”曾经多次装载在卡车上的-9王星-9”曾经多次装载在卡车上的-天王星是什么", "answer": "卡车", "reading_system_answer": null}]}, {"text": "出现在红场阅兵仪式中", "qa_pairs": [{"question": "出现在红场阅兵仪式中的红场阅兵仪式中中阅兵仪式中出兵场阅兵出红出红仪式红场红场", "answer": "仪式", "reading_system_answer": null}, {"question": "出现在红场阅兵仪式中的红场阅兵仪式中中阅兵仪式中的红场兵仪式红场红场红场阅兵出", "answer": "红场", "reading_system_answer": null}]}, {"text": "在该车的遥控失灵问题曝光之后", "qa_pairs": [{"question": "在该车的遥控失灵问题曝光之后问题之光之后问题曝失灵控失灵问题曝光之后的遥控失灵", "answer": "失灵问题", "reading_system_answer": null}]}, {"text": "我们也很容易理解为什么这种车辆没有自己走过红场了——也许红场的“城市环境”就足够影响他的遥控稳定性", "qa_pairs": [{"question": "我—车辆没有自己走过红场的“城市环境”就足够影响他的遥控稳定性的国家其车辆没有", "answer": "车辆", "reading_system_answer": "我们也很容易理解为什么这种车辆没有自己走过红场了——"}, {"question": "我—车辆环境”就足够影响他的遥控稳定性的环境”就足够影响他的遥控稳定性的环—市", "answer": "城市环境", "reading_system_answer": null}, {"question": "我—市环境”就足够影响他的遥控稳定性的遥控稳定性是什么", "answer": "稳定性", "reading_system_answer": null}, {"question": "我—的环境”就足够影响他的遥控稳定性是什么", "answer": "红场", "reading_system_answer": "城市环境"}]}, {"text": "“天王星-9”每次都以这种形式走过红场  虽然“天王星-9”的测试似乎并不成功", "qa_pairs": [{"question": "“9王星-9”每的的的的的的的天王星-9”的的天王星-9”天天天王星是哪个公司", "answer": "天王星", "reading_system_answer": null}, {"question": "“天王星-9”每次都以这种形式走过红场虽然“天王星-9”的测试似不成功的国家其", "answer": "形式", "reading_system_answer": null}, {"question": "“9”每9”每的测试似不成功是什么", "answer": "红场", "reading_system_answer": null}]}, {"text": "但俄罗斯已经确定了大力发展无人地面作战平台的技术路线", "qa_pairs": [{"question": "俄罗斯已经确定了大力发展无人地面作战平台的技术路线的国家已经确定了大力发展无人", "answer": "平台", "reading_system_answer": null}, {"question": "俄罗斯已经确定了大力发展无人地面作战平台的技术路线是什么", "answer": "技术路线", "reading_system_answer": null}, {"question": "俄罗斯已经确定了大力发展无人地面作战平台的技术路线的作战平台的技术路线是什么", "answer": "无人地面", "reading_system_answer": null}, {"question": "俄罗斯已经确定了大力发展无人地面作战平台的技术路线的国家已经确定了大力发展无人", "answer": "俄罗斯", "reading_system_answer": null}]}, {"text": "俄罗斯国防部汽车装甲坦克总局局长亚历山大·舍甫琴科曾经在2016年表示", "qa_pairs": [{"question": "俄罗斯国防部汽车装甲坦克总局局长亚历山大·舍甫琴科曾经在哪一年表示", "answer": "2016年", "reading_system_answer": "2016年"}, {"question": "俄罗斯国防部汽车装甲坦克总局局长亚历山大·舍甫琴科曾经在2016年表示的坦克总", "answer": "坦克总局局长亚历山大", "reading_system_answer": null}, {"question": "俄罗斯国防部汽局局长亚历山大·舍甫琴科曾经在2016年表示的汽车装甲坦克总局局", "answer": "俄罗斯国防部汽车", "reading_system_answer": null}]}, {"text": "俄罗斯将在2018年推出T-14“阿玛塔”坦克的无人驾驶版本", "qa_pairs": [{"question": "俄罗斯将在2018年推出的t-14“阿玛塔”坦克的无人驾驶版本是", "answer": "坦克", "reading_system_answer": null}, {"question": "俄罗斯将在哪一年推出t-14“阿玛塔”坦克的无人驾驶版本", "answer": "2018年", "reading_system_answer": "2018年"}, {"question": "俄罗斯将在2018年推出的国家将在2018年推出的国家将在24“坦克的无人驾驶", "answer": "俄罗斯", "reading_system_answer": "T-14“阿玛塔”坦克"}, {"question": "俄罗斯将在2018年推出的国家将在2018年推出的国家将在2018年推出的国家", "answer": "14", "reading_system_answer": "T-14“阿玛塔”坦克"}, {"question": "俄罗斯将在2018年推出t-14“阿玛塔”坦克的无人驾驶版本是什么", "answer": "无人驾驶版本", "reading_system_answer": null}]}, {"text": "并且自信地表示只需要解决“一些小问题”就可以完成", "qa_pairs": [{"question": "””冲锋枪的优势题”就可以完成什么", "answer": "问题", "reading_system_answer": null}, {"question": "””的原因是什么", "answer": "一些", "reading_system_answer": null}]}, {"text": "2018年已经到了", "qa_pairs": [{"question": "2018年已经到了什么", "answer": "2018年", "reading_system_answer": null}]}, {"text": "“小问题”不知道解决的如何了  不过", "qa_pairs": [{"question": "“”的优响冲锋枪枪问决的原因是什么", "answer": "问题", "reading_system_answer": "小问题”不知道解决的如何了"}]}, {"text": "阿联酋曾经对“天王星-9”表现出兴趣", "qa_pairs": [{"question": "阿联酋曾经对“天王星-9”表现出兴趣的-9”表9”表9”-9趣-99---王王", "answer": "天王星", "reading_system_answer": null}, {"question": "阿联酋曾经对“天王星-9”表现出兴趣的国家曾经对“天王星-9”表现出兴趣是什么", "answer": "阿联酋", "reading_system_answer": null}, {"question": "阿联酋曾经对“天王星-9”表现出兴趣是什么", "answer": "兴趣", "reading_system_answer": null}]}, {"text": "也许对于一些财力充裕而人力不足的国家来说", "qa_pairs": [{"question": "人力不足的国家来说的是什么", "answer": "国家", "reading_system_answer": null}, {"question": "人力不足的国家来说是什么", "answer": "一些财力", "reading_system_answer": null}]}, {"text": "这种灵活的无人战斗车辆很有吸引力", "qa_pairs": [{"question": "无人战斗车辆很有吸引力的战斗车有什么作用", "answer": "无人", "reading_system_answer": null}, {"question": "无人战斗车辆很有吸引力的战斗车辆很有吸引力的战斗车辆很有吸引力是什么", "answer": "车辆", "reading_system_answer": null}, {"question": "无人战斗车辆很有吸引力的战斗车辆很有哪些战斗车", "answer": "吸引力", "reading_system_answer": null}]}]}