{"passage": "导弹作为国家重要军事武器，各个国家都有各自研发的秘密导弹武器，我国导弹产业在改革开放后稳步上升，不仅在80年代定型设计的东风-5，也有近年来相当出色的东风31，但为什么东风31到目前依旧无法完全替代东风-5，主要还是有以下几个原因。东风-31作为我国首款固体燃料洲际弹道导弹，在当初设计和性能上都相当具备实力，对它非常的看重。但由于当时我国遭遇了十分严重的间谍泄密，导致所有有关导弹的信息都被美国截获，利用这些信息量巨大的情报，美国工程师以东风-31的设计，将其改造成民兵洲际导弹作为美国国家弹道防御系统进行试验用的靶弹。因此东风-31无法再进行战略性使用，目前只能用到快速卫星发射上。为了补上东风-31这个漏洞，我国工程师们只能加速研发改进型洲际弹道导弹——东风-41。虽然生产试验上进度很快，但还是由于时间关系无法填补31的缺失，替代东风-5的需求。为了补上东风-31这个漏洞，我国工程师们只能加速研发改进型洲际弹道导弹——东风-41。虽然生产试验上进度很快，但还是由于时间关系无法填补31的缺失，替代东风-5的需求。目前东风-5B开始在原有基础上改装成东风-5C，，还有大概二十年军役，据了解要等到东风-51出现后，才有可能完全替代东风-5系列导弹。", "sentences": [{"text": "导弹作为国家重要军事武器", "qa_pairs": [{"question": "导弹作为国家重要军事武器的国家作为国家重要军事武器是什么", "answer": "国家", "reading_system_answer": "导弹"}, {"question": "导弹作为国家重要军事武器是哪个", "answer": "导弹", "reading_system_answer": null}, {"question": "导弹作为国家重要军事武器是什么", "answer": "军事武器", "reading_system_answer": null}]}, {"text": "各个国家都有各自研发的秘密导弹武器", "qa_pairs": [{"question": "各个国家都有各自研发的秘密导弹武器是哪个", "answer": "国家", "reading_system_answer": null}, {"question": "各个国家都有各自研发的秘密导弹武器是什么", "answer": "秘密导弹武器", "reading_system_answer": null}]}, {"text": "我国导弹产业在改革开放后稳步上升", "qa_pairs": [{"question": "我国导弹产业在改革开放后稳步上升步上升步放后稳步上升弹产业在改革开放后稳步上升", "answer": "导弹产业", "reading_system_answer": null}]}, {"text": "不仅在80年代定型设计的东风-5", "qa_pairs": [{"question": "在80年代定型设计的东风-5的-5型号是什么", "answer": "东风", "reading_system_answer": null}, {"question": "不计的东风-5是在哪个型号", "answer": "80", "reading_system_answer": "80年代定型设计"}]}, {"text": "也有近年来相当出色的东风31", "qa_pairs": [{"question": "东风31是什么", "answer": "东风31", "reading_system_answer": null}]}, {"text": "但为什么东风31到目前依旧无法完全替代东风-5", "qa_pairs": [{"question": "替代风-无旧无全替代的无旧无法替为替代的国家完旧前依旧5331到目前依旧5-风", "answer": "无法", "reading_system_answer": "么"}, {"question": "东风31到目前依旧无法完全替代东风-5到目前依旧无法完全替代东风-5的国家其东", "answer": "东风31", "reading_system_answer": null}, {"question": "东风31到目前依旧无法完全替代东风-5的国家目前依旧无法完全替代东风-5是什么", "answer": "替代东风", "reading_system_answer": null}]}, {"text": "主要还是有以下几个原因", "qa_pairs": [{"question": "主要还是有以下几个原因", "answer": "几个原因", "reading_system_answer": null}]}, {"text": "东风-31作为我国首款固体燃料洲际弹道导弹", "qa_pairs": [{"question": "东风-31作为我国首款固体燃料洲际弹道导弹是哪个", "answer": "东风", "reading_system_answer": null}, {"question": "东风-31作为我国首款固体燃料洲际弹道导弹是哪一款", "answer": "首款", "reading_system_answer": null}, {"question": "东风-31作为我国首款固体燃料洲际弹道导弹是什么", "answer": "弹道导弹", "reading_system_answer": null}, {"question": "我国首款固体燃料洲际弹道导弹是哪个", "answer": "31", "reading_system_answer": "东风-31"}]}, {"text": "在当初设计和性能上都相当具备实力", "qa_pairs": [{"question": "在当初设计和性能上都相当具备实力备实实当具体力的意旨是什么", "answer": "实力", "reading_system_answer": null}, {"question": "在当初设计和性能上都具备实力的实力是什么", "answer": "性能", "reading_system_answer": null}]}, {"text": "对它非常的看重", "qa_pairs": [{"question": "对弹常常的看重是什么", "answer": "", "reading_system_answer": null}]}, {"text": "但由于当时我国遭遇了十分严重的间谍泄密", "qa_pairs": [{"question": "我国遭遇了十分严重的间谍泄密的泄密是什么", "answer": "间谍", "reading_system_answer": null}, {"question": "我国遭遇了十分严重的间谍泄密是什么", "answer": "十分", "reading_system_answer": null}, {"question": "遭密遇了分严重了十十国的态于遭密时泄入遭的国家遭的国家遭的十十七七七七七七七运", "answer": "遭遇", "reading_system_answer": null}]}, {"text": "导致所有有关导弹的信息都被美国截获", "qa_pairs": [{"question": "被美国截获的关导弹的信息都被美国截获的什么导弹的信息都被美国截获", "answer": "导弹", "reading_system_answer": null}, {"question": "被称为导致所有有关导弹的信息都被美国截获的是什么国家截获", "answer": "美国", "reading_system_answer": "导致所有有关导弹的信息都被美国"}, {"question": "被美国截获的关致所有有关导弹的信息都被美国截获的是什么样的", "answer": "信息", "reading_system_answer": null}]}, {"text": "利用这些信息量巨大的情报", "qa_pairs": [{"question": "利用这些信息量巨大的情报是什么", "answer": "信息量", "reading_system_answer": null}, {"question": "利用这些信息量巨大的情报是", "answer": "情报", "reading_system_answer": null}, {"question": "利用这些信息量巨大的情报是什么", "answer": "利用", "reading_system_answer": null}]}, {"text": "美国工程师以东风-31的设计", "qa_pairs": [{"question": "美国工程师师以东风-31的设计的工程以东风-31的设计的国家的国家以东风-31", "answer": "美国工程师", "reading_system_answer": null}, {"question": "美国工程师以东风-31的设计的是什么", "answer": "东风", "reading_system_answer": null}, {"question": "美国工程师以东风-31的设计的是哪种型号", "answer": "31", "reading_system_answer": null}]}, {"text": "将其改造成民兵洲际导弹作为美国国家弹道防御系统进行试验用的靶弹", "qa_pairs": [{"question": "美国国家弹道防御系统进行试验用的靶弹是什么", "answer": "系统", "reading_system_answer": "民兵洲际导弹"}, {"question": "美国国家弹道防御系统进行试验用的靶弹是什么", "answer": "成民兵洲际导弹", "reading_system_answer": "民兵洲际导弹"}, {"question": "美国国家弹道防御系统进行试验用的靶弹是什么", "answer": "靶弹", "reading_system_answer": "民兵洲际导弹"}, {"question": "将其改造成民兵洲际导弹作为美国国家弹道防御系统进行试验用的靶弹是什么", "answer": "美国国家弹道", "reading_system_answer": null}]}, {"text": "因此东风-31无法再进行战略性使用", "qa_pairs": [{"question": "东风-31无法再进行战略性使用的是什么性能用", "answer": "战略性", "reading_system_answer": null}, {"question": "东风-31无法再进行战略性使用的是什么", "answer": "东风", "reading_system_answer": null}, {"question": "东风-31无法再进行战略性使用的是什么型号的无法", "answer": "31无法", "reading_system_answer": null}]}, {"text": "目前只能用到快速卫星发射上", "qa_pairs": [{"question": "目前只能用到快速卫星发射上的发射上是什么", "answer": "卫星", "reading_system_answer": null}]}, {"text": "为了补上东风-31这个漏洞", "qa_pairs": [{"question": "东风-31这个漏洞是哪个", "answer": "东风", "reading_system_answer": null}, {"question": "东风-31这个漏洞是哪一个", "answer": "漏洞", "reading_system_answer": null}, {"question": "东风-31这个漏洞是哪一个漏洞", "answer": "31", "reading_system_answer": null}]}, {"text": "我国工程师们只能加速研发改进型洲际弹道导弹——东风-41", "qa_pairs": [{"question": "我国工程师们只能加速研发改进型洲际弹道导弹——东风-41导弹导弹导弹导弹导弹导", "answer": "改进型", "reading_system_answer": null}, {"question": "我国工程师们只能加速研发改进型洲际弹道导弹——东风-41导弹——4改进型洲际弹", "answer": "41", "reading_system_answer": null}, {"question": "我国工程师们只能加速研发改进型洲际弹道导弹——东风-41导弹导弹导弹导弹的国家", "answer": "工程师", "reading_system_answer": null}, {"question": "我国工程师们只能加速研发改进型洲际弹道导弹——东风-41导弹导弹是哪个", "answer": "弹道导弹", "reading_system_answer": null}, {"question": "我国工程师们只能加速研发改进型洲际弹道导弹——东风-41导—东风-41导弹的国", "answer": "东风", "reading_system_answer": null}]}, {"text": "虽然生产试验上进度很快", "qa_pairs": [{"question": "进度很快的进度很快的进行验验上生产试验上进度很快的进行进行进行进行进行进行进行", "answer": "", "reading_system_answer": null}]}, {"text": "但还是由于时间关系无法填补31的缺失", "qa_pairs": [{"question": "关系无法填补31的缺失是什么", "answer": "31", "reading_system_answer": "由于时间关系"}, {"question": "由于时间关系无法填补31的缺失", "answer": "时间关系无法", "reading_system_answer": null}]}, {"text": "替代东风-5的需求", "qa_pairs": [{"question": "替代东风-5的需求需求中国5代5代东风-5的需求的-的-5替求-的-5替求-5", "answer": "5", "reading_system_answer": null}, {"question": "替代东风-5的需求是什么", "answer": "替代东风", "reading_system_answer": null}]}, {"text": "为了补上东风-31这个漏洞", "qa_pairs": [{"question": "东风-31这个漏洞是哪个", "answer": "东风", "reading_system_answer": null}, {"question": "东风-31这个漏洞是哪一个", "answer": "漏洞", "reading_system_answer": null}, {"question": "东风-31这个漏洞是哪一个漏洞", "answer": "31", "reading_system_answer": null}]}, {"text": "我国工程师们只能加速研发改进型洲际弹道导弹——东风-41", "qa_pairs": [{"question": "我国工程师们只能加速研发改进型洲际弹道导弹——东风-41导弹导弹导弹导弹导弹导", "answer": "改进型", "reading_system_answer": null}, {"question": "我国工程师们只能加速研发改进型洲际弹道导弹——东风-41导弹——4改进型洲际弹", "answer": "41", "reading_system_answer": null}, {"question": "我国工程师们只能加速研发改进型洲际弹道导弹——东风-41导弹导弹导弹导弹的国家", "answer": "工程师", "reading_system_answer": null}, {"question": "我国工程师们只能加速研发改进型洲际弹道导弹——东风-41导弹导弹是哪个", "answer": "弹道导弹", "reading_system_answer": null}, {"question": "我国工程师们只能加速研发改进型洲际弹道导弹——东风-41导—东风-41导弹的国", "answer": "东风", "reading_system_answer": null}]}, {"text": "虽然生产试验上进度很快", "qa_pairs": [{"question": "进度很快的进度很快的进行验验上生产试验上进度很快的进行进行进行进行进行进行进行", "answer": "", "reading_system_answer": null}]}, {"text": "但还是由于时间关系无法填补31的缺失", "qa_pairs": [{"question": "关系无法填补31的缺失是什么", "answer": "31", "reading_system_answer": "由于时间关系"}, {"question": "由于时间关系无法填补31的缺失", "answer": "时间关系无法", "reading_system_answer": null}]}, {"text": "替代东风-5的需求", "qa_pairs": [{"question": "替代东风-5的需求需求中国5代5代东风-5的需求的-的-5替求-的-5替求-5", "answer": "5", "reading_system_answer": null}, {"question": "替代东风-5的需求是什么", "answer": "替代东风", "reading_system_answer": null}]}, {"text": "目前东风-5B开始在原有基础上改装成东风-5C", "qa_pairs": [{"question": "东风-5b开始在原有基础上改装成东风-5c的国家其基风-5b开始在原有基础上改", "answer": "东风", "reading_system_answer": null}, {"question": "东风-5b开始在原有基础上改装成东风-5c的国家目前东风-5b开始在原有基础上", "answer": "基础", "reading_system_answer": null}, {"question": "目前东风-5b开始在原有基础上改装成东风-5c的国家在原有基础上改装成东风-5", "answer": "5B", "reading_system_answer": null}, {"question": "目前东风-5b开始在原有基础上改装成东风-5c的国家在原有基础上改装成东风-5", "answer": "5C", "reading_system_answer": null}]}, {"text": "还有大概二十年军役", "qa_pairs": [{"question": "二战时期大概二十年军役的两个军役", "answer": "二十年军役", "reading_system_answer": null}]}, {"text": "据了解要等到东风-51出现后", "qa_pairs": [{"question": "东风-51出现后的东风-51出现后的-5-5-5等到东风-1等到东风现后解要等", "answer": "东风", "reading_system_answer": null}, {"question": "东风-51出现后的东风-51出现后出等到东风-51出现后解要等到东风-51现解", "answer": "51", "reading_system_answer": null}]}, {"text": "才有可能完全替代东风-5系列导弹", "qa_pairs": [{"question": "全替代东风-5系列导弹的导弹是什么", "answer": "系列导弹", "reading_system_answer": null}, {"question": "替有可能完全替代东风-5系列导弹的国家其替列东风-5系列导弹的国家可能完全替代", "answer": "替代东风", "reading_system_answer": null}]}]}