{"passage": "　[美国《每日防务》2006年7月13日报道] 水下项目执行办公室上个月批准了MK 48 Mod 7先进能力通用宽带先进声纳声呐系统(ADCAP CBASS)重型鱼雷进入全速生产阶段。  　　MK 48 Mod 7 ADCAP CBASS由美国和澳大利亚联合设计、开发、制造和保障的，将成为两国海军潜艇的主要武器。该鱼雷具备优化的了浅水作战性能，是世界上最先进的潜射鱼雷，是对付水面舰艇和潜艇的极其有效的武器。该鱼雷配备有性能强大的增强的声呐系统，纳使该鱼雷成为有效的浅水武器，可以挫败对抗所有所有环境下中的各类种对抗措施。在美国和澳大利亚水域进行的多种多次测试表明，该鱼雷在噪声环境复杂的浅水区域是一种高效、高性能武器。  　　MK 48 Mod 7鱼雷利用了成熟的商用商用成熟技术，通过定期升级硬件和软件可以保持其技术前沿优势。美、澳两国的工业部门和学校在开发和实施这些改进中都扮演了积极的角色。作为一个螺旋形的发展项目，MK 48 Mod 7 ADCAP/CBASS将被不断改进以满足美、澳两国海军的共同的已定目需要的，并将继续美、澳两国工业部门和学校合作者之间的协作。该项目将为武器和军、民两用技术的潜在开发提供肥沃的土壤。MK 48 Mod 7该鱼雷计划于2006年9月获得具备初始作战能力，  澳大利亚海军将在2007年引入装备该鱼雷。", "sentences": [{"text": "[美国《每日防务》2006年7月13日报道] 水下项目执行办公室上个月批准了MK 48 Mod 7先进能力通用宽带先进声纳声呐系统(ADCAP CBASS)重型鱼雷进入全速生产阶段", "qa_pairs": [{"question": "[2006年7月13日报道]水下项目执行办公室上个月批准了mk48mcbass", "answer": "MK", "reading_system_answer": "MK 48 Mod 7先进能力通用宽带先进声纳声呐系统(ADCAP CBASS)重型鱼雷"}, {"question": "[2006年7月13日报道]水下项目执行办公室上个月批准了mk48mod7先进", "answer": "2006年7月13日", "reading_system_answer": "能力通用宽带先进声纳声呐系统(ADCAP CBASS)重型鱼雷"}, {"question": "[2006年7月13日报道]水下项目执行办公室上个月批准了mk48mod7先进", "answer": "鱼雷", "reading_system_answer": "能力通用宽带先进声纳声呐系统(ADCAP CBASS)重型鱼雷"}, {"question": "[2006年7月13日报道]水下项目执行办公室上个月批准了mk48mod7先进", "answer": "办公室", "reading_system_answer": "能力通用宽带先进声纳声呐系统(ADCAP CBASS)重型鱼雷"}, {"question": "[200雷进入全速生产阶段是哪个国家", "answer": "美国", "reading_system_answer": "水下项目执行办公室上个月批准了MK 48 Mod 7先进能力通用宽带先进声纳声呐系统(ADCAP CBASS)重型鱼雷"}, {"question": "[2006年7月13日报道]水下项目执行办公室上个月批准了mk48mcbass", "answer": "Mod", "reading_system_answer": "MK 48 Mod 7先进能力通用宽带先进声纳声呐系统(ADCAP CBASS)重型鱼雷"}, {"question": "[2006年7月13日报道]水下项目执行办公室上个月批准了mk48mod7先进", "answer": "CBASS", "reading_system_answer": "能力通用宽带先进声纳声呐系统(ADCAP CBASS)重型鱼雷"}, {"question": "[2006年7月13日报道]水下项目执行办公室上个月批准了mk48mod7先进", "answer": "ADCAP", "reading_system_answer": "能力通用宽带先进声纳声呐系统(ADCAP CBASS)重型鱼雷"}, {"question": "[2006年7月13日报道]准了mk48mcbass)重型鱼雷进入全速生产阶段", "answer": "声纳声呐系统", "reading_system_answer": null}, {"question": "[2006年7月1准了mk48mod7先进能力通用宽带先进声纳声呐系统的国家其", "answer": "48", "reading_system_answer": "(ADCAP CBASS)重型鱼雷"}, {"question": "[2006年7月13日报道]水下项目执行办公室上个月批准了mk48mod7先进", "answer": "阶段", "reading_system_answer": "能力通用宽带先进声纳声呐系统(ADCAP CBASS)重型鱼雷"}, {"question": "[2006年7月13日报道]水下项目执行办公室上个月批准了mk48mccass", "answer": "宽带", "reading_system_answer": "MK 48 Mod 7先进能力通用宽带先进声纳声呐系统(ADCAP CBASS)重型鱼雷"}, {"question": "[2006年7月13日报道]水下项目执行办公室上个月批准了mk48mod7先进", "answer": "项目", "reading_system_answer": "能力通用宽带先进声纳声呐系统(ADCAP CBASS)重型鱼雷"}, {"question": "[2006年7月13日报道]水下项目执行办公室上个月批准了mk48mod7先进", "answer": "能力", "reading_system_answer": "能力通用宽带先进声纳声呐系统(ADCAP CBASS)重型鱼雷"}]}, {"text": "MK 48 Mod 7 ADCAP CBASS由美国和澳大利亚联合设计、开发、制造和保障的", "qa_pairs": [{"question": "mk48mod7adsassassasasasasasasasaaaaaaaa", "answer": "澳大利亚", "reading_system_answer": null}, {"question": "mk48mod7adsapscassapcbassapc的国家其mk大利亚联合", "answer": "MK", "reading_system_answer": null}, {"question": "mk48mod7apcassasasasasasasaaaaaaaaaaaaa", "answer": "美国", "reading_system_answer": null}, {"question": "mk48mod7adsapsassassasc型号的国家其m48mod7adc", "answer": "Mod", "reading_system_answer": null}, {"question": "mk48mod7adsapc型号是什么", "answer": "ADCAP", "reading_system_answer": null}, {"question": "mk48mod7adsapcbassassasasasasasasaaaaaa", "answer": "48", "reading_system_answer": null}, {"question": "mk48mod7adsssapc型号是什么", "answer": "CBASS", "reading_system_answer": null}]}, {"text": "将成为两国海军潜艇的主要武器", "qa_pairs": [{"question": "将成为两国海军潜艇的主要武器是什么", "answer": "两国海军潜艇", "reading_system_answer": null}, {"question": "将成为两国海军潜艇的主要武器是什么", "answer": "武器", "reading_system_answer": null}]}, {"text": "该鱼雷具备优化的了浅水作战性能", "qa_pairs": [{"question": "该鱼雷具备优化的了浅水作战性能的是什么", "answer": "鱼雷", "reading_system_answer": null}, {"question": "鱼雷具备优化的了浅水作战性能是什么", "answer": "性能", "reading_system_answer": null}, {"question": "该鱼雷具备优化的了浅水作战性能的战性是什么", "answer": "浅水", "reading_system_answer": null}]}, {"text": "是世界上最先进的潜射鱼雷", "qa_pairs": [{"question": "世界上最先进的潜射鱼雷是哪个", "answer": "世界", "reading_system_answer": null}, {"question": "世界上最先进的潜射鱼雷是世界上最先进的潜射鱼雷是世界上最先进的潜射鱼雷是世界上", "answer": "潜射鱼雷", "reading_system_answer": null}]}, {"text": "是对付水面舰艇和潜艇的极其有效的武器", "qa_pairs": [{"question": "对付水面舰艇和潜艇的极其有效的武器是什么", "answer": "水面舰艇", "reading_system_answer": null}, {"question": "对付水面舰艇和潜艇的极其有效的武器是什么", "answer": "潜艇", "reading_system_answer": null}, {"question": "对付水面舰艇和潜艇的极其有效的武器是什么", "answer": "武器", "reading_system_answer": null}]}, {"text": "该鱼雷配备有性能强大的增强的声呐系统", "qa_pairs": [{"question": "该鱼雷配备有性能强大的增强的声呐系统是什么", "answer": "声呐系统", "reading_system_answer": null}, {"question": "该鱼雷配备有性能强大的增强的声呐系统是什么", "answer": "鱼雷", "reading_system_answer": null}, {"question": "鱼雷配备的声呐系统是什么", "answer": "性能", "reading_system_answer": null}]}, {"text": "纳使该鱼雷成为有效的浅水武器", "qa_pairs": [{"question": "纳使该鱼雷成为有效的浅水武器是哪个", "answer": "鱼雷", "reading_system_answer": null}, {"question": "纳使该鱼雷成为有效的浅水武器是什么", "answer": "浅水武器", "reading_system_answer": null}]}, {"text": "可以挫败对抗所有所有环境下中的各类种对抗措施", "qa_pairs": [{"question": "中国各类种对抗所有所有环境下中的各类种对抗措施是什么", "answer": "措施", "reading_system_answer": "可以挫败"}, {"question": "中国抗类对抗措施的对抗措施是什么", "answer": "种", "reading_system_answer": "可以挫败"}, {"question": "中国抗所有所有环境下中的各类种对抗措施是什么", "answer": "环境", "reading_system_answer": "可以挫败"}]}, {"text": "在美国和澳大利亚水域进行的多种多次测试表明", "qa_pairs": [{"question": "在美国和澳大利亚水域进行的多种多次测试表明的亚大利亚水域进行的多种多次测试表明", "answer": "多种多次", "reading_system_answer": null}, {"question": "在美国和澳大利亚水域进行的多种多次测试表明的国家在在美国和澳大利亚水域进行的多", "answer": "美国", "reading_system_answer": null}, {"question": "在美国和澳大利亚水域进行的多种多次测试表明的水域进行的多种多次测试表明是什么", "answer": "澳大利亚水域", "reading_system_answer": null}]}, {"text": "该鱼雷在噪声环境复杂的浅水区域是一种高效、高性能武器", "qa_pairs": [{"question": "该鱼雷在噪声环境复杂的浅水区域是一种高效、高性能武器的国家在噪声环境复杂的浅水", "answer": "鱼雷", "reading_system_answer": null}, {"question": "噪声环境复杂的浅水区域是一种高效、高性能武器的国家在噪声环境复杂的浅水区域是什", "answer": "噪声环境", "reading_system_answer": null}, {"question": "噪声环境复杂的浅水区域是什么", "answer": "浅水区域", "reading_system_answer": null}, {"question": "噪声环境复杂的浅水区域是什么", "answer": "高性能武器", "reading_system_answer": null}, {"question": "该鱼雷在噪声环境复杂的浅水区域是什么", "answer": "一种", "reading_system_answer": null}]}, {"text": "MK 48 Mod 7鱼雷利用了成熟的商用商用成熟技术", "qa_pairs": [{"question": "mk48mod7鱼雷利用了成熟的商用商用成熟技术的国家用了成熟的商用商用成熟技", "answer": "MK", "reading_system_answer": null}, {"question": "mk48鱼雷利用了成熟的商用商用成熟技术的国家用了成熟的商用商用成熟技术的国家", "answer": "Mod", "reading_system_answer": null}, {"question": "mk48mod7鱼雷利用了成熟的商用商用成熟技术的鱼雷利用了成熟的商用商用成熟", "answer": "48", "reading_system_answer": null}, {"question": "mk48mod7鱼雷利用了成熟的商用商用成熟技术的鱼雷利用了成熟的商用商用成熟", "answer": "鱼雷利用", "reading_system_answer": null}, {"question": "mk48mod7鱼雷利用了什么技术", "answer": "商用商用成熟技术", "reading_system_answer": null}]}, {"text": "通过定期升级硬件和软件可以保持其技术前沿优势", "qa_pairs": [{"question": "通过定期升级硬件和软件可以保持其技术前沿优势的硬件是什么", "answer": "软件", "reading_system_answer": null}, {"question": "通过定期升级硬件和软件可以保持其技术前沿优势的原因是什么", "answer": "优势", "reading_system_answer": null}, {"question": "通过定期升级硬件和软件可以保持其技术前沿优势的国家的硬和软件可以保持其技术前沿", "answer": "技术", "reading_system_answer": null}, {"question": "通过定期升级硬件和软件可以保持其技术前沿优势的国家通过定期定期定优势的硬件和软", "answer": "硬件", "reading_system_answer": null}]}, {"text": "美、澳两国的工业部门和学校在开发和实施这些改进中都扮演了积极的角色", "qa_pairs": [{"question": "美国澳两国的工业部门和学校在开发和学施演的国家在、角的角色的国家在、的极门和学", "answer": "美", "reading_system_answer": null}, {"question": "美、澳两国的工业部门和学校在开发和实施这些改进中都扮演了积极的角色的国家在开发", "answer": "两国", "reading_system_answer": null}, {"question": "美、澳两国的工业部门和学校在开发和实施这些改进中都扮演了积极的角色的国家在开发", "answer": "工业部门", "reading_system_answer": null}, {"question": "美、澳两国的工业部门和学校在开发和实施这些改进中都扮演了积极的角色的国家在开发", "answer": "角色", "reading_system_answer": null}, {"question": "美、澳两国的工业部门和学校在开发和实施这些改进中都扮演了积极的角色的国家在开发", "answer": "学校", "reading_system_answer": null}]}, {"text": "作为一个螺旋形的发展项目", "qa_pairs": [{"question": "作为一个螺旋形的发展项目的发展项目的发展项目的发展项目的发展旋形发展旋形发为一", "answer": "一个螺旋形", "reading_system_answer": null}, {"question": "作为一个螺旋形的发展项目的发展项目的发展项目的发展项目的发展形发展旋形的螺旋形", "answer": "项目", "reading_system_answer": null}]}, {"text": "MK 48 Mod 7 ADCAP/CBASS将被不断改进以满足美、澳两国海军的共同的已定目需要的", "qa_pairs": [{"question": "mk48m/cbapscapscassap/的国家在ad的国家其的mk两国海军", "answer": "MK", "reading_system_answer": "美、澳"}, {"question": "mkassapsapsapsasasasasa、mbdaaaaaaaaaaaa", "answer": "美", "reading_system_answer": null}, {"question": "mk48mod7ads是哪个公司实进入进入进入", "answer": "ADCAPCBASS", "reading_system_answer": "ADCAP/CBASS"}, {"question": "mk48mod7adbassap/的国家在as两国海军的共同的已定目需要的是什", "answer": "Mod", "reading_system_answer": null}, {"question": "mk48mod7adbassas/csas/c48adbasasasasasa", "answer": "两国海军", "reading_system_answer": null}, {"question": "mk48mod7adbassassassas/c48adba海军的共同的已定目", "answer": "48", "reading_system_answer": "MK 48 Mod 7 ADCAP/CBASS将被不断改进以满足"}]}, {"text": "并将继续美、澳两国工业部门和学校合作者之间的协作", "qa_pairs": [{"question": "美国澳两国工业部门和学校合作者之间的协作是什么", "answer": "两国工业部门", "reading_system_answer": null}, {"question": "美、澳两国工业部门和学校合间的协作是什么", "answer": "美", "reading_system_answer": null}, {"question": "美国澳两国工业部门和学校合间的协作是什么", "answer": "学校合作者", "reading_system_answer": null}]}, {"text": "该项目将为武器和军、民两用技术的潜在开发提供肥沃的土壤", "qa_pairs": [{"question": "武器和军、民两用技术的潜在开发提供肥沃的土壤是什么", "answer": "两用技术", "reading_system_answer": null}, {"question": "武器和军、民两用技术的潜在开发提供肥沃的土壤是什么", "answer": "土壤", "reading_system_answer": null}, {"question": "武器和军、民两用技术的潜术提供肥沃的土壤是什么", "answer": "军", "reading_system_answer": null}, {"question": "武器和军、民两用技术的潜在开发提供肥沃的土壤是什么", "answer": "项目", "reading_system_answer": null}, {"question": "武器和军、民两用技术的潜在开发提供肥沃的土壤是什么", "answer": "武器", "reading_system_answer": null}]}, {"text": "MK 48 Mod 7该鱼雷计划于2006年9月获得具备初始作战能力", "qa_pairs": [{"question": "mk48mod7该鱼雷计划于2006年9月获得具备初始作战能力的国家在8006", "answer": "7", "reading_system_answer": "MK 48 Mod 7该鱼雷计划于"}, {"question": "mk48mod7该鱼雷计划于2006年9月获得具备初始作战能力的国家在7月9月", "answer": "MK", "reading_system_answer": null}, {"question": "mk48mod7该鱼雷计划于2006年9月获得具备初始作战能力的国家在8006", "answer": "鱼雷计划", "reading_system_answer": "MK 48 Mod 7该鱼雷计划于"}, {"question": "mk48mod7该鱼雷计划于2006年9月获得具备初始作战能力的国家在8006", "answer": "Mod", "reading_system_answer": "MK 48 Mod 7该鱼雷计划于"}, {"question": "mk48mod7该鱼雷计划于哪一年获得具备初始作战能力", "answer": "2006年9月", "reading_system_answer": "2006年"}, {"question": "mk48mod7该鱼雷计划于2006年9月获得具备初始作战能力的国家在8006", "answer": "48", "reading_system_answer": "MK 48 Mod 7该鱼雷计划于"}, {"question": "mk48mod7该鱼雷计划于2006年9月获得具备初始作战能力的国家具有哪些优", "answer": "能力", "reading_system_answer": null}]}, {"text": "澳大利亚海军将在2007年引入装备该鱼雷", "qa_pairs": [{"question": "澳大利亚海军将在2007年引入装备的海军将在2007年引入装备的海军将在哪里", "answer": "澳大利亚海军", "reading_system_answer": null}, {"question": "澳大利亚海军将在哪一年引入装备该鱼雷", "answer": "2007年", "reading_system_answer": "2007年"}, {"question": "澳大利亚海军将在2007年引入装备的引入装备该鱼雷是哪个", "answer": "鱼雷", "reading_system_answer": null}, {"question": "澳大利亚海军将在2007年引入装备的鱼雷是哪个型号的", "answer": "装备", "reading_system_answer": null}]}]}