{"passage": "前不久，一个退役多年的老战友打来电话，说他们几个人沿219国道（新藏公路）自驾游，只用了两天多的时间，就从新疆叶城到了西藏阿里(狮泉河地区)，路上还看见整齐的部队运输车队行驶在宽阔平整的柏油路上，惊喜之情溢于言表。其实，看到今天边关的巨大变化，不管是离开部队多年的老战友，还是我这个一直跑边防的老兵，都会心潮澎湃。  1995年12月，我参军到驻疆某汽车团。那时，连队的运输车很大一部分都是解放CA-10型运输车，也就是俗称的“老解放”。那会儿“老解放”额定载重量才4吨，最高时速只有65公里，再加上车况老旧，路况复杂，上高原总是故障频出。  记得1997年第一次出车，在翻越海拔4900多米的冰达坂（达坂指的是海拔4000米以上，常年积雪的盘山路）时，由于海拔高，开不了多远，“老解放”的水箱就要“开锅”，我和战友也要不时停下来帮它降温。几番折腾下来，再加上达坂上空气稀薄高原缺氧反应十分强烈，我和战友们头疼欲裂，恶心呕吐，个个脸憋得像茄子一样，至今回想起来，还是心有余悸。  由于任务区域点多线长，高度分散，依托保障难度大，出任务时，吃饭、睡觉也就因陋就简，归纳起来就是14个字：“挂面、喷灯、高压锅，帆布、被子、车下窝。”山上高寒缺氧水烧到70℃就开了，煮出的面条里边夹生，总觉得有一股子汽油味。这都不算啥，最尴尬的是有时候露宿野外，睡到半夜狂风暴雨不期而至，弟兄们只能抱着被褥东躲西藏，别提有多狼狈了。  从上世纪90年代末开始，随着国家加大对边海防的建设力度，我们团的车辆装备发展也进入黄金时期，陆续接装了几款最新型载重车。这几款新车均采用柴油发动机，马力强劲、机械性能好，载重量也是过去“老解放”的3到4倍。以往需要全部车辆出动才能完成的任务，现在只需要三分之一的运力承担，缩短了运输周期，极大地提高了工作效率和运输质量，汽车部队的保障力得到明显增强。  与此同时，边防运输线的路况也发生了翻天覆地的变化。过去，山上的路很多都是工兵依山炸出的“飞线”，车队通过时常有松动的石头滚落下来，砸得驾驶室哐哐直响。有些地方甚至就没有路，大家都是跟着车辙走、看着电线杆走，200多公里的路程常常跑的两头不见太阳。如今，219国道已全线贯通柏油路，一年四季都可通行。  现在，行驶在219国道上，能深刻感受到祖国富强为边防官兵的工作生活带来的可喜变化。以前，我们到兵站住的是阴冷潮湿的大通铺，上世纪80年代的老房子，没有热水、没有暖气，有时几个部队碰到一起，就只能在会议室、楼道或者外面的小饭馆地板上凑合一夜。记得有一次，团里一辆车因机械故障抛锚在路上，我奉命带10人转移物资抢修车辆。故障排除后，我们赶到甜水海兵站时，兵站同志说，由于道路塌方，已经10多天没有送菜了，只能给我们清水煮挂面。兵站同志还告诉我们，晚上要是实在冻得不行就几人抱在一起相互取暖，战士们笑称“抱着男‘闺密’、闻着烟草味、伴着呼噜声入睡”。  现在，沿途兵站都新盖了营房，楼房外有保温、内可供暖，还有氧气接入房间。而且路修好了，兵站每周都能按时补给。我们出任务到兵站休息，屋内设施齐全，吃的丰富多样，就像回到营区一样，可以美美睡个好觉，再开始第二天的行程。  从16岁到39岁，从战士到军官，20多年来，我收获的不仅是人生阅历的积淀、更有肩上的使命和担当。一路走来，我见证了高原汽车部队的快速发展，这都是改革开放特别是党的十八大以来的好政策给我们带来的。我为我是一名高原边防军人感到骄傲和自豪。", "sentences": [{"text": "前不久", "qa_pairs": [{"question": "前不久的前不久的前不久的前不久的前不久的前不不久的前前前久不不不不久不前久不前", "answer": "", "reading_system_answer": null}]}, {"text": "一个退役多年的老战友打来电话", "qa_pairs": [{"question": "一个退役多年的老战友打来电话的打役的打来电话是", "answer": "电话", "reading_system_answer": null}, {"question": "一个退役多年的老战友打来电话的打来电话是什么", "answer": "老战友", "reading_system_answer": null}, {"question": "一个退役多年的老战友打来电话的多年的老战友打来电话", "answer": "多年", "reading_system_answer": null}, {"question": "退役多年的老战友打来电话的退役是", "answer": "一个", "reading_system_answer": null}]}, {"text": "说他们几个人沿219国道（新藏公路）自驾游", "qa_pairs": [{"question": "（新藏公路）自驾游的是哪两个国家道（新藏公路）自驾游", "answer": "219国道", "reading_system_answer": "219国道"}, {"question": "（19国道（新藏公路）自驾游的2个人沿219国道（新藏公路）自驾游驾游的）1沿", "answer": "几个人", "reading_system_answer": null}]}, {"text": "只用了两天多的时间", "qa_pairs": [{"question": "只用了两天多的时时时两间多的间时用了两天两只用的天间多少两只两只两只两只两时天", "answer": "时间", "reading_system_answer": null}, {"question": "只用了两天多的时间是什么", "answer": "两天多", "reading_system_answer": null}]}, {"text": "就从新疆叶城到了西藏阿里(狮泉河地区)", "qa_pairs": [{"question": "阿里(狮泉河地区)的(狮泉河地区)是", "answer": "西藏", "reading_system_answer": null}, {"question": "就从新疆叶城到了西藏阿里(狮泉河地区)的国家其阿狮泉河地区)是哪个区区", "answer": "狮泉河地区", "reading_system_answer": null}, {"question": "西藏阿里(狮泉河地区)的新疆叶城到了西藏阿里(狮泉河地区)的国家在阿里(狮泉河", "answer": "新疆叶城", "reading_system_answer": null}]}, {"text": "路上还看见整齐的部队运输车队行驶在宽阔平整的柏油路上", "qa_pairs": [{"question": "路上还看见整齐的部队运输车队行驶在宽阔平整的柏油路上是什么", "answer": "柏油路", "reading_system_answer": null}, {"question": "整齐的部队运输车队行驶在宽阔平整的柏油路上的国家整齐的部队运输车队行驶在宽阔平", "answer": "部队", "reading_system_answer": null}, {"question": "路上还看见整齐的部队运输车队行驶在宽阔平整的柏油路上的国家整齐的部队运输车队行", "answer": "车队", "reading_system_answer": null}]}, {"text": "惊喜之情溢于言表", "qa_pairs": [{"question": "惊于言表的惊于言表的情溢于言表的情溢是什么", "answer": "情", "reading_system_answer": "惊喜之情"}]}, {"text": "其实", "qa_pairs": [{"question": "其其其其其其其实实是什么", "answer": "", "reading_system_answer": null}]}, {"text": "看到今天边关的巨大变化", "qa_pairs": [{"question": "看到今天边关的巨大变化的巨大变化的变化关的巨大变化是什么", "answer": "边关", "reading_system_answer": null}]}, {"text": "不管是离开部队多年的老战友", "qa_pairs": [{"question": "离管是离开部队多年的老战友的多年的老战友是什么", "answer": "部队多年", "reading_system_answer": null}, {"question": "离管是离开部队多年的老战友的战友是什么", "answer": "老战友", "reading_system_answer": null}]}, {"text": "还是我这个一直跑边防的老兵", "qa_pairs": [{"question": "我国个一直跑边防的老兵是什么", "answer": "边防", "reading_system_answer": null}, {"question": "我国个一直跑边防的老兵是什么", "answer": "老兵", "reading_system_answer": null}]}, {"text": "都会心潮澎湃", "qa_pairs": [{"question": "潮澎湃的潮澎湃是什么", "answer": "", "reading_system_answer": null}]}, {"text": "1995年12月", "qa_pairs": [{"question": "19955年1年1月9年9年1月999年1月9月9月9年11111111111", "answer": "1995年12月", "reading_system_answer": null}]}, {"text": "我参军到驻疆某汽车团", "qa_pairs": [{"question": "我参军到驻疆某汽车团是哪个", "answer": "汽车团", "reading_system_answer": null}, {"question": "我参军到驻疆某汽车团的参数是", "answer": "参军", "reading_system_answer": null}, {"question": "我参军到驻疆某汽车团的某国家参军到驻疆某汽车团是哪个", "answer": "驻疆", "reading_system_answer": null}]}, {"text": "那时", "qa_pairs": [{"question": "那时那三十十十十十十十十十十十十十十十十十十十十十十十十十十十十十十十十十十十", "answer": "", "reading_system_answer": null}]}, {"text": "连队的运输车很大一部分都是解放CA-10型运输车", "qa_pairs": [{"question": "连队的运输车是哪一款", "answer": "10", "reading_system_answer": "解放CA-10型"}, {"question": "连队的运输车很大一部分都是解放ca-10型运输车的国家的运输车是哪一个部分", "answer": "一部分", "reading_system_answer": null}, {"question": "连队的运输车是哪个型号", "answer": "CA", "reading_system_answer": "解放CA-10"}, {"question": "连ca-10型运输车是哪个", "answer": "连队", "reading_system_answer": "解放"}, {"question": "连队的运输车很大一部分都是解放ca-10型运输车的国家的连输车是哪个", "answer": "运输车", "reading_system_answer": null}]}, {"text": "也就是俗称的“老解放”", "qa_pairs": [{"question": "““老解放”的老解放”是什么", "answer": "", "reading_system_answer": null}]}, {"text": "那会儿“老解放”额定载重量才4吨", "qa_pairs": [{"question": "儿“老解放”额定载重量才4吨的原因是什么", "answer": "4吨", "reading_system_answer": null}, {"question": "儿“老解放”额定载重量才4吨的定载重量是什么", "answer": "载重量", "reading_system_answer": null}]}, {"text": "最高时速只有65公里", "qa_pairs": [{"question": "最高时速只有65公里的最高速只有65公里的国家最高速只有65公里的国家最高速只", "answer": "时速", "reading_system_answer": null}, {"question": "最高时速只有哪两个公里", "answer": "65公里", "reading_system_answer": null}]}, {"text": "再加上车况老旧", "qa_pairs": [{"question": "再加上车况老旧的老旧是什么", "answer": "车况", "reading_system_answer": null}]}, {"text": "路况复杂", "qa_pairs": [{"question": "路况复杂杂路况复杂路况复复路况复复路况路杂复复路路路路路路路路路路路路路路路路", "answer": "路况", "reading_system_answer": null}]}, {"text": "上高原总是故障频出", "qa_pairs": [{"question": "上高原总是故障频出的意义是什么", "answer": "故障", "reading_system_answer": null}, {"question": "上高原总是故障频出的原因是什么", "answer": "高原", "reading_system_answer": null}]}, {"text": "记得1997年第一次出车", "qa_pairs": [{"question": "9997年7年第一次出车是哪一次出车", "answer": "1997年第一次", "reading_system_answer": "1997年"}]}, {"text": "在翻越海拔4900多米的冰达坂（达坂指的是海拔4000米以上", "qa_pairs": [{"question": "在翻越米冰达坂（达米的00多以上的0000000000000000000000", "answer": "冰", "reading_system_answer": null}, {"question": "在翻越海拔4900多米的冰达坂（达坂指的是海拔4000米以上的是什么型号的", "answer": "海拔4000米", "reading_system_answer": null}, {"question": "在翻越海拔4900多米的冰达坂（达坂指的是海拔4000米以上的是什么型号的", "answer": "海拔4900多米", "reading_system_answer": null}]}, {"text": "常年积雪的盘山路）时", "qa_pairs": [{"question": "雪山的盘山路路路路）））的盘因是什么", "answer": "时", "reading_system_answer": null}, {"question": "常年积雪的盘山路）时）时）时）积雪的盘山路）积雪的盘山路常）盘山的路常）盘盘盘", "answer": "积雪", "reading_system_answer": null}, {"question": "常年积雪的盘山路）时）时）时）时）积雪的盘山路路时）时）时）的盘山路常年积雪的", "answer": "盘山路", "reading_system_answer": null}]}, {"text": "由于海拔高", "qa_pairs": [{"question": "由于海拔高海海海军的海军的海军的高黄拔于由哪些国家实高", "answer": "海拔", "reading_system_answer": null}]}, {"text": "开不了多远", "qa_pairs": [{"question": "开发开不了多远了多远了多远了多少多少多不了开不开始不远了开开", "answer": "多", "reading_system_answer": null}]}, {"text": "“老解放”的水箱就要“开锅”", "qa_pairs": [{"question": "“老解放”的水箱是什么", "answer": "水箱", "reading_system_answer": "“老解放”的水箱就要“开锅"}]}, {"text": "我和战友也要不时停下来帮它降温", "qa_pairs": [{"question": "我国战友也要不时停下来帮它降温的降温是什么", "answer": "降温", "reading_system_answer": null}, {"question": "我国战友也要不时停下来帮它降温的战友也要不时停下来帮它降温的战友也要不时停下来", "answer": "战友", "reading_system_answer": null}]}, {"text": "几番折腾下来", "qa_pairs": [{"question": "几番折腾下来的折腾下来折番番番腾下折来折腾几番腾下折来折来折来折来折来折来折来", "answer": "几番", "reading_system_answer": null}]}, {"text": "再加上达坂上空气稀薄高原缺氧反应十分强烈", "qa_pairs": [{"question": "再加上达坂上空气稀薄高原缺氧反应十分强烈的国家的空气稀薄高原缺氧反应十分强烈是", "answer": "十分", "reading_system_answer": null}, {"question": "达坂上空气稀薄高原缺氧反应十分强烈的原因是什么", "answer": "高原", "reading_system_answer": null}]}, {"text": "我和战友们头疼欲裂", "qa_pairs": [{"question": "我国战友们头疼欲裂的战友们头疼欲裂是什么", "answer": "战友", "reading_system_answer": null}]}, {"text": "恶心呕吐", "qa_pairs": [{"question": "恶心呕吐的意义是什么", "answer": "恶心", "reading_system_answer": null}]}, {"text": "个个脸憋得像茄子一样", "qa_pairs": [{"question": "茄个脸憋得像茄子一样的一个一样是什么", "answer": "脸", "reading_system_answer": null}, {"question": "茄子一样的一样的一个个脸憋得像茄子一样的子脸憋得像茄子脸憋得像茄个脸憋得像一个", "answer": "茄子", "reading_system_answer": null}]}, {"text": "至今回想起来", "qa_pairs": [{"question": "至今回想起来今回想起来的起今回想想想想想想想想想想想想想想想想想想想想想起起回", "answer": "", "reading_system_answer": null}]}, {"text": "还是心有余悸", "qa_pairs": [{"question": "还有余悸的余悸有什么好处", "answer": "", "reading_system_answer": null}]}, {"text": "由于任务区域点多线长", "qa_pairs": [{"question": "由于任务区域点多线长长的态线多线多线长黄黄权是如何回区", "answer": "任务区域点多线", "reading_system_answer": null}]}, {"text": "高度分散", "qa_pairs": [{"question": "高度分散的意义度分散散度分分是什么", "answer": "高度", "reading_system_answer": null}]}, {"text": "依托保障难度大", "qa_pairs": [{"question": "依托保障难度大大约度大新大新大新大新障难托保障难托保托依障难难障度障度障度障托", "answer": "", "reading_system_answer": null}]}, {"text": "出任务时", "qa_pairs": [{"question": "出任务时任任出出任务时时时时时时时时时时时时时时时务任务出务出务出务任务出务任", "answer": "任务时", "reading_system_answer": null}]}, {"text": "吃饭、睡觉也就因陋就简", "qa_pairs": [{"question": "吃饭、睡觉也就因陋就简的吃饭、睡觉也就因陋就简吃吃饭、睡觉也就因陋就简的吃饭就", "answer": "", "reading_system_answer": null}]}, {"text": "归纳起来就是14个字：“挂面、喷灯、高压锅", "qa_pairs": [{"question": "：“挂面、喷灯、高压锅的喷型号是", "answer": "14个字", "reading_system_answer": null}, {"question": "归“挂面、喷灯、高压锅的喷灯、高压锅是哪个型号", "answer": "喷灯", "reading_system_answer": null}, {"question": "归“挂面、喷灯、高压锅的原因是什么", "answer": "高压锅", "reading_system_answer": null}, {"question": "1“挂面、喷灯、高压锅的挂面、喷灯、高压锅的挂面、“挂面：“个字：“挂面、高压", "answer": "挂面", "reading_system_answer": null}]}, {"text": "帆布、被子、车下窝", "qa_pairs": [{"question": "帆布、被子、车下窝的车下窝下帆子、是什么", "answer": "窝", "reading_system_answer": null}, {"question": "帆布、被窝下窝下被称为什么", "answer": "被子", "reading_system_answer": null}, {"question": "帆布、被子、车下窝的、被子、车下窝的、被子、车下窝布布帆被称为什么", "answer": "帆布", "reading_system_answer": null}, {"question": "帆布、被子、车下窝的车下窝子车被称为什么", "answer": "车", "reading_system_answer": null}]}, {"text": "”山上高寒缺氧水烧到70℃就开了", "qa_pairs": [{"question": "”0℃就开了什么", "answer": "水", "reading_system_answer": "山上高寒缺氧水"}, {"question": "”山上高寒缺氧水烧到70℃就开了什么", "answer": "70", "reading_system_answer": null}]}, {"text": "煮出的面条里边夹生", "qa_pairs": [{"question": "煮出的面条里边夹生的条里边夹生的条里边条里面夹生的边面夹出的边面夹出夹的条面夹", "answer": "面条", "reading_system_answer": null}]}, {"text": "总觉得有一股子汽油味", "qa_pairs": [{"question": "总觉得有一股子汽油味的子数是什么", "answer": "汽油味", "reading_system_answer": null}, {"question": "总觉得有一股子汽油味的子汽油味是什么", "answer": "一股", "reading_system_answer": null}]}, {"text": "这都不算啥", "qa_pairs": [{"question": "不算啥的不算啥是什么", "answer": "", "reading_system_answer": null}]}, {"text": "最尴尬的是有时候露宿野外", "qa_pairs": [{"question": "最尴尬的是有时候露宿野外的国家最有时候露宿野外的尬的是有时候露宿野外的尬的是有", "answer": "", "reading_system_answer": null}]}, {"text": "睡到半夜狂风暴雨不期而至", "qa_pairs": [{"question": "睡到半夜狂风暴雨不期而至半夜狂风暴雨不期而至半到半夜狂风暴雨的国家的睡到半夜狂", "answer": "半夜", "reading_system_answer": null}]}, {"text": "弟兄们只能抱着被褥东躲西藏", "qa_pairs": [{"question": "弟兄们只能抱着被褥东躲西藏的国家被称为弟兄们只能抱着被褥东躲西藏的国家躲西藏的", "answer": "弟兄们", "reading_system_answer": null}, {"question": "被褥被被被褥躲西藏的国家躲抱抱能西藏的国家躲抱西藏的西藏的西藏是什么", "answer": "被褥", "reading_system_answer": null}]}, {"text": "别提有多狼狈了", "qa_pairs": [{"question": "有多狼狈了什么", "answer": "别提", "reading_system_answer": null}, {"question": "提有多狼狈了什么", "answer": "多", "reading_system_answer": null}]}, {"text": "从上世纪90年代末开始", "qa_pairs": [{"question": "从上世纪90年代末开始的是哪一年代末开始", "answer": "世纪90", "reading_system_answer": "90年代末"}]}, {"text": "随着国家加大对边海防的建设力度", "qa_pairs": [{"question": "随着国家加大对边海防的建设力度的国家建设力度的国家建设力度对国家加大海防中国建", "answer": "国家", "reading_system_answer": null}, {"question": "随着国家加大对边海防的建设力度的防对边海防的建设力度是什么", "answer": "边海防", "reading_system_answer": null}, {"question": "随着国家加大对边海防的建设力度的国家建设力度的国家建设的边海防的建设力度是什么", "answer": "力度", "reading_system_answer": null}]}, {"text": "我们团的车辆装备发展也进入黄金时期", "qa_pairs": [{"question": "我国团的车辆装备发展也进入黄金时期的装备发展也进入黄金时期的装备发展也进入黄金", "answer": "车辆装备", "reading_system_answer": null}, {"question": "我国黄金时期在我国黄金时期的黄金时期在装备发展也进入黄金的国家团的车辆装备发展", "answer": "团", "reading_system_answer": null}, {"question": "我们团的车辆装备发展也进入黄金时期在哪里", "answer": "黄金时期", "reading_system_answer": null}]}, {"text": "陆续接装了几款最新型载重车", "qa_pairs": [{"question": "陆续接装了几款最新型载重车的最新型载重车是什么", "answer": "载重车", "reading_system_answer": "陆续接装了几款"}, {"question": "陆续接装了几款最新型载重车的国家陆续接装了几款最新型载重车的国家陆续接装了几款", "answer": "几款", "reading_system_answer": "陆续接装了几款"}]}, {"text": "这几款新车均采用柴油发动机", "qa_pairs": [{"question": "这几款新车均采用什么发动机", "answer": "柴油发动机", "reading_system_answer": null}, {"question": "新车均采用柴油发动机是什么", "answer": "几款新车", "reading_system_answer": null}]}, {"text": "马力强劲、机械性能好", "qa_pairs": [{"question": "马力强劲、机械性能好有什么", "answer": "马力", "reading_system_answer": null}, {"question": "马力强劲、机械能好有什么能好", "answer": "机械性能", "reading_system_answer": null}]}, {"text": "载重量也是过去“老解放”的3到4倍", "qa_pairs": [{"question": "“老解放”的3到4倍是什么", "answer": "3", "reading_system_answer": "载重量"}, {"question": "“老解放”的3到4倍是", "answer": "4倍", "reading_system_answer": "载重量"}, {"question": "载“老解放”的3到4倍的重量是什么", "answer": "载重量", "reading_system_answer": "载重量"}]}, {"text": "以往需要全部车辆出动才能完成的任务", "qa_pairs": [{"question": "以往需要全部车辆出动才能完成的任务是什么", "answer": "全部车辆", "reading_system_answer": null}, {"question": "以往需需全务的任往完动成的任往完动成的任往完动中部车辆出动务是什么", "answer": "任务", "reading_system_answer": null}]}, {"text": "现在只需要三分之一的运力承担", "qa_pairs": [{"question": "现在只需要三分之一的运力承担中中国的三分之一的运力承担中中国在运力承担的国家在", "answer": "运力", "reading_system_answer": null}, {"question": "现在只需要三分之一的运力承担是什么", "answer": "三分之一", "reading_system_answer": null}]}, {"text": "缩短了运输周期", "qa_pairs": [{"question": "缩短了运输周期的运输周期中国运输周期中缩短了运输周期的运输运输缩短了周期中缩运", "answer": "", "reading_system_answer": null}]}, {"text": "极大地提高了工作效率和运输质量", "qa_pairs": [{"question": "极大地提高了工作效率和运输质量的国家在极大地提高了工作效率和运输质量的国家其极", "answer": "质量", "reading_system_answer": null}, {"question": "极大地提高了工作效率和运输质量的国家在极大地提高了工作效率和运输质量的国家其极", "answer": "工作效率", "reading_system_answer": null}]}, {"text": "汽车部队的保障力得到明显增强", "qa_pairs": [{"question": "汽车部队的保障力得到明显增强", "answer": "明显增强", "reading_system_answer": null}, {"question": "汽车部队的保障力得到明显增强什么部队", "answer": "汽车部队", "reading_system_answer": null}, {"question": "汽车部队的保障力得到明显增强什么型号的部得到明显增强", "answer": "力", "reading_system_answer": null}]}, {"text": "与此同时", "qa_pairs": [{"question": "与与与同时时同时同时同时同时此此此此此此此此此此此此此同时时与同此此此此此此此", "answer": "", "reading_system_answer": null}]}, {"text": "边防运输线的路况也发生了翻天覆地的变化", "qa_pairs": [{"question": "边防运输线的路况是什么", "answer": "路况", "reading_system_answer": null}, {"question": "边防运输线的路况也发生了翻天覆地的变化的变了什么", "answer": "边防运输线", "reading_system_answer": null}]}, {"text": "过去", "qa_pairs": [{"question": "过去去过去过去过去过去过去过去过去过去过去过去过去过去过过过过过过过过过过过过", "answer": "", "reading_system_answer": null}]}, {"text": "山上的路很多都是工兵依山炸出的“飞线”", "qa_pairs": [{"question": "山上的路很多都是工兵依山炸出的“飞线”的炸出的是什么", "answer": "工兵依山", "reading_system_answer": null}, {"question": "山上的路很多都是工兵依山炸出的“飞线”是什么", "answer": "路很多", "reading_system_answer": null}, {"question": "山上的路很多都是工兵依山炸出的“飞线””是什么", "answer": "飞线", "reading_system_answer": null}]}, {"text": "车队通过时常有松动的石头滚落下来", "qa_pairs": [{"question": "通过时常有松动的石头滚落下来的石队通过时常有松动的石头滚落下来的是什么车队常过", "answer": "车队", "reading_system_answer": null}, {"question": "车队通过时常有松动的石头滚落下来的是什么头滚落", "answer": "石头", "reading_system_answer": null}]}, {"text": "砸得驾驶室哐哐直响", "qa_pairs": [{"question": "砸得驾驶室哐哐直响的直升机驾驶室哐哐直响是什么", "answer": "驾驶室", "reading_system_answer": null}]}, {"text": "有些地方甚至就没有路", "qa_pairs": [{"question": "有些地方甚至就没有路有些地方甚至就没有路有些地方甚至就没有路有些地方甚至就没有", "answer": "地方", "reading_system_answer": null}, {"question": "有路地方甚至就没有路地方甚至就没有路地方甚至就没有路地方有什么路地些至就没有至", "answer": "路", "reading_system_answer": null}]}, {"text": "大家都是跟着车辙走、看着电线杆走", "qa_pairs": [{"question": "大家都是跟着车辙走、看着电线杆走的车辙走、看着电线杆走的车辙走、看着着车辙走、", "answer": "车辙", "reading_system_answer": null}, {"question": "大家都是跟着车辙走、看着电线杆走的国家在大家都是跟着车辙走、看着电线杆走的国家", "answer": "大家", "reading_system_answer": null}, {"question": "大家都是跟着车辙走、看着电线杆走的杆走是什么", "answer": "电线杆", "reading_system_answer": null}]}, {"text": "200多公里的路程常常跑的两头不见太阳", "qa_pairs": [{"question": "200多公里的路程常常跑的两头不见太阳是什么", "answer": "太阳", "reading_system_answer": null}, {"question": "200多公里的路程常常跑的两头不见太阳是什么", "answer": "两头", "reading_system_answer": null}, {"question": "200多公里的路程常常跑的两头不见太阳是什么", "answer": "路程", "reading_system_answer": null}, {"question": "200多公里的路程常常跑的两头不见太阳是什么", "answer": "200多公里", "reading_system_answer": null}]}, {"text": "如今", "qa_pairs": [{"question": "如今如今如今如今如如何今今今如如如如如如如如如如如如如如如如如如如如如如如如如", "answer": "", "reading_system_answer": null}]}, {"text": "219国道已全线贯通柏油路", "qa_pairs": [{"question": "219国道已全线贯通柏油路是哪个国家", "answer": "219国道", "reading_system_answer": null}, {"question": "219国道已全线贯通柏油路是什么", "answer": "全线贯通柏油路", "reading_system_answer": null}]}, {"text": "一年四季都可通行", "qa_pairs": [{"question": "一年四季都可通行的通行的通行是什么", "answer": "", "reading_system_answer": null}]}, {"text": "现在", "qa_pairs": [{"question": "现在在现在在现现现现在在在在在现现现现在现在现现现现现现现现现现现现现现现现现", "answer": "", "reading_system_answer": null}]}, {"text": "行驶在219国道上", "qa_pairs": [{"question": "919国道上上上行驶在219国道上行驶在219国道上行驶驶驶行的国家在9121", "answer": "219国道", "reading_system_answer": null}]}, {"text": "能深刻感受到祖国富强为边防官兵的工作生活带来的可喜变化", "qa_pairs": [{"question": "能深刻感受到祖国富强为边防官兵的工作生活带来的可喜变化的国家为能深刻感受到祖国", "answer": "祖国", "reading_system_answer": null}, {"question": "能深刻感受到祖国富强为边防官兵的工作生活带来的可喜变化的国家深刻感受到祖国富强", "answer": "边防官兵", "reading_system_answer": null}]}, {"text": "以前", "qa_pairs": [{"question": "以前以前以前以以前以以前以以前以以前前前以以前以以前前前以以前前前前前以以以以", "answer": "", "reading_system_answer": null}]}, {"text": "我们到兵站住的是阴冷潮湿的大通铺", "qa_pairs": [{"question": "我国到兵站住的是阴冷潮湿的大通铺的国家在我国的冷通铺的国家在我国的冷通铺的冷通", "answer": "阴冷", "reading_system_answer": null}, {"question": "我国到兵站住的是阴冷潮湿的大通铺的通铺是什么", "answer": "大通铺", "reading_system_answer": null}, {"question": "我国到兵站住的是阴冷潮湿的大通铺的国家的我们到兵站住的湿的大通铺铺是什么", "answer": "兵", "reading_system_answer": null}]}, {"text": "上世纪80年代的老房子", "qa_pairs": [{"question": "上世纪80年代的老房子子子中中国的哪个型号", "answer": "老房子", "reading_system_answer": null}, {"question": "上世纪80年代的老房子的老房子是什么", "answer": "世纪80", "reading_system_answer": null}]}, {"text": "没有热水、没有暖气", "qa_pairs": [{"question": "没有热水、没有暖气的国家没有热水、没有暖气的国家没有热水、没有暖气的、795毫没", "answer": "暖气", "reading_system_answer": null}, {"question": "没有热水、没有暖气的、79没有暖气的、79没有热水、暖气水水没有暖气的国家在没有热", "answer": "热水", "reading_system_answer": null}]}, {"text": "有时几个部队碰到一起", "qa_pairs": [{"question": "有时几个部队碰到一起一起一起碰到一起的碰到一起碰到一有什么碰到个部队", "answer": "一起", "reading_system_answer": null}, {"question": "有时几个部队碰到一起碰到一起碰到一起碰到一起碰到碰队部队有什么", "answer": "几个部队", "reading_system_answer": null}]}, {"text": "就只能在会议室、楼道或者外面的小饭馆地板上凑合一夜", "qa_pairs": [{"question": "、楼道凑合一夜的地板上凑合一夜的地者外面的小饭馆地板上凑合一夜、或者外面的地道", "answer": "楼道", "reading_system_answer": "会议室、楼道"}, {"question": "、小饭馆地板上凑合一夜的一艘是什么", "answer": "小饭馆地板", "reading_system_answer": null}, {"question": "、楼道或者外的小饭馆地板上凑合一夜是什么", "answer": "会议室", "reading_system_answer": null}, {"question": "、小饭馆地板上凑合一夜的一款是什么", "answer": "一夜", "reading_system_answer": null}]}, {"text": "记得有一次", "qa_pairs": [{"question": "记得有一次有一次有一次有一次有一次有一次得有有得得得得得得记记记记次一记次", "answer": "一次", "reading_system_answer": null}]}, {"text": "团里一辆车因机械故障抛锚在路上", "qa_pairs": [{"question": "团里一辆车因机械故障抛锚在路上团械的锚锚在路上在路上障抛锚在路上的机械故障抛锚", "answer": "机械故障", "reading_system_answer": null}, {"question": "团里一辆车因机械故障抛锚在路上的障抛锚在路上因为路械的锚锚在路上障抛锚械在路里", "answer": "团里一辆车", "reading_system_answer": null}]}, {"text": "我奉命带10人转移物资抢修车辆", "qa_pairs": [{"question": "我国命带10人转移物资抢修车辆的车辆是什么", "answer": "车辆", "reading_system_answer": null}, {"question": "我国命带的0人转移物资抢修车辆的0人转移物资抢修车辆是什么", "answer": "10人", "reading_system_answer": null}, {"question": "我国命带10人转移物资抢修车辆的0人转移物资抢修车辆的资命抢修车辆是什么", "answer": "物资", "reading_system_answer": null}]}, {"text": "故障排除后", "qa_pairs": [{"question": "故后故障排除后除后除排事事件为什么", "answer": "故障", "reading_system_answer": null}]}, {"text": "我们赶到甜水海兵站时", "qa_pairs": [{"question": "我们赶到甜水海兵站时的原因是什么", "answer": "甜水海兵站时", "reading_system_answer": null}]}, {"text": "兵站同志说", "qa_pairs": [{"question": "兵站同志说中国的兵站同志说是什么", "answer": "兵站同志", "reading_system_answer": null}]}, {"text": "由于道路塌方", "qa_pairs": [{"question": "由于道路塌方于由于道路塌方的什么塌方", "answer": "道路塌方", "reading_system_answer": null}]}, {"text": "已经10多天没有送菜了", "qa_pairs": [{"question": "已经10多天没有送菜了什么", "answer": "10多天", "reading_system_answer": null}]}, {"text": "只能给我们清水煮挂面", "qa_pairs": [{"question": "只能给我们清水煮挂面的国家挂面的煮挂面是", "answer": "清水", "reading_system_answer": null}, {"question": "我国清水煮挂面的煮挂面是什么", "answer": "挂面", "reading_system_answer": null}]}, {"text": "兵站同志还告诉我们", "qa_pairs": [{"question": "兵站同志诉我们是什么", "answer": "兵站同志", "reading_system_answer": null}]}, {"text": "晚上要是实在冻得不行就几人抱在一起相互取暖", "qa_pairs": [{"question": "晚上要是实在冻得不行就几人抱在一起相互取暖的原因是什么", "answer": "几人", "reading_system_answer": null}, {"question": "晚上要是实在冻得不行就几人抱在一起相互取暖的原因是什么", "answer": "一起", "reading_system_answer": null}]}, {"text": "战士们笑称“抱着男‘闺密’、闻着烟草味、伴着呼噜声入睡”", "qa_pairs": [{"question": "“抱密’、伴着呼噜声入睡”的原因是什么", "answer": "闺密", "reading_system_answer": "闻着烟草味"}, {"question": "“闺密’、闻着烟草味、伴着呼噜声入睡”的国家其战士们笑称“抱着男‘闺密’、闻着", "answer": "战士", "reading_system_answer": null}, {"question": "“抱密’、闻着烟草味、伴着呼噜声入睡”的国家称抱闺密’、闻着烟草味、伴着呼噜声", "answer": "男", "reading_system_answer": null}, {"question": "“闺密’、闻着烟草味、伴着呼噜声入睡”的国家战抱闺密密密、、、闻、、、、、笑笑", "answer": "声", "reading_system_answer": null}, {"question": "战闺密’、闻着烟草味、伴着呼噜声入睡”的原因是什么", "answer": "烟草味", "reading_system_answer": null}]}, {"text": "现在", "qa_pairs": [{"question": "现在在现在在现现现现在在在在在现现现现在现在现现现现现现现现现现现现现现现现现", "answer": "", "reading_system_answer": null}]}, {"text": "沿途兵站都新盖了营房", "qa_pairs": [{"question": "沿途兵站都新盖了营房的新型新盖了什么", "answer": "营房", "reading_system_answer": null}, {"question": "沿途兵站都新盖了营房的新营兵站都新盖了营房的途兵站都新盖了营房的途兵站兵站兵沿", "answer": "兵站", "reading_system_answer": null}]}, {"text": "楼房外有保温、内可供暖", "qa_pairs": [{"question": "、内可供暖保温、内可供暖保温、内有供暖保温、有什么保温", "answer": "保温", "reading_system_answer": "楼房外有保温"}, {"question": "楼房外有保温、内可供暖的外有保温、内可供暖的楼房外有保温、内可供暖楼外有什么楼", "answer": "楼房", "reading_system_answer": null}]}, {"text": "还有氧气接入房间", "qa_pairs": [{"question": "氧气接入房间的氧气接入房间是什么", "answer": "氧气", "reading_system_answer": null}, {"question": "还有氧气接入房间接入房间的氧气接入房间是什么", "answer": "房间", "reading_system_answer": null}]}, {"text": "而且路修好了", "qa_pairs": [{"question": "且路修好了什么好处", "answer": "路", "reading_system_answer": null}]}, {"text": "兵站每周都能按时补给", "qa_pairs": [{"question": "兵站每周都能按时补给兵站每周都能按时补给兵站每周都能按时补给兵站每周都能每周每", "answer": "兵站", "reading_system_answer": null}]}, {"text": "我们出任务到兵站休息", "qa_pairs": [{"question": "我国出任务到兵站休息的休息是什么", "answer": "兵站", "reading_system_answer": null}, {"question": "我国出任出任兵站休息的休息到兵站休息兵站兵站出席休辅运站兵合到到到任到任务的休", "answer": "任务", "reading_system_answer": null}]}, {"text": "屋内设施齐全", "qa_pairs": [{"question": "屋内设施齐全球鹰全球鹰全球鹰全球鹰全球设计内齐", "answer": "设施齐全", "reading_system_answer": null}]}, {"text": "吃的丰富多样", "qa_pairs": [{"question": "吃的丰富多样的富多样的多的丰富多样的多的丰富吃吃丰吃吃多样的多样的富吃吃的多样", "answer": "", "reading_system_answer": null}]}, {"text": "就像回到营区一样", "qa_pairs": [{"question": "就像回到营区一样的一样是什么", "answer": "营区", "reading_system_answer": null}]}, {"text": "可以美美睡个好觉", "qa_pairs": [{"question": "美国睡个好觉的美国睡个好觉的美国以美美睡个个好觉的美美睡以好觉的美美睡以好觉的", "answer": "美美", "reading_system_answer": null}, {"question": "美国睡个好觉的美国睡个好觉的美国睡个个好觉的美美睡以好以美国以好以好以好处好美", "answer": "个", "reading_system_answer": null}]}, {"text": "再开始第二天的行程", "qa_pairs": [{"question": "再开始第二天的行程是", "answer": "第二天", "reading_system_answer": null}, {"question": "再开始第二天的行程是什么", "answer": "行程", "reading_system_answer": null}]}, {"text": "从16岁到39岁", "qa_pairs": [{"question": "从16岁到39岁到39岁到39岁到36岁到36岁到36岁从36岁到9岁岁岁岁岁", "answer": "39岁", "reading_system_answer": null}, {"question": "从16岁到39岁到39岁到39岁到36岁到36岁1116岁岁岁岁岁岁岁岁岁岁岁", "answer": "16岁", "reading_system_answer": null}]}, {"text": "从战士到军官", "qa_pairs": [{"question": "从战士到军官战士到军官的战士到军官是什么", "answer": "军官", "reading_system_answer": null}, {"question": "从战士到军官的军官是什么", "answer": "战士", "reading_system_answer": null}]}, {"text": "20多年来", "qa_pairs": [{"question": "20多年来来来对朝鲜半年来来对弹表为什么", "answer": "20多年", "reading_system_answer": null}]}, {"text": "我收获的不仅是人生阅历的积淀、更有肩上的使命和担当", "qa_pairs": [{"question": "我国获得命仅仅是人生阅历的积淀、更有肩上的使命和担当的国家的肩上的使命和担当的", "answer": "人生", "reading_system_answer": null}]}, {"text": "一路走来", "qa_pairs": [{"question": "走来走来走来走来走来走出的走一路一路一路一路一路是什么", "answer": "一路", "reading_system_answer": null}]}, {"text": "我见证了高原汽车部队的快速发展", "qa_pairs": [{"question": "我国和未证了高原汽车部队的快速发展的部队的快速发展是什么", "answer": "高原汽车部队", "reading_system_answer": null}]}, {"text": "这都是改革开放特别是党的十八大以来的好政策给我们带来的", "qa_pairs": [{"question": "改革开放特别是党的十八大以来的好政策给我们带来的是改革开放特别的国家的十八大以", "answer": "十八", "reading_system_answer": null}, {"question": "改革开放特别是党的十八大以来的好政策给我们带来的是什么", "answer": "党", "reading_system_answer": null}, {"question": "改革开放特别是党的十八大以来的好政策是什么", "answer": "政策", "reading_system_answer": null}]}, {"text": "我为我是一名高原边防军人感到骄傲和自豪", "qa_pairs": [{"question": "我国我国边防军人感到骄傲和自骄傲和自骄自骄傲和自豪自高原边防军人感到豪自高原边", "answer": "自豪", "reading_system_answer": null}, {"question": "我国为什么要原型号感到骄傲和自豪", "answer": "一名高原边防军人", "reading_system_answer": "我为我是一名高原边防军人"}]}]}