{"passage": "作为世界上最成功的间谍系列电影，007系列电影将詹姆斯邦德这一角色刻画成了广大影迷心目中间谍特工的标准形象，他时而机智过人，时而温文尔雅，时而勇猛无比，完全满足了人们对于间谍这一神秘职业的诸多猜测和幻想。     作为原著作者伊恩弗莱明笔下的英国军情六处的神奇间谍，各个时期的邦德都拥有着超越自身时代科技水平的各种先进装备，可对于间谍最为重要的武器之一的手枪，007却一直使用着一支已经诞生86年的德国货。    虽然期间曾被其他型号替代过，但这支手枪并未退出詹姆斯邦德的装备库，并且在短时间内又重新回归到主角手中，可见它性能的优异和对007的重要性。它就是德国瓦尔特公司最为经典的作品——瓦尔特PPK手枪。     （瓦尔特PPK手枪）     （百变的詹姆斯邦德，不变的瓦尔特PPK）   一战之后的德国由于受到凡尔赛和约的限制，手枪口径不能超过8毫米。为了适应这一新规则，德国国内的毛瑟公司和绍尔公司都相继拿出新的7.65毫米半自动手枪，虽然当时瓦尔特公司到1920年的MODEL 9型手枪为止已经推出过九款半自动手枪，但面对来势汹汹的国内对手和当时占据市场主要份额的勃朗宁系列手枪，瓦尔特公司仍急需拿出一款产品与之对抗。   终于在历经九年时间的研发之后，他们拿出了自己新作瓦尔特警察手枪（德语Polizei Pistole，即瓦尔特PP半自动手枪），瓦尔特公司如此命名的用意很明显，就是要把该枪推销给当时的德国警方，而由于瓦尔特PP手枪设计新颖、外形流畅、性能可靠，在1929年推出后便不负众望，顺利拿下了德国警方的订单。   两年后，为了满足军队高级将领，情报机构特勤人员以及刑侦便衣等特殊人群的需要，瓦尔特公司又推出了PPK手枪，关于PPK 手枪中K的含义，有两种说法：  一是德语“KURZ”的首字母，意为短另一种说法是德语“KRIMINALBEAMTE”的首字母，意为“便衣侦探”。    （瓦尔特MODEL9半自动手枪）    （瓦尔特PP手枪）    （装有消音器的PPK手枪）   领先的设计  瓦尔特PPK手枪具有诸多在当时极为领先的设计，使得其一经问世就广受好评，不仅被德国国内的军警机构大量采用并且远销海外。   从PPK手枪的结构设计以及一些其他厂家的改进生产型来看，它完全可以发射.380ACP，.45ACP这类大威力手枪弹，除去当时受到条约限制之外，考虑到袖珍型自卫手枪一般不超过25米的使用距离和快速射击的准确性，采用.32ACP弹还是非常实用的思路。   受益于.32ACP手枪弹较为适中的威力，PPK手枪得以采用自由枪机惯性闭锁结构，大大缩小了手枪的体积；套筒顶部加工有一条带横纹的宽条加强筋，连接准星与照门，可有效的防止反光并且能加固套筒结构，这在当年的半自动手枪上极为少见；   PP/PPK手枪是第一款将弹匣解脱钮设计在握把左上方的手枪，相对于其他弹匣卡笋设计在握把底部的手枪，更换弹匣的速率大大提高，PP手枪的握把镶片为左右两片分体式，而PPK采用的是左右加后部连体式防滑设计，大大提高了人机功效。   由于PPK手枪握把较小，一般成年男性只要三根手指就能环握其枪柄，手掌尺寸较大的射手几乎无法握实，这样在射击时手掌无法充分平衡后坐力，会使得射击准确度降低，瓦尔特公司在后来给PP/PPK手枪配置了带有前伸尖角底座的新弹匣，提高了握持手感，大大改进了这一袖珍手枪与生俱来的缺点。   PPK手枪使用了当时在半自动手枪上极为稀有的双动机构，配合可靠的手动保险机构，PPK手枪成为了当时最安全的袖珍型半自动手枪，可以安心的贴身携带或者放在衣服口袋中隐蔽携行。PPK手枪把袖珍型半自动手枪的尺寸与性能之间平衡点发挥到了极致，此后诸多的袖珍型半自动手枪大都以其为参考蓝本。    （清晰可见套筒上方的防反光加强筋）    （在美国生产的瓦尔特PPK手枪）   （.380ACP口径的瓦尔特PPK手枪）   中国第一款警用手枪  PPK手枪在二战时期进入到中国市场，不过并没有像盒子炮，枪牌撸子，马牌撸子那样广为人知，但是由于其优异的性能在新中国建国初期全面换装苏式装备的时代背景下，它却独树一帜的成为了公安系统用枪的仿制对象之一，仿制定型的国产PPK手枪被称之为52式手枪，这是新中国第一款警用手枪。   52式手枪的结构完全照搬PPK手枪，不同之处在于套筒刻印为枪号加内有“公”字的空心五星图案，后面刻着“1952”字样，握把上的“WALTHER”飘带内的字母改成了空心五星加356字样（356厂为生产厂家）。    （52式手枪）  与51/54式手枪的广为人知不同，当年的基层公安部门和普通民众很少有人知道52式手枪的名称，但是提到它的绰号“765公安枪”（按照7.65毫米口径称呼）却大名鼎鼎，这主要是由于52式手枪体积小巧，外形流畅，操作快捷，在当年主要配发给高级军警人员和隐蔽战线工作者，产量相对较低。   而且这些使用人员极少在公众面前亮相，低调沉稳的行事风格也使得52式手枪蒙上了一层神秘的色彩。    （52式手枪套筒刻印）  以当时的国内情况来看，52式手枪属于精良产品，但是虽然结构设计与PPK手枪并无二致，不过受制于材料工艺和加工技术水平较低的现状，其性能与原版PPK手枪不可同日而语。52式手枪的部分部件在长期使用之后会发生变形，比如兼作分解杆的扳机护圈。   枪身表面处理较为粗糙，笔者曾在博物馆内见过52式手枪与PPK手枪，同样的馆藏状态下，52式手枪墙身金属部件表面泛红且大量锈迹，握把片塑模材质粗糙；而PPK手枪则毫无老旧之态。   后来随着武器收缴以及.32ACP手枪弹供应不足（该口径弹国内并不生产，主要依靠从东欧社会主义国家进口以及早年战争时期库存）等原因，52式手枪逐渐退出了现役装备序列。   虽然有种种不足，但是生产和使用52式手枪所获得的先进经验为我国自主设计生产袖珍型半自动手枪打下了基础，并由此诞生了广为人知的64式手枪，不得不说也算是瓦尔特PPK手枪的血统在国内的延续。", "sentences": [{"text": "作为世界上最成功的间谍系列电影", "qa_pairs": [{"question": "世界上最成功的间谍系列电影是", "answer": "世界", "reading_system_answer": null}, {"question": "世界上最成功的间谍系列电影是", "answer": "间谍系列电影", "reading_system_answer": null}]}, {"text": "007系列电影将詹姆斯邦德这一角色刻画成了广大影迷心目中间谍特工的标准形象", "qa_pairs": [{"question": "007系列电影将詹姆斯邦德这一角色刻画成了广大影迷心目中间谍特工的标准形象是什", "answer": "詹姆斯", "reading_system_answer": null}, {"question": "007系列电影将詹姆斯邦德这一角色刻画成了广大影迷心目中间谍特工的标准形象是", "answer": "一角色刻画", "reading_system_answer": null}, {"question": "007系列电影将詹姆斯邦德这一角色刻画成了广大影迷心目中间谍特工的标准形象是什", "answer": "标准形象", "reading_system_answer": null}, {"question": "007系列电影将詹姆斯邦德这一角色刻画成了广大影迷心目中间谍特工的标准形象是什", "answer": "间谍特工", "reading_system_answer": null}, {"question": "007系列电影将詹姆斯邦德这一角色刻画成了广大影迷心目中间谍特工的标准形象是", "answer": "007系列电影", "reading_system_answer": null}, {"question": "007系列电影将詹姆斯邦德这一角色刻画成了广大影迷心的国家标准形象是什么", "answer": "心目", "reading_system_answer": "间谍特工"}]}, {"text": "他时而机智过人", "qa_pairs": [{"question": "他时而机智过人机智过人机智过人机智机过过人机智机时过过过过过过过过过过过过而而", "answer": "人", "reading_system_answer": null}, {"question": "机智过人机智过人机智过人机智过人机机机机机机机机机机机机机机机机机机机机机机机", "answer": "机智", "reading_system_answer": null}]}, {"text": "时而温文尔雅", "qa_pairs": [{"question": "温文尔雅是温文尔雅的什么文法", "answer": "温文尔雅", "reading_system_answer": null}]}, {"text": "时而勇猛无比", "qa_pairs": [{"question": "勇猛无比的无比是什么", "answer": "", "reading_system_answer": null}]}, {"text": "完全满足了人们对于间谍这一神秘职业的诸多猜测和幻想", "qa_pairs": [{"question": "完全满足了人们对于间谍这一神秘职业的诸多猜测和幻想是什么", "answer": "间谍", "reading_system_answer": null}, {"question": "人们对于间谍这一神秘职业的诸多猜测和幻想的国家猜职业的诸多猜测和幻想是什么", "answer": "幻想", "reading_system_answer": null}, {"question": "全满幻想的诸多猜测和幻想是什么", "answer": "一", "reading_system_answer": "完全满足了人们对于间谍"}, {"question": "完全满足了人们对于间谍这一神秘职业的诸多猜测和幻想的国家在秘测和幻想的秘职业的", "answer": "职业", "reading_system_answer": null}, {"question": "人们对于间谍这一神秘职业的诸多猜测和幻想的国家其满足了人们对于间谍这一神秘职业", "answer": "人们", "reading_system_answer": null}, {"question": "完全满足了人们对于间谍这一神秘职业的诸多猜测和幻想是什么", "answer": "诸多", "reading_system_answer": null}]}, {"text": "作为原著作者伊恩弗莱明笔下的英国军情六处的神奇间谍", "qa_pairs": [{"question": "英国军情六处的神奇间谍的原因是什么", "answer": "原著作者伊恩弗莱明笔下", "reading_system_answer": null}, {"question": "伊恩弗莱明笔下的英国军情六处的神奇间谍处的神奇间谍处六奇间谍处的神奇间神情六情", "answer": "间谍", "reading_system_answer": null}, {"question": "伊恩弗莱明笔下的英国军情六处的神奇间谍处的神奇间谍处的国家作为原著作者伊恩弗莱", "answer": "英国军情六处", "reading_system_answer": null}]}, {"text": "各个时期的邦德都拥有着超越自身时代科技水平的各种先进装备", "qa_pairs": [{"question": "各个时期的邦德都拥有着超越自身时代科技水平的各种先进装备的种先进装备的种先进装", "answer": "时代科技水平", "reading_system_answer": null}, {"question": "各个时期的邦德都拥有着超越自身时代科技水平的各种先进装备的先进装备是什么", "answer": "装备", "reading_system_answer": null}, {"question": "各个时拥有着超越的邦科技水平的国家的德国的代科邦德国的代装备的自进装备的国家的", "answer": "时期", "reading_system_answer": "各个时期的邦德"}]}, {"text": "可对于间谍最为重要的武器之一的手枪", "qa_pairs": [{"question": "可对于间谍最为重要的武器之一的手枪是什么", "answer": "手枪", "reading_system_answer": null}, {"question": "可对于间谍最为重要的武器之一的手枪是哪个", "answer": "间谍", "reading_system_answer": null}, {"question": "可对于间谍最为重要的武器之一的手枪是什么", "answer": "武器", "reading_system_answer": null}]}, {"text": "007却一直使用着一支已经诞生86年的德国货", "qa_pairs": [{"question": "007却一直使用着一支已经诞生86年的德国货的国家其诞生86年的德国货诞生用的", "answer": "86年", "reading_system_answer": null}, {"question": "007却一直使用着一支已经诞生86年的德国货的国家其一支已经诞生86年的德国货", "answer": "一支", "reading_system_answer": null}, {"question": "007却一直使用着一支已经诞生86年的德国货的国家其货007却一直使用着一支已", "answer": "007", "reading_system_answer": null}, {"question": "007却一直使用着一支已经诞生86年的德国货的国家诞生86年的德国货是", "answer": "德国货", "reading_system_answer": null}]}, {"text": "虽然期间曾被其他型号替代过", "qa_pairs": [{"question": "被其他型号替代过什么", "answer": "型号替代", "reading_system_answer": null}]}, {"text": "但这支手枪并未退出詹姆斯邦德的装备库", "qa_pairs": [{"question": "未退出詹姆斯邦德的装备库的手枪装备库的手枪装备库是什么", "answer": "手枪", "reading_system_answer": null}, {"question": "未退出詹姆斯邦德的装备库的德国支手枪并未退出詹姆斯邦德的装备库是什么", "answer": "詹姆斯", "reading_system_answer": null}, {"question": "詹姆斯邦德的装备库的装备是什么", "answer": "装备库", "reading_system_answer": "这支手枪"}]}, {"text": "并且在短时间内又重新回归到主角手中", "qa_pairs": [{"question": "重新回归到主角手中的手中手主要手争中中国的主角主角是什么", "answer": "主角", "reading_system_answer": null}, {"question": "短时间重新回归到主角手中是什么", "answer": "短时间", "reading_system_answer": null}]}, {"text": "可见它性能的优异和对007的重要性", "qa_pairs": [{"question": "可见它性能的优异和对007的重要性是什么", "answer": "重要性", "reading_system_answer": null}, {"question": "可见它性能的对007的重要性是什么", "answer": "性能", "reading_system_answer": "可见它性能的优异"}, {"question": "可见它性能的优异和对007的重要性是什么", "answer": "007", "reading_system_answer": null}]}, {"text": "它就是德国瓦尔特公司最为经典的作品——瓦尔特PPK手枪", "qa_pairs": [{"question": "德国瓦尔特公司最为经典的作品——瓦尔特ppk手枪的手枪是哪个公司", "answer": "公司", "reading_system_answer": null}, {"question": "德国瓦尔特公司最为经典的作品——瓦尔特ppk手枪的作用是什么", "answer": "作品", "reading_system_answer": null}, {"question": "德国瓦尔特公司最为经典的作品——瓦尔特ppk手枪的国家在——瓦瓦尔特公司最为经", "answer": "德国", "reading_system_answer": null}, {"question": "德国瓦尔特公司最为经品——瓦尔特ppk手枪的手枪是哪个", "answer": "经典", "reading_system_answer": null}, {"question": "德国瓦尔特公司最为经典的作品——瓦尔特ppk手枪是哪个", "answer": "PPK手枪", "reading_system_answer": null}]}, {"text": "（瓦尔特PPK手枪）     （百变的詹姆斯邦德", "qa_pairs": [{"question": "（瓦百变的詹姆斯邦德是哪个", "answer": "詹姆斯", "reading_system_answer": "瓦尔特PPK手枪）"}, {"question": "（（百变的詹姆斯邦德是手（的手枪的国家其k百手枪）（百变的詹姆斯邦德是））的手", "answer": "PPK手枪", "reading_system_answer": "瓦尔特PPK手枪"}]}, {"text": "不变的瓦尔特PPK）   一战之后的德国由于受到凡尔赛和约的限制", "qa_pairs": [{"question": "德国由于受到凡尔赛和约的限制的pk）一战之后的德国由于受到凡尔赛和约的限制的特", "answer": "PPK", "reading_system_answer": null}, {"question": "不变的瓦尔特ppk）一战之后的德国由于受到凡尔赛和约的限制的国家其德国由于受到", "answer": "德国", "reading_system_answer": null}, {"question": "瓦尔特ppk）一战之后的德国由于受到凡尔赛和约的限制的限制的限制的特点是什么", "answer": "凡尔赛和约", "reading_system_answer": null}]}, {"text": "手枪口径不能超过8毫米", "qa_pairs": [{"question": "手枪口径不能超过8毫米的手枪口径不能超过8毫米的手枪口径不能超过8毫米的口径不", "answer": "毫米", "reading_system_answer": null}, {"question": "手枪口径不能超过8毫米的手枪口径是什么", "answer": "手枪口径", "reading_system_answer": null}]}, {"text": "为了适应这一新规则", "qa_pairs": [{"question": "为什么规则这一新规则", "answer": "规则", "reading_system_answer": null}]}, {"text": "德国国内的毛瑟公司和绍尔公司都相继拿出新的7.65毫米半自动手枪", "qa_pairs": [{"question": "德国国内的毛瑟公司和绍尔公司都相继拿出新的7.65毫米半自动手枪的国家的毛瑟公", "answer": "毛瑟公司", "reading_system_answer": null}, {"question": "德国国内的毛瑟公司和绍尔公司都相继拿出新的7.65毫米半自动手枪的国家在7.6", "answer": "手枪", "reading_system_answer": null}, {"question": "德国国内的毛瑟公司和绍尔公司都相继拿出新的7.65毫米半自动手枪的国家的国家的", "answer": "绍尔公司", "reading_system_answer": null}, {"question": "德国国内的毛瑟公司和绍尔公司都相继拿出新的7.65毫米半自动手枪的国家和绍尔公", "answer": "7.65毫米", "reading_system_answer": null}, {"question": "德国65毫米半自动手枪的国家的国家的7.65毫米半自动手枪的国家的7.65毫米", "answer": "德国", "reading_system_answer": null}]}, {"text": "虽然当时瓦尔特公司到1920年的MODEL 9型手枪为止已经推出过九款半自动手枪", "qa_pairs": [{"question": "瓦尔特公司到1920年的model9型手枪为止已经推出过九款半自动手枪的国家其", "answer": "公司", "reading_system_answer": null}, {"question": "瓦尔特公司到192年的model9型手枪是止已经推出过九款半自动手枪的国家其m", "answer": "MODEL", "reading_system_answer": null}, {"question": "瓦尔特公司到1920年的model9型手枪为止已经推出过九款半自动手枪的国家其", "answer": "手枪", "reading_system_answer": null}, {"question": "瓦尔特公司到1920年的model9型手枪是止已经推出过九款半自动手枪的国家其", "answer": "1920年", "reading_system_answer": null}, {"question": "瓦尔特公司到1920年的model9型手枪是止已经推出过九款半自动手枪的国家其", "answer": "9", "reading_system_answer": null}, {"question": "瓦尔特公司到1920年的model9型手枪为止已经推出过九款半自动手枪的国家为", "answer": "九款", "reading_system_answer": null}]}, {"text": "但面对来势汹汹的国内对手和当时占据市场主要份额的勃朗宁系列手枪", "qa_pairs": [{"question": "勃朗宁系列手枪的国家占据手和当时占据市场主要份额的勃朗宁系列手枪是什么", "answer": "勃朗宁系列手枪", "reading_system_answer": null}, {"question": "勃朗宁系列手枪的国家占据手和当时占据市场主要份额的勃朗宁系列手枪的国家占对来势", "answer": "份额", "reading_system_answer": null}, {"question": "勃朗宁系列手枪的国家占据手和当时占据市场主要份额的勃朗宁系列手枪的国家占据手和", "answer": "市场", "reading_system_answer": null}]}, {"text": "瓦尔特公司仍急需拿出一款产品与之对抗", "qa_pairs": [{"question": "瓦公戒枪与产需拿之对抗国拿出的急司对司对司对司对特点之品之品特点是什么", "answer": "急需", "reading_system_answer": null}, {"question": "瓦尔特公司仍急需拿出一款产品与之对抗的特公司仍急需拿出一款产品与之对抗国瓦尔特", "answer": "公司", "reading_system_answer": null}, {"question": "瓦尔特公司仍急需拿出一款产品与之对抗的特点是什么", "answer": "一款产品", "reading_system_answer": null}]}, {"text": "终于在历经九年时间的研发之后", "qa_pairs": [{"question": "历经九年时研发之后研制出席的九年研制的九年研择的九十七十年研制的九十七十年研制", "answer": "时间", "reading_system_answer": null}]}, {"text": "他们拿出了自己新作瓦尔特警察手枪（德语Polizei Pistole", "qa_pairs": [{"question": "德国ilpilpiooooooeieeieeieeieiieiiiiiiiii", "answer": "新作", "reading_system_answer": null}, {"question": "瓦尔特警察手枪的制造国在哪四个手枪", "answer": "Pistole", "reading_system_answer": "瓦尔特警察手枪"}, {"question": "瓦尔特警察手枪的制造国在哪四个手枪", "answer": "Polizei", "reading_system_answer": "瓦尔特警察手枪"}, {"question": "（德语peipistolizezezolepolipolipizepipipi", "answer": "手枪", "reading_system_answer": null}]}, {"text": "即瓦尔特PP半自动手枪）", "qa_pairs": [{"question": "即瓦尔特pp半自动手枪）是什么", "answer": "手枪", "reading_system_answer": null}, {"question": "即瓦尔特pp半自动手枪）是什么", "answer": "PP", "reading_system_answer": null}]}, {"text": "瓦尔特公司如此命名的用意很明显", "qa_pairs": [{"question": "瓦尔特公司如何命名的用意很明显", "answer": "公司", "reading_system_answer": null}, {"question": "瓦尔特公司如何岚命意很明显", "answer": "命名", "reading_system_answer": null}]}, {"text": "就是要把该枪推销给当时的德国警方", "qa_pairs": [{"question": "德国警方给当时的德国警方的警方是什么", "answer": "德国警方", "reading_system_answer": "就是要把该枪"}, {"question": "德国警方给当时的德国警方的警销给当时的枪推枪推枪推枪推枪是德国警方的国家其警销", "answer": "枪", "reading_system_answer": null}]}, {"text": "而由于瓦尔特PP手枪设计新颖、外形流畅、性能可靠", "qa_pairs": [{"question": "瓦尔特pp手枪设计新颖、外形流畅、性能靠的是什么", "answer": "性能", "reading_system_answer": null}, {"question": "瓦尔特pp手枪设计新颖、外形流畅、性能可靠的是瓦尔特pp手枪设计的国家其特点是", "answer": "外形", "reading_system_answer": null}, {"question": "瓦尔特pp手枪设计新颖、外形流畅、性能可靠的手枪设计新颖、外形流畅、性能可靠的", "answer": "PP手枪", "reading_system_answer": null}]}, {"text": "在1929年推出后便不负众望", "qa_pairs": [{"question": "在1929年推出后便不负众望的原因是什么", "answer": "1929年", "reading_system_answer": null}]}, {"text": "顺利拿下了德国警方的订单", "qa_pairs": [{"question": "顺利拿下了德国警方的订单的订单是什么", "answer": "订单", "reading_system_answer": null}, {"question": "顺利拿下了德国警方的订单是什么", "answer": "德国警方", "reading_system_answer": null}]}, {"text": "两年后", "qa_pairs": [{"question": "两年后后后后后后后后就后后就后后两年两年两年两年两年两年两两两两两两年两两两两", "answer": "两年", "reading_system_answer": null}]}, {"text": "为了满足军队高级将领", "qa_pairs": [{"question": "为什么说满足军队将领为了满足军队将领", "answer": "军队高级将领", "reading_system_answer": null}]}, {"text": "情报机构特勤人员以及刑侦便衣等特殊人群的需要", "qa_pairs": [{"question": "情报机构特勤人员以及刑侦便衣等特殊人群的需要的特点是什么", "answer": "情报机构特勤人员", "reading_system_answer": null}, {"question": "情报机构特勤人员以及刑侦便衣等特殊人群的需要的是什么样的", "answer": "特殊人群", "reading_system_answer": null}]}, {"text": "瓦尔特公司又推出了PPK手枪", "qa_pairs": [{"question": "瓦尔特公司又推出了ppk手枪的国家的pk手枪是哪个公司", "answer": "公司", "reading_system_answer": null}, {"question": "瓦尔特公司又推出了ppk手枪的国家在ppk手枪的国家出了ppk手枪的国家又被称", "answer": "PPK手枪", "reading_system_answer": null}]}, {"text": "关于PPK 手枪中K的含义", "qa_pairs": [{"question": "关于ppk手枪中k的含义的含义的含义k的含义k的含义是什么", "answer": "含义", "reading_system_answer": null}, {"question": "关于ppk手枪中k的含义是什么", "answer": "PPK", "reading_system_answer": null}, {"question": "关于ppk手枪中k的含义是什么", "answer": "手枪中K", "reading_system_answer": null}]}, {"text": "有两种说法：  一是德语“KURZ”的首字母", "qa_pairs": [{"question": "德语“kurz”的首字母母是什么", "answer": "一", "reading_system_answer": null}, {"question": "法国一是德语“kurz”的首字母是什么", "answer": "首字母", "reading_system_answer": null}, {"question": "法国一是德语“kurz”的首字母母是什么", "answer": "两种", "reading_system_answer": null}, {"question": "有两种说法：一是德语“kurz”的首字母是什么", "answer": "KURZ", "reading_system_answer": null}]}, {"text": "意为短另一种说法是德语“KRIMINALBEAMTE”的首字母", "qa_pairs": [{"question": "意为短另一种说法是德语“kriminealbe的母是", "answer": "KRIMINALBEAMTE", "reading_system_answer": null}, {"question": "德语“kneamteminalbeamtiriamtinalbalb“的首字母", "answer": "首字母", "reading_system_answer": null}, {"question": "德语“kriminamte”的首字母是什么", "answer": "一种", "reading_system_answer": null}]}, {"text": "意为“便衣侦探”", "qa_pairs": [{"question": "意为“便衣侦探”的探”是什么", "answer": "便衣侦探", "reading_system_answer": null}, {"question": "“便衣侦探”是什么", "answer": "意", "reading_system_answer": null}]}, {"text": "（瓦尔特MODEL9半自动手枪）    （瓦尔特PP手枪）    （装有消音器的PPK手枪）   领先的设计  瓦尔特PPK手枪具有诸多在当时极为领先的设计", "qa_pairs": [{"question": "（（瓦尔特ppk手枪的pp9半自动手枪的手枪的ppk手枪的国家其有（瓦尔特pp", "answer": "消音器", "reading_system_answer": "瓦尔特MODEL9半自动手枪）"}, {"question": "（半瓦尔特ppk手枪的国家在（）瓦尔特ppk手枪的国家其ppk手枪）（装备的国", "answer": "MODEL9", "reading_system_answer": "瓦尔特MODEL9半自动手枪"}, {"question": "（（瓦尔特ppk手枪的手枪是什么型号", "answer": "PP手枪", "reading_system_answer": "瓦尔特MODEL9半自动手枪"}, {"question": "（（瓦尔特ppk手枪的手枪是哪种", "answer": "手枪", "reading_system_answer": "瓦尔特MODEL9半自动手枪"}, {"question": "（（瓦尔特ppk手枪的领手枪的领自动手枪是哪个", "answer": "领先", "reading_system_answer": "瓦尔特MODEL9半自动手枪"}, {"question": "（（瓦尔特ppk手枪的手枪有什么特点", "answer": "诸多", "reading_system_answer": null}, {"question": "（（瓦尔特ppk手枪的手枪是什么型号", "answer": "PPK手枪", "reading_system_answer": "瓦尔特MODEL9半自动手枪"}]}, {"text": "使得其一经问世就广受好评", "qa_pairs": [{"question": "使得其一经问世就广受好评的国家受得世界广受好评是什么", "answer": "问世", "reading_system_answer": null}]}, {"text": "不仅被德国国内的军警机构大量采用并且远销海外", "qa_pairs": [{"question": "被德国国内的军警机构大量采用的是什么警机", "answer": "军警机构大量", "reading_system_answer": null}, {"question": "被称为不用并且远销海外采用并且远销海外的国家的国家的国家被德国国内的军警机构大", "answer": "德国", "reading_system_answer": null}]}, {"text": "从PPK手枪的结构设计以及一些其他厂家的改进生产型来看", "qa_pairs": [{"question": "从ppk手枪的结构设计以及一些其他厂家的改进生产型来看的是什么厂的改进生产", "answer": "厂家", "reading_system_answer": null}, {"question": "从ppk手枪的结构设计以及一些其他厂家的改进生产型来看的是什么型号的改进生产型", "answer": "生产型", "reading_system_answer": "PPK手枪"}, {"question": "从ppk手枪的结构设计的结构设进生产型来看的结构设计的结构改进生产型来看的手枪", "answer": "结构设计", "reading_system_answer": null}, {"question": "从ppk手枪的结构设计以及一些其他厂家的改进生产型来看的手枪的结构设计以及一些", "answer": "PPK手枪", "reading_system_answer": null}, {"question": "从ppk手枪的结构设计以及一些其他厂家的改进生产型来看的手枪的一些其他厂家的改", "answer": "一些", "reading_system_answer": null}]}, {"text": "它完全可以发射.380ACP", "qa_pairs": [{"question": "acp型号为什么", "answer": ".380ACP", "reading_system_answer": null}]}, {"text": ".45ACP这类大威力手枪弹", "qa_pairs": [{"question": ".45acpcpcpcp这类大威力手枪弹的参数是多少", "answer": "大威力手枪弹", "reading_system_answer": null}, {"question": ".45acpcpcpcp类大威力手枪弹的手枪是什么", "answer": ".45ACP", "reading_system_answer": null}]}, {"text": "除去当时受到条约限制之外", "qa_pairs": [{"question": "除去当时受到条约限制之外的条约限制之外的条约条约条约制外去到时受到条约约去的限", "answer": "条约", "reading_system_answer": null}]}, {"text": "考虑到袖珍型自卫手枪一般不超过25米的使用距离和快速射击的准确性", "qa_pairs": [{"question": "袖珍型自卫手枪的自卫手枪的自卫手枪的自卫过25米的使用距离和快速射击的准确性的", "answer": "手枪", "reading_system_answer": null}, {"question": "袖珍型自卫手枪一般不超过多少米的使用距离和快速射击的准确性", "answer": "25米", "reading_system_answer": "25米"}, {"question": "珍型驱逐舰的自卫枪使用的是什么样的准点", "answer": "距离", "reading_system_answer": "不超过25米的使用距离"}, {"question": "袖珍型自卫手枪的射击的准确性是什么", "answer": "准确性", "reading_system_answer": "一般不超过25米的使用距离和快速射击"}]}, {"text": "采用.32ACP弹还是非常实用的思路", "qa_pairs": [{"question": "采用.32acp弹的国家的.32acp弹是什么", "answer": ".32ACP弹", "reading_system_answer": null}, {"question": "acpcp弹还是非常实用的思路是什么", "answer": "思路", "reading_system_answer": null}]}, {"text": "受益于.32ACP手枪弹较为适中的威力", "qa_pairs": [{"question": "受益于.32acp手枪弹较为适中的威力是什么", "answer": ".32ACP手枪弹", "reading_system_answer": null}, {"question": "受益于.32acp手枪弹较为适中的威力是什么", "answer": "威力", "reading_system_answer": null}]}, {"text": "PPK手枪得以采用自由枪机惯性闭锁结构", "qa_pairs": [{"question": "ppk手枪采用的是什么惯性", "answer": "枪机惯性", "reading_system_answer": null}, {"question": "ppk手枪采用的是什么结构", "answer": "结构", "reading_system_answer": null}, {"question": "ppk手枪得以采用自枪机惯性闭锁结构的手枪其手枪得以采用自由枪机惯性闭锁结构的", "answer": "PPK手枪", "reading_system_answer": null}]}, {"text": "大大缩小了手枪的体积；套筒顶部加工有一条带横纹的宽条加强筋", "qa_pairs": [{"question": "大大缩小了手枪的体积；套筒顶部加工有一条带横纹的宽条加强筋的国家的大大缩小了手", "answer": "套筒", "reading_system_answer": null}, {"question": "大大缩小了手枪的体积；套筒顶部加工有一条带横纹的宽条加强筋是什么", "answer": "横纹", "reading_system_answer": null}, {"question": "大大缩小了手枪的体积；套筒顶部加工有一条带横纹的宽条加强筋是什么", "answer": "手枪", "reading_system_answer": null}, {"question": "大大缩小了手枪的体积；套筒顶部加工有一条带横纹的宽条加强筋是什么", "answer": "加强筋", "reading_system_answer": null}, {"question": "大大缩小了手枪的体积；套筒顶部加工有一条带横纹的宽条加强筋是什么", "answer": "一条", "reading_system_answer": null}, {"question": "大大缩小了手枪的体积；套筒顶部加工有一条带横纹的宽条加强筋是什么", "answer": "体积", "reading_system_answer": null}]}, {"text": "连接准星与照门", "qa_pairs": [{"question": "连接准星与照门连接准星与照门连接准星与照门的接准是什么", "answer": "照门", "reading_system_answer": null}, {"question": "连接准星与照门的连接准星与照门是什么", "answer": "准星", "reading_system_answer": null}]}, {"text": "可有效的防止反光并且能加固套筒结构", "qa_pairs": [{"question": "可有效的防止反光并且能加固套筒结构的结构是什么", "answer": "套筒结构", "reading_system_answer": null}]}, {"text": "这在当年的半自动手枪上极为少见；   PP/PPK手枪是第一款将弹匣解脱钮设计在握把左上方的手枪", "qa_pairs": [{"question": "第pp/ppk手枪是第一款将弹匣解脱钮设计在握把左上方的手枪是哪个", "answer": "弹匣", "reading_system_answer": "PP/PPK手枪"}, {"question": "第一款将弹匣解脱钮设计在握把左上方的手枪是哪种", "answer": "手枪", "reading_system_answer": "PP/PPK手枪"}, {"question": "第pp/ppk手枪的第一款将弹匣解脱钮设计在握把左上方的手枪是哪个", "answer": "钮", "reading_system_answer": "PP/PPK手枪"}, {"question": "第一款将弹匣解脱钮设计在握把左上方的手枪是哪种", "answer": "PPPPK手枪", "reading_system_answer": "PP/PPK手枪"}, {"question": "ppp手枪的p手枪的国家k一款是第一款将弹匣解脱钮设计在握把左枪的国家其p手枪", "answer": "少见", "reading_system_answer": "PP/PPK手枪"}, {"question": "；pp/ppk手枪是第一款将弹匣解脱钮设计在握把左上方的手枪是哪一款", "answer": "第一款", "reading_system_answer": "PP/PPK手枪"}]}, {"text": "相对于其他弹匣卡笋设计在握把底部的手枪", "qa_pairs": [{"question": "在握把底部的手枪是什么", "answer": "手枪", "reading_system_answer": "相对于其他弹匣卡笋"}, {"question": "在握把底部的手枪是什么", "answer": "弹匣卡笋", "reading_system_answer": "相对于其他弹匣卡笋"}]}, {"text": "更换弹匣的速率大大提高", "qa_pairs": [{"question": "更换弹匣的速率大大提高是什么", "answer": "弹匣", "reading_system_answer": null}, {"question": "更换弹匣的速率大大提高是什么", "answer": "速率", "reading_system_answer": null}]}, {"text": "PP手枪的握把镶片为左右两片分体式", "qa_pairs": [{"question": "pp手枪的握把镶片是什么", "answer": "左右两片分体式", "reading_system_answer": null}, {"question": "pp手枪的握把镶片为左右两片分体式是什么", "answer": "镶片", "reading_system_answer": null}, {"question": "pp手枪的握把镶片为左右两片分体式是什么", "answer": "PP手枪", "reading_system_answer": null}]}, {"text": "而PPK采用的是左右加后部连体式防滑设计", "qa_pairs": [{"question": "ppkpppppppppppppppppppppppppppppp5战斗机的p", "answer": "PPK", "reading_system_answer": null}, {"question": "ppk采用的是什么防滑设计的", "answer": "左右", "reading_system_answer": "左右加后部连体式"}, {"question": "ppk采用的是左右加后部连体式防滑设计的国家采用的是左右加后部连体式防滑设计的", "answer": "连体式", "reading_system_answer": null}]}, {"text": "大大提高了人机功效", "qa_pairs": [{"question": "大大提高了人机功效的提高是", "answer": "人机功效", "reading_system_answer": null}]}, {"text": "由于PPK手枪握把较小", "qa_pairs": [{"question": "由于ppk手枪握把较小的手枪握把较小的手枪是什么", "answer": "PPK手枪", "reading_system_answer": null}]}, {"text": "一般成年男性只要三根手指就能环握其枪柄", "qa_pairs": [{"question": "一般成年男性只要三根手指就能环握其枪柄是哪一个", "answer": "三根手指", "reading_system_answer": null}, {"question": "一般成年男性只要三根手指就能环握其枪柄的国家在一般成年男性的枪柄是什么", "answer": "男性", "reading_system_answer": null}, {"question": "一般成年男性只要三根手指就能环握其枪柄是什么", "answer": "枪柄", "reading_system_answer": null}]}, {"text": "手掌尺寸较大的射手几乎无法握实", "qa_pairs": [{"question": "手掌尺寸较大的射手几乎无法握实的射手几寸较法握实", "answer": "手掌尺寸", "reading_system_answer": null}, {"question": "手掌尺寸法握实的无法握手是什么", "answer": "无法", "reading_system_answer": null}, {"question": "手掌尺寸较大的射手几乎无法握实的手掌尺无法握实是什么", "answer": "射手", "reading_system_answer": null}]}, {"text": "这样在射击时手掌无法充分平衡后坐力", "qa_pairs": [{"question": "这样在射击时手掌无法充分平衡后坐力的原因是什么", "answer": "后坐力", "reading_system_answer": null}, {"question": "这样在射击时手掌无法充分平衡后坐力的无法充分平衡后坐力是什么", "answer": "时手掌无法", "reading_system_answer": null}]}, {"text": "会使得射击准确度降低", "qa_pairs": [{"question": "会得射击准确度降低中会得射击准确度降低的射击准使用什么", "answer": "准确度", "reading_system_answer": null}]}, {"text": "瓦尔特公司在后来给PP/PPK手枪配置了带有前伸尖角底座的新弹匣", "qa_pairs": [{"question": "瓦尔特公司在后来给p/ppk手枪配置了带有前伸尖角底座的新弹匣是什么", "answer": "PPPPK手枪", "reading_system_answer": null}, {"question": "瓦尔特公司在后来给pp/ppk手枪配置了带有前伸尖角底座的新弹匣的国家在pp/", "answer": "公司", "reading_system_answer": null}, {"question": "瓦尔特公司在后来给pp/ppk手枪配置了带有前伸尖角底座的新弹匣是什么", "answer": "新弹匣", "reading_system_answer": null}, {"question": "瓦尔特公司在后来给pp/ppk手枪配置了带有前伸尖角底座的新弹匣是什么", "answer": "尖角底座", "reading_system_answer": null}]}, {"text": "提高了握持手感", "qa_pairs": [{"question": "提高了握持手感的手感是什么", "answer": "手感", "reading_system_answer": null}]}, {"text": "大大改进了这一袖珍手枪与生俱来的缺点", "qa_pairs": [{"question": "大袖珍手枪的所属国在缺俱来的缺俱的缺俱是什么", "answer": "一", "reading_system_answer": null}, {"question": "大大改进了这一袖珍手枪与生俱来的缺点是什么", "answer": "缺点", "reading_system_answer": null}, {"question": "大大改进了这一袖珍手枪与生俱来的缺点是什么", "answer": "手枪", "reading_system_answer": null}]}, {"text": "PPK手枪使用了当时在半自动手枪上极为稀有的双动机构", "qa_pairs": [{"question": "ppk手枪的所属国在半自动手枪上极为稀有的双动机构是", "answer": "手枪", "reading_system_answer": null}, {"question": "ppk手枪使用的是什么样的", "answer": "双动机构", "reading_system_answer": null}, {"question": "ppk手枪使用的是什么手枪", "answer": "PPK手枪", "reading_system_answer": null}]}, {"text": "配合可靠的手动保险机构", "qa_pairs": [{"question": "配合可靠的手动保险机构是什么", "answer": "手动保险机构", "reading_system_answer": null}]}, {"text": "PPK手枪成为了当时最安全的袖珍型半自动手枪", "qa_pairs": [{"question": "ppk手枪成为了当时最安全的袖珍型半自动手枪的国家自动手枪是哪种", "answer": "手枪", "reading_system_answer": null}, {"question": "ppk手枪是哪个", "answer": "PPK手枪", "reading_system_answer": null}]}, {"text": "可以安心的贴身携带或者放在衣服口袋中隐蔽携行", "qa_pairs": [{"question": "可以安心的贴身携带在衣服口袋中隐蔽携行的原因是什么", "answer": "衣服口袋", "reading_system_answer": null}]}, {"text": "PPK手枪把袖珍型半自动手枪的尺寸与性能之间平衡点发挥到了极致", "qa_pairs": [{"question": "ppk手枪的发挥到了极致的手枪的尺寸与性手枪的尺寸与性能之间平衡点是什么", "answer": "平衡点", "reading_system_answer": "PPK手枪把袖珍型半自动手枪的尺寸与性能之间平衡点"}, {"question": "ppk手枪的尺寸与性能之间平衡点发挥到了极致的手枪的尺寸与性能之间平衡点发挥到", "answer": "手枪", "reading_system_answer": null}, {"question": "ppk手枪把袖珍型半自动手枪的尺寸与性能之间平衡点发挥到了极致的手枪的手枪是什", "answer": "PPK手枪", "reading_system_answer": null}, {"question": "ppk手枪的尺度是什么", "answer": "尺寸", "reading_system_answer": null}, {"question": "ppk手枪的尺寸与性手枪的尺挥到了极致的国家把袖珍型半自动手枪的尺寸与性能之间", "answer": "性能", "reading_system_answer": "平衡点"}]}, {"text": "此后诸多的袖珍型半自动手枪大都以其为参考蓝本", "qa_pairs": [{"question": "袖珍型半自动手枪大都以其为参考蓝本的国家自动手枪大都以其为参考蓝本是什么", "answer": "蓝本", "reading_system_answer": null}, {"question": "珍多的袖珍型半自动手枪大都以其为参考蓝本是什么", "answer": "手枪大都", "reading_system_answer": null}, {"question": "诸多的袖珍型半自动手枪大都以其为参考蓝本是什么", "answer": "诸多", "reading_system_answer": null}]}, {"text": "（清晰可见套筒上方的防反光加强筋）    （在美国生产的瓦尔特PPK手枪）   （.380ACP口径的瓦尔特PPK手枪）   中国第一款警用手枪  PPK手枪在二战时期进入到中国市场", "qa_pairs": [{"question": "）（380acpk手枪的国家生产的瓦尔特ppk手枪的国家在二战时期进入到中国市", "answer": "套筒", "reading_system_answer": "PPK手枪"}, {"question": "）（380acpk手枪的国家在二战时期进入到中国市瓦尔特ppk手枪的国家在二战", "answer": "中国市场", "reading_system_answer": "PPK手枪"}, {"question": "（（380acpk手枪的国家在二战时期进入到中国市场的瓦尔特ppk手枪的国家生", "answer": "加强筋", "reading_system_answer": "PPK手枪"}, {"question": "（（380acpk手枪的国家在二战时期进入到中国市场的瓦尔特ppk手枪的国家在", "answer": "美国", "reading_system_answer": "380ACP口径的瓦尔特PPK手枪）   中国第一款警用手枪  PPK手枪"}, {"question": "（（380acp口径的瓦尔特ppk手枪的国家在二战时期进入到中国市场的瓦尔特p", "answer": "中国第一款警用手枪", "reading_system_answer": "PPK手枪"}, {"question": "（（的瓦尔特ppk手枪的国家生产的瓦尔特ppk手枪的国家在二战时期进入到中国市", "answer": ".380ACP口径", "reading_system_answer": "PPK手枪"}, {"question": "）（380acp口径的瓦尔特ppk手枪是哪个", "answer": "PPK手枪", "reading_system_answer": "PPK手枪"}]}, {"text": "不过并没有像盒子炮", "qa_pairs": [{"question": "不过并没有像盒子炮的盒子炮是什么", "answer": "盒子炮", "reading_system_answer": null}]}, {"text": "枪牌撸子", "qa_pairs": [{"question": "枪牌撸子的撸牌枪是什么", "answer": "枪牌撸子", "reading_system_answer": null}]}, {"text": "马牌撸子那样广为人知", "qa_pairs": [{"question": "马牌撸子那一型号是人知的撸子是什么", "answer": "马牌撸子", "reading_system_answer": null}]}, {"text": "但是由于其优异的性能在新中国建国初期全面换装苏式装备的时代背景下", "qa_pairs": [{"question": "中国建国初期全面换装苏式装备的时代背景下的装备的时代背景下的国家全面换装苏式装", "answer": "全面", "reading_system_answer": "由于其优异的性能"}, {"question": "中国建国初期全面换装苏式装备的时代背景下是什么", "answer": "时代背景", "reading_system_answer": "由于其优异的性能"}, {"question": "中国建国初期全面换装苏式装备的时代背景下的装备的时代背景下的装备的时代背景下的", "answer": "苏式装备", "reading_system_answer": null}, {"question": "全面换装苏式装备的时代背景下的国家建能在新中国建国初期全面换装苏式装备的时代背", "answer": "中国", "reading_system_answer": "但是由于其优异的性能"}, {"question": "新中国面换装苏式装备的时代背景下的装备的时期全面换装苏式装备的时代背景下的国家", "answer": "性能", "reading_system_answer": "在"}]}, {"text": "它却独树一帜的成为了公安系统用枪的仿制对象之一", "qa_pairs": [{"question": "独树一帜的成为了公安系统用枪的仿制对象之一是什么", "answer": "公安系统", "reading_system_answer": null}, {"question": "它却独树一帜的成为了公安系统用枪的仿制对象之一的一款仿制的系统是什么", "answer": "枪", "reading_system_answer": null}, {"question": "独树一帜的成为了公安系统用枪的仿制对象之一是什么", "answer": "对象", "reading_system_answer": null}]}, {"text": "仿制定型的国产PPK手枪被称之为52式手枪", "qa_pairs": [{"question": "仿制ppk手枪被称之为52式手枪的国家被称之为52式手枪的国家被称为仿型的国家", "answer": "手枪", "reading_system_answer": "仿制定型的国产PPK手枪"}, {"question": "ppk手枪被称之为52式手枪的国家被称之为52式手枪的国家被称为5制定型的手枪", "answer": "52", "reading_system_answer": "仿制定型的国产PPK手枪"}, {"question": "仿制定型的国产ppk手枪被称之为52式手枪是哪个", "answer": "国产PPK手枪", "reading_system_answer": null}]}, {"text": "这是新中国第一款警用手枪", "qa_pairs": [{"question": "中国第一款警用手枪是什么", "answer": "中国第一款警用手枪", "reading_system_answer": null}]}, {"text": "52式手枪的结构完全照搬PPK手枪", "qa_pairs": [{"question": "52式手枪的结构完全照搬ppk手枪的结构完全照搬ppk手枪的结构是什么", "answer": "手枪", "reading_system_answer": null}, {"question": "52式手枪的结构完全照搬ppk手枪的结构完全照搬ppk手枪的结构手枪的手枪是什", "answer": "52", "reading_system_answer": "52式手枪"}, {"question": "52式手枪的结构完全照搬ppk手枪的结构完全照搬ppk手枪的结构完全照搬ppk", "answer": "结构", "reading_system_answer": null}, {"question": "52式手枪的结构完全照搬ppk手枪的结构完全照搬ppk手枪的国家的52式手枪的", "answer": "PPK手枪", "reading_system_answer": null}]}, {"text": "不同之处在于套筒刻印为枪号加内有“公”字的空心五星图案", "qa_pairs": [{"question": "印度有“公刻印为枪号加内有“公”字的空心五星图案的国家其空心五星图案的国家在于", "answer": "套筒", "reading_system_answer": null}, {"question": "“的加内空心五星图案是什么", "answer": "字", "reading_system_answer": null}, {"question": "在公刻印为枪号加内有“公刻印为枪号加内的空心五星图案的国家其空心五星图案的国家", "answer": "枪", "reading_system_answer": null}, {"question": "不“公刻印为枪号加内有“公”字的空心五星的国家在于加内的空心五星是哪里", "answer": "图案", "reading_system_answer": null}, {"question": "在公”字的空心五星图案的“公”加内有“公刻印为枪号加内有“公刻印为枪号加内的空", "answer": "公", "reading_system_answer": null}, {"question": "印度有“公刻印为枪号加内有“公”字的空心五星图案的国家其空心五星图案的国家在于", "answer": "空心", "reading_system_answer": null}]}, {"text": "后面刻着“1952”字样", "qa_pairs": [{"question": "“1952”字样的是哪一型号", "answer": "1952", "reading_system_answer": null}, {"question": "“1952”字样的是哪个", "answer": "字样", "reading_system_answer": null}]}, {"text": "握把上的“WALTHER”飘带内的字母改成了空心五星加356字样（356厂为生产厂家）", "qa_pairs": [{"question": "“356字样（356厂为生产厂家）的国家的ltlth飘带内的字母改成了空心五星", "answer": "WALTHER", "reading_system_answer": null}, {"question": "“356字样字母改成了空心五星加356字样（356厂为生产厂家）的国家的ltl", "answer": "356厂", "reading_system_answer": "握把上的“WALTHER”飘带内的字母"}, {"question": "“3的母改成了空心五星加356字样（356厂为生产厂家）的国家的ltlr”飘带", "answer": "356字样", "reading_system_answer": "握把上的“WALTHER”飘带内的字母"}, {"question": "“356字样字母改成了空心五星加356字样（356厂为生产厂家）的国家的ltl", "answer": "生产厂家", "reading_system_answer": "握把上的“WALTHER”飘带内的字母"}, {"question": "“356字样（356厂为生产厂家）的母改成了空心五星加356厂为生产厂家）的国", "answer": "字母", "reading_system_answer": "握把上的“WALTHER”飘带内的字母"}, {"question": "“356字样（356厂为生产厂家）的国家在“飘带内的字母改成了空心五星加356", "answer": "空心", "reading_system_answer": "握把上的“WALTHER"}]}, {"text": "（52式手枪）  与51/54式手枪的广为人知不同", "qa_pairs": [{"question": "（52式手枪的广为人知不同的手枪是哪种型号的手枪", "answer": "手枪", "reading_system_answer": "52式手枪）  与51/54式手枪"}, {"question": "（52式手枪的广为人知不同的手枪是哪一款", "answer": "5154", "reading_system_answer": "52式手枪"}, {"question": "（52式手枪的广为人知不同的手枪是哪一款", "answer": "52", "reading_system_answer": "52式手枪"}]}, {"text": "当年的基层公安部门和普通民众很少有人知道52式手枪的名称", "qa_pairs": [{"question": "当年的基层公安部门和普通民众很少有人知道52式手枪的名称是什么", "answer": "手枪", "reading_system_answer": null}, {"question": "当年的基层公安部门和普通民众很少有人知道52式手枪的名称是什么", "answer": "民众很少", "reading_system_answer": null}, {"question": "当年的基层公安部门和普通民众很少有人知道52式手枪的名称是什么", "answer": "基层公安部门", "reading_system_answer": null}, {"question": "当年层公安部门和普通民众很少有人称的手枪的手枪是什么", "answer": "名称", "reading_system_answer": "52式手枪"}, {"question": "当年的基层公安部门和普通民众很少有人知道52式手枪的名称是什么", "answer": "52", "reading_system_answer": null}]}, {"text": "但是提到它的绰号“765公安枪”（按照7.65毫米口径称呼）却大名鼎鼎", "qa_pairs": [{"question": "”（65公安枪”（65毫米口径称呼）却大名鼎鼎的国家其绰号“765公安枪”65", "answer": "765公安枪", "reading_system_answer": null}, {"question": "”765毫米口径称呼）却大名鼎鼎的国家在绰号“75毫米口径称呼）却大名鼎鼎的国", "answer": "绰号", "reading_system_answer": "765公安枪"}, {"question": "绰765公安枪”（755毫米口径称呼）的原因是什么", "answer": "7.65毫米口径", "reading_system_answer": null}]}, {"text": "这主要是由于52式手枪体积小巧", "qa_pairs": [{"question": "52式手枪体积小巧是什么", "answer": "手枪体积小巧", "reading_system_answer": null}, {"question": "52式手枪体积小巧的手枪是哪一个", "answer": "52", "reading_system_answer": null}]}, {"text": "外形流畅", "qa_pairs": [{"question": "外形流畅外形流畅外形流畅是什么", "answer": "外形", "reading_system_answer": null}]}, {"text": "操作快捷", "qa_pairs": [{"question": "操作快捷是操捷的操捷是什么", "answer": "", "reading_system_answer": null}]}, {"text": "在当年主要配发给高级军警人员和隐蔽战线工作者", "qa_pairs": [{"question": "在当年主要配发给高级军警人员和隐蔽战线工作者的警人员是什么", "answer": "军警人员", "reading_system_answer": null}, {"question": "在当年主要配发给高级军警人员和隐蔽战线工作者的目的是什么", "answer": "战线工作者", "reading_system_answer": null}]}, {"text": "产量相对较低", "qa_pairs": [{"question": "产量相对较低量相对较低量产量产对产量产对相低较低较低的产量产相相相相相相相相相", "answer": "产量", "reading_system_answer": null}]}, {"text": "而且这些使用人员极少在公众面前亮相", "qa_pairs": [{"question": "人员极少在公众面前亮相的极少在公众面前亮相的国家使用人员极少在公众面前亮相的国", "answer": "人员", "reading_system_answer": null}, {"question": "人员极少在公众面前亮相的国家在公众面前亮相的国家在公众面使用人员极少在公众面前", "answer": "公众", "reading_system_answer": null}, {"question": "人员极少在公众面前亮相的目的是什么", "answer": "亮相", "reading_system_answer": null}]}, {"text": "低调沉稳的行事风格也使得52式手枪蒙上了一层神秘的色彩", "qa_pairs": [{"question": "蒙上了一层神秘的色彩是什么", "answer": "手枪", "reading_system_answer": "低调沉稳的行事风格"}, {"question": "蒙上了一层神秘的色彩是什么", "answer": "色彩", "reading_system_answer": "低调沉稳的行事风格"}, {"question": "低调沉稳的行事风格是哪个", "answer": "行事风格", "reading_system_answer": "52式手枪"}, {"question": "蒙上了一层神秘的色彩是什么", "answer": "52", "reading_system_answer": "低调沉稳的行事风格"}, {"question": "蒙上了一层神秘的色彩是什么", "answer": "一层", "reading_system_answer": "低调沉稳的行事风格"}]}, {"text": "（52式手枪套筒刻印）  以当时的国内情况来看", "qa_pairs": [{"question": "（52式手枪套筒刻印）以当时的国内情况来看的手枪套筒刻印）以当时的国内情况来看", "answer": "情况", "reading_system_answer": null}, {"question": "（52式手枪套筒刻印）以当时的国内情况来看的手枪套筒刻印）2式手枪套筒刻来看的", "answer": "52", "reading_system_answer": null}, {"question": "（52式手枪套筒刻印）以当时的国内情况来看的手枪套筒刻印）以当时的国内情况来看", "answer": "手枪套筒", "reading_system_answer": null}]}, {"text": "52式手枪属于精良产品", "qa_pairs": [{"question": "52式手枪属于精良产品的手枪属于精良产品的手枪属于52式手枪的国家属于52式精", "answer": "手枪", "reading_system_answer": null}, {"question": "52式手枪属于精良产品的手枪是哪个", "answer": "52", "reading_system_answer": null}, {"question": "52式手枪属于精良产品", "answer": "产品", "reading_system_answer": null}]}, {"text": "但是虽然结构设计与PPK手枪并无二致", "qa_pairs": [{"question": "与ppk手枪并无二致与ppk手枪并无二致的手枪无计与ppk手枪的国家其手枪无计", "answer": "PPK手枪", "reading_system_answer": "结构设计"}, {"question": "ppk手枪的设计二致是什么", "answer": "结构设计", "reading_system_answer": null}]}, {"text": "不过受制于材料工艺和加工技术水平较低的现状", "qa_pairs": [{"question": "不过受制于材料工艺和加工技术水平较低的现状的国家在材料工艺和加工技术水平较低的", "answer": "材料工艺", "reading_system_answer": null}, {"question": "不过受制于材料工艺和加工技术水平较低的现状的技术水平较低的现状是什么", "answer": "技术水平", "reading_system_answer": null}, {"question": "不制受制于材料工艺和加工技术水平较低的现状的状点是什么", "answer": "现状", "reading_system_answer": null}]}, {"text": "其性能与原版PPK手枪不可同日而语", "qa_pairs": [{"question": "ppk手枪的所属国在ppk手枪不可同日语能不同日语而而的手枪其性能与原版ppk", "answer": "性能", "reading_system_answer": null}, {"question": "ppk手枪是什么", "answer": "原版PPK手枪", "reading_system_answer": null}]}, {"text": "52式手枪的部分部件在长期使用之后会发生变形", "qa_pairs": [{"question": "52式手枪的部分部件在长期使用之后会发生变形的手枪的部分部件在长期使用之后会发", "answer": "手枪", "reading_system_answer": null}, {"question": "52式手枪的部分部件在长期使用之后会发生变形的手枪是", "answer": "变形", "reading_system_answer": "52式手枪"}, {"question": "52式手枪的部分部件在长期使用之后会发生变形的手枪的部分部件在长期使用之后会发", "answer": "52", "reading_system_answer": null}, {"question": "52式手枪的部件在长期使用之后会发生变形的手枪的部分部件在长期使用之后会发生变", "answer": "部分部件", "reading_system_answer": null}]}, {"text": "比如兼作分解杆的扳机护圈", "qa_pairs": [{"question": "比兼作分解杆的扳机护圈的护圈是什么", "answer": "扳机护圈", "reading_system_answer": null}, {"question": "比兼作分解杆的扳机护圈的护圈是什么", "answer": "杆", "reading_system_answer": null}]}, {"text": "枪身表面处理较为粗糙", "qa_pairs": [{"question": "枪身表面处理较为粗糙的处处理较为粗糙的态度是什么", "answer": "枪身表面", "reading_system_answer": null}]}, {"text": "笔者曾在博物馆内见过52式手枪与PPK手枪", "qa_pairs": [{"question": "52式手枪与ppk手枪的国家在博物馆内见过52式手枪的国家在博物馆内见过52式", "answer": "手枪", "reading_system_answer": null}, {"question": "52式手枪与ppk手枪的国家在博物馆内见过52式手枪的国家与ppk手枪的国家与", "answer": "博物馆", "reading_system_answer": "笔者曾在博物馆内见过"}, {"question": "博物馆内见过52式手枪与ppk手枪的国家曾在博物馆内见过52式手枪的国家曾在博", "answer": "笔者", "reading_system_answer": null}, {"question": "52式手枪与ppk手枪的国家在博物馆内见过52式手枪与ppk手枪的国家在博物馆", "answer": "PPK手枪", "reading_system_answer": "笔者曾在博物馆内见过"}, {"question": "52式手枪与ppk手枪的国家在博物馆内见过52式手枪的国家在博物馆内见过52式", "answer": "52", "reading_system_answer": null}]}, {"text": "同样的馆藏状态下", "qa_pairs": [{"question": "同样的状态下下藏藏馆态态下下藏藏馆态的态下下藏同馆藏同藏馆的态样的态下下状同藏", "answer": "馆藏状态", "reading_system_answer": null}]}, {"text": "52式手枪墙身金属部件表面泛红且大量锈迹", "qa_pairs": [{"question": "52式手枪墙身金属部件表面泛红且大量锈迹是什么", "answer": "手枪墙身金属部件表面", "reading_system_answer": null}, {"question": "52式手枪墙身金属部件表面泛红且大量锈迹是什么", "answer": "52", "reading_system_answer": null}, {"question": "52式手枪墙身金属部件表面泛红且大量是什么", "answer": "大量锈迹", "reading_system_answer": null}]}, {"text": "握把片塑模材质粗糙；而PPK手枪则毫无老旧之态", "qa_pairs": [{"question": "ppk手枪则毫无老旧之态是什么", "answer": "态", "reading_system_answer": "握把片塑模材质粗糙"}, {"question": "ppk手枪的握把片塑模材质粗糙；是ppk手枪的国家的握把片塑模材质无老旧之态是", "answer": "片塑模材质", "reading_system_answer": null}, {"question": "ppk手枪是哪种型号的手枪", "answer": "PPK手枪", "reading_system_answer": null}]}, {"text": "后来随着武器收缴以及.32ACP手枪弹供应不足（该口径弹国内并不生产", "qa_pairs": [{"question": "acp手枪弹供应不足（该口径弹国内并不生产的是什么型号的手枪", "answer": ".32ACP手枪弹", "reading_system_answer": "32ACP手枪弹"}, {"question": "acp手枪弹供应不足（该口径弹国内并不生产的手枪弹供应不足（该口径弹国内并不生", "answer": "口径", "reading_system_answer": null}, {"question": "acp手枪弹供应不足（该口径弹国内并不生产的手枪弹弹是什么", "answer": "武器", "reading_system_answer": null}]}, {"text": "主要依靠从东欧社会主义国家进口以及早年战争时期库存）等原因", "qa_pairs": [{"question": "东欧社会主义国家进口以及早年战争时期库存）等原因是什么", "answer": "战争时期库存", "reading_system_answer": null}, {"question": "早期以及早年战争时期库存）等原因的国家进行中国主要依靠从东欧社会主义国家进口以", "answer": "东欧社会主义国家", "reading_system_answer": null}, {"question": "东社以从库争中国）））因为什么要依从东社主义存口", "answer": "原因", "reading_system_answer": "主要依靠从东欧社会主义国家进口"}]}, {"text": "52式手枪逐渐退出了现役装备序列", "qa_pairs": [{"question": "52式手枪逐渐退出了现役装备序列的手枪逐渐退出了现役装备序列的手枪逐渐退出的手", "answer": "手枪", "reading_system_answer": null}, {"question": "52式手枪逐渐退出了什么样的", "answer": "现役装备序列", "reading_system_answer": null}, {"question": "52式手枪逐渐退出了现役装备序列的手枪逐渐退出的52式手枪逐渐序列的手枪是什么", "answer": "52", "reading_system_answer": null}]}, {"text": "虽然有种种不足", "qa_pairs": [{"question": "虽然有种种不足的不足有种种不足有种种不足", "answer": "种种", "reading_system_answer": null}]}, {"text": "但是生产和使用52式手枪所获得的先进经验为我国自主设计生产袖珍型半自动手枪打下了基础", "qa_pairs": [{"question": "我国自主设计生产袖珍型半自动手枪打下了基础的手枪是哪个", "answer": "手枪", "reading_system_answer": "52式手枪"}, {"question": "我国自主设计生产袖珍型半自动手枪打下了基础的手枪是哪个", "answer": "52", "reading_system_answer": "52式手枪"}, {"question": "我国自主设计生产袖珍型半自动手枪打下了什么", "answer": "基础", "reading_system_answer": "生产和使用52式手枪所获得的先进经验"}, {"question": "我国自主设计生产袖珍型半自动手枪打下了基础的国家自获得52式手枪所获得的手枪是", "answer": "先进经验", "reading_system_answer": "生产和使用52式手枪所获得的先进经验"}]}, {"text": "并由此诞生了广为人知的64式手枪", "qa_pairs": [{"question": "人知的64式手枪是哪种", "answer": "手枪", "reading_system_answer": null}, {"question": "人知的64式手枪的手枪是什么型号", "answer": "64", "reading_system_answer": null}]}, {"text": "不得不说也算是瓦尔特PPK手枪的血统在国内的延续", "qa_pairs": [{"question": "瓦尔特ppk手枪的血统在国内的延续是什么", "answer": "血统", "reading_system_answer": null}, {"question": "瓦尔特ppk手枪的血统在国内的延续是什么", "answer": "PPK手枪", "reading_system_answer": null}]}]}