{"passage": "斯派达尔出生于德国东南部的城镇梅钦根，早年在柏林、蒂宾根和斯图加特等地大学学习。1914年第一次世界大战爆发，斯派达尔投身军旅参加大战。因为在战斗中表现出色被提升为少尉，而在索姆河战役期间，斯派达尔则指挥一个连。大战结束后斯派达尔留在军中，在第二次世界大战爆发前升至中校。  斯派达尔在1933年至1937年曾担任德国驻法国大使馆武官助理，因此在1940年的法国战役中受到重用，1940年6月在德军打败法国后，斯派达尔被任命为任驻巴黎军事总督的参谋长，后改任驻法国占领区军事总督的参谋长。1942年斯派达尔参加入侵苏联的战争，担任第5集团军参谋长，此时他已经升至少将，1943年他又担任了南方集团军群参谋长。   斯派达尔 1943年2月，苏军对哈尔科夫地区发起了大规模进攻，希特勒强令斯派达尔所在的兰茨集群司令胡贝特·兰茨率军死守阵地，这将让该军面临灭顶之灾。斯派达尔此时趁机劝说兰茨发动政变，在希特勒前来波尔塔瓦督战时将其扣押，逼迫希特勒下达撤军命令并且逐步停战。  兰茨同意了这个计划，他们找来了德国著名的坦克指挥官哈津特·斯塔赫维茨来执行此事。他们准备在希特勒到达波尔塔瓦后，斯塔赫维茨立刻带领属下的亲信装甲部队封锁指挥部，扣押希特勒逼其停战，必要时可将希特勒击毙。   希特勒 为了保密起见，斯派达尔事先没有和密谋集团的其他成员商议。1943年2月17日，希特勒预定要前往波尔塔瓦，斯塔赫维茨已经决定只要希特勒的专机出现在波尔塔瓦上空就立即调动部队。但就在当日，希特勒在飞往波尔塔瓦的途中突然下令让飞机转向，飞往曼施坦因的司令部所在地扎波罗热，当天就返回了狼穴，斯派达尔的计划落空。  1944年7月20日，施陶芬贝格刺杀希特勒的行动以失败告终，密谋集团遭遇了大规模清算。斯派达尔在9月份被查出参与过密谋案，于9月7日被捕。但因为龙德施泰特、凯特尔等人的力保，斯派达尔没有被送上臭名昭著的\"人民法庭\"，而是一直被盖世太保囚禁。   纳粹德国 斯派达尔在被囚禁期间没有承认任何指控，但出卖了德国著名陆军元帅隆美尔。在被盖世太保囚禁了七个多月后，当盟军逼近关押他的地点时，他从看押者那里逃脱并躲藏起来。1945年4月29日，斯派达尔被法军释放，他是唯一保住了性命的核心成员，其他人要么被处决，要么自杀了。  1957年斯派达尔担任北约中欧地面部队司令，1963年卸去所有军职退休，1984年11月28日在巴德霍内夫去世。", "sentences": [{"text": "斯派达尔出生于德国东南部的城镇梅钦根", "qa_pairs": [{"question": "斯派达尔出生于德国东南部的城镇梅钦根的国家生于德国东南部的城镇梅钦根的国家生于", "answer": "城镇梅钦根", "reading_system_answer": null}, {"question": "斯钦达尔出生于德国东南部的城镇梅钦根的国家派的城镇梅钦根是", "answer": "斯派", "reading_system_answer": null}, {"question": "斯派达尔出生于德国东南部的城镇梅钦根的国家生于德国东南部的城镇梅钦根的国家生产", "answer": "德国", "reading_system_answer": null}]}, {"text": "早年在柏林、蒂宾根和斯图加特等地大学学习", "qa_pairs": [{"question": "早年在柏林、蒂宾根和斯图加特等地大学学习的国家在柏林、蒂宾根和斯图加特等地大学", "answer": "宾根", "reading_system_answer": null}, {"question": "早年在柏林、蒂宾根和斯图加特等地大学学习的学习是什么", "answer": "大学", "reading_system_answer": null}, {"question": "早年在柏林、蒂宾根和斯图加特等地大学学习的国家在柏林、蒂宾根和斯图加特等地大学", "answer": "柏林", "reading_system_answer": null}]}, {"text": "1914年第一次世界大战爆发", "qa_pairs": [{"question": "第一次世界大战爆发的第一次世界大战爆发的爆发爆发是什么", "answer": "1914年", "reading_system_answer": "1914年"}]}, {"text": "斯派达尔投身军旅参加大战", "qa_pairs": [{"question": "斯派达尔投身军旅参加大战大战中斯派达尔投身军旅参加大战大战中斯派达尔投身军旅参", "answer": "投身军旅", "reading_system_answer": null}, {"question": "斯派达尔投身军旅参加大战的是哪个", "answer": "斯派", "reading_system_answer": null}]}, {"text": "因为在战斗中表现出色被提升为少尉", "qa_pairs": [{"question": "在战斗中表现出色被提升为什么要为战斗中表现出色被提升为什么要为战斗中表现出色提", "answer": "少尉", "reading_system_answer": null}, {"question": "因为战斗中表现出色被提升为少尉的国家在战斗中表现出色被提升为少尉的国家在战斗中", "answer": "表现出色", "reading_system_answer": null}]}, {"text": "而在索姆河战役期间", "qa_pairs": [{"question": "索姆河战役期间在索姆河战役期间的战役期间战役索姆河战在索姆河战在索姆河战中战役", "answer": "索姆河战役", "reading_system_answer": null}]}, {"text": "斯派达尔则指挥一个连", "qa_pairs": [{"question": "斯派达尔则指挥一个连指挥一个连指挥一个连指挥一个连尔则指挥一个挥挥的派数是什么", "answer": "斯派", "reading_system_answer": null}, {"question": "斯派达尔则指挥一个连指挥发挥指斯派达尔则指挥的挥击是什么", "answer": "一个连", "reading_system_answer": null}]}, {"text": "大战结束后斯派达尔留在军中", "qa_pairs": [{"question": "大战结束后斯派达尔留在军中大战结束后斯派达尔留在军中的结束后留在军中派遣的结束", "answer": "后斯派", "reading_system_answer": null}]}, {"text": "在第二次世界大战爆发前升至中校", "qa_pairs": [{"question": "在第二次世界大战爆发前升至中校的爆发前升至中校的爆发前升至中校在第二次世界大战", "answer": "", "reading_system_answer": null}]}, {"text": "斯派达尔在1933年至1937年曾担任德国驻法国大使馆武官助理", "qa_pairs": [{"question": "斯派达尔在1933年至1937年曾担任德国驻法国大使馆武官助理", "answer": "1933年", "reading_system_answer": null}, {"question": "斯派达尔在1933年至1937年曾担任德国驻法国大使馆武官助理是哪个国家", "answer": "斯派", "reading_system_answer": null}, {"question": "斯派达尔在1933年至1937年曾担任德国驻法国大使馆武官助理是哪个", "answer": "法国大使馆武官", "reading_system_answer": null}, {"question": "斯派达尔在哪十年曾担任德国驻法国大使馆武官助理", "answer": "1937年", "reading_system_answer": "1933年至1937年"}, {"question": "斯派达尔在1933年至1937年曾担任德国驻法国大使馆武官助理是哪个国家", "answer": "德国", "reading_system_answer": null}]}, {"text": "因此在1940年的法国战役中受到重用", "qa_pairs": [{"question": "法国战役中受到重用的是什么时候", "answer": "1940年", "reading_system_answer": "1940年"}, {"question": "在1940年的法国战役中受到重用的国家在1940年的法国战役中受到重用的国家在", "answer": "法国战役", "reading_system_answer": null}]}, {"text": "1940年6月在德军打败法国后", "qa_pairs": [{"question": "1月在德军打败法国后德军打败法国后在德军打败法国后在德国4年6月40年6月40", "answer": "德军", "reading_system_answer": null}, {"question": "1月在德军打败法国后德军打败法国后德军0000年6月在德军打败法国后打败德军4", "answer": "1940年6月", "reading_system_answer": null}, {"question": "1月6月在德军打败法国后在德军打败法国后在德军打败年6月6940年6月在德军打", "answer": "法国", "reading_system_answer": null}]}, {"text": "斯派达尔被任命为任驻巴黎军事总督的参谋长", "qa_pairs": [{"question": "斯驻达达财命长参加的参数是什么", "answer": "任命", "reading_system_answer": null}, {"question": "斯派达尔被任命为任驻巴黎军事总督的参谋长是", "answer": "斯派", "reading_system_answer": null}, {"question": "斯派达尔被任命为任驻巴黎军事总督的参谋长长的国家在斯派达尔被任命为任驻巴黎军事", "answer": "参谋长", "reading_system_answer": null}, {"question": "斯派达尔被任命为任驻巴黎军事总督的参谋长是", "answer": "巴黎军事总督", "reading_system_answer": null}]}, {"text": "后改任驻法国占领区军事总督的参谋长", "qa_pairs": [{"question": "后改任驻法国占领区军事总督的参谋长长是什么", "answer": "参谋长", "reading_system_answer": null}, {"question": "驻法国占领区军事总督的参谋长是什么", "answer": "法国占领区军事总督", "reading_system_answer": null}]}, {"text": "1942年斯派达尔参加入侵苏联的战争", "qa_pairs": [{"question": "1年斯派达尔参加入侵苏联的战争是哪一型号", "answer": "战争", "reading_system_answer": "1942年"}, {"question": "苏联的战争是哪一年战争", "answer": "1942年斯派", "reading_system_answer": "1942年"}, {"question": "1年斯派达尔参加入侵苏联的战争是哪个", "answer": "苏联", "reading_system_answer": "1942年"}]}, {"text": "担任第5集团军参谋长", "qa_pairs": [{"question": "担任第5集团军参谋长长", "answer": "第5集团军参谋长", "reading_system_answer": null}]}, {"text": "此时他已经升至少将", "qa_pairs": [{"question": "已他已经升了什么好处", "answer": "少将", "reading_system_answer": null}]}, {"text": "1943年他又担任了南方集团军群参谋长", "qa_pairs": [{"question": "1943年他又担任了南方集团军群参谋长的目的是什么", "answer": "集团军群参谋长", "reading_system_answer": null}, {"question": "1月集团军群参谋长的南方集团军群参谋长是多少", "answer": "1943年", "reading_system_answer": null}]}, {"text": "斯派达尔 1943年2月", "qa_pairs": [{"question": "斯派达尔1943年2月9月9月9月2年2年2年达尔1943年2月9月9月9派斯", "answer": "斯派", "reading_system_answer": null}, {"question": "斯派达尔194年2年2月斯派达尔1943月斯派达尔194月2月2月2月9月斯派", "answer": "1943年2月", "reading_system_answer": null}]}, {"text": "苏军对哈尔科夫地区发起了大规模进攻", "qa_pairs": [{"question": "苏尔科夫地区发起了大规模进攻的国家对哈尔科夫地区发起了大规模进攻的国家对哈尔科", "answer": "苏军", "reading_system_answer": null}, {"question": "苏尔科夫地区发起了大规模进攻中苏尔科夫地区发起了大规模进攻的国家对哈尔科夫地区", "answer": "地区", "reading_system_answer": null}]}, {"text": "希特勒强令斯派达尔所在的兰茨集群司令胡贝特·兰茨率军死守阵地", "qa_pairs": [{"question": "希特勒强令斯派达尔所在的兰茨集群司令胡贝特·兰茨率军死守阵地是哪个", "answer": "希特勒强令斯派", "reading_system_answer": null}, {"question": "希特勒强令斯派达尔所在的兰茨集群司令胡贝特·兰茨率军死守阵地的国家在的兰茨集群", "answer": "集群司令胡", "reading_system_answer": null}, {"question": "希特勒强令斯派达尔所在的兰茨集群司特·兰茨率军死守阵地是哪个", "answer": "军", "reading_system_answer": null}]}, {"text": "这将让该军面临灭顶之灾", "qa_pairs": [{"question": "将让该军面临灭顶之灾的国家将让临灭顶之灾的军面临灭顶灭中顶临临临临临的顶之灾之", "answer": "军", "reading_system_answer": null}]}, {"text": "斯派达尔此时趁机劝说兰茨发动政变", "qa_pairs": [{"question": "斯派达尔此时趁机劝说兰茨发动政变是什么", "answer": "政变", "reading_system_answer": null}, {"question": "斯派达尔此时趁机劝说兰茨发动政变的国家趁机劝说兰茨发动政变是什么", "answer": "斯派", "reading_system_answer": null}]}, {"text": "在希特勒前来波尔塔瓦督战时将其扣押", "qa_pairs": [{"question": "在希特勒前来波尔塔瓦督战时将其扣押的波尔塔瓦督战时将其扣押是什么", "answer": "希特勒", "reading_system_answer": null}]}, {"text": "逼迫希特勒下达撤军命令并且逐步停战", "qa_pairs": [{"question": "逼迫希特勒下达撤军命令并且逐步停战的逼战中逼战中逼战中下达撤军命令并下的下形步", "answer": "希特勒", "reading_system_answer": null}, {"question": "特勒勒勒德莱德莱珀政府鹰16毫岛吉政府访逐中俄罗斯吉政府会议上且达迫希政府后命军", "answer": "命令", "reading_system_answer": null}]}, {"text": "兰茨同意了这个计划", "qa_pairs": [{"question": "兰茨同意了这个计划的意了这个计划是什么", "answer": "计划", "reading_system_answer": null}]}, {"text": "他们找来了德国著名的坦克指挥官哈津特·斯塔赫维茨来执行此事", "qa_pairs": [{"question": "德国著名的坦克指挥官哈津特·斯塔赫维茨来执行此事的特点是什么", "answer": "坦克指挥官哈津特", "reading_system_answer": null}, {"question": "哈克指挥官哈津特·斯塔赫维茨来执行此事的国家指挥官哈津特·斯塔赫维茨来执行此事", "answer": "德国", "reading_system_answer": null}]}, {"text": "他们准备在希特勒到达波尔塔瓦后", "qa_pairs": [{"question": "他他们准备在希特勒到达波尔塔瓦后的国家到达波尔塔瓦后是什么", "answer": "希特勒", "reading_system_answer": null}]}, {"text": "斯塔赫维茨立刻带领属下的亲信装甲部队封锁指挥部", "qa_pairs": [{"question": "斯塔赫维茨立刻带领属下的亲信装甲部队封锁指挥部是什么", "answer": "亲信装甲部队封锁指挥部", "reading_system_answer": null}]}, {"text": "扣押希特勒逼其停战", "qa_pairs": [{"question": "扣押希特勒逼其停战中扣押希特勒逼其停战中扣押希特勒逼其停战中逼押的逼战中逼其逼", "answer": "希特勒", "reading_system_answer": null}]}, {"text": "必要时可将希特勒击毙", "qa_pairs": [{"question": "可将希特勒击毙的希特勒击毙的击毙将希特勒击毙的国家可将时时要时可将击毙了击毙了", "answer": "希特勒", "reading_system_answer": null}]}, {"text": "希特勒 为了保密起见", "qa_pairs": [{"question": "希特勒为了保密起见的是哪个国家", "answer": "希特勒", "reading_system_answer": null}, {"question": "希特勒为了保密起见的起见的是什么", "answer": "保密", "reading_system_answer": null}]}, {"text": "斯派达尔事先没有和密谋集团的其他成员商议", "qa_pairs": [{"question": "斯派达尔事先没有和密谋集团的其他成员商议是什么", "answer": "密谋集团", "reading_system_answer": null}, {"question": "斯派达尔事先没有和密谋集团的其他成员商议是什么", "answer": "成员商议", "reading_system_answer": null}, {"question": "斯派达尔事先没有和密谋集团的其他成员商议是什么", "answer": "斯派", "reading_system_answer": null}]}, {"text": "1943年2月17日", "qa_pairs": [{"question": "1月1日本为何", "answer": "1943年2月17日", "reading_system_answer": null}]}, {"text": "希特勒预定要前往波尔塔瓦", "qa_pairs": [{"question": "希特勒预定要前往波尔塔瓦塔瓦塔瓦塔瓦尔勒预定要前往波尔塔瓦的预定希特勒预定要前", "answer": "希特勒", "reading_system_answer": null}]}, {"text": "斯塔赫维茨已经决定只要希特勒的专机出现在波尔塔瓦上空就立即调动部队", "qa_pairs": [{"question": "斯塔赫维茨已经决定只要希特勒的专机出现在波尔塔瓦上空就立即调动部队的国家已经决", "answer": "希特勒", "reading_system_answer": null}, {"question": "斯塔赫维茨已经决定只要希特勒的专机出现在波尔塔瓦上空就立即调动部队的国家在波尔", "answer": "专机", "reading_system_answer": null}, {"question": "斯塔赫维茨已经决定只要希特勒的专机出现在波尔塔瓦上空就立即调动部队的国家在波尔", "answer": "部队", "reading_system_answer": null}]}, {"text": "但就在当日", "qa_pairs": [{"question": "在当日在当日在当日在就在就在就但但就当但就当但就当但就当但但就当但但就当在当日", "answer": "", "reading_system_answer": null}]}, {"text": "希特勒在飞往波尔塔瓦的途中突然下令让飞机转向", "qa_pairs": [{"question": "希尔勒在飞往波尔塔瓦的途中突然下令让飞机转向的是什么样的", "answer": "希特勒", "reading_system_answer": null}, {"question": "希特勒在飞往波尔塔瓦的途中突然下令让飞机转向的飞机是哪个", "answer": "飞机", "reading_system_answer": null}]}, {"text": "飞往曼施坦因的司令部所在地扎波罗热", "qa_pairs": [{"question": "飞往曼施坦因为地扎波罗热的国家在地扎波罗热的地部所在地扎波罗热的国家在飞往曼施", "answer": "曼施坦因", "reading_system_answer": null}, {"question": "飞往曼施坦因为地扎波罗热的国家在飞往曼施坦因为地扎波罗热的国家在飞往曼施坦在飞", "answer": "司令部所在地", "reading_system_answer": null}]}, {"text": "当天就返回了狼穴", "qa_pairs": [{"question": "当天就返回了狼穴的天回狼穴是什么", "answer": "狼", "reading_system_answer": null}]}, {"text": "斯派达尔的计划落空", "qa_pairs": [{"question": "斯派达尔的计划落空的计划落空是什么", "answer": "计划落空", "reading_system_answer": null}, {"question": "斯派达尔的计划落空是哪个", "answer": "斯派", "reading_system_answer": null}]}, {"text": "1944年7月20日", "qa_pairs": [{"question": "1月2日本为什么", "answer": "1944年7月20日", "reading_system_answer": null}]}, {"text": "施陶芬贝格刺杀希特勒的行动以失败告终", "qa_pairs": [{"question": "施陶芬贝格刺杀希特勒的行动以失败告终的行动以失败告终是什么", "answer": "希特勒", "reading_system_answer": null}, {"question": "施陶芬贝格刺希特勒的行动以失败告终的杀败告终是什么", "answer": "施陶芬贝格", "reading_system_answer": null}]}, {"text": "密谋集团遭遇了大规模清算", "qa_pairs": [{"question": "密谋集团遭遇了大规模清算的目的是什么", "answer": "密谋集团遭遇", "reading_system_answer": null}]}, {"text": "斯派达尔在9月份被查出参与过密谋案", "qa_pairs": [{"question": "斯派达尔在9月份被查出参与过密谋案的目的是什么", "answer": "密谋案", "reading_system_answer": null}, {"question": "斯派达尔在9月份被查出参与过密谋案的国家在9月份被查出参与过密谋案的国家在9月", "answer": "斯派", "reading_system_answer": null}, {"question": "斯派达尔在9月被查出参与过密谋案的国家被查出参与过密谋案的国家在9月在9月在9", "answer": "9月份", "reading_system_answer": null}]}, {"text": "于9月7日被捕", "qa_pairs": [{"question": "于9月7日被捕月7日被捕月7日被捕月7日被捕7月7日于9月7日于被捕9捕役的9", "answer": "9月7日", "reading_system_answer": null}]}, {"text": "但因为龙德施泰特、凯特尔等人的力保", "qa_pairs": [{"question": "龙德施泰特、凯特尔等人的力保是什么", "answer": "人", "reading_system_answer": null}, {"question": "龙德施泰特、凯特尔等人的力保是什么", "answer": "龙德施泰特", "reading_system_answer": null}]}, {"text": "斯派达尔没有被送上臭名昭著的\"人民法庭\"", "qa_pairs": [{"question": "斯派达尔没有被送上臭名昭著的\"人民法庭\"是什么", "answer": "斯派", "reading_system_answer": null}, {"question": "斯派达尔没有被送上臭名昭著的\"人民法庭\"是什么", "answer": "人民法庭", "reading_system_answer": null}]}, {"text": "而是一直被盖世太保囚禁", "qa_pairs": [{"question": "一直被盖世太保囚禁的原因是什么", "answer": "盖世太保", "reading_system_answer": null}]}, {"text": "纳粹德国 斯派达尔在被囚禁期间没有承认任何指控", "qa_pairs": [{"question": "纳粹德国斯派达尔在被囚禁期间没有承认任何指控的国家派达尔粹囚的达尔在被囚禁期间", "answer": "斯派", "reading_system_answer": null}, {"question": "纳粹德国斯派达尔在被囚禁期间没有承认任何指控的国家在德国斯粹德国斯派达尔在被囚", "answer": "纳粹德国", "reading_system_answer": null}]}, {"text": "但出卖了德国著名陆军元帅隆美尔", "qa_pairs": [{"question": "德国著名陆军元帅隆美尔隆美尔的德国著名的美国在著名的哪个国家卖了德国著名出卖了", "answer": "陆军元帅隆美尔", "reading_system_answer": "出卖了德国"}, {"question": "陆军元帅隆美尔隆美尔隆美尔隆美尔隆美国帅军元帅隆军元了德国著名陆军元帅著名了德", "answer": "德国", "reading_system_answer": "但"}]}, {"text": "在被盖世太保囚禁了七个多月后", "qa_pairs": [{"question": "在被盖世太保囚禁了七个多月后后盖世太保囚禁了七个多月后在被盖世太保囚禁了七个多", "answer": "七个多月", "reading_system_answer": null}, {"question": "在被盖世太保囚禁了七个多月后后盖月后盖世太保囚禁了七个多月后多世太保囚禁了七个", "answer": "盖世太保", "reading_system_answer": null}]}, {"text": "当盟军逼近关押他的地点时", "qa_pairs": [{"question": "当盟军逼近关押中的地点时是什么", "answer": "地点时", "reading_system_answer": null}, {"question": "当盟军逼近关押的当盟军逼近关押是什么", "answer": "盟军", "reading_system_answer": null}]}, {"text": "他从看押者那里逃脱并躲藏起来", "qa_pairs": [{"question": "逃脱并躲藏起来的逃脱并躲藏起来的逃脱并逃者那里逃脱并躲押者押者那一艘押者躲藏起", "answer": "", "reading_system_answer": "看押者"}]}, {"text": "1945年4月29日", "qa_pairs": [{"question": "1月2日本为什么", "answer": "1945年4月29日", "reading_system_answer": null}]}, {"text": "斯派达尔被法军释放", "qa_pairs": [{"question": "斯派达尔被法军释放的法军释放是什么", "answer": "斯派", "reading_system_answer": null}, {"question": "斯派达尔被法军释放的法军释放是什么", "answer": "法军", "reading_system_answer": null}]}, {"text": "他是唯一保住了性命的核心成员", "qa_pairs": [{"question": "唯一保住了性命的核心成员是什么", "answer": "核心成员", "reading_system_answer": null}, {"question": "唯一保住了性命的核心成员是什么", "answer": "性命", "reading_system_answer": null}]}, {"text": "其他人要么被处决", "qa_pairs": [{"question": "被处决被处决的被处决出么的处要么要要要要要要要要要要处其处被被被被被处其处么决", "answer": "", "reading_system_answer": null}]}, {"text": "要么自杀了", "qa_pairs": [{"question": "要么自杀了杀了什么", "answer": "", "reading_system_answer": null}]}, {"text": "1957年斯派达尔担任北约中欧地面部队司令", "qa_pairs": [{"question": "1月中欧地面部队司令的是哪一年派担任北约中欧地面部队司令", "answer": "1957年斯派", "reading_system_answer": "1957年"}, {"question": "1957年斯派达尔担任北约中欧地面部队司令的是什么", "answer": "北约中欧地面部队司令", "reading_system_answer": null}]}, {"text": "1963年卸去所有军职退休", "qa_pairs": [{"question": "1963年卸去所有军职退休的军职退休是什么", "answer": "军职", "reading_system_answer": null}, {"question": "1963年卸休的退休是什么", "answer": "1963年", "reading_system_answer": null}]}, {"text": "1984年11月28日在巴德霍内夫去世", "qa_pairs": [{"question": "在巴德霍内夫去世界巴德霍内夫去世界巴德霍内夫去世界上霍在巴德霍1是", "answer": "1984年11月28日", "reading_system_answer": null}, {"question": "1月28日在巴德霍内夫去世世界在巴德霍内夫去世国的1年11月2884年11月2", "answer": "霍内夫", "reading_system_answer": null}]}]}